"result_source","key_section","result_type","feature_id","feature_label","comparison","n_pairs","n_treatment","n_control","effect_metric","effect_estimate","delta_difference","ci_lower","ci_upper","ci_width","ci_excludes_zero","rank_consensus","robustness_metric","robustness_value","transform_sign_agreement","p_value","q_value","d_raw","d_log1p","d_clr","integration_genus","integration_pathway","note","merged_row_id"
"strain_effect_sizes","Strain","effect_size","k__Bacteria|p__Bacteroidetes|c__Bacteroidia|o__Bacteroidales|f__Tannerellaceae|g__Parabacteroides|s__Parabacteroides_distasonis|t__SGB1934","SGB1934","Treatment vs Control on paired deltas (6m - baseline)",11,8,3,"Cohens_d",-1.39727674550713,-0.330356652753343,-0.585003946677053,-0.0811905266153438,0.503813420061709,TRUE,18,"LOO_sign_agreement",1,TRUE,,,-1.39727674550713,-1.40827531629018,-0.862192015230021,,,"Large effect, Narrower CI",1
"strain_effect_sizes","Strain","effect_size","k__Bacteria|p__Bacteroidetes|c__Bacteroidia|o__Bacteroidales|f__Rikenellaceae|g__Alistipes|s__Alistipes_communis|t__SGB2290","SGB2290","Treatment vs Control on paired deltas (6m - baseline)",11,8,3,"Cohens_d",-1.04007334250972,-0.174182800859643,-0.401645548741238,-0.00821542994651372,0.393430118794725,TRUE,18,"LOO_sign_agreement",1,TRUE,,,-1.04007334250972,-1.03258040844727,-0.675164977553563,,,"Large effect, Narrower CI",2
"strain_effect_sizes","Strain","effect_size","k__Bacteria|p__Bacteroidetes|c__Bacteroidia|o__Bacteroidales|f__Rikenellaceae|g__Alistipes|s__Alistipes_ihumii|t__SGB2328","SGB2328","Treatment vs Control on paired deltas (6m - baseline)",11,8,3,"Cohens_d",-0.854558694025598,-0.141764848673123,-0.306690170126609,-0.00731354452485665,0.299376625601752,TRUE,19,"LOO_sign_agreement",1,TRUE,,,-0.854558694025598,-0.867470859831915,-0.903479309418361,,,"Large effect, Narrower CI",3
"strain_effect_sizes","Strain","effect_size","k__Bacteria|p__Firmicutes|c__Clostridia|o__Eubacteriales|f__Lachnospiraceae|g__Blautia|s__Blautia_glucerasea|t__SGB4804","SGB4804","Treatment vs Control on paired deltas (6m - baseline)",11,8,3,"Cohens_d",1.06780940206721,0.240801877020139,0.0131056933274336,0.498349458690614,0.485243765363181,TRUE,20,"LOO_sign_agreement",1,TRUE,,,1.06780940206721,1.08411039683077,1.0656977052979,,,"Large effect, Narrower CI",4
"strain_effect_sizes","Strain","effect_size","k__Bacteria|p__Firmicutes|c__Clostridia|o__Eubacteriales|f__Lachnospiraceae|g__Blautia|s__Blautia_sp_MSK_20_85|t__SGB4828","SGB4828","Treatment vs Control on paired deltas (6m - baseline)",11,8,3,"Cohens_d",1.12116097804013,0.435606810195299,0.0706417217564379,0.867349965417697,0.796708243661259,TRUE,24,"LOO_sign_agreement",1,TRUE,,,1.12116097804013,1.28163180350251,1.28849555851177,,,"Large effect, Wider CI",5
"strain_effect_sizes","Strain","effect_size","k__Bacteria|p__Firmicutes|c__Clostridia|o__Eubacteriales|f__Lachnospiraceae|g__Blautia|s__Blautia_glucerasea|t__SGB4816","SGB4816","Treatment vs Control on paired deltas (6m - baseline)",11,8,3,"Cohens_d",-0.824822279328279,-0.192835777335757,-0.453778099531599,-0.00761861010214187,0.446159489429457,TRUE,24,"LOO_sign_agreement",1,TRUE,,,-0.824822279328279,-0.839935085320712,-0.410753544427499,,,"Large effect, Narrower CI",6
"strain_effect_sizes","Strain","effect_size","k__Bacteria|p__Bacteroidetes|c__Bacteroidia|o__Bacteroidales|f__Bacteroidaceae|g__Bacteroides|s__Bacteroides_xylanisolvens|t__SGB1867","SGB1867","Treatment vs Control on paired deltas (6m - baseline)",11,8,3,"Cohens_d",0.628960142038864,0.0331141656422072,-0.0189016512213038,0.109715967401205,0.128617618622509,FALSE,24,"LOO_sign_agreement",1,TRUE,,,0.628960142038864,0.619526362465537,0.404390610810987,,,"Moderate effect, Narrower CI",7
"strain_effect_sizes","Strain","effect_size","k__Bacteria|p__Bacteroidetes|c__Bacteroidia|o__Bacteroidales|f__Rikenellaceae|g__Alistipes|s__Alistipes_onderdonkii|t__SGB2303","SGB2303","Treatment vs Control on paired deltas (6m - baseline)",11,8,3,"Cohens_d",-1.41838370172732,-1.29884267446773,-2.51747378356334,-0.265443054126844,2.25203072943649,TRUE,25,"LOO_sign_agreement",1,TRUE,,,-1.41838370172732,-1.51818710510343,-1.45441653341803,,,"Large effect, Wider CI",8
"strain_effect_sizes","Strain","effect_size","k__Bacteria|p__Firmicutes|c__Clostridia|o__Eubacteriales|f__Lachnospiraceae|g__Blautia|s__Blautia_luti|t__SGB4832","SGB4832","Treatment vs Control on paired deltas (6m - baseline)",11,8,3,"Cohens_d",0.455661612968762,0.0135159709097154,-0.00334445387644346,0.0438923666055896,0.0472368204820331,FALSE,25,"LOO_sign_agreement",0.923076923076923,TRUE,,,0.455661612968762,0.444530059451599,0.639041039266091,,,"Small effect, Narrower CI",9
"strain_effect_sizes","Strain","effect_size","k__Bacteria|p__Actinobacteria|c__Actinomycetia|o__Bifidobacteriales|f__Bifidobacteriaceae|g__Bifidobacterium|s__Bifidobacterium_catenulatum|t__SGB17241","SGB17241","Treatment vs Control on paired deltas (6m - baseline)",11,8,3,"Cohens_d",-2.23944742455917,-3.06875191162072,-4.74208304589248,-0.945421203238383,3.7966618426541,TRUE,26,"LOO_sign_agreement",1,TRUE,,,-2.23944742455917,-8.96077284118224,-1.05959928604969,,,"Large effect, Wider CI",10
"strain_effect_sizes","Strain","effect_size","k__Bacteria|p__Firmicutes|c__Clostridia|o__Eubacteriales|f__Lachnospiraceae|g__Blautia|s__Blautia_wexlerae|t__SGB4837","SGB4837","Treatment vs Control on paired deltas (6m - baseline)",11,8,3,"Cohens_d",2.45028872048869,5.21876121263401,3.36457961699691,7.41356146000425,4.04898184300733,TRUE,27,"LOO_sign_agreement",1,TRUE,,,2.45028872048869,2.50564910380288,1.86586456624239,,,"Large effect, Wider CI",11
"strain_effect_sizes","Strain","effect_size","k__Bacteria|p__Bacteroidetes|c__Bacteroidia|o__Bacteroidales|f__Rikenellaceae|g__Alistipes|s__Alistipes_putredinis|t__SGB2318","SGB2318","Treatment vs Control on paired deltas (6m - baseline)",11,8,3,"Cohens_d",-1.4593135476886,-3.03578752644353,-5.01281859429602,-1.07508920789169,3.93772938640433,TRUE,28,"LOO_sign_agreement",1,TRUE,,,-1.4593135476886,-1.65512404099599,-1.27014169079242,,,"Large effect, Wider CI",12
"strain_effect_sizes","Strain","effect_size","k__Bacteria|p__Firmicutes|c__Clostridia|o__Eubacteriales|f__Lachnospiraceae|g__Blautia|s__Blautia_obeum|t__SGB4811","SGB4811","Treatment vs Control on paired deltas (6m - baseline)",11,8,3,"Cohens_d",1.26693472412988,1.41688424557608,0.277424444076714,2.90266166384875,2.62523721977203,TRUE,28,"LOO_sign_agreement",1,TRUE,,,1.26693472412988,1.38692095704345,1.44804560742744,,,"Large effect, Wider CI",13
"strain_effect_sizes","Strain","effect_size","k__Bacteria|p__Firmicutes|c__Clostridia|o__Eubacteriales|f__Lachnospiraceae|g__Blautia|s__Blautia_sp_Marseille_P3087|t__SGB4813","SGB4813","Treatment vs Control on paired deltas (6m - baseline)",11,8,3,"Cohens_d",0.387148206536442,0.029969175505597,-0.033547616314376,0.106240195548721,0.139787811863097,FALSE,29,"LOO_sign_agreement",0.923076923076923,TRUE,,,0.387148206536442,0.380194536596103,0.456906686731926,,,"Small effect, Narrower CI",14
"strain_effect_sizes","Strain","effect_size","k__Bacteria|p__Bacteroidetes|c__Bacteroidia|o__Bacteroidales|f__Rikenellaceae|g__Alistipes|s__Alistipes_shahii|t__SGB2295","SGB2295","Treatment vs Control on paired deltas (6m - baseline)",11,8,3,"Cohens_d",-0.892981013358202,-0.540806362868889,-1.17203386123475,0.0368448447674177,1.20887870600217,FALSE,30,"LOO_sign_agreement",1,TRUE,,,-0.892981013358202,-0.976147653560852,-1.39974088564141,,,"Large effect, Wider CI",15
"strain_effect_sizes","Strain","effect_size","k__Bacteria|p__Bacteroidetes|c__Bacteroidia|o__Bacteroidales|f__Bacteroidaceae|g__Bacteroides|s__Bacteroides_ovatus|t__SGB1871","SGB1871","Treatment vs Control on paired deltas (6m - baseline)",11,8,3,"Cohens_d",0.0483569636752317,0.000671516458901397,-0.0121468139321243,0.0141900636750018,0.0263368776071261,FALSE,31,"LOO_sign_agreement",0.923076923076923,TRUE,,,0.0483569636752317,0.0411349348267718,0.088005689671291,,,"Small effect, Narrower CI",16
"strain_effect_sizes","Strain","effect_size","k__Bacteria|p__Firmicutes|c__Clostridia|o__Eubacteriales|f__Lachnospiraceae|g__Blautia|s__Blautia_SGB4815|t__SGB4815","SGB4815","Treatment vs Control on paired deltas (6m - baseline)",11,8,3,"Cohens_d",0.637351139527941,0.257378126373196,-0.00495585680761147,0.675389583865897,0.680345440673509,FALSE,32,"LOO_sign_agreement",1,TRUE,,,0.637351139527941,0.702390236702283,0.71583953011281,,,"Moderate effect, Narrower CI",17
"strain_effect_sizes","Strain","effect_size","k__Bacteria|p__Bacteroidetes|c__Bacteroidia|o__Bacteroidales|f__Bacteroidaceae|g__Bacteroides|s__Bacteroides_uniformis|t__SGB1836","SGB1836","Treatment vs Control on paired deltas (6m - baseline)",11,8,3,"Cohens_d",-0.896368319784655,-1.51637900421264,-3.22813887356425,0.233349065534701,3.46148793909895,FALSE,33,"LOO_sign_agreement",1,TRUE,,,-0.896368319784655,-1.02866062930303,-0.846054345586208,,,"Large effect, Wider CI",18
"strain_effect_sizes","Strain","effect_size","k__Bacteria|p__Bacteroidetes|c__Bacteroidia|o__Bacteroidales|f__Bacteroidaceae|g__Bacteroides|s__Bacteroides_cellulosilyticus|t__SGB1844","SGB1844","Treatment vs Control on paired deltas (6m - baseline)",11,8,3,"Cohens_d",-0.714495049110647,-0.356028137491317,-0.876448665640559,-0.0263141924943188,0.85013447314624,TRUE,33,"LOO_sign_agreement",1,TRUE,,,-0.714495049110647,-0.831757493878074,-0.847780953008206,,,"Moderate effect, Wider CI",19
"strain_effect_sizes","Strain","effect_size","k__Bacteria|p__Bacteroidetes|c__Bacteroidia|o__Bacteroidales|f__Bacteroidaceae|g__Bacteroides|s__Bacteroides_faecis|t__SGB1860","SGB1860","Treatment vs Control on paired deltas (6m - baseline)",11,8,3,"Cohens_d",-0.30464532205902,-0.0618042390247939,-0.269971832274034,0.145719738038649,0.415691570312683,FALSE,33,"LOO_sign_agreement",1,TRUE,,,-0.30464532205902,-0.438463306418343,-1.19523207769707,,,"Small effect, Narrower CI",20
"strain_effect_sizes","Strain","effect_size","k__Bacteria|p__Firmicutes|c__Clostridia|o__Eubacteriales|f__Lachnospiraceae|g__Blautia|s__Blautia_obeum|t__SGB4809","SGB4809","Treatment vs Control on paired deltas (6m - baseline)",11,8,3,"Cohens_d",0.0597768913129281,0.00257717174358992,-0.0418925049517764,0.0484795086532282,0.0903720136050046,FALSE,34,"LOO_sign_agreement",0.692307692307692,TRUE,,,0.0597768913129281,0.144308815725487,0.629445848394619,,,"Small effect, Narrower CI",21
"strain_effect_sizes","Strain","effect_size","k__Bacteria|p__Firmicutes|c__Clostridia|o__Eubacteriales|f__Lachnospiraceae|g__Blautia|s__Blautia_faecis|t__SGB4820","SGB4820","Treatment vs Control on paired deltas (6m - baseline)",11,8,3,"Cohens_d",-0.0343433813921389,-0.00639508783610631,-0.201232555026004,0.188356562597354,0.389589117623359,FALSE,39,"LOO_sign_agreement",0.769230769230769,TRUE,,,-0.0343433813921389,-0.0297569003633428,0.767330353731629,,,"Small effect, Narrower CI",22
"strain_effect_sizes","Strain","effect_size","k__Bacteria|p__Bacteroidetes|c__Bacteroidia|o__Bacteroidales|f__Bacteroidaceae|g__Bacteroides|s__Bacteroides_caccae|t__SGB1877","SGB1877","Treatment vs Control on paired deltas (6m - baseline)",11,8,3,"Cohens_d",0.0714862025042776,0.0176237572030811,-0.268607310765979,0.365917120059416,0.634524430825395,FALSE,40,"LOO_sign_agreement",1,TRUE,,,0.0714862025042776,0.0666122293416653,0.239916974618276,,,"Small effect, Narrower CI",23
"strain_effect_sizes","Strain","effect_size","k__Bacteria|p__Firmicutes|c__Clostridia|o__Eubacteriales|f__Lachnospiraceae|g__Blautia|s__Blautia_massiliensis|t__SGB4826","SGB4826","Treatment vs Control on paired deltas (6m - baseline)",11,8,3,"Cohens_d",0.792292375394007,1.76195487759069,-0.278593138772239,4.15166942165677,4.43026256042901,FALSE,41,"LOO_sign_agreement",1,TRUE,,,0.792292375394007,0.762788366110415,0.317168180864761,,,"Moderate effect, Wider CI",24
"strain_effect_sizes","Strain","effect_size","k__Bacteria|p__Firmicutes|c__Clostridia|o__Eubacteriales|f__Lachnospiraceae|g__Blautia|s__Blautia_obeum|t__SGB4810","SGB4810","Treatment vs Control on paired deltas (6m - baseline)",11,8,3,"Cohens_d",0.487939215097233,0.469300657245412,-0.0465634636222788,1.44578315672126,1.49234662034354,FALSE,41,"LOO_sign_agreement",0.923076923076923,TRUE,,,0.487939215097233,0.478867931908187,0.617790425813412,,,"Small effect, Wider CI",25
"strain_effect_sizes","Strain","effect_size","k__Bacteria|p__Bacteroidetes|c__Bacteroidia|o__Bacteroidales|f__Tannerellaceae|g__Parabacteroides|s__Parabacteroides_merdae|t__SGB1949","SGB1949","Treatment vs Control on paired deltas (6m - baseline)",11,8,3,"Cohens_d",-0.130120582363562,-0.0422995600323133,-0.399412818124945,0.386725926463193,0.786138744588137,FALSE,42,"LOO_sign_agreement",0.923076923076923,TRUE,,,-0.130120582363562,-0.188091075672289,-0.201762545102366,,,"Small effect, Narrower CI",26
"strain_effect_sizes","Strain","effect_size","k__Bacteria|p__Bacteroidetes|c__Bacteroidia|o__Bacteroidales|f__Bacteroidaceae|g__Bacteroides|s__Bacteroides_stercoris|t__SGB1830","SGB1830","Treatment vs Control on paired deltas (6m - baseline)",11,8,3,"Cohens_d",-0.669279376688295,-1.55117961575348,-4.63350682437463,0.866097871095144,5.49960469546977,FALSE,44,"LOO_sign_agreement",1,TRUE,,,-0.669279376688295,-0.396046604883294,-0.139972609864047,,,"Moderate effect, Wider CI",27
"strain_effect_sizes","Strain","effect_size","k__Bacteria|p__Actinobacteria|c__Actinomycetia|o__Bifidobacteriales|f__Bifidobacteriaceae|g__Bifidobacterium|s__Bifidobacterium_animalis|t__SGB17278","SGB17278","Treatment vs Control on paired deltas (6m - baseline)",11,8,3,"Cohens_d",-0.6297759947931,-3.15477428301719,-8.67585039489901,-0.0474484742779445,8.62840192062107,TRUE,48,"LOO_sign_agreement",1,TRUE,,,-0.6297759947931,-0.930008044729984,-1.31281204779871,,,"Moderate effect, Wider CI",28
"strain_effect_sizes","Strain","effect_size","k__Bacteria|p__Actinobacteria|c__Actinomycetia|o__Bifidobacteriales|f__Bifidobacteriaceae|g__Bifidobacterium|s__Bifidobacterium_longum|t__SGB17248","SGB17248","Treatment vs Control on paired deltas (6m - baseline)",11,8,3,"Cohens_d",-0.221498478047228,-0.858935491783029,-5.01469387512895,3.19662765012515,8.21132152525411,FALSE,54,"LOO_sign_agreement",0.923076923076923,TRUE,,,-0.221498478047228,-0.0700208670708671,0.561736066642214,,,"Small effect, Wider CI",29
"genus_effect_sizes","Genus","effect_size","Blautia","Blautia","Treatment vs Control on paired deltas (6m - baseline)",11,8,3,"Cohens_d",1.91808993644275,9.64751925962188,5.34379341324348,14.6047943439523,9.26100093070886,TRUE,5,"LOO_sign_agreement",1,TRUE,,,1.91808993644275,1.64472979587763,1.30094160576234,,,"Large effect, Narrower CI",30
"genus_effect_sizes","Genus","effect_size","Alistipes","Alistipes","Treatment vs Control on paired deltas (6m - baseline)",11,8,3,"Cohens_d",-1.75806285616303,-5.19138421331292,-8.05593924834076,-2.56890216388966,5.4870370844511,TRUE,5,"LOO_sign_agreement",1,TRUE,,,-1.75806285616303,-1.96053094674806,-1.35369281425371,,,"Large effect, Narrower CI",31
"genus_effect_sizes","Genus","effect_size","Parabacteroides","Parabacteroides","Treatment vs Control on paired deltas (6m - baseline)",11,8,3,"Cohens_d",-0.745680069691599,-0.372656212785657,-0.881730897816234,0.191821639158681,1.07355253697492,FALSE,7,"LOO_sign_agreement",1,TRUE,,,-0.745680069691599,-0.761435992215001,-0.605625979286124,,,"Moderate effect, Narrower CI",32
"genus_effect_sizes","Genus","effect_size","Bacteroides","Bacteroides","Treatment vs Control on paired deltas (6m - baseline)",11,8,3,"Cohens_d",-0.834794351766513,-3.43398155717804,-8.36509646554254,1.07115384088074,9.43625030642328,FALSE,8,"LOO_sign_agreement",1,TRUE,,,-0.834794351766513,-0.777998869591242,-0.423207651362842,,,"Large effect, Wider CI",33
"genus_effect_sizes","Genus","effect_size","Bifidobacterium","Bifidobacterium","Treatment vs Control on paired deltas (6m - baseline)",11,8,3,"Cohens_d",-0.82712654115756,-7.08246168642094,-17.0117361816792,0.380808523135765,17.392544704815,FALSE,10,"LOO_sign_agreement",1,TRUE,,,-0.82712654115756,-0.952940539668796,0.0290223428549743,,,"Large effect, Wider CI",34
"pathway_effect_sizes","Pathway","effect_size","PWY66-389: phytol degradation","PWY66-389: phytol degradation","Treatment vs Control on paired deltas (6m - baseline)",11,8,3,"Cohens_d",-1.3382605172337,-2.67387225,-5.108036675,-0.426721833333333,4.68131484166667,TRUE,69,"LOO_sign_agreement",1,TRUE,,,-1.3382605172337,-1.59497068273079,,,,"Large effect, Narrower CI",35
"pathway_effect_sizes","Pathway","effect_size","REDCITCYC: TCA cycle VI (Helicobacter)","REDCITCYC: TCA cycle VI (Helicobacter)","Treatment vs Control on paired deltas (6m - baseline)",11,8,3,"Cohens_d",-1.08117916514229,-3.40606791666667,-6.40227232291667,-0.420543177083335,5.98172914583333,TRUE,106,"LOO_sign_agreement",1,TRUE,,,-1.08117916514229,-1.34322534961407,,,,"Large effect, Narrower CI",36
"pathway_effect_sizes","Pathway","effect_size","PWY-7254: TCA cycle VII (acetate-producers)","PWY-7254: TCA cycle VII (acetate-producers)","Treatment vs Control on paired deltas (6m - baseline)",11,8,3,"Cohens_d",-1.10869447134981,-4.44705625,-8.42587772916667,-1.11485594791667,7.31102178125,TRUE,109,"LOO_sign_agreement",1,TRUE,,,-1.10869447134981,-1.22796203766624,,,,"Large effect, Narrower CI",37
"pathway_effect_sizes","Pathway","effect_size","SO4ASSIM-PWY: assimilatory sulfate reduction I","SO4ASSIM-PWY: assimilatory sulfate reduction I","Treatment vs Control on paired deltas (6m - baseline)",11,8,3,"Cohens_d",-1.23383149401492,-7.68042,-13.4333585625,-1.63986953125001,11.79348903125,TRUE,112,"LOO_sign_agreement",1,TRUE,,,-1.23383149401492,-1.85084103288216,,,,"Large effect, Narrower CI",38
"pathway_effect_sizes","Pathway","effect_size","PWY-7209: superpathway of pyrimidine ribonucleosides degradation","PWY-7209: superpathway of pyrimidine ribonucleosides degradation","Treatment vs Control on paired deltas (6m - baseline)",11,8,3,"Cohens_d",2.12599920721871,38.6817933333333,20.9026986875,58.5577752916667,37.6550766041667,TRUE,117,"LOO_sign_agreement",1,TRUE,,,2.12599920721871,0.711508851422362,,,,"Large effect, Narrower CI",39
"pathway_effect_sizes","Pathway","effect_size","GOLPDLCAT-PWY: superpathway of glycerol degradation to 1,3-propanediol","GOLPDLCAT-PWY: superpathway of glycerol degradation to 1,3-propanediol","Treatment vs Control on paired deltas (6m - baseline)",11,8,3,"Cohens_d",2.34596607686014,59.4907791666667,36.423506875,85.9784155208333,49.5549086458333,TRUE,126,"LOO_sign_agreement",1,TRUE,,,2.34596607686014,1.05250157969084,,,,"Large effect, Narrower CI",40
"pathway_effect_sizes","Pathway","effect_size","PWY-7371: 1,4-dihydroxy-6-naphthoate biosynthesis II","PWY-7371: 1,4-dihydroxy-6-naphthoate biosynthesis II","Treatment vs Control on paired deltas (6m - baseline)",11,8,3,"Cohens_d",-1.00014204871659,-4.31839333333333,-8.55652863541667,-0.320513333333334,8.23601530208333,TRUE,132,"LOO_sign_agreement",1,TRUE,,,-1.00014204871659,-1.26898160727581,,,,"Large effect, Narrower CI",41
"pathway_effect_sizes","Pathway","effect_size","GLUCARDEG-PWY: D-glucarate degradation I","GLUCARDEG-PWY: D-glucarate degradation I","Treatment vs Control on paired deltas (6m - baseline)",11,8,3,"Cohens_d",0.91200699311405,2.43605945833333,-0.214509166666666,5.19792165625,5.41243082291666,FALSE,132,"LOO_sign_agreement",1,TRUE,,,0.91200699311405,0.893483108057513,,,,"Large effect, Narrower CI",42
"pathway_effect_sizes","Pathway","effect_size","PWY-5130: 2-oxobutanoate degradation I","PWY-5130: 2-oxobutanoate degradation I","Treatment vs Control on paired deltas (6m - baseline)",11,8,3,"Cohens_d",-1.20093601770788,-11.4984916666667,-20.0342204270833,-2.60533711458336,17.4288833125,TRUE,139,"LOO_sign_agreement",1,TRUE,,,-1.20093601770788,-1.40455672142242,,,,"Large effect, Narrower CI",43
"pathway_effect_sizes","Pathway","effect_size","METHGLYUT-PWY: superpathway of methylglyoxal degradation","METHGLYUT-PWY: superpathway of methylglyoxal degradation","Treatment vs Control on paired deltas (6m - baseline)",11,8,3,"Cohens_d",-0.862887074676158,-3.015585375,-6.280015196875,-0.122953478125,6.15706171875,TRUE,148,"LOO_sign_agreement",1,TRUE,,,-0.862887074676158,-0.794009832255767,,,,"Large effect, Narrower CI",44
"pathway_effect_sizes","Pathway","effect_size","SULFATE-CYS-PWY: superpathway of sulfate assimilation and cysteine biosynthesis","SULFATE-CYS-PWY: superpathway of sulfate assimilation and cysteine biosynthesis","Treatment vs Control on paired deltas (6m - baseline)",11,8,3,"Cohens_d",-1.26746222481692,-16.8052308333333,-28.4914115,-3.79650458333334,24.6949069166667,TRUE,150,"LOO_sign_agreement",1,TRUE,,,-1.26746222481692,-1.87157505621845,,,,"Large effect, Narrower CI",45
"pathway_effect_sizes","Pathway","effect_size","HEME-BIOSYNTHESIS-II: heme b biosynthesis I (aerobic)","HEME-BIOSYNTHESIS-II: heme b biosynthesis I (aerobic)","Treatment vs Control on paired deltas (6m - baseline)",11,8,3,"Cohens_d",-1.02730292334941,-5.77869708333333,-11.6367588229167,1.56136543749996,13.1981242604166,FALSE,151,"LOO_sign_agreement",1,TRUE,,,-1.02730292334941,-1.25817502487465,,,,"Large effect, Narrower CI",46
"pathway_effect_sizes","Pathway","effect_size","PWY-6608: guanosine nucleotides degradation III","PWY-6608: guanosine nucleotides degradation III","Treatment vs Control on paired deltas (6m - baseline)",11,8,3,"Cohens_d",2.27771737095598,89.3268208333334,51.3927973958334,128.4958696875,77.1030722916667,TRUE,154,"LOO_sign_agreement",1,TRUE,,,2.27771737095598,2.35594918512491,,,,"Large effect, Narrower CI",47
"pathway_effect_sizes","Pathway","effect_size","PWY0-1298: superpathway of pyrimidine deoxyribonucleosides degradation","PWY0-1298: superpathway of pyrimidine deoxyribonucleosides degradation","Treatment vs Control on paired deltas (6m - baseline)",11,8,3,"Cohens_d",-1.38896352781753,-23.5107525,-40.6852376666667,-5.07703368750002,35.6082039791667,TRUE,155,"LOO_sign_agreement",1,TRUE,,,-1.38896352781753,-1.13374775187225,,,,"Large effect, Narrower CI",48
"pathway_effect_sizes","Pathway","effect_size","PWY-5345: superpathway of L-methionine biosynthesis (by sulfhydrylation)","PWY-5345: superpathway of L-methionine biosynthesis (by sulfhydrylation)","Treatment vs Control on paired deltas (6m - baseline)",11,8,3,"Cohens_d",-1.29704476762662,-20.7003554166667,-35.7844260520833,-4.95335366666667,30.8310723854167,TRUE,156,"LOO_sign_agreement",1,TRUE,,,-1.29704476762662,-1.87406923676779,,,,"Large effect, Narrower CI",49
"pathway_effect_sizes","Pathway","effect_size","PWY-6969: TCA cycle V (2-oxoglutarate synthase)","PWY-6969: TCA cycle V (2-oxoglutarate synthase)","Treatment vs Control on paired deltas (6m - baseline)",11,8,3,"Cohens_d",-1.5804242796288,-39.2086541666667,-62.4734815625,-15.0796245833333,47.3938569791666,TRUE,157,"LOO_sign_agreement",1,TRUE,,,-1.5804242796288,-1.25803017232679,,,,"Large effect, Narrower CI",50
"pathway_effect_sizes","Pathway","effect_size","PWY-7883: anhydromuropeptides recycling II","PWY-7883: anhydromuropeptides recycling II","Treatment vs Control on paired deltas (6m - baseline)",11,8,3,"Cohens_d",-0.948774695723309,-5.98976508333333,-11.8880987916667,-0.0385858687500016,11.8495129229167,TRUE,157,"LOO_sign_agreement",1,TRUE,,,-0.948774695723309,-1.44722105880293,,,,"Large effect, Narrower CI",51
"pathway_effect_sizes","Pathway","effect_size","TCA: TCA cycle I (prokaryotic)","TCA: TCA cycle I (prokaryotic)","Treatment vs Control on paired deltas (6m - baseline)",11,8,3,"Cohens_d",-1.04127097786191,-9.08522541666667,-18.0420875,-1.68431815625,16.35776934375,TRUE,158,"LOO_sign_agreement",1,TRUE,,,-1.04127097786191,-1.55499060649737,,,,"Large effect, Narrower CI",52
"pathway_effect_sizes","Pathway","effect_size","PWY-6572: chondroitin sulfate degradation I (bacterial)","PWY-6572: chondroitin sulfate degradation I (bacterial)","Treatment vs Control on paired deltas (6m - baseline)",11,8,3,"Cohens_d",-0.924855125149428,-4.59806625,-10.2186124895833,0.973721302083327,11.1923337916667,FALSE,159,"LOO_sign_agreement",1,TRUE,,,-0.924855125149428,-1.03195739405557,,,,"Large effect, Narrower CI",53
"pathway_effect_sizes","Pathway","effect_size","PPGPPMET-PWY: ppGpp metabolism","PPGPPMET-PWY: ppGpp metabolism","Treatment vs Control on paired deltas (6m - baseline)",11,8,3,"Cohens_d",1.66494823120333,48.09611625,19.7141781875,75.9083523125,56.194174125,TRUE,162,"LOO_sign_agreement",1,TRUE,,,1.66494823120333,0.70127756321825,,,,"Large effect, Narrower CI",54
"pathway_effect_sizes","Pathway","effect_size","PWY-7992: superpathway of menaquinol-8 biosynthesis III","PWY-7992: superpathway of menaquinol-8 biosynthesis III","Treatment vs Control on paired deltas (6m - baseline)",11,8,3,"Cohens_d",-1.04139027964793,-10.6190791666667,-20.643794125,-1.451135,19.192659125,TRUE,162,"LOO_sign_agreement",1,TRUE,,,-1.04139027964793,-1.35046426781027,,,,"Large effect, Narrower CI",55
"pathway_effect_sizes","Pathway","effect_size","ORNDEG-PWY: superpathway of ornithine degradation","ORNDEG-PWY: superpathway of ornithine degradation","Treatment vs Control on paired deltas (6m - baseline)",11,8,3,"Cohens_d",-0.860278126339348,-4.39085945833333,-9.28541614270833,0.621149010416657,9.90656515312499,FALSE,162,"LOO_sign_agreement",1,TRUE,,,-0.860278126339348,-1.08379725546433,,,,"Large effect, Narrower CI",56
"pathway_effect_sizes","Pathway","effect_size","PWY-922: mevalonate pathway I (eukaryotes and bacteria)","PWY-922: mevalonate pathway I (eukaryotes and bacteria)","Treatment vs Control on paired deltas (6m - baseline)",11,8,3,"Cohens_d",-0.831926751245153,-3.27953875,-9.6400775,0.018425,9.6585025,FALSE,165,"LOO_sign_agreement",1,TRUE,,,-0.831926751245153,-0.839509309771005,,,,"Large effect, Narrower CI",57
"pathway_effect_sizes","Pathway","effect_size","P42-PWY: incomplete reductive TCA cycle","P42-PWY: incomplete reductive TCA cycle","Treatment vs Control on paired deltas (6m - baseline)",11,8,3,"Cohens_d",-1.3075803549758,-29.36849625,-50.7829933333333,-9.12646229166667,41.6565310416667,TRUE,170,"LOO_sign_agreement",1,TRUE,,,-1.3075803549758,-0.94406281488883,,,,"Large effect, Narrower CI",58
"pathway_effect_sizes","Pathway","effect_size","PWY-7196: superpathway of pyrimidine ribonucleosides salvage","PWY-7196: superpathway of pyrimidine ribonucleosides salvage","Treatment vs Control on paired deltas (6m - baseline)",11,8,3,"Cohens_d",1.21253008170467,17.9860675,0.54713375,35.729435,35.18230125,TRUE,171,"LOO_sign_agreement",1,FALSE,,,1.21253008170467,-0.193775496586476,,,,"Large effect, Narrower CI",59
"pathway_effect_sizes","Pathway","effect_size","PWY0-42: 2-methylcitrate cycle I","PWY0-42: 2-methylcitrate cycle I","Treatment vs Control on paired deltas (6m - baseline)",11,8,3,"Cohens_d",-0.655353236888923,-0.8168125,-2.149855,0.132845,2.2827,FALSE,174,"LOO_sign_agreement",1,TRUE,,,-0.655353236888923,-0.661948491385622,,,,"Moderate effect, Narrower CI",60
"pathway_effect_sizes","Pathway","effect_size","PWY-5910: superpathway of geranylgeranyldiphosphate biosynthesis I (via mevalonate)","PWY-5910: superpathway of geranylgeranyldiphosphate biosynthesis I (via mevalonate)","Treatment vs Control on paired deltas (6m - baseline)",11,8,3,"Cohens_d",-0.855084770869414,-4.10504083333333,-11.781795,0,11.781795,FALSE,175,"LOO_sign_agreement",1,TRUE,,,-0.855084770869414,-0.885731447873602,,,,"Large effect, Narrower CI",61
"pathway_effect_sizes","Pathway","effect_size","PWY1ZNC-1: assimilatory sulfate reduction IV","PWY1ZNC-1: assimilatory sulfate reduction IV","Treatment vs Control on paired deltas (6m - baseline)",11,8,3,"Cohens_d",1.18262253258733,17.1953045833333,-0.0260419999999987,34.7722173125,34.7982593125,FALSE,178,"LOO_sign_agreement",1,TRUE,,,1.18262253258733,1.1630322153754,,,,"Large effect, Narrower CI",62
"pathway_effect_sizes","Pathway","effect_size","P185-PWY: formaldehyde assimilation III (dihydroxyacetone cycle)","P185-PWY: formaldehyde assimilation III (dihydroxyacetone cycle)","Treatment vs Control on paired deltas (6m - baseline)",11,8,3,"Cohens_d",0.951735761448017,9.21825791666667,-0.730383416666665,18.94910240625,19.6794858229167,FALSE,179,"LOO_sign_agreement",1,TRUE,,,0.951735761448017,0.310330865621467,,,,"Large effect, Narrower CI",63
"pathway_effect_sizes","Pathway","effect_size","PWY-1861: formaldehyde assimilation II (assimilatory RuMP Cycle)","PWY-1861: formaldehyde assimilation II (assimilatory RuMP Cycle)","Treatment vs Control on paired deltas (6m - baseline)",11,8,3,"Cohens_d",1.84466519069112,77.7734929166667,38.1748759791667,127.5473546875,89.3724787083333,TRUE,180,"LOO_sign_agreement",1,TRUE,,,1.84466519069112,1.91247667282932,,,,"Large effect, Narrower CI",64
"pathway_effect_sizes","Pathway","effect_size","PWY-5189: tetrapyrrole biosynthesis II (from glycine)","PWY-5189: tetrapyrrole biosynthesis II (from glycine)","Treatment vs Control on paired deltas (6m - baseline)",11,8,3,"Cohens_d",0.865726838211975,6.37671375,-0.948924874999999,13.64060728125,14.58953215625,FALSE,184,"LOO_sign_agreement",1,TRUE,,,0.865726838211975,0.876605015939902,,,,"Large effect, Narrower CI",65
"pathway_effect_sizes","Pathway","effect_size","ALLANTOINDEG-PWY: superpathway of allantoin degradation in yeast","ALLANTOINDEG-PWY: superpathway of allantoin degradation in yeast","Treatment vs Control on paired deltas (6m - baseline)",11,8,3,"Cohens_d",-0.68188791410073,-2.7836385,-6.8493059375,0.67663025,7.5259361875,FALSE,184,"LOO_sign_agreement",1,TRUE,,,-0.68188791410073,-0.400901440751526,,,,"Moderate effect, Narrower CI",66
"pathway_effect_sizes","Pathway","effect_size","PWY-241: C4 photosynthetic carbon assimilation cycle, NADP-ME type","PWY-241: C4 photosynthetic carbon assimilation cycle, NADP-ME type","Treatment vs Control on paired deltas (6m - baseline)",11,8,3,"Cohens_d",-1.94768068414359,-101.717841666667,-154.750939166667,-52.3900758333334,102.360863333333,TRUE,185,"LOO_sign_agreement",1,TRUE,,,-1.94768068414359,-1.18340777535004,,,,"Large effect, Narrower CI",67
"pathway_effect_sizes","Pathway","effect_size","PWY-7688: dTDP-&alpha;-D-ravidosamine and dTDP-4-acetyl-&alpha;-D-ravidosamine biosynthesis","PWY-7688: dTDP-&alpha;-D-ravidosamine and dTDP-4-acetyl-&alpha;-D-ravidosamine biosynthesis","Treatment vs Control on paired deltas (6m - baseline)",11,8,3,"Cohens_d",-0.904964679676371,-9.19104333333333,-20.3335897708333,-1.68466995833334,18.6489198125,TRUE,187,"LOO_sign_agreement",1,TRUE,,,-0.904964679676371,-1.46735988676096,,,,"Large effect, Narrower CI",68
"pathway_effect_sizes","Pathway","effect_size","PWY-6606: guanosine nucleotides degradation II","PWY-6606: guanosine nucleotides degradation II","Treatment vs Control on paired deltas (6m - baseline)",11,8,3,"Cohens_d",1.52024613524766,50.8563625,12.5141394791667,89.4063055208333,76.8921660416667,TRUE,189,"LOO_sign_agreement",1,TRUE,,,1.52024613524766,1.47890429079398,,,,"Large effect, Narrower CI",69
"pathway_effect_sizes","Pathway","effect_size","PWY-6282: palmitoleate biosynthesis I (from (5Z)-dodec-5-enoate)","PWY-6282: palmitoleate biosynthesis I (from (5Z)-dodec-5-enoate)","Treatment vs Control on paired deltas (6m - baseline)",11,8,3,"Cohens_d",-1.93347737991423,-94.4927791666667,-148.3423275,-41.8905338541667,106.451793645833,TRUE,190,"LOO_sign_agreement",1,TRUE,,,-1.93347737991423,-2.30896802328795,,,,"Large effect, Narrower CI",70
"pathway_effect_sizes","Pathway","effect_size","PWY66-409: superpathway of purine nucleotide salvage","PWY66-409: superpathway of purine nucleotide salvage","Treatment vs Control on paired deltas (6m - baseline)",11,8,3,"Cohens_d",1.78504855522557,95.1978020833333,46.6139446875,144.734461770833,98.1205170833333,TRUE,191,"LOO_sign_agreement",1,TRUE,,,1.78504855522557,0.46858823051278,,,,"Large effect, Narrower CI",71
"pathway_effect_sizes","Pathway","effect_size","PWY-7761: NAD salvage pathway II (PNC IV cycle)","PWY-7761: NAD salvage pathway II (PNC IV cycle)","Treatment vs Control on paired deltas (6m - baseline)",11,8,3,"Cohens_d",-1.41338052491761,-50.7120583333334,-84.0837590625,-12.6849980208334,71.3987610416667,TRUE,191,"LOO_sign_agreement",1,TRUE,,,-1.41338052491761,-1.52033408027971,,,,"Large effect, Narrower CI",72
"pathway_effect_sizes","Pathway","effect_size","PWY0-862: (5Z)-dodecenoate biosynthesis I","PWY0-862: (5Z)-dodecenoate biosynthesis I","Treatment vs Control on paired deltas (6m - baseline)",11,8,3,"Cohens_d",-1.94181167473451,-96.2501583333333,-156.238082916667,-46.219134375,110.018948541667,TRUE,193,"LOO_sign_agreement",1,TRUE,,,-1.94181167473451,-2.30881471916257,,,,"Large effect, Wider CI",73
"pathway_effect_sizes","Pathway","effect_size","GALACT-GLUCUROCAT-PWY: superpathway of hexuronide and hexuronate degradation","GALACT-GLUCUROCAT-PWY: superpathway of hexuronide and hexuronate degradation","Treatment vs Control on paired deltas (6m - baseline)",11,8,3,"Cohens_d",-1.49864704572835,-48.1238683333333,-87.39609103125,-10.0975983125,77.29849271875,TRUE,194,"LOO_sign_agreement",1,TRUE,,,-1.49864704572835,-1.77544500389714,,,,"Large effect, Narrower CI",74
"pathway_effect_sizes","Pathway","effect_size","PWY4LZ-257: superpathway of fermentation (Chlamydomonas reinhardtii)","PWY4LZ-257: superpathway of fermentation (Chlamydomonas reinhardtii)","Treatment vs Control on paired deltas (6m - baseline)",11,8,3,"Cohens_d",-1.07274546042036,-19.4688754166667,-38.53187646875,-1.64555613541672,36.8863203333333,TRUE,196,"LOO_sign_agreement",1,TRUE,,,-1.07274546042036,-1.19672850370588,,,,"Large effect, Narrower CI",75
"pathway_effect_sizes","Pathway","effect_size","PWY-7664: oleate biosynthesis IV (anaerobic)","PWY-7664: oleate biosynthesis IV (anaerobic)","Treatment vs Control on paired deltas (6m - baseline)",11,8,3,"Cohens_d",-1.94792510639019,-101.526741666667,-163.745535104167,-48.3029658333334,115.442569270833,TRUE,197,"LOO_sign_agreement",1,TRUE,,,-1.94792510639019,-2.24968314233579,,,,"Large effect, Wider CI",76
"pathway_effect_sizes","Pathway","effect_size","FASYN-ELONG-PWY: fatty acid elongation -- saturated","FASYN-ELONG-PWY: fatty acid elongation -- saturated","Treatment vs Control on paired deltas (6m - baseline)",11,8,3,"Cohens_d",-1.95212842543166,-106.282658333333,-165.97197,-49.001531875,116.970438125,TRUE,199,"LOO_sign_agreement",1,TRUE,,,-1.95212842543166,-2.20527546043178,,,,"Large effect, Wider CI",77
"pathway_effect_sizes","Pathway","effect_size","PWY-5690: TCA cycle II (plants and fungi)","PWY-5690: TCA cycle II (plants and fungi)","Treatment vs Control on paired deltas (6m - baseline)",11,8,3,"Cohens_d",0.752456071537147,4.81670291666667,-1.12628203125,11.5045779583333,12.6308599895833,FALSE,199,"LOO_sign_agreement",1,TRUE,,,0.752456071537147,0.895862130550009,,,,"Moderate effect, Narrower CI",78
"pathway_effect_sizes","Pathway","effect_size","GALACTITOLCAT-PWY: galactitol degradation","GALACTITOLCAT-PWY: galactitol degradation","Treatment vs Control on paired deltas (6m - baseline)",11,8,3,"Cohens_d",-0.651189779489297,-2.8335675,-7.00250303125,0.483049281249999,7.4855523125,FALSE,199,"LOO_sign_agreement",1,TRUE,,,-0.651189779489297,-0.695095699208529,,,,"Moderate effect, Narrower CI",79
"pathway_effect_sizes","Pathway","effect_size","PWY-5494: pyruvate fermentation to propanoate II (acrylate pathway)","PWY-5494: pyruvate fermentation to propanoate II (acrylate pathway)","Treatment vs Control on paired deltas (6m - baseline)",11,8,3,"Cohens_d",0.669495980242124,3.03670916666667,-1.88030083333333,8.2389375,10.1192383333333,FALSE,201,"LOO_sign_agreement",1,TRUE,,,0.669495980242124,0.528714086646071,,,,"Moderate effect, Narrower CI",80
"pathway_effect_sizes","Pathway","effect_size","POLYAMINSYN3-PWY: superpathway of polyamine biosynthesis II","POLYAMINSYN3-PWY: superpathway of polyamine biosynthesis II","Treatment vs Control on paired deltas (6m - baseline)",11,8,3,"Cohens_d",-0.818184617669705,-7.17576333333333,-15.8017413020833,1.09754973958332,16.8992910416667,FALSE,203,"LOO_sign_agreement",1,TRUE,,,-0.818184617669705,-0.954602033141746,,,,"Large effect, Narrower CI",81
"pathway_effect_sizes","Pathway","effect_size","RUMP-PWY: formaldehyde oxidation I","RUMP-PWY: formaldehyde oxidation I","Treatment vs Control on paired deltas (6m - baseline)",11,8,3,"Cohens_d",0.674033125960866,3.92480291666667,-1.14181475,9.77076021875,10.91257496875,FALSE,204,"LOO_sign_agreement",1,TRUE,,,0.674033125960866,0.748484141924524,,,,"Moderate effect, Narrower CI",82
"pathway_effect_sizes","Pathway","effect_size","PWY-5121: superpathway of geranylgeranyl diphosphate biosynthesis II (via MEP)","PWY-5121: superpathway of geranylgeranyl diphosphate biosynthesis II (via MEP)","Treatment vs Control on paired deltas (6m - baseline)",11,8,3,"Cohens_d",-1.72931197409383,-103.735725,-161.7277915625,-50.874708125,110.8530834375,TRUE,206,"LOO_sign_agreement",1,TRUE,,,-1.72931197409383,-1.27704660850033,,,,"Large effect, Wider CI",83
"pathway_effect_sizes","Pathway","effect_size","PWY-6920: 6-gingerol analog biosynthesis (engineered)","PWY-6920: 6-gingerol analog biosynthesis (engineered)","Treatment vs Control on paired deltas (6m - baseline)",11,8,3,"Cohens_d",-0.952701549437059,-12.62701625,-33.4804575,0.24222375,33.72268125,FALSE,206,"LOO_sign_agreement",1,TRUE,,,-0.952701549437059,-0.768949802522661,,,,"Large effect, Narrower CI",84
"pathway_effect_sizes","Pathway","effect_size","PWY-5989: stearate biosynthesis II (bacteria and plants)","PWY-5989: stearate biosynthesis II (bacteria and plants)","Treatment vs Control on paired deltas (6m - baseline)",11,8,3,"Cohens_d",-1.84579864711925,-97.4763666666667,-158.66795625,-41.363935625,117.304020625,TRUE,207,"LOO_sign_agreement",1,TRUE,,,-1.84579864711925,-2.14043914532237,,,,"Large effect, Wider CI",85
"pathway_effect_sizes","Pathway","effect_size","PWY-7560: methylerythritol phosphate pathway II","PWY-7560: methylerythritol phosphate pathway II","Treatment vs Control on paired deltas (6m - baseline)",11,8,3,"Cohens_d",2.57365445348884,177.300541666667,110.243265625,250.094638541667,139.851372916667,TRUE,208,"LOO_sign_agreement",1,TRUE,,,2.57365445348884,1.84047573903202,,,,"Large effect, Wider CI",86
"pathway_effect_sizes","Pathway","effect_size","PWY-8073: lipid IVA biosynthesis (P. putida)","PWY-8073: lipid IVA biosynthesis (P. putida)","Treatment vs Control on paired deltas (6m - baseline)",11,8,3,"Cohens_d",-1.43296803519361,-64.2122470833333,-110.950840364583,-17.6977748645834,93.2530655,TRUE,211,"LOO_sign_agreement",1,TRUE,,,-1.43296803519361,-1.4848834985857,,,,"Large effect, Narrower CI",87
"pathway_effect_sizes","Pathway","effect_size","PWY0-1261: anhydromuropeptides recycling I","PWY0-1261: anhydromuropeptides recycling I","Treatment vs Control on paired deltas (6m - baseline)",11,8,3,"Cohens_d",-1.18621762207464,-41.5284683333333,-73.1413701041667,-8.69553716666668,64.4458329375,TRUE,213,"LOO_sign_agreement",1,TRUE,,,-1.18621762207464,-1.29619654198281,,,,"Large effect, Narrower CI",88
"pathway_effect_sizes","Pathway","effect_size","NAGLIPASYN-PWY: lipid IVA biosynthesis (E. coli)","NAGLIPASYN-PWY: lipid IVA biosynthesis (E. coli)","Treatment vs Control on paired deltas (6m - baseline)",11,8,3,"Cohens_d",-1.43296803519361,-64.2122470833333,-113.149866958333,-15.1788276458334,97.9710393125,TRUE,214,"LOO_sign_agreement",1,TRUE,,,-1.43296803519361,-1.4848834985857,,,,"Large effect, Narrower CI",89
"pathway_effect_sizes","Pathway","effect_size","PWY-7204: pyridoxal 5'-phosphate salvage II (plants)","PWY-7204: pyridoxal 5'-phosphate salvage II (plants)","Treatment vs Control on paired deltas (6m - baseline)",11,8,3,"Cohens_d",-0.529238158643902,-0.6564675,-1.77264125,0.3955175,2.16815875,FALSE,214,"LOO_sign_agreement",1,TRUE,,,-0.529238158643902,-0.564559330223366,,,,"Moderate effect, Narrower CI",90
"pathway_effect_sizes","Pathway","effect_size","PWY-8004: Entner-Doudoroff pathway I","PWY-8004: Entner-Doudoroff pathway I","Treatment vs Control on paired deltas (6m - baseline)",11,8,3,"Cohens_d",-2.1159903640457,-149.923104166667,-215.7440253125,-75.9828172916667,139.761208020833,TRUE,215,"LOO_sign_agreement",1,TRUE,,,-2.1159903640457,-1.495013635716,,,,"Large effect, Wider CI",91
"pathway_effect_sizes","Pathway","effect_size","PWY-8131: 5'-deoxyadenosine degradation II","PWY-8131: 5'-deoxyadenosine degradation II","Treatment vs Control on paired deltas (6m - baseline)",11,8,3,"Cohens_d",0.869674856276507,12.1177891666667,-2.89001405208333,25.0991837291667,27.98919778125,FALSE,216,"LOO_sign_agreement",1,TRUE,,,0.869674856276507,0.556615597534651,,,,"Large effect, Narrower CI",92
"pathway_effect_sizes","Pathway","effect_size","PWY-1269: CMP-3-deoxy-D-manno-octulosonate biosynthesis","PWY-1269: CMP-3-deoxy-D-manno-octulosonate biosynthesis","Treatment vs Control on paired deltas (6m - baseline)",11,8,3,"Cohens_d",-1.18662424858654,-43.71844625,-82.1603798958333,-6.59240017708335,75.56797971875,TRUE,220,"LOO_sign_agreement",1,TRUE,,,-1.18662424858654,-0.791860416855998,,,,"Large effect, Narrower CI",93
"pathway_effect_sizes","Pathway","effect_size","PWY-6270: isoprene biosynthesis I","PWY-6270: isoprene biosynthesis I","Treatment vs Control on paired deltas (6m - baseline)",11,8,3,"Cohens_d",2.6957328843365,204.961333333333,127.842620833333,288.0736,160.230979166667,TRUE,222,"LOO_sign_agreement",1,TRUE,,,2.6957328843365,1.85365192695443,,,,"Large effect, Wider CI",94
"pathway_effect_sizes","Pathway","effect_size","PWY-5994: palmitate biosynthesis (type I fatty acid synthase)","PWY-5994: palmitate biosynthesis (type I fatty acid synthase)","Treatment vs Control on paired deltas (6m - baseline)",11,8,3,"Cohens_d",-0.945334286537587,-18.0353816666667,-38.0786528333333,2.75500993749999,40.8336627708333,FALSE,222,"LOO_sign_agreement",1,TRUE,,,-0.945334286537587,-1.32532689607645,,,,"Large effect, Narrower CI",95
"pathway_effect_sizes","Pathway","effect_size","PWY-7383: anaerobic energy metabolism (invertebrates, cytosol)","PWY-7383: anaerobic energy metabolism (invertebrates, cytosol)","Treatment vs Control on paired deltas (6m - baseline)",11,8,3,"Cohens_d",-1.22939226844183,-48.6269833333333,-92.6105403125,-5.89566270833336,86.7148776041667,TRUE,223,"LOO_sign_agreement",1,TRUE,,,-1.22939226844183,-1.24840816394476,,,,"Large effect, Narrower CI",96
"pathway_effect_sizes","Pathway","effect_size","PWY-6607: guanosine nucleotides degradation I","PWY-6607: guanosine nucleotides degradation I","Treatment vs Control on paired deltas (6m - baseline)",11,8,3,"Cohens_d",-1.01494599360993,-23.23239625,-50.22356415625,1.63812709374998,51.86169125,FALSE,223,"LOO_sign_agreement",1,TRUE,,,-1.01494599360993,-1.02231787899957,,,,"Large effect, Narrower CI",97
"pathway_effect_sizes","Pathway","effect_size","GLYOXYLATE-BYPASS: glyoxylate cycle","GLYOXYLATE-BYPASS: glyoxylate cycle","Treatment vs Control on paired deltas (6m - baseline)",11,8,3,"Cohens_d",-0.676369757122228,-6.11269125,-15.2975955416667,0.77576897916665,16.0733645208333,FALSE,223,"LOO_sign_agreement",1,TRUE,,,-0.676369757122228,-1.36399307648212,,,,"Moderate effect, Narrower CI",98
"pathway_effect_sizes","Pathway","effect_size","PWY-5104: L-isoleucine biosynthesis IV","PWY-5104: L-isoleucine biosynthesis IV","Treatment vs Control on paired deltas (6m - baseline)",11,8,3,"Cohens_d",-0.565091415145495,-2.1706975,-5.8957305,1.58158909375,7.47731959375,FALSE,226,"LOO_sign_agreement",1,TRUE,,,-0.565091415145495,-0.906276708637438,,,,"Moderate effect, Narrower CI",99
"pathway_effect_sizes","Pathway","effect_size","PWY0-1241: ADP-L-glycero-&beta;-D-manno-heptose biosynthesis","PWY0-1241: ADP-L-glycero-&beta;-D-manno-heptose biosynthesis","Treatment vs Control on paired deltas (6m - baseline)",11,8,3,"Cohens_d",-0.829377744952311,-12.9021104166667,-28.9712745520833,-0.211720093750002,28.7595544583333,TRUE,227,"LOO_sign_agreement",1,TRUE,,,-0.829377744952311,-0.541655760135919,,,,"Large effect, Narrower CI",100
"pathway_effect_sizes","Pathway","effect_size","P122-PWY: heterolactic fermentation","P122-PWY: heterolactic fermentation","Treatment vs Control on paired deltas (6m - baseline)",11,8,3,"Cohens_d",-1.01702527397151,-28.9165554166667,-63.1711189375,-2.5044225,60.6666964375,TRUE,229,"LOO_sign_agreement",1,TRUE,,,-1.01702527397151,-1.43707276693812,,,,"Large effect, Narrower CI",101
"pathway_effect_sizes","Pathway","effect_size","PWY-6519: 8-amino-7-oxononanoate biosynthesis I","PWY-6519: 8-amino-7-oxononanoate biosynthesis I","Treatment vs Control on paired deltas (6m - baseline)",11,8,3,"Cohens_d",-1.30012079508423,-66.8298375,-117.2425425,-11.4438178125,105.7987246875,TRUE,230,"LOO_sign_agreement",1,TRUE,,,-1.30012079508423,-1.13493029475343,,,,"Large effect, Narrower CI",102
"pathway_effect_sizes","Pathway","effect_size","P108-PWY: pyruvate fermentation to propanoate I","P108-PWY: pyruvate fermentation to propanoate I","Treatment vs Control on paired deltas (6m - baseline)",11,8,3,"Cohens_d",0.649157989414391,4.65593916666667,-1.60781125,12.3504953125,13.9583065625,FALSE,230,"LOO_sign_agreement",1,TRUE,,,0.649157989414391,0.602873706660499,,,,"Moderate effect, Narrower CI",103
"pathway_effect_sizes","Pathway","effect_size","METH-ACETATE-PWY: methanogenesis from acetate","METH-ACETATE-PWY: methanogenesis from acetate","Treatment vs Control on paired deltas (6m - baseline)",11,8,3,"Cohens_d",2.7768490066096,250.2123625,165.429425104167,336.745174791667,171.3157496875,TRUE,236,"LOO_sign_agreement",1,TRUE,,,2.7768490066096,1.65598938979948,,,,"Large effect, Wider CI",104
"pathway_effect_sizes","Pathway","effect_size","PWY-7456: &beta;-(1,4)-mannan degradation","PWY-7456: &beta;-(1,4)-mannan degradation","Treatment vs Control on paired deltas (6m - baseline)",11,8,3,"Cohens_d",-1.49559904207865,-80.7890291666667,-141.640827395833,-21.663945625,119.976881770833,TRUE,236,"LOO_sign_agreement",1,TRUE,,,-1.49559904207865,-1.09878144829952,,,,"Large effect, Wider CI",105
"pathway_effect_sizes","Pathway","effect_size","PWY-5971: palmitate biosynthesis (type II fatty acid synthase)","PWY-5971: palmitate biosynthesis (type II fatty acid synthase)","Treatment vs Control on paired deltas (6m - baseline)",11,8,3,"Cohens_d",-1.76278628891959,-121.74555,-196.4580990625,-48.8435778125,147.61452125,TRUE,238,"LOO_sign_agreement",1,TRUE,,,-1.76278628891959,-1.72524353327542,,,,"Large effect, Wider CI",106
"pathway_effect_sizes","Pathway","effect_size","PWY0-166: superpathway of pyrimidine deoxyribonucleotides de novo biosynthesis (E. coli)","PWY0-166: superpathway of pyrimidine deoxyribonucleotides de novo biosynthesis (E. coli)","Treatment vs Control on paired deltas (6m - baseline)",11,8,3,"Cohens_d",-0.477754349580395,-1.42056375,-4.05459590625,1.5069725,5.56156840625,FALSE,238,"LOO_sign_agreement",1,TRUE,,,-0.477754349580395,-0.655680976041568,,,,"Small effect, Narrower CI",107
"pathway_effect_sizes","Pathway","effect_size","PWY-7356: thiamine diphosphate salvage IV (yeast)","PWY-7356: thiamine diphosphate salvage IV (yeast)","Treatment vs Control on paired deltas (6m - baseline)",11,8,3,"Cohens_d",-1.7892089565197,-128.7584625,-206.889184895833,-55.0994512500001,151.789733645833,TRUE,239,"LOO_sign_agreement",1,TRUE,,,-1.7892089565197,-1.92013909911011,,,,"Large effect, Wider CI",108
"pathway_effect_sizes","Pathway","effect_size","HEXITOLDEGSUPER-PWY: superpathway of hexitol degradation (bacteria)","HEXITOLDEGSUPER-PWY: superpathway of hexitol degradation (bacteria)","Treatment vs Control on paired deltas (6m - baseline)",11,8,3,"Cohens_d",-0.672464941922158,-7.79458125,-19.03713625,1.18555875,20.222695,FALSE,239,"LOO_sign_agreement",1,TRUE,,,-0.672464941922158,-0.722393515569618,,,,"Moderate effect, Narrower CI",109
"pathway_effect_sizes","Pathway","effect_size","PWY-6531: mannitol cycle","PWY-6531: mannitol cycle","Treatment vs Control on paired deltas (6m - baseline)",11,8,3,"Cohens_d",-0.619782549052056,-4.14029958333333,-11.469844125,3.13238070833333,14.6022248333333,FALSE,242,"LOO_sign_agreement",1,TRUE,,,-0.619782549052056,-1.11872243248153,,,,"Moderate effect, Narrower CI",110
"pathway_effect_sizes","Pathway","effect_size","PWY-6992: 1,5-anhydrofructose degradation","PWY-6992: 1,5-anhydrofructose degradation","Treatment vs Control on paired deltas (6m - baseline)",11,8,3,"Cohens_d",0.434586107534786,0.725464583333333,-0.92975875,2.70087840625,3.63063715625,FALSE,242,"LOO_sign_agreement",1,TRUE,,,0.434586107534786,0.472958202351404,,,,"Small effect, Narrower CI",111
"pathway_effect_sizes","Pathway","effect_size","PWY0-1477: ethanolamine utilization","PWY0-1477: ethanolamine utilization","Treatment vs Control on paired deltas (6m - baseline)",11,8,3,"Cohens_d",-1.20389611118186,-63.4368041666667,-123.5839990625,-12.92454875,110.6594503125,TRUE,248,"LOO_sign_agreement",1,TRUE,,,-1.20389611118186,-1.43349300131707,,,,"Large effect, Wider CI",112
"pathway_effect_sizes","Pathway","effect_size","PWY-7118: chitin deacetylation","PWY-7118: chitin deacetylation","Treatment vs Control on paired deltas (6m - baseline)",11,8,3,"Cohens_d",-0.471042257870461,-1.6073805,-4.9963791125,1.2399395,6.2363186125,FALSE,248,"LOO_sign_agreement",1,TRUE,,,-0.471042257870461,-0.775134153080487,,,,"Small effect, Narrower CI",113
"pathway_effect_sizes","Pathway","effect_size","P164-PWY: purine nucleobases degradation I (anaerobic)","P164-PWY: purine nucleobases degradation I (anaerobic)","Treatment vs Control on paired deltas (6m - baseline)",11,8,3,"Cohens_d",1.70090123450078,132.987858333333,56.6948340625,212.745131666667,156.050297604167,TRUE,249,"LOO_sign_agreement",1,TRUE,,,1.70090123450078,0.653886865579891,,,,"Large effect, Wider CI",114
"pathway_effect_sizes","Pathway","effect_size","PWY-5675: nitrate reduction V (assimilatory)","PWY-5675: nitrate reduction V (assimilatory)","Treatment vs Control on paired deltas (6m - baseline)",11,8,3,"Cohens_d",-0.492420735770697,-2.52390541666667,-7.42261035416667,1.79132066666666,9.21393102083333,FALSE,250,"LOO_sign_agreement",1,TRUE,,,-0.492420735770697,-0.901990688123905,,,,"Small effect, Narrower CI",115
"pathway_effect_sizes","Pathway","effect_size","PYRIDOXSYN-PWY: pyridoxal 5'-phosphate biosynthesis I","PYRIDOXSYN-PWY: pyridoxal 5'-phosphate biosynthesis I","Treatment vs Control on paired deltas (6m - baseline)",11,8,3,"Cohens_d",-1.17547108163706,-60.0281520833333,-114.168506760417,-6.74763271875002,107.420874041667,TRUE,252,"LOO_sign_agreement",1,TRUE,,,-1.17547108163706,-1.113967042673,,,,"Large effect, Wider CI",116
"pathway_effect_sizes","Pathway","effect_size","PWY-5004: superpathway of L-citrulline metabolism","PWY-5004: superpathway of L-citrulline metabolism","Treatment vs Control on paired deltas (6m - baseline)",11,8,3,"Cohens_d",-0.379995256432844,-0.6932125,-2.27452,1.08432,3.35884,FALSE,252,"LOO_sign_agreement",1,TRUE,,,-0.379995256432844,-0.117396168178414,,,,"Small effect, Narrower CI",117
"pathway_effect_sizes","Pathway","effect_size","PWY0-1319: CDP-diacylglycerol biosynthesis II","PWY0-1319: CDP-diacylglycerol biosynthesis II","Treatment vs Control on paired deltas (6m - baseline)",11,8,3,"Cohens_d",2.11584087755268,173.356208333333,89.6381,270.735959375,181.097859375,TRUE,257,"LOO_sign_agreement",1,TRUE,,,2.11584087755268,2.11923399698816,,,,"Large effect, Wider CI",118
"pathway_effect_sizes","Pathway","effect_size","PWY-6305: superpathway of putrescine biosynthesis","PWY-6305: superpathway of putrescine biosynthesis","Treatment vs Control on paired deltas (6m - baseline)",11,8,3,"Cohens_d",-1.0037239780895,-41.39185125,-85.9859108125,0.544267343749943,86.5301781562499,FALSE,257,"LOO_sign_agreement",1,TRUE,,,-1.0037239780895,-0.967269648569424,,,,"Large effect, Narrower CI",119
"pathway_effect_sizes","Pathway","effect_size","PWY-6292: superpathway of L-cysteine biosynthesis (mammalian)","PWY-6292: superpathway of L-cysteine biosynthesis (mammalian)","Treatment vs Control on paired deltas (6m - baseline)",11,8,3,"Cohens_d",-1.32922320507066,-93.5278,-155.7246709375,-23.3708727083334,132.353798229167,TRUE,258,"LOO_sign_agreement",1,TRUE,,,-1.32922320507066,-1.33017879541889,,,,"Large effect, Wider CI",120
"pathway_effect_sizes","Pathway","effect_size","PWY-6859: all-trans-farnesol biosynthesis","PWY-6859: all-trans-farnesol biosynthesis","Treatment vs Control on paired deltas (6m - baseline)",11,8,3,"Cohens_d",-0.887033969333802,-31.3473583333333,-68.1336765833333,0.183179343749997,68.3168559270833,FALSE,261,"LOO_sign_agreement",1,TRUE,,,-0.887033969333802,-0.341093637933547,,,,"Large effect, Narrower CI",121
"pathway_effect_sizes","Pathway","effect_size","ANAEROFRUCAT-PWY: homolactic fermentation","ANAEROFRUCAT-PWY: homolactic fermentation","Treatment vs Control on paired deltas (6m - baseline)",11,8,3,"Cohens_d",-1.7281940585432,-140.403666666667,-225.00746875,-57.2905812500001,167.7168875,TRUE,262,"LOO_sign_agreement",1,TRUE,,,-1.7281940585432,-1.36439059696716,,,,"Large effect, Wider CI",122
"pathway_effect_sizes","Pathway","effect_size","PWY-6906: chitin derivatives degradation","PWY-6906: chitin derivatives degradation","Treatment vs Control on paired deltas (6m - baseline)",11,8,3,"Cohens_d",-0.841245422999112,-23.3815758333333,-51.32028840625,8.39373606249997,59.71402446875,FALSE,262,"LOO_sign_agreement",1,TRUE,,,-0.841245422999112,-0.614014609402737,,,,"Large effect, Narrower CI",123
"pathway_effect_sizes","Pathway","effect_size","BIOTIN-BIOSYNTHESIS-PWY: biotin biosynthesis I","BIOTIN-BIOSYNTHESIS-PWY: biotin biosynthesis I","Treatment vs Control on paired deltas (6m - baseline)",11,8,3,"Cohens_d",-1.1549863842151,-61.6026625,-115.402088541667,-1.75622072916668,113.6458678125,TRUE,264,"LOO_sign_agreement",1,TRUE,,,-1.1549863842151,-1.03411829037621,,,,"Large effect, Wider CI",124
"pathway_effect_sizes","Pathway","effect_size","P23-PWY: reductive TCA cycle I","P23-PWY: reductive TCA cycle I","Treatment vs Control on paired deltas (6m - baseline)",11,8,3,"Cohens_d",-0.341162041552121,-0.71963,-2.671238125,1.0908125,3.762050625,FALSE,264,"LOO_sign_agreement",1,TRUE,,,-0.341162041552121,-0.302517863180341,,,,"Small effect, Narrower CI",125
"pathway_effect_sizes","Pathway","effect_size","PWY-5667: CDP-diacylglycerol biosynthesis I","PWY-5667: CDP-diacylglycerol biosynthesis I","Treatment vs Control on paired deltas (6m - baseline)",11,8,3,"Cohens_d",2.11584087755268,173.356208333333,83.6587083333334,274.842190625,191.183482291667,TRUE,265,"LOO_sign_agreement",1,TRUE,,,2.11584087755268,2.11923399698816,,,,"Large effect, Wider CI",126
"pathway_effect_sizes","Pathway","effect_size","PWY-7315: dTDP-N-acetylthomosamine biosynthesis","PWY-7315: dTDP-N-acetylthomosamine biosynthesis","Treatment vs Control on paired deltas (6m - baseline)",11,8,3,"Cohens_d",0.655792223391542,11.4551595833333,-4.69563494791666,28.07655553125,32.7721904791667,FALSE,266,"LOO_sign_agreement",1,TRUE,,,0.655792223391542,0.250107282089713,,,,"Moderate effect, Narrower CI",127
"pathway_effect_sizes","Pathway","effect_size","PWY-6731: starch degradation III","PWY-6731: starch degradation III","Treatment vs Control on paired deltas (6m - baseline)",11,8,3,"Cohens_d",1.19169840876672,73.4888375,13.474263125,134.497494166667,121.023231041667,TRUE,268,"LOO_sign_agreement",1,TRUE,,,1.19169840876672,0.725683022703368,,,,"Large effect, Wider CI",128
"pathway_effect_sizes","Pathway","effect_size","POLYAMSYN-PWY: superpathway of polyamine biosynthesis I","POLYAMSYN-PWY: superpathway of polyamine biosynthesis I","Treatment vs Control on paired deltas (6m - baseline)",11,8,3,"Cohens_d",-0.674564748898986,-11.7029354166667,-31.5707942708333,6.93911493749999,38.5099092083333,FALSE,271,"LOO_sign_agreement",1,TRUE,,,-0.674564748898986,-0.509199294119549,,,,"Moderate effect, Narrower CI",129
"pathway_effect_sizes","Pathway","effect_size","PWY-5676: acetyl-CoA fermentation to butanoate II","PWY-5676: acetyl-CoA fermentation to butanoate II","Treatment vs Control on paired deltas (6m - baseline)",11,8,3,"Cohens_d",1.01879995034454,50.13186625,-2.37340936458333,107.130985927083,109.504395291667,FALSE,272,"LOO_sign_agreement",1,TRUE,,,1.01879995034454,0.740845206541399,,,,"Large effect, Wider CI",130
"pathway_effect_sizes","Pathway","effect_size","PWY-6876: isopropanol biosynthesis (engineered)","PWY-6876: isopropanol biosynthesis (engineered)","Treatment vs Control on paired deltas (6m - baseline)",11,8,3,"Cohens_d",-0.459058050554221,-2.33243458333333,-8.3348808125,3.16909,11.5039708125,FALSE,272,"LOO_sign_agreement",1,TRUE,,,-0.459058050554221,-0.299596947685075,,,,"Small effect, Narrower CI",131
"pathway_effect_sizes","Pathway","effect_size","PWY-5837: 2-carboxy-1,4-naphthoquinol biosynthesis","PWY-5837: 2-carboxy-1,4-naphthoquinol biosynthesis","Treatment vs Control on paired deltas (6m - baseline)",11,8,3,"Cohens_d",0.397653415472291,1.79688708333333,-2.02575267708333,6.55814652083333,8.58389919791666,FALSE,272,"LOO_sign_agreement",0.923076923076923,TRUE,,,0.397653415472291,0.0489940424020797,,,,"Small effect, Narrower CI",132
"pathway_effect_sizes","Pathway","effect_size","PWY0-845: superpathway of pyridoxal 5'-phosphate biosynthesis and salvage","PWY0-845: superpathway of pyridoxal 5'-phosphate biosynthesis and salvage","Treatment vs Control on paired deltas (6m - baseline)",11,8,3,"Cohens_d",-1.16109899955526,-70.36388875,-136.694172625,-11.45306715625,125.24110546875,TRUE,275,"LOO_sign_agreement",1,TRUE,,,-1.16109899955526,-1.09088401966873,,,,"Large effect, Wider CI",133
"pathway_effect_sizes","Pathway","effect_size","RHAMCAT-PWY: L-rhamnose degradation I","RHAMCAT-PWY: L-rhamnose degradation I","Treatment vs Control on paired deltas (6m - baseline)",11,8,3,"Cohens_d",0.963970251635527,52.3092791666667,-1.05636239583334,99.1868488541667,100.24321125,FALSE,275,"LOO_sign_agreement",1,TRUE,,,0.963970251635527,1.02434095245579,,,,"Large effect, Narrower CI",134
"pathway_effect_sizes","Pathway","effect_size","PWY66-391: fatty acid &beta;-oxidation VI (mammalian peroxisome)","PWY66-391: fatty acid &beta;-oxidation VI (mammalian peroxisome)","Treatment vs Control on paired deltas (6m - baseline)",11,8,3,"Cohens_d",-0.618069572975853,-7.49065375,-23.471835,5.1834279375,28.6552629375,FALSE,278,"LOO_sign_agreement",1,TRUE,,,-0.618069572975853,-0.42730448420562,,,,"Moderate effect, Narrower CI",135
"pathway_effect_sizes","Pathway","effect_size","PWY66-399: gluconeogenesis III","PWY66-399: gluconeogenesis III","Treatment vs Control on paired deltas (6m - baseline)",11,8,3,"Cohens_d",-1.0139703805743,-49.6434625,-104.309815729167,7.20779270833335,111.5176084375,FALSE,279,"LOO_sign_agreement",1,TRUE,,,-1.0139703805743,-1.16914797108023,,,,"Large effect, Wider CI",136
"pathway_effect_sizes","Pathway","effect_size","PWY-5497: purine nucleobases degradation II (anaerobic)","PWY-5497: purine nucleobases degradation II (anaerobic)","Treatment vs Control on paired deltas (6m - baseline)",11,8,3,"Cohens_d",-0.874843108429952,-35.5931204166667,-77.0628926145833,10.07603103125,87.1389236458333,FALSE,280,"LOO_sign_agreement",1,TRUE,,,-0.874843108429952,-0.890958061803921,,,,"Large effect, Narrower CI",137
"pathway_effect_sizes","Pathway","effect_size","PROPFERM-PWY: superpathway of L-alanine fermentation (Stickland reaction)","PROPFERM-PWY: superpathway of L-alanine fermentation (Stickland reaction)","Treatment vs Control on paired deltas (6m - baseline)",11,8,3,"Cohens_d",0.552466172476904,5.274165,-4.94636,15.831005375,20.777365375,FALSE,280,"LOO_sign_agreement",1,TRUE,,,0.552466172476904,0.45367453851629,,,,"Moderate effect, Narrower CI",138
"pathway_effect_sizes","Pathway","effect_size","PWY-5097: L-lysine biosynthesis VI","PWY-5097: L-lysine biosynthesis VI","Treatment vs Control on paired deltas (6m - baseline)",11,8,3,"Cohens_d",0.939783615692082,45.7785416666667,-2.29439374999998,97.3202427083333,99.6146364583333,FALSE,281,"LOO_sign_agreement",1,TRUE,,,0.939783615692082,0.944600722369313,,,,"Large effect, Narrower CI",139
"pathway_effect_sizes","Pathway","effect_size","PWY-8189: L-alanine degradation V (oxidative Stickland reaction)","PWY-8189: L-alanine degradation V (oxidative Stickland reaction)","Treatment vs Control on paired deltas (6m - baseline)",11,8,3,"Cohens_d",0.552466172476904,5.274165,-5.15809416666667,15.708090375,20.8661845416666,FALSE,281,"LOO_sign_agreement",1,TRUE,,,0.552466172476904,0.45367453851629,,,,"Moderate effect, Narrower CI",140
"pathway_effect_sizes","Pathway","effect_size","PWY-8188: L-alanine degradation VI (reductive Stickland reaction)","PWY-8188: L-alanine degradation VI (reductive Stickland reaction)","Treatment vs Control on paired deltas (6m - baseline)",11,8,3,"Cohens_d",0.552466172476904,5.274165,-5.17958714583333,16.56231375,21.7419008958333,FALSE,282,"LOO_sign_agreement",1,TRUE,,,0.552466172476904,0.45367453851629,,,,"Moderate effect, Narrower CI",141
"pathway_effect_sizes","Pathway","effect_size","PWY-821: superpathway of sulfur amino acid biosynthesis (Saccharomyces cerevisiae)","PWY-821: superpathway of sulfur amino acid biosynthesis (Saccharomyces cerevisiae)","Treatment vs Control on paired deltas (6m - baseline)",11,8,3,"Cohens_d",-0.416880833153026,-2.40079125,-8.371865,3.39331125,11.76517625,FALSE,283,"LOO_sign_agreement",1,TRUE,,,-0.416880833153026,-0.85755259085794,,,,"Small effect, Narrower CI",142
"pathway_effect_sizes","Pathway","effect_size","NAD-BIOSYNTHESIS-II: NAD salvage pathway III (to nicotinamide riboside)","NAD-BIOSYNTHESIS-II: NAD salvage pathway III (to nicotinamide riboside)","Treatment vs Control on paired deltas (6m - baseline)",11,8,3,"Cohens_d",-0.475114840509493,-3.113330375,-12.147648634375,3.543872315625,15.69152095,FALSE,284,"LOO_sign_agreement",1,TRUE,,,-0.475114840509493,-0.466163439928948,,,,"Small effect, Narrower CI",143
"pathway_effect_sizes","Pathway","effect_size","PWY-5677: succinate fermentation to butanoate","PWY-5677: succinate fermentation to butanoate","Treatment vs Control on paired deltas (6m - baseline)",11,8,3,"Cohens_d",-0.42630132503812,-2.08345666666667,-8.73213778125,3.3225634375,12.05470121875,FALSE,284,"LOO_sign_agreement",1,TRUE,,,-0.42630132503812,-0.305338732296239,,,,"Small effect, Narrower CI",144
"pathway_effect_sizes","Pathway","effect_size","DAPLYSINESYN-PWY: L-lysine biosynthesis I","DAPLYSINESYN-PWY: L-lysine biosynthesis I","Treatment vs Control on paired deltas (6m - baseline)",11,8,3,"Cohens_d",-1.67735205265363,-157.096491666667,-250.3707003125,-59.82777125,190.5429290625,TRUE,285,"LOO_sign_agreement",1,TRUE,,,-1.67735205265363,-0.544279752631121,,,,"Large effect, Wider CI",145
"pathway_effect_sizes","Pathway","effect_size","PWY-6595: superpathway of guanosine nucleotides degradation (plants)","PWY-6595: superpathway of guanosine nucleotides degradation (plants)","Treatment vs Control on paired deltas (6m - baseline)",11,8,3,"Cohens_d",-0.68090739853339,-15.0810533333333,-43.046373875,11.2716440625,54.3180179375,FALSE,285,"LOO_sign_agreement",1,TRUE,,,-0.68090739853339,-0.775982750745753,,,,"Moderate effect, Narrower CI",146
"pathway_effect_sizes","Pathway","effect_size","PWY0-1415: superpathway of heme b biosynthesis from uroporphyrinogen-III","PWY0-1415: superpathway of heme b biosynthesis from uroporphyrinogen-III","Treatment vs Control on paired deltas (6m - baseline)",11,8,3,"Cohens_d",-0.202766967423249,-0.28311875,-1.3279058125,1.1807009375,2.50860675,FALSE,290,"LOO_sign_agreement",1,TRUE,,,-0.202766967423249,-0.118375740563036,,,,"Small effect, Narrower CI",147
"pathway_effect_sizes","Pathway","effect_size","PWY-6901: superpathway of glucose and xylose degradation","PWY-6901: superpathway of glucose and xylose degradation","Treatment vs Control on paired deltas (6m - baseline)",11,8,3,"Cohens_d",-1.66759093583939,-150.572416666667,-243.1394103125,-48.8905895833334,194.248820729167,TRUE,291,"LOO_sign_agreement",1,TRUE,,,-1.66759093583939,-1.22761731341635,,,,"Large effect, Wider CI",148
"pathway_effect_sizes","Pathway","effect_size","TCA-GLYOX-BYPASS: superpathway of glyoxylate bypass and TCA","TCA-GLYOX-BYPASS: superpathway of glyoxylate bypass and TCA","Treatment vs Control on paired deltas (6m - baseline)",11,8,3,"Cohens_d",-0.359878321460858,-2.204925,-8.046875,2.774775,10.82165,FALSE,291,"LOO_sign_agreement",0.923076923076923,TRUE,,,-0.359878321460858,-0.583272553097108,,,,"Small effect, Narrower CI",149
"pathway_effect_sizes","Pathway","effect_size","PWY490-3: nitrate reduction VI (assimilatory)","PWY490-3: nitrate reduction VI (assimilatory)","Treatment vs Control on paired deltas (6m - baseline)",11,8,3,"Cohens_d",0.236290608566932,0.41335625,-1.3374789375,2.4816186875,3.819097625,FALSE,291,"LOO_sign_agreement",1,TRUE,,,0.236290608566932,0.13588347440478,,,,"Small effect, Narrower CI",150
"pathway_effect_sizes","Pathway","effect_size","P161-PWY: acetylene degradation (anaerobic)","P161-PWY: acetylene degradation (anaerobic)","Treatment vs Control on paired deltas (6m - baseline)",11,8,3,"Cohens_d",-0.786724805252511,-38.35469125,-89.4749528854167,-3.11024295833334,86.3647099270833,TRUE,294,"LOO_sign_agreement",1,TRUE,,,-0.786724805252511,-1.30676549689891,,,,"Moderate effect, Narrower CI",151
"pathway_effect_sizes","Pathway","effect_size","PWY-7210: pyrimidine deoxyribonucleotides biosynthesis from CTP","PWY-7210: pyrimidine deoxyribonucleotides biosynthesis from CTP","Treatment vs Control on paired deltas (6m - baseline)",11,8,3,"Cohens_d",-0.634689084086424,-14.81409,-37.9766722291667,9.19025772916662,47.1669299583333,FALSE,294,"LOO_sign_agreement",1,TRUE,,,-0.634689084086424,-0.63176387677921,,,,"Moderate effect, Narrower CI",152
"pathway_effect_sizes","Pathway","effect_size","PWY-5138: fatty acid &beta;-oxidation IV (unsaturated, even number)","PWY-5138: fatty acid &beta;-oxidation IV (unsaturated, even number)","Treatment vs Control on paired deltas (6m - baseline)",11,8,3,"Cohens_d",-0.216007845805921,-0.5536725,-2.80367303125,1.6242275,4.42790053125,FALSE,295,"LOO_sign_agreement",0.923076923076923,TRUE,,,-0.216007845805921,-0.420708684745062,,,,"Small effect, Narrower CI",153
"pathway_effect_sizes","Pathway","effect_size","PWY-7117: C4 photosynthetic carbon assimilation cycle, PEPCK type","PWY-7117: C4 photosynthetic carbon assimilation cycle, PEPCK type","Treatment vs Control on paired deltas (6m - baseline)",11,8,3,"Cohens_d",-1.34132919733424,-102.593720833333,-184.33905875,-9.88516843750002,174.4538903125,TRUE,296,"LOO_sign_agreement",1,TRUE,,,-1.34132919733424,-1.17846091998818,,,,"Large effect, Wider CI",154
"pathway_effect_sizes","Pathway","effect_size","PWY-6435: 4-hydroxybenzoate biosynthesis III (plants)","PWY-6435: 4-hydroxybenzoate biosynthesis III (plants)","Treatment vs Control on paired deltas (6m - baseline)",11,8,3,"Cohens_d",-0.532889441420899,-5.63220583333333,-22.344965,4.5066075,26.8515725,FALSE,297,"LOO_sign_agreement",1,TRUE,,,-0.532889441420899,-0.567649907223501,,,,"Moderate effect, Narrower CI",155
"pathway_effect_sizes","Pathway","effect_size","PWY-6353: purine nucleotides degradation II (aerobic)","PWY-6353: purine nucleotides degradation II (aerobic)","Treatment vs Control on paired deltas (6m - baseline)",11,8,3,"Cohens_d",1.14823100815854,73.0710208333333,-3.18382500000001,145.183656875,148.367481875,FALSE,298,"LOO_sign_agreement",1,TRUE,,,1.14823100815854,0.832641294843695,,,,"Large effect, Wider CI",156
"pathway_effect_sizes","Pathway","effect_size","PWY-5862: superpathway of demethylmenaquinol-9 biosynthesis","PWY-5862: superpathway of demethylmenaquinol-9 biosynthesis","Treatment vs Control on paired deltas (6m - baseline)",11,8,3,"Cohens_d",0.319240464372708,1.63136125,-3.60557,7.249281125,10.854851125,FALSE,298,"LOO_sign_agreement",1,TRUE,,,0.319240464372708,0.229495282885507,,,,"Small effect, Narrower CI",157
"pathway_effect_sizes","Pathway","effect_size","PWY-6317: D-galactose degradation I (Leloir pathway)","PWY-6317: D-galactose degradation I (Leloir pathway)","Treatment vs Control on paired deltas (6m - baseline)",11,8,3,"Cohens_d",2.1371248221025,221.751958333333,108.877696875,341.29433125,232.416634375,TRUE,299,"LOO_sign_agreement",1,TRUE,,,2.1371248221025,2.204504360176,,,,"Large effect, Wider CI",158
"pathway_effect_sizes","Pathway","effect_size","PWY-6922: L-N&delta;-acetylornithine biosynthesis","PWY-6922: L-N&delta;-acetylornithine biosynthesis","Treatment vs Control on paired deltas (6m - baseline)",11,8,3,"Cohens_d",-0.200467807654853,-0.461986833333333,-2.85620197916667,1.74632116041666,4.60252313958333,FALSE,299,"LOO_sign_agreement",0.923076923076923,TRUE,,,-0.200467807654853,-0.266138555528303,,,,"Small effect, Narrower CI",159
"pathway_effect_sizes","Pathway","effect_size","PWY0-1586: peptidoglycan maturation (meso-diaminopimelate containing)","PWY0-1586: peptidoglycan maturation (meso-diaminopimelate containing)","Treatment vs Control on paired deltas (6m - baseline)",11,8,3,"Cohens_d",-2.16533145415949,-282.1184875,-389.701566666667,-156.615237083333,233.086329583333,TRUE,300,"LOO_sign_agreement",1,TRUE,,,-2.16533145415949,-0.713719381816154,,,,"Large effect, Wider CI",160
"pathway_effect_sizes","Pathway","effect_size","TRPSYN-PWY: L-tryptophan biosynthesis","TRPSYN-PWY: L-tryptophan biosynthesis","Treatment vs Control on paired deltas (6m - baseline)",11,8,3,"Cohens_d",1.38442116011221,125.3555,36.0336385416668,220.334161458333,184.300522916667,TRUE,301,"LOO_sign_agreement",1,TRUE,,,1.38442116011221,1.10147176408219,,,,"Large effect, Wider CI",161
"pathway_effect_sizes","Pathway","effect_size","DTDPRHAMSYN-PWY: dTDP-&beta;-L-rhamnose biosynthesis","DTDPRHAMSYN-PWY: dTDP-&beta;-L-rhamnose biosynthesis","Treatment vs Control on paired deltas (6m - baseline)",11,8,3,"Cohens_d",2.44286796601191,282.513458333333,168.909620833333,413.245496875,244.335876041667,TRUE,303,"LOO_sign_agreement",1,TRUE,,,2.44286796601191,2.78269048454746,,,,"Large effect, Wider CI",162
"pathway_effect_sizes","Pathway","effect_size","HEMESYN2-PWY: heme b biosynthesis II (oxygen-independent)","HEMESYN2-PWY: heme b biosynthesis II (oxygen-independent)","Treatment vs Control on paired deltas (6m - baseline)",11,8,3,"Cohens_d",-0.531996090696125,-8.55880458333333,-24.60274325,4.69294333333333,29.2956865833333,FALSE,304,"LOO_sign_agreement",1,TRUE,,,-0.531996090696125,-0.196997717651705,,,,"Moderate effect, Narrower CI",163
"pathway_effect_sizes","Pathway","effect_size","PWY-5484: glycolysis II (from fructose 6-phosphate)","PWY-5484: glycolysis II (from fructose 6-phosphate)","Treatment vs Control on paired deltas (6m - baseline)",11,8,3,"Cohens_d",-1.71454071276351,-171.650125,-279.539826041667,-66.6607208333333,212.879105208333,TRUE,305,"LOO_sign_agreement",1,TRUE,,,-1.71454071276351,-1.49058703282279,,,,"Large effect, Wider CI",164
"pathway_effect_sizes","Pathway","effect_size","PWY-5030: L-histidine degradation III","PWY-5030: L-histidine degradation III","Treatment vs Control on paired deltas (6m - baseline)",11,8,3,"Cohens_d",-1.19239670421377,-92.9936904166667,-176.343347291667,-8.72155979166675,167.6217875,TRUE,306,"LOO_sign_agreement",1,TRUE,,,-1.19239670421377,-1.00920073576827,,,,"Large effect, Wider CI",165
"pathway_effect_sizes","Pathway","effect_size","PWY0-1479: tRNA processing","PWY0-1479: tRNA processing","Treatment vs Control on paired deltas (6m - baseline)",11,8,3,"Cohens_d",0.672820353331415,21.8172375,-16.4700471875,57.1120561458333,73.5821033333333,FALSE,307,"LOO_sign_agreement",1,TRUE,,,0.672820353331415,0.824259298525604,,,,"Moderate effect, Narrower CI",166
"pathway_effect_sizes","Pathway","effect_size","PWY-7197: pyrimidine deoxyribonucleotide phosphorylation","PWY-7197: pyrimidine deoxyribonucleotide phosphorylation","Treatment vs Control on paired deltas (6m - baseline)",11,8,3,"Cohens_d",-0.626903273524651,-19.8511625,-48.57030375,10.9758671875,59.5461709375,FALSE,308,"LOO_sign_agreement",1,TRUE,,,-0.626903273524651,-0.430517821174012,,,,"Moderate effect, Narrower CI",167
"pathway_effect_sizes","Pathway","effect_size","PWY-7184: pyrimidine deoxyribonucleotides de novo biosynthesis I","PWY-7184: pyrimidine deoxyribonucleotides de novo biosynthesis I","Treatment vs Control on paired deltas (6m - baseline)",11,8,3,"Cohens_d",-0.597440110086013,-14.0977875,-37.43444175,9.14328696875,46.57772871875,FALSE,309,"LOO_sign_agreement",1,TRUE,,,-0.597440110086013,-0.632967259877212,,,,"Moderate effect, Narrower CI",168
"pathway_effect_sizes","Pathway","effect_size","PWY-7220: adenosine deoxyribonucleotides de novo biosynthesis II","PWY-7220: adenosine deoxyribonucleotides de novo biosynthesis II","Treatment vs Control on paired deltas (6m - baseline)",11,8,3,"Cohens_d",-0.642372903165194,-22.4266916666667,-53.7748784375,10.5193470833333,64.2942255208333,FALSE,310,"LOO_sign_agreement",1,TRUE,,,-0.642372903165194,-0.446808381120656,,,,"Moderate effect, Narrower CI",169
"pathway_effect_sizes","Pathway","effect_size","GLYCOCAT-PWY: glycogen degradation I","GLYCOCAT-PWY: glycogen degradation I","Treatment vs Control on paired deltas (6m - baseline)",11,8,3,"Cohens_d",-1.52071966789515,-144.508125,-255.7958865625,-47.2289323958334,208.566954166667,TRUE,311,"LOO_sign_agreement",1,TRUE,,,-1.52071966789515,-1.17624700891242,,,,"Large effect, Wider CI",170
"pathway_effect_sizes","Pathway","effect_size","PWY0-301: L-ascorbate degradation I (bacterial, anaerobic)","PWY0-301: L-ascorbate degradation I (bacterial, anaerobic)","Treatment vs Control on paired deltas (6m - baseline)",11,8,3,"Cohens_d",-0.170293323199322,-0.574515416666667,-3.58549934375,2.54204426041667,6.12754360416667,FALSE,311,"LOO_sign_agreement",0.846153846153846,TRUE,,,-0.170293323199322,-0.216773449035296,,,,"Small effect, Narrower CI",171
"pathway_effect_sizes","Pathway","effect_size","PWY-7222: guanosine deoxyribonucleotides de novo biosynthesis II","PWY-7222: guanosine deoxyribonucleotides de novo biosynthesis II","Treatment vs Control on paired deltas (6m - baseline)",11,8,3,"Cohens_d",-0.642372903165194,-22.4266916666667,-53.73484875,12.243784375,65.978633125,FALSE,312,"LOO_sign_agreement",1,TRUE,,,-0.642372903165194,-0.446808381120656,,,,"Moderate effect, Narrower CI",172
"pathway_effect_sizes","Pathway","effect_size","HOMOSER-METSYN-PWY: L-methionine biosynthesis I","HOMOSER-METSYN-PWY: L-methionine biosynthesis I","Treatment vs Control on paired deltas (6m - baseline)",11,8,3,"Cohens_d",-0.312814823670817,-2.00819591666667,-8.12474556041666,4.00654640625,12.1312919666667,FALSE,313,"LOO_sign_agreement",0.923076923076923,TRUE,,,-0.312814823670817,-0.630090029536018,,,,"Small effect, Narrower CI",173
"pathway_effect_sizes","Pathway","effect_size","PWY-6961: L-ascorbate degradation II (bacterial, aerobic)","PWY-6961: L-ascorbate degradation II (bacterial, aerobic)","Treatment vs Control on paired deltas (6m - baseline)",11,8,3,"Cohens_d",-0.182675646146388,-0.663265416666667,-3.99870463541667,2.77026282291666,6.76896745833333,FALSE,313,"LOO_sign_agreement",0.846153846153846,TRUE,,,-0.182675646146388,-0.286249566064659,,,,"Small effect, Narrower CI",174
"pathway_effect_sizes","Pathway","effect_size","PWY-7392: taxadiene biosynthesis (engineered)","PWY-7392: taxadiene biosynthesis (engineered)","Treatment vs Control on paired deltas (6m - baseline)",11,8,3,"Cohens_d",-0.934634673291704,-61.8804625,-129.845502395833,0.591553124999979,130.437055520833,FALSE,314,"LOO_sign_agreement",1,TRUE,,,-0.934634673291704,-0.264674790788179,,,,"Large effect, Wider CI",175
"pathway_effect_sizes","Pathway","effect_size","PWY-7282: 4-amino-2-methyl-5-diphosphomethylpyrimidine biosynthesis II","PWY-7282: 4-amino-2-methyl-5-diphosphomethylpyrimidine biosynthesis II","Treatment vs Control on paired deltas (6m - baseline)",11,8,3,"Cohens_d",-1.15877238576775,-99.2372291666667,-184.843340729167,-15.6418860416667,169.2014546875,TRUE,316,"LOO_sign_agreement",1,TRUE,,,-1.15877238576775,-1.02874020538263,,,,"Large effect, Wider CI",176
"pathway_effect_sizes","Pathway","effect_size","PWY-4984: urea cycle","PWY-4984: urea cycle","Treatment vs Control on paired deltas (6m - baseline)",11,8,3,"Cohens_d",-0.944929269627011,-56.22099125,-125.309738833333,7.85102961458326,133.160768447917,FALSE,316,"LOO_sign_agreement",1,TRUE,,,-0.944929269627011,-0.765066014904308,,,,"Large effect, Wider CI",177
"pathway_effect_sizes","Pathway","effect_size","PWY-6545: pyrimidine deoxyribonucleotides de novo biosynthesis III","PWY-6545: pyrimidine deoxyribonucleotides de novo biosynthesis III","Treatment vs Control on paired deltas (6m - baseline)",11,8,3,"Cohens_d",-0.587041308565663,-13.9658716666667,-38.2976807291667,9.14327551041664,47.4409562395833,FALSE,318,"LOO_sign_agreement",1,TRUE,,,-0.587041308565663,-0.630164871566547,,,,"Moderate effect, Narrower CI",178
"pathway_effect_sizes","Pathway","effect_size","P621-PWY: nylon-6 oligomer degradation","P621-PWY: nylon-6 oligomer degradation","Treatment vs Control on paired deltas (6m - baseline)",11,8,3,"Cohens_d",-0.425610387456135,-4.00031625,-17.1201875,6.08489340625,23.20508090625,FALSE,319,"LOO_sign_agreement",1,TRUE,,,-0.425610387456135,-0.126844706624669,,,,"Small effect, Narrower CI",179
"pathway_effect_sizes","Pathway","effect_size","PWY-7013: (S)-propane-1,2-diol degradation","PWY-7013: (S)-propane-1,2-diol degradation","Treatment vs Control on paired deltas (6m - baseline)",11,8,3,"Cohens_d",0.590451099342862,16.587625,-9.93723606249999,43.8378155625,53.775051625,FALSE,321,"LOO_sign_agreement",1,TRUE,,,0.590451099342862,0.335160085016821,,,,"Moderate effect, Narrower CI",180
"pathway_effect_sizes","Pathway","effect_size","PWY-6807: xyloglucan degradation II (exoglucanase)","PWY-6807: xyloglucan degradation II (exoglucanase)","Treatment vs Control on paired deltas (6m - baseline)",11,8,3,"Cohens_d",0.150716408159663,0.527319583333335,-2.94209938541667,4.02364083333334,6.96574021875,FALSE,322,"LOO_sign_agreement",0.923076923076923,FALSE,,,0.150716408159663,-0.0753659658220846,,,,"Small effect, Narrower CI",181
"pathway_effect_sizes","Pathway","effect_size","PWY-7234: inosine-5'-phosphate biosynthesis III","PWY-7234: inosine-5'-phosphate biosynthesis III","Treatment vs Control on paired deltas (6m - baseline)",11,8,3,"Cohens_d",-1.74595187872689,-213.8833625,-332.5866821875,-93.9074646875001,238.6792175,TRUE,323,"LOO_sign_agreement",1,TRUE,,,-1.74595187872689,-1.58636571415257,,,,"Large effect, Wider CI",182
"pathway_effect_sizes","Pathway","effect_size","PWY-6629: superpathway of L-tryptophan biosynthesis","PWY-6629: superpathway of L-tryptophan biosynthesis","Treatment vs Control on paired deltas (6m - baseline)",11,8,3,"Cohens_d",1.40339032226901,152.63625,46.8310375000001,259.021853125,212.190815625,TRUE,325,"LOO_sign_agreement",1,TRUE,,,1.40339032226901,1.23818187974188,,,,"Large effect, Wider CI",183
"pathway_effect_sizes","Pathway","effect_size","PWY-6612: superpathway of tetrahydrofolate biosynthesis","PWY-6612: superpathway of tetrahydrofolate biosynthesis","Treatment vs Control on paired deltas (6m - baseline)",11,8,3,"Cohens_d",-0.471771215015012,-7.10365541666667,-23.7415972916667,11.22178909375,34.9633863854166,FALSE,326,"LOO_sign_agreement",1,TRUE,,,-0.471771215015012,-0.311683885327062,,,,"Small effect, Narrower CI",184
"pathway_effect_sizes","Pathway","effect_size","PWY-6609: adenine and adenosine salvage III","PWY-6609: adenine and adenosine salvage III","Treatment vs Control on paired deltas (6m - baseline)",11,8,3,"Cohens_d",1.44993719896865,152.967416666667,49.6906041666667,265.192040625,215.501436458333,TRUE,327,"LOO_sign_agreement",1,TRUE,,,1.44993719896865,1.57138321378425,,,,"Large effect, Wider CI",185
"pathway_effect_sizes","Pathway","effect_size","PWY-5723: Rubisco shunt","PWY-5723: Rubisco shunt","Treatment vs Control on paired deltas (6m - baseline)",11,8,3,"Cohens_d",0.266897574984264,1.84683166666667,-4.36868333333333,8.77200358333331,13.1406869166666,FALSE,327,"LOO_sign_agreement",0.923076923076923,TRUE,,,0.266897574984264,0.171690101745698,,,,"Small effect, Narrower CI",186
"pathway_effect_sizes","Pathway","effect_size","PWY-1042: glycolysis IV","PWY-1042: glycolysis IV","Treatment vs Control on paired deltas (6m - baseline)",11,8,3,"Cohens_d",2.36946609859326,304.329875,153.959761458333,460.677657291667,306.717895833333,TRUE,329,"LOO_sign_agreement",1,TRUE,,,2.36946609859326,2.41992011597638,,,,"Large effect, Wider CI",187
"pathway_effect_sizes","Pathway","effect_size","TRNA-CHARGING-PWY: tRNA charging","TRNA-CHARGING-PWY: tRNA charging","Treatment vs Control on paired deltas (6m - baseline)",11,8,3,"Cohens_d",1.04709871548379,89.4212916666667,10.2305239583333,182.554121875,172.323597916667,TRUE,329,"LOO_sign_agreement",1,TRUE,,,1.04709871548379,1.03648077584865,,,,"Large effect, Wider CI",188
"pathway_effect_sizes","Pathway","effect_size","PWY-6803: phosphatidylcholine acyl editing","PWY-6803: phosphatidylcholine acyl editing","Treatment vs Control on paired deltas (6m - baseline)",11,8,3,"Cohens_d",0.0849868361656487,0.2757975,-2.332423625,3.72953375,6.061957375,FALSE,329,"LOO_sign_agreement",0.846153846153846,FALSE,,,0.0849868361656487,-0.463770329141068,,,,"Small effect, Narrower CI",189
"pathway_effect_sizes","Pathway","effect_size","PWY-5845: superpathway of menaquinol-9 biosynthesis","PWY-5845: superpathway of menaquinol-9 biosynthesis","Treatment vs Control on paired deltas (6m - baseline)",11,8,3,"Cohens_d",0.300357452723499,2.21793208333333,-5.34729875,11.2199583333333,16.5672570833333,FALSE,330,"LOO_sign_agreement",1,TRUE,,,0.300357452723499,0.212118123384644,,,,"Small effect, Narrower CI",190
"pathway_effect_sizes","Pathway","effect_size","PWY-5656: mannosylglycerate biosynthesis I","PWY-5656: mannosylglycerate biosynthesis I","Treatment vs Control on paired deltas (6m - baseline)",11,8,3,"Cohens_d",-0.0335730392003127,-0.06246675,-1.57042535625,2.03069196875,3.601117325,FALSE,330,"LOO_sign_agreement",0.769230769230769,TRUE,,,-0.0335730392003127,-0.416198774222096,,,,"Small effect, Narrower CI",191
"pathway_effect_sizes","Pathway","effect_size","RIBOSYN2-PWY: flavin biosynthesis I (bacteria and plants)","RIBOSYN2-PWY: flavin biosynthesis I (bacteria and plants)","Treatment vs Control on paired deltas (6m - baseline)",11,8,3,"Cohens_d",1.16608483084762,95.322625,9.00446249999999,197.851625,188.8471625,TRUE,331,"LOO_sign_agreement",1,TRUE,,,1.16608483084762,1.06311117890698,,,,"Large effect, Wider CI",192
"pathway_effect_sizes","Pathway","effect_size","CITRULBIO-PWY: L-citrulline biosynthesis","CITRULBIO-PWY: L-citrulline biosynthesis","Treatment vs Control on paired deltas (6m - baseline)",11,8,3,"Cohens_d",-0.944880253245702,-67.1620416666667,-145.125503333333,11.747793,156.873296333333,FALSE,332,"LOO_sign_agreement",1,TRUE,,,-0.944880253245702,-0.949772665937257,,,,"Large effect, Wider CI",193
"pathway_effect_sizes","Pathway","effect_size","PWY-561: superpathway of glyoxylate cycle and fatty acid degradation","PWY-561: superpathway of glyoxylate cycle and fatty acid degradation","Treatment vs Control on paired deltas (6m - baseline)",11,8,3,"Cohens_d",-0.292580218205146,-2.7896,-11.7346125,4.58574,16.3203525,FALSE,332,"LOO_sign_agreement",0.923076923076923,TRUE,,,-0.292580218205146,-0.532351163280891,,,,"Small effect, Narrower CI",194
"pathway_effect_sizes","Pathway","effect_size","PWY-7385: 1,3-propanediol biosynthesis (engineered)","PWY-7385: 1,3-propanediol biosynthesis (engineered)","Treatment vs Control on paired deltas (6m - baseline)",11,8,3,"Cohens_d",0.230396469917632,1.60965141666667,-3.05584461458333,9.0243205,12.0801651145833,FALSE,332,"LOO_sign_agreement",0.923076923076923,FALSE,,,0.230396469917632,-0.230379114626275,,,,"Small effect, Narrower CI",195
"pathway_effect_sizes","Pathway","effect_size","GLYCOLYSIS-E-D: superpathway of glycolysis and the Entner-Doudoroff pathway","GLYCOLYSIS-E-D: superpathway of glycolysis and the Entner-Doudoroff pathway","Treatment vs Control on paired deltas (6m - baseline)",11,8,3,"Cohens_d",-0.816026629367765,-49.4799083333333,-111.4102571875,14.3659986458332,125.776255833333,FALSE,333,"LOO_sign_agreement",1,TRUE,,,-0.816026629367765,-0.619935057420649,,,,"Large effect, Wider CI",196
"pathway_effect_sizes","Pathway","effect_size","METSYN-PWY: superpathway of L-homoserine and L-methionine biosynthesis","METSYN-PWY: superpathway of L-homoserine and L-methionine biosynthesis","Treatment vs Control on paired deltas (6m - baseline)",11,8,3,"Cohens_d",-0.314236683690503,-3.46674208333333,-13.2515466354167,6.63550792708333,19.8870545625,FALSE,333,"LOO_sign_agreement",0.923076923076923,TRUE,,,-0.314236683690503,-0.712689302470406,,,,"Small effect, Narrower CI",197
"pathway_effect_sizes","Pathway","effect_size","ARG+POLYAMINE-SYN: superpathway of arginine and polyamine biosynthesis","ARG+POLYAMINE-SYN: superpathway of arginine and polyamine biosynthesis","Treatment vs Control on paired deltas (6m - baseline)",11,8,3,"Cohens_d",-0.563514160251466,-16.5057420833333,-46.441224375,14.9566041666667,61.3978285416667,FALSE,334,"LOO_sign_agreement",1,TRUE,,,-0.563514160251466,-0.515093915099089,,,,"Moderate effect, Narrower CI",198
"pathway_effect_sizes","Pathway","effect_size","PWY-801: homocysteine and cysteine interconversion","PWY-801: homocysteine and cysteine interconversion","Treatment vs Control on paired deltas (6m - baseline)",11,8,3,"Cohens_d",0.495102953742861,13.2737683333333,-4.2947818125,41.6146664166666,45.9094482291666,FALSE,334,"LOO_sign_agreement",1,TRUE,,,0.495102953742861,0.10410811151717,,,,"Small effect, Narrower CI",199
"pathway_effect_sizes","Pathway","effect_size","PWY-5100: pyruvate fermentation to acetate and lactate II","PWY-5100: pyruvate fermentation to acetate and lactate II","Treatment vs Control on paired deltas (6m - baseline)",11,8,3,"Cohens_d",1.67694249170784,217.07975,98.26295,344.607759375,246.344809375,TRUE,335,"LOO_sign_agreement",1,TRUE,,,1.67694249170784,1.50530079483258,,,,"Large effect, Wider CI",200
"pathway_effect_sizes","Pathway","effect_size","PWY-7312: dTDP-&beta;-D-fucofuranose biosynthesis","PWY-7312: dTDP-&beta;-D-fucofuranose biosynthesis","Treatment vs Control on paired deltas (6m - baseline)",11,8,3,"Cohens_d",-0.344398644736765,-3.88568958333333,-15.2132168541667,7.77126454166666,22.9844813958333,FALSE,335,"LOO_sign_agreement",1,TRUE,,,-0.344398644736765,-0.685362815944497,,,,"Small effect, Narrower CI",201
"pathway_effect_sizes","Pathway","effect_size","HISDEG-PWY: L-histidine degradation I","HISDEG-PWY: L-histidine degradation I","Treatment vs Control on paired deltas (6m - baseline)",11,8,3,"Cohens_d",-1.22618219810791,-124.726335416667,-229.574440729167,-22.24745171875,207.326989010417,TRUE,336,"LOO_sign_agreement",1,TRUE,,,-1.22618219810791,-1.02145161977673,,,,"Large effect, Wider CI",202
"pathway_effect_sizes","Pathway","effect_size","NONOXIPENT-PWY: pentose phosphate pathway (non-oxidative branch) I","NONOXIPENT-PWY: pentose phosphate pathway (non-oxidative branch) I","Treatment vs Control on paired deltas (6m - baseline)",11,8,3,"Cohens_d",1.81443818109616,255.298333333333,114.250879166667,390.866834375,276.615955208333,TRUE,337,"LOO_sign_agreement",1,TRUE,,,1.81443818109616,1.52214402997316,,,,"Large effect, Wider CI",203
"pathway_effect_sizes","Pathway","effect_size","P41-PWY: pyruvate fermentation to acetate and (S)-lactate I","P41-PWY: pyruvate fermentation to acetate and (S)-lactate I","Treatment vs Control on paired deltas (6m - baseline)",11,8,3,"Cohens_d",1.67694249170784,217.07975,95.664803125,343.907490625,248.2426875,TRUE,337,"LOO_sign_agreement",1,TRUE,,,1.67694249170784,1.50530079483258,,,,"Large effect, Wider CI",204
"pathway_effect_sizes","Pathway","effect_size","PWY-6892: thiazole component of thiamine diphosphate biosynthesis I","PWY-6892: thiazole component of thiamine diphosphate biosynthesis I","Treatment vs Control on paired deltas (6m - baseline)",11,8,3,"Cohens_d",1.08795864567018,100.542645833333,6.11218718750005,194.563157291667,188.450970104167,TRUE,337,"LOO_sign_agreement",1,TRUE,,,1.08795864567018,0.354613173249372,,,,"Large effect, Wider CI",205
"pathway_effect_sizes","Pathway","effect_size","FAO-PWY: fatty acid &beta;-oxidation I (generic)","FAO-PWY: fatty acid &beta;-oxidation I (generic)","Treatment vs Control on paired deltas (6m - baseline)",11,8,3,"Cohens_d",-0.14887486325045,-0.89042375,-5.88769125,4.5383525,10.42604375,FALSE,337,"LOO_sign_agreement",0.846153846153846,TRUE,,,-0.14887486325045,-0.509840489674279,,,,"Small effect, Narrower CI",206
"pathway_effect_sizes","Pathway","effect_size","PWY-724: superpathway of L-lysine, L-threonine and L-methionine biosynthesis II","PWY-724: superpathway of L-lysine, L-threonine and L-methionine biosynthesis II","Treatment vs Control on paired deltas (6m - baseline)",11,8,3,"Cohens_d",0.607003826512153,24.8711666666667,-16.9745812499999,67.4167083333334,84.3912895833333,FALSE,340,"LOO_sign_agreement",1,TRUE,,,0.607003826512153,0.653992455971261,,,,"Moderate effect, Narrower CI",207
"pathway_effect_sizes","Pathway","effect_size","P125-PWY: superpathway of (R,R)-butanediol biosynthesis","P125-PWY: superpathway of (R,R)-butanediol biosynthesis","Treatment vs Control on paired deltas (6m - baseline)",11,8,3,"Cohens_d",0.25174020876692,2.34309458333333,-4.25343395833333,11.6167339062499,15.8701678645833,FALSE,340,"LOO_sign_agreement",0.923076923076923,TRUE,,,0.25174020876692,0.214729641658631,,,,"Small effect, Narrower CI",208
"pathway_effect_sizes","Pathway","effect_size","PWY-5913: partial TCA cycle (obligate autotrophs)","PWY-5913: partial TCA cycle (obligate autotrophs)","Treatment vs Control on paired deltas (6m - baseline)",11,8,3,"Cohens_d",-0.602465532022451,-25.0153833333333,-62.2252177083333,17.3259035416666,79.55112125,FALSE,341,"LOO_sign_agreement",1,TRUE,,,-0.602465532022451,-0.447219329700416,,,,"Moderate effect, Narrower CI",209
"pathway_effect_sizes","Pathway","effect_size","PWY-822: fructan biosynthesis","PWY-822: fructan biosynthesis","Treatment vs Control on paired deltas (6m - baseline)",11,8,3,"Cohens_d",-0.034161560717959,-0.100695416666667,-2.7706736875,2.88933208333333,5.66000577083333,FALSE,341,"LOO_sign_agreement",0.538461538461538,TRUE,,,-0.034161560717959,-0.338843920738346,,,,"Small effect, Narrower CI",210
"pathway_effect_sizes","Pathway","effect_size","PWY66-430: myristate biosynthesis (mitochondria)","PWY66-430: myristate biosynthesis (mitochondria)","Treatment vs Control on paired deltas (6m - baseline)",11,8,3,"Cohens_d",-0.739730084870166,-48.0713916666667,-122.789058333333,-1.99765,120.791408333333,TRUE,342,"LOO_sign_agreement",1,TRUE,,,-0.739730084870166,-1.22736399275814,,,,"Moderate effect, Wider CI",211
"pathway_effect_sizes","Pathway","effect_size","PWY-7388: octanoyl-[acyl-carrier protein] biosynthesis (mitochondria, yeast)","PWY-7388: octanoyl-[acyl-carrier protein] biosynthesis (mitochondria, yeast)","Treatment vs Control on paired deltas (6m - baseline)",11,8,3,"Cohens_d",-0.736884576402295,-48.1226375,-121.86075,-2.5581,119.30265,TRUE,342,"LOO_sign_agreement",1,TRUE,,,-0.736884576402295,-1.2269922014365,,,,"Moderate effect, Wider CI",212
"pathway_effect_sizes","Pathway","effect_size","PWY0-162: superpathway of pyrimidine ribonucleotides de novo biosynthesis","PWY0-162: superpathway of pyrimidine ribonucleotides de novo biosynthesis","Treatment vs Control on paired deltas (6m - baseline)",11,8,3,"Cohens_d",-0.71251840675578,-45.9684958333333,-103.618638645833,14.194473125,117.813111770833,FALSE,342,"LOO_sign_agreement",1,TRUE,,,-0.71251840675578,-0.540450317655374,,,,"Moderate effect, Wider CI",213
"pathway_effect_sizes","Pathway","effect_size","POLYISOPRENSYN-PWY: polyisoprenoid biosynthesis (E. coli)","POLYISOPRENSYN-PWY: polyisoprenoid biosynthesis (E. coli)","Treatment vs Control on paired deltas (6m - baseline)",11,8,3,"Cohens_d",-0.688120528381585,-38.7130591666667,-95.9358970833333,21.3157220625,117.251619145833,FALSE,342,"LOO_sign_agreement",1,TRUE,,,-0.688120528381585,-0.641131212703728,,,,"Moderate effect, Wider CI",214
"pathway_effect_sizes","Pathway","effect_size","PWY-5188: tetrapyrrole biosynthesis I (from glutamate)","PWY-5188: tetrapyrrole biosynthesis I (from glutamate)","Treatment vs Control on paired deltas (6m - baseline)",11,8,3,"Cohens_d",1.08593618460364,115.2108125,22.8886284375,214.1584534375,191.269825,TRUE,343,"LOO_sign_agreement",1,TRUE,,,1.08593618460364,0.742793401733369,,,,"Large effect, Wider CI",215
"pathway_effect_sizes","Pathway","effect_size","PWY-5897: superpathway of menaquinol-11 biosynthesis","PWY-5897: superpathway of menaquinol-11 biosynthesis","Treatment vs Control on paired deltas (6m - baseline)",11,8,3,"Cohens_d",0.308283277119212,3.5347975,-6.63966729166666,15.9075626041667,22.5472298958333,FALSE,343,"LOO_sign_agreement",0.923076923076923,FALSE,,,0.308283277119212,-0.0807865396111112,,,,"Small effect, Narrower CI",216
"pathway_effect_sizes","Pathway","effect_size","GLYCOLYSIS: glycolysis I (from glucose 6-phosphate)","GLYCOLYSIS: glycolysis I (from glucose 6-phosphate)","Treatment vs Control on paired deltas (6m - baseline)",11,8,3,"Cohens_d",-1.1946959837179,-130.399041666667,-234.835166666667,-25.5796145833334,209.255552083333,TRUE,344,"LOO_sign_agreement",1,TRUE,,,-1.1946959837179,-0.898427498862388,,,,"Large effect, Wider CI",217
"pathway_effect_sizes","Pathway","effect_size","PWY-5898: superpathway of menaquinol-12 biosynthesis","PWY-5898: superpathway of menaquinol-12 biosynthesis","Treatment vs Control on paired deltas (6m - baseline)",11,8,3,"Cohens_d",0.308283277119212,3.5347975,-6.72188583333333,15.8592234375,22.5811092708333,FALSE,344,"LOO_sign_agreement",0.923076923076923,FALSE,,,0.308283277119212,-0.0807865396111112,,,,"Small effect, Narrower CI",218
"pathway_effect_sizes","Pathway","effect_size","GLUCARGALACTSUPER-PWY: superpathway of D-glucarate and D-galactarate degradation","GLUCARGALACTSUPER-PWY: superpathway of D-glucarate and D-galactarate degradation","Treatment vs Control on paired deltas (6m - baseline)",11,8,3,"Cohens_d",-0.0969570073612431,-0.443879041666667,-5.584646496875,4.89156474583332,10.4762112427083,FALSE,344,"LOO_sign_agreement",0.923076923076923,FALSE,,,-0.0969570073612431,0.18552525705386,,,,"Small effect, Narrower CI",219
"pathway_effect_sizes","Pathway","effect_size","PWY-5941: glycogen degradation II","PWY-5941: glycogen degradation II","Treatment vs Control on paired deltas (6m - baseline)",11,8,3,"Cohens_d",2.04357593783077,364.264291666667,178.433355208333,554.170603125,375.737247916666,TRUE,345,"LOO_sign_agreement",1,TRUE,,,2.04357593783077,2.02478959744072,,,,"Large effect, Wider CI",220
"pathway_effect_sizes","Pathway","effect_size","PWY-8178: pentose phosphate pathway (non-oxidative branch) II","PWY-8178: pentose phosphate pathway (non-oxidative branch) II","Treatment vs Control on paired deltas (6m - baseline)",11,8,3,"Cohens_d",1.92638813761163,287.548625,124.272765625,436.180234375,311.90746875,TRUE,345,"LOO_sign_agreement",1,TRUE,,,1.92638813761163,1.65098296515269,,,,"Large effect, Wider CI",221
"pathway_effect_sizes","Pathway","effect_size","MET-SAM-PWY: superpathway of S-adenosyl-L-methionine biosynthesis","MET-SAM-PWY: superpathway of S-adenosyl-L-methionine biosynthesis","Treatment vs Control on paired deltas (6m - baseline)",11,8,3,"Cohens_d",-0.317755056662459,-3.96727875,-15.43612984375,9.12171599999999,24.55784584375,FALSE,345,"LOO_sign_agreement",0.923076923076923,TRUE,,,-0.317755056662459,-0.732773405001437,,,,"Small effect, Narrower CI",222
"pathway_effect_sizes","Pathway","effect_size","PWY-5899: superpathway of menaquinol-13 biosynthesis","PWY-5899: superpathway of menaquinol-13 biosynthesis","Treatment vs Control on paired deltas (6m - baseline)",11,8,3,"Cohens_d",0.308283277119212,3.5347975,-6.49067392708333,16.4402657604167,22.9309396875,FALSE,345,"LOO_sign_agreement",0.923076923076923,FALSE,,,0.308283277119212,-0.0807865396111112,,,,"Small effect, Narrower CI",223
"pathway_effect_sizes","Pathway","effect_size","GALACTARDEG-PWY: D-galactarate degradation I","GALACTARDEG-PWY: D-galactarate degradation I","Treatment vs Control on paired deltas (6m - baseline)",11,8,3,"Cohens_d",-0.0969570073612431,-0.443879041666667,-5.69365222916667,4.85430892708333,10.54796115625,FALSE,345,"LOO_sign_agreement",0.923076923076923,FALSE,,,-0.0969570073612431,0.18552525705386,,,,"Small effect, Narrower CI",224
"pathway_effect_sizes","Pathway","effect_size","P461-PWY: hexitol fermentation to lactate, formate, ethanol and acetate","P461-PWY: hexitol fermentation to lactate, formate, ethanol and acetate","Treatment vs Control on paired deltas (6m - baseline)",11,8,3,"Cohens_d",0.404872147620543,7.48870291666667,-10.86926775,25.3717628333333,36.2410305833333,FALSE,346,"LOO_sign_agreement",1,TRUE,,,0.404872147620543,0.465898809635153,,,,"Small effect, Narrower CI",225
"pathway_effect_sizes","Pathway","effect_size","PWY-6527: stachyose degradation","PWY-6527: stachyose degradation","Treatment vs Control on paired deltas (6m - baseline)",11,8,3,"Cohens_d",1.49425390787763,161.085125,41.7354145833334,288.024358333333,246.28894375,TRUE,347,"LOO_sign_agreement",1,TRUE,,,1.49425390787763,1.27393478180441,,,,"Large effect, Wider CI",226
"pathway_effect_sizes","Pathway","effect_size","PWY-7953: UDP-N-acetylmuramoyl-pentapeptide biosynthesis III (meso-diaminopimelate containing)","PWY-7953: UDP-N-acetylmuramoyl-pentapeptide biosynthesis III (meso-diaminopimelate containing)","Treatment vs Control on paired deltas (6m - baseline)",11,8,3,"Cohens_d",0.932948485850867,70.5195,-18.8638312499999,148.719034375,167.582865625,FALSE,347,"LOO_sign_agreement",1,TRUE,,,0.932948485850867,0.956708499264631,,,,"Large effect, Wider CI",227
"pathway_effect_sizes","Pathway","effect_size","PWY-5347: superpathway of L-methionine biosynthesis (transsulfuration)","PWY-5347: superpathway of L-methionine biosynthesis (transsulfuration)","Treatment vs Control on paired deltas (6m - baseline)",11,8,3,"Cohens_d",-0.31204982284469,-3.8753825,-14.97638725,8.57731875,23.553706,FALSE,347,"LOO_sign_agreement",0.923076923076923,TRUE,,,-0.31204982284469,-0.732291541587147,,,,"Small effect, Narrower CI",228
"pathway_effect_sizes","Pathway","effect_size","CALVIN-PWY: Calvin-Benson-Bassham cycle","CALVIN-PWY: Calvin-Benson-Bassham cycle","Treatment vs Control on paired deltas (6m - baseline)",11,8,3,"Cohens_d",1.78900607894274,257.16775,101.395084375,406.071890625,304.67680625,TRUE,348,"LOO_sign_agreement",1,TRUE,,,1.78900607894274,1.71500010791398,,,,"Large effect, Wider CI",229
"pathway_effect_sizes","Pathway","effect_size","COBALSYN-PWY: superpathway of adenosylcobalamin salvage from cobinamide I","COBALSYN-PWY: superpathway of adenosylcobalamin salvage from cobinamide I","Treatment vs Control on paired deltas (6m - baseline)",11,8,3,"Cohens_d",1.1044424642232,100.379333333333,0.764916666666647,201.002252083333,200.237335416667,TRUE,348,"LOO_sign_agreement",1,TRUE,,,1.1044424642232,1.03292430620562,,,,"Large effect, Wider CI",230
"pathway_effect_sizes","Pathway","effect_size","PWY-4041: &gamma;-glutamyl cycle","PWY-4041: &gamma;-glutamyl cycle","Treatment vs Control on paired deltas (6m - baseline)",11,8,3,"Cohens_d",-0.673510732408946,-36.2552166666667,-96.0869380208333,20.7282857291667,116.81522375,FALSE,348,"LOO_sign_agreement",1,TRUE,,,-0.673510732408946,-0.405088370450973,,,,"Moderate effect, Wider CI",231
"pathway_effect_sizes","Pathway","effect_size","KETOGLUCONMET-PWY: ketogluconate metabolism","KETOGLUCONMET-PWY: ketogluconate metabolism","Treatment vs Control on paired deltas (6m - baseline)",11,8,3,"Cohens_d",-0.152125721177275,-0.932600416666667,-7.73036500833333,4.48137854791666,12.21174355625,FALSE,348,"LOO_sign_agreement",0.923076923076923,TRUE,,,-0.152125721177275,-0.0607643489576283,,,,"Small effect, Narrower CI",232
"pathway_effect_sizes","Pathway","effect_size","ANAGLYCOLYSIS-PWY: glycolysis III (from glucose)","ANAGLYCOLYSIS-PWY: glycolysis III (from glucose)","Treatment vs Control on paired deltas (6m - baseline)",11,8,3,"Cohens_d",1.5069322110456,184.509333333333,60.088365625,320.91735625,260.828990625,TRUE,351,"LOO_sign_agreement",1,TRUE,,,1.5069322110456,1.56412200347599,,,,"Large effect, Wider CI",233
"pathway_effect_sizes","Pathway","effect_size","GLYCOGENSYNTH-PWY: glycogen biosynthesis I (from ADP-D-Glucose)","GLYCOGENSYNTH-PWY: glycogen biosynthesis I (from ADP-D-Glucose)","Treatment vs Control on paired deltas (6m - baseline)",11,8,3,"Cohens_d",2.10830149398145,420.6395,205.720958333333,645.5827375,439.861779166666,TRUE,352,"LOO_sign_agreement",1,TRUE,,,2.10830149398145,2.22265056938067,,,,"Large effect, Wider CI",234
"pathway_effect_sizes","Pathway","effect_size","PWY-5840: superpathway of menaquinol-7 biosynthesis","PWY-5840: superpathway of menaquinol-7 biosynthesis","Treatment vs Control on paired deltas (6m - baseline)",11,8,3,"Cohens_d",-0.164927212348232,-1.12264083333333,-8.5396031875,6.80432633333332,15.3439295208333,FALSE,352,"LOO_sign_agreement",0.923076923076923,TRUE,,,-0.164927212348232,-0.224510356884479,,,,"Small effect, Narrower CI",235
"pathway_effect_sizes","Pathway","effect_size","FOLSYN-PWY: superpathway of tetrahydrofolate biosynthesis and salvage","FOLSYN-PWY: superpathway of tetrahydrofolate biosynthesis and salvage","Treatment vs Control on paired deltas (6m - baseline)",11,8,3,"Cohens_d",-0.452283317338071,-9.91280208333333,-33.4537932916667,17.72419875,51.1779920416667,FALSE,353,"LOO_sign_agreement",1,TRUE,,,-0.452283317338071,-0.310220198700695,,,,"Small effect, Narrower CI",236
"pathway_effect_sizes","Pathway","effect_size","PWY-7198: pyrimidine deoxyribonucleotides de novo biosynthesis IV","PWY-7198: pyrimidine deoxyribonucleotides de novo biosynthesis IV","Treatment vs Control on paired deltas (6m - baseline)",11,8,3,"Cohens_d",-0.485587385227019,-16.3898416666667,-48.008479375,14.8254863541666,62.8339657291666,FALSE,354,"LOO_sign_agreement",1,FALSE,,,-0.485587385227019,0.031959212509476,,,,"Small effect, Narrower CI",237
"pathway_effect_sizes","Pathway","effect_size","PWY-6125: superpathway of guanosine nucleotides de novo biosynthesis II","PWY-6125: superpathway of guanosine nucleotides de novo biosynthesis II","Treatment vs Control on paired deltas (6m - baseline)",11,8,3,"Cohens_d",-0.591769820367128,-28.3636416666667,-72.6133709375,18.0834364583333,90.6968073958333,FALSE,356,"LOO_sign_agreement",1,TRUE,,,-0.591769820367128,-0.39289061586183,,,,"Moderate effect, Narrower CI",238
"pathway_effect_sizes","Pathway","effect_size","PWY-7185: UTP and CTP dephosphorylation I","PWY-7185: UTP and CTP dephosphorylation I","Treatment vs Control on paired deltas (6m - baseline)",11,8,3,"Cohens_d",-0.428572737225262,-11.0573366666667,-36.0311887604167,13.7282361041667,49.7594248645833,FALSE,357,"LOO_sign_agreement",1,TRUE,,,-0.428572737225262,-0.620812185728371,,,,"Small effect, Narrower CI",239
"pathway_effect_sizes","Pathway","effect_size","PWY-5920: superpathway of heme b biosynthesis from glycine","PWY-5920: superpathway of heme b biosynthesis from glycine","Treatment vs Control on paired deltas (6m - baseline)",11,8,3,"Cohens_d",0.00131084289950635,0.00646125000000009,-4.47965625,4.16036875,8.640025,FALSE,357,"LOO_sign_agreement",0.846153846153846,FALSE,,,0.00131084289950635,-0.0586248833593515,,,,"Small effect, Narrower CI",240
"pathway_effect_sizes","Pathway","effect_size","PWY-6628: superpathway of L-phenylalanine biosynthesis","PWY-6628: superpathway of L-phenylalanine biosynthesis","Treatment vs Control on paired deltas (6m - baseline)",11,8,3,"Cohens_d",-1.27949500443898,-152.834208333333,-266.57691875,-30.6797687500001,235.89715,TRUE,358,"LOO_sign_agreement",1,TRUE,,,-1.27949500443898,-1.04839960650926,,,,"Large effect, Wider CI",241
"pathway_effect_sizes","Pathway","effect_size","PWY-6386: UDP-N-acetylmuramoyl-pentapeptide biosynthesis II (lysine-containing)","PWY-6386: UDP-N-acetylmuramoyl-pentapeptide biosynthesis II (lysine-containing)","Treatment vs Control on paired deltas (6m - baseline)",11,8,3,"Cohens_d",1.05919903794544,108.699125,6.10753333333333,212.086342708333,205.978809375,TRUE,358,"LOO_sign_agreement",1,TRUE,,,1.05919903794544,1.04848752930482,,,,"Large effect, Wider CI",242
"pathway_effect_sizes","Pathway","effect_size","PWY-6168: flavin biosynthesis III (fungi)","PWY-6168: flavin biosynthesis III (fungi)","Treatment vs Control on paired deltas (6m - baseline)",11,8,3,"Cohens_d",0.281532985091337,4.18326375,-6.7246125,19.9696803125,26.6942928125,FALSE,358,"LOO_sign_agreement",0.923076923076923,FALSE,,,0.281532985091337,-0.0356429541317118,,,,"Small effect, Narrower CI",243
"pathway_effect_sizes","Pathway","effect_size","PWY-6700: queuosine biosynthesis I (de novo)","PWY-6700: queuosine biosynthesis I (de novo)","Treatment vs Control on paired deltas (6m - baseline)",11,8,3,"Cohens_d",0.852087460810943,61.9237500000001,-17.7828302083333,148.292678125,166.075508333333,FALSE,359,"LOO_sign_agreement",1,TRUE,,,0.852087460810943,0.860300471311728,,,,"Large effect, Wider CI",244
"pathway_effect_sizes","Pathway","effect_size","PWY-6293: superpathway of L-cysteine biosynthesis (fungi)","PWY-6293: superpathway of L-cysteine biosynthesis (fungi)","Treatment vs Control on paired deltas (6m - baseline)",11,8,3,"Cohens_d",0.491890310926279,19.0009845833333,-7.4318163125,59.6183079895833,67.0501243020833,FALSE,359,"LOO_sign_agreement",1,TRUE,,,0.491890310926279,0.00799191221677048,,,,"Small effect, Narrower CI",245
"pathway_effect_sizes","Pathway","effect_size","PENTOSE-P-PWY: pentose phosphate pathway","PENTOSE-P-PWY: pentose phosphate pathway","Treatment vs Control on paired deltas (6m - baseline)",11,8,3,"Cohens_d",-1.28806295736599,-137.599408333333,-250.252541770833,-7.96389906250002,242.288642708333,TRUE,360,"LOO_sign_agreement",1,TRUE,,,-1.28806295736599,-1.02275671703968,,,,"Large effect, Wider CI",246
"pathway_effect_sizes","Pathway","effect_size","PWY-7942: 5-oxo-L-proline metabolism","PWY-7942: 5-oxo-L-proline metabolism","Treatment vs Control on paired deltas (6m - baseline)",11,8,3,"Cohens_d",-0.0249248400868433,-0.14009625,-5.32575,4.928555,10.254305,FALSE,360,"LOO_sign_agreement",0.846153846153846,TRUE,,,-0.0249248400868433,-0.157619774192683,,,,"Small effect, Narrower CI",247
"pathway_effect_sizes","Pathway","effect_size","PWY-7663: gondoate biosynthesis (anaerobic)","PWY-7663: gondoate biosynthesis (anaerobic)","Treatment vs Control on paired deltas (6m - baseline)",11,8,3,"Cohens_d",-1.45056758883981,-188.1979125,-320.4490959375,-44.1236918750001,276.3254040625,TRUE,361,"LOO_sign_agreement",1,TRUE,,,-1.45056758883981,-1.37355088353375,,,,"Large effect, Wider CI",248
"pathway_effect_sizes","Pathway","effect_size","COMPLETE-ARO-PWY: superpathway of aromatic amino acid biosynthesis","COMPLETE-ARO-PWY: superpathway of aromatic amino acid biosynthesis","Treatment vs Control on paired deltas (6m - baseline)",11,8,3,"Cohens_d",1.38058497544571,176.171458333333,49.6862583333334,310.308507291667,260.622248958333,TRUE,361,"LOO_sign_agreement",1,TRUE,,,1.38058497544571,1.39199230325615,,,,"Large effect, Wider CI",249
"pathway_effect_sizes","Pathway","effect_size","PWY0-1297: superpathway of purine deoxyribonucleosides degradation","PWY0-1297: superpathway of purine deoxyribonucleosides degradation","Treatment vs Control on paired deltas (6m - baseline)",11,8,3,"Cohens_d",0.749198473302118,58.0401854166667,-19.7583255729167,128.0813321875,147.839657760417,FALSE,361,"LOO_sign_agreement",1,TRUE,,,0.749198473302118,0.933624403942522,,,,"Moderate effect, Wider CI",250
"pathway_effect_sizes","Pathway","effect_size","PWY-7228: superpathway of guanosine nucleotides de novo biosynthesis I","PWY-7228: superpathway of guanosine nucleotides de novo biosynthesis I","Treatment vs Control on paired deltas (6m - baseline)",11,8,3,"Cohens_d",-0.597893070208292,-33.0217666666667,-81.3868885416667,21.3917716666666,102.778660208333,FALSE,361,"LOO_sign_agreement",1,TRUE,,,-0.597893070208292,-0.401498543307561,,,,"Moderate effect, Narrower CI",251
"pathway_effect_sizes","Pathway","effect_size","NONMEVIPP-PWY: methylerythritol phosphate pathway I","NONMEVIPP-PWY: methylerythritol phosphate pathway I","Treatment vs Control on paired deltas (6m - baseline)",11,8,3,"Cohens_d",0.739407230026402,54.2415416666667,-14.6817333333332,131.485108333333,146.166841666667,FALSE,362,"LOO_sign_agreement",1,TRUE,,,0.739407230026402,0.718527842929906,,,,"Moderate effect, Wider CI",252
"pathway_effect_sizes","Pathway","effect_size","PWY-6121: 5-aminoimidazole ribonucleotide biosynthesis I","PWY-6121: 5-aminoimidazole ribonucleotide biosynthesis I","Treatment vs Control on paired deltas (6m - baseline)",11,8,3,"Cohens_d",1.27564367494753,150.926,31.2820802083334,274.267921875,242.985841666667,TRUE,363,"LOO_sign_agreement",1,TRUE,,,1.27564367494753,1.27459759117968,,,,"Large effect, Wider CI",253
"pathway_effect_sizes","Pathway","effect_size","PWY66-429: fatty acid biosynthesis initiation (mitochondria)","PWY66-429: fatty acid biosynthesis initiation (mitochondria)","Treatment vs Control on paired deltas (6m - baseline)",11,8,3,"Cohens_d",1.59509567506461,244.417333333333,77.8111385416667,393.44503125,315.633892708333,TRUE,364,"LOO_sign_agreement",1,TRUE,,,1.59509567506461,1.42862152674378,,,,"Large effect, Wider CI",254
"pathway_effect_sizes","Pathway","effect_size","PWY-6284: superpathway of unsaturated fatty acids biosynthesis (E. coli)","PWY-6284: superpathway of unsaturated fatty acids biosynthesis (E. coli)","Treatment vs Control on paired deltas (6m - baseline)",11,8,3,"Cohens_d",-0.55332230576163,-24.6633875,-74.0390752083333,15.4083767708333,89.4474519791667,FALSE,364,"LOO_sign_agreement",1,TRUE,,,-0.55332230576163,-1.04611558013759,,,,"Moderate effect, Narrower CI",255
"pathway_effect_sizes","Pathway","effect_size","BRANCHED-CHAIN-AA-SYN-PWY: superpathway of branched chain amino acid biosynthesis","BRANCHED-CHAIN-AA-SYN-PWY: superpathway of branched chain amino acid biosynthesis","Treatment vs Control on paired deltas (6m - baseline)",11,8,3,"Cohens_d",1.00167311344889,106.572125,7.82915000000007,208.976175,201.147025,TRUE,366,"LOO_sign_agreement",1,TRUE,,,1.00167311344889,0.962988295786029,,,,"Large effect, Wider CI",256
"pathway_effect_sizes","Pathway","effect_size","P4-PWY: superpathway of L-lysine, L-threonine and L-methionine biosynthesis I","P4-PWY: superpathway of L-lysine, L-threonine and L-methionine biosynthesis I","Treatment vs Control on paired deltas (6m - baseline)",11,8,3,"Cohens_d",-0.356322311106114,-7.96729291666667,-28.93319359375,13.8382730416667,42.7714666354167,FALSE,366,"LOO_sign_agreement",1,TRUE,,,-0.356322311106114,-0.844584613141713,,,,"Small effect, Narrower CI",257
"pathway_effect_sizes","Pathway","effect_size","PWY-6588: pyruvate fermentation to acetone","PWY-6588: pyruvate fermentation to acetone","Treatment vs Control on paired deltas (6m - baseline)",11,8,3,"Cohens_d",-0.246941040087696,-3.31245583333333,-16.1677756875,10.6321315,26.7999071875,FALSE,366,"LOO_sign_agreement",1,TRUE,,,-0.246941040087696,-0.616192569780365,,,,"Small effect, Narrower CI",258
"pathway_effect_sizes","Pathway","effect_size","PWY-7345: superpathway of anaerobic sucrose degradation","PWY-7345: superpathway of anaerobic sucrose degradation","Treatment vs Control on paired deltas (6m - baseline)",11,8,3,"Cohens_d",-0.680634068197381,-44.3684458333333,-118.8310928125,22.8868134374999,141.71790625,FALSE,367,"LOO_sign_agreement",1,TRUE,,,-0.680634068197381,-0.509178228239198,,,,"Moderate effect, Wider CI",259
"pathway_effect_sizes","Pathway","effect_size","CENTFERM-PWY: pyruvate fermentation to butanoate","CENTFERM-PWY: pyruvate fermentation to butanoate","Treatment vs Control on paired deltas (6m - baseline)",11,8,3,"Cohens_d",-0.440111613718168,-11.8219375,-42.3144257291666,20.8756119791666,63.1900377083333,FALSE,367,"LOO_sign_agreement",1,TRUE,,,-0.440111613718168,-0.168048266882355,,,,"Small effect, Narrower CI",260
"pathway_effect_sizes","Pathway","effect_size","PWY0-781: aspartate superpathway","PWY0-781: aspartate superpathway","Treatment vs Control on paired deltas (6m - baseline)",11,8,3,"Cohens_d",-0.359623393283052,-8.44612833333333,-29.89249475,13.5347342291667,43.4272289791667,FALSE,367,"LOO_sign_agreement",1,TRUE,,,-0.359623393283052,-0.851949079718551,,,,"Small effect, Narrower CI",261
"pathway_effect_sizes","Pathway","effect_size","PWY-7851: coenzyme A biosynthesis II (eukaryotic)","PWY-7851: coenzyme A biosynthesis II (eukaryotic)","Treatment vs Control on paired deltas (6m - baseline)",11,8,3,"Cohens_d",-0.767950736251557,-68.2529583333333,-141.678853125,23.653778125,165.33263125,FALSE,368,"LOO_sign_agreement",1,TRUE,,,-0.767950736251557,-0.823052910901213,,,,"Moderate effect, Wider CI",262
"pathway_effect_sizes","Pathway","effect_size","PWY0-1296: purine ribonucleosides degradation","PWY0-1296: purine ribonucleosides degradation","Treatment vs Control on paired deltas (6m - baseline)",11,8,3,"Cohens_d",1.5674467549053,241.56775,71.846071875,425.0050625,353.158990625,TRUE,370,"LOO_sign_agreement",1,TRUE,,,1.5674467549053,1.64682220967159,,,,"Large effect, Wider CI",263
"pathway_effect_sizes","Pathway","effect_size","HEME-BIOSYNTHESIS-II-1: heme b biosynthesis V (aerobic)","HEME-BIOSYNTHESIS-II-1: heme b biosynthesis V (aerobic)","Treatment vs Control on paired deltas (6m - baseline)",11,8,3,"Cohens_d",-0.0533291838888265,-0.372543333333334,-6.20785,6.55844958333333,12.7662995833333,FALSE,371,"LOO_sign_agreement",0.846153846153846,TRUE,,,-0.0533291838888265,-0.381780294414345,,,,"Small effect, Narrower CI",264
"pathway_effect_sizes","Pathway","effect_size","PWY-7323: superpathway of GDP-mannose-derived O-antigen building blocks biosynthesis","PWY-7323: superpathway of GDP-mannose-derived O-antigen building blocks biosynthesis","Treatment vs Control on paired deltas (6m - baseline)",11,8,3,"Cohens_d",0.652150773751222,39.1042083333333,-28.311723125,102.7970971875,131.1088203125,FALSE,372,"LOO_sign_agreement",1,TRUE,,,0.652150773751222,0.369941480267776,,,,"Moderate effect, Wider CI",265
"pathway_effect_sizes","Pathway","effect_size","PWY-5022: 4-aminobutanoate degradation V","PWY-5022: 4-aminobutanoate degradation V","Treatment vs Control on paired deltas (6m - baseline)",11,8,3,"Cohens_d",-0.254803866115696,-3.66247125,-18.06709221875,14.4625114375,32.52960365625,FALSE,373,"LOO_sign_agreement",1,TRUE,,,-0.254803866115696,-0.652022200629868,,,,"Small effect, Narrower CI",266
"pathway_effect_sizes","Pathway","effect_size","PWY-7238: sucrose biosynthesis II","PWY-7238: sucrose biosynthesis II","Treatment vs Control on paired deltas (6m - baseline)",11,8,3,"Cohens_d",1.61346406750979,328.800916666667,120.001041666667,534.279114583333,414.278072916667,TRUE,374,"LOO_sign_agreement",1,TRUE,,,1.61346406750979,1.59470968235629,,,,"Large effect, Wider CI",267
"pathway_effect_sizes","Pathway","effect_size","PWY-6387: UDP-N-acetylmuramoyl-pentapeptide biosynthesis I (meso-diaminopimelate containing)","PWY-6387: UDP-N-acetylmuramoyl-pentapeptide biosynthesis I (meso-diaminopimelate containing)","Treatment vs Control on paired deltas (6m - baseline)",11,8,3,"Cohens_d",0.878101236803213,85.2459583333333,-5.93196458333328,184.473764583333,190.405729166667,FALSE,374,"LOO_sign_agreement",1,TRUE,,,0.878101236803213,0.871993534685527,,,,"Large effect, Wider CI",268
"pathway_effect_sizes","Pathway","effect_size","PWY-7208: superpathway of pyrimidine nucleobases salvage","PWY-7208: superpathway of pyrimidine nucleobases salvage","Treatment vs Control on paired deltas (6m - baseline)",11,8,3,"Cohens_d",-0.518889186338143,-23.8381333333333,-64.2418903125,23.3457051041666,87.5875954166666,FALSE,374,"LOO_sign_agreement",1,TRUE,,,-0.518889186338143,-0.327829480893769,,,,"Moderate effect, Narrower CI",269
"pathway_effect_sizes","Pathway","effect_size","PWY-6823: molybdopterin biosynthesis","PWY-6823: molybdopterin biosynthesis","Treatment vs Control on paired deltas (6m - baseline)",11,8,3,"Cohens_d",1.54142075377314,257.997083333333,75.0967052083333,458.82569375,383.728988541666,TRUE,375,"LOO_sign_agreement",1,TRUE,,,1.54142075377314,1.5274364159824,,,,"Large effect, Wider CI",270
"pathway_effect_sizes","Pathway","effect_size","PWY-5861: superpathway of demethylmenaquinol-8 biosynthesis I","PWY-5861: superpathway of demethylmenaquinol-8 biosynthesis I","Treatment vs Control on paired deltas (6m - baseline)",11,8,3,"Cohens_d",0.103532735347076,0.9901,-8.27494263541667,12.1053222395833,20.380264875,FALSE,379,"LOO_sign_agreement",0.923076923076923,FALSE,,,0.103532735347076,-0.141837010567976,,,,"Small effect, Narrower CI",271
"pathway_effect_sizes","Pathway","effect_size","PWY-5973: cis-vaccenate biosynthesis","PWY-5973: cis-vaccenate biosynthesis","Treatment vs Control on paired deltas (6m - baseline)",11,8,3,"Cohens_d",-1.29965942193549,-177.786420833333,-320.7220903125,-23.5436763541667,297.178413958333,TRUE,382,"LOO_sign_agreement",1,TRUE,,,-1.29965942193549,-1.2875097028131,,,,"Large effect, Wider CI",272
"pathway_effect_sizes","Pathway","effect_size","PWY-5384: sucrose degradation IV (sucrose phosphorylase)","PWY-5384: sucrose degradation IV (sucrose phosphorylase)","Treatment vs Control on paired deltas (6m - baseline)",11,8,3,"Cohens_d",-1.21065751186853,-158.012995833333,-300.847934375,-25.2477233333334,275.600211041667,TRUE,382,"LOO_sign_agreement",1,TRUE,,,-1.21065751186853,-1.16911787304899,,,,"Large effect, Wider CI",273
"pathway_effect_sizes","Pathway","effect_size","P441-PWY: superpathway of N-acetylneuraminate degradation","P441-PWY: superpathway of N-acetylneuraminate degradation","Treatment vs Control on paired deltas (6m - baseline)",11,8,3,"Cohens_d",-0.380759185709716,-12.7859958333333,-46.733616875,19.5905696875,66.3241865625,FALSE,382,"LOO_sign_agreement",1,TRUE,,,-0.380759185709716,-0.325779561441523,,,,"Small effect, Narrower CI",274
"pathway_effect_sizes","Pathway","effect_size","PWY-5103: L-isoleucine biosynthesis III","PWY-5103: L-isoleucine biosynthesis III","Treatment vs Control on paired deltas (6m - baseline)",11,8,3,"Cohens_d",0.989841760454678,110.378666666667,4.10104166666667,219.305346875,215.204305208333,TRUE,383,"LOO_sign_agreement",1,TRUE,,,0.989841760454678,0.944645406546755,,,,"Large effect, Wider CI",275
"pathway_effect_sizes","Pathway","effect_size","PWY-5659: GDP-mannose biosynthesis","PWY-5659: GDP-mannose biosynthesis","Treatment vs Control on paired deltas (6m - baseline)",11,8,3,"Cohens_d",0.620838009596507,37.9066458333333,-29.0420325,103.4927209375,132.5347534375,FALSE,384,"LOO_sign_agreement",1,TRUE,,,0.620838009596507,0.547330539272929,,,,"Moderate effect, Wider CI",276
"pathway_effect_sizes","Pathway","effect_size","PWY-6147: 6-hydroxymethyl-dihydropterin diphosphate biosynthesis I","PWY-6147: 6-hydroxymethyl-dihydropterin diphosphate biosynthesis I","Treatment vs Control on paired deltas (6m - baseline)",11,8,3,"Cohens_d",-0.785412672772045,-64.3117583333333,-154.392865416667,25.22969625,179.622561666667,FALSE,385,"LOO_sign_agreement",1,TRUE,,,-0.785412672772045,-0.6914857493991,,,,"Moderate effect, Wider CI",277
"pathway_effect_sizes","Pathway","effect_size","P105-PWY: TCA cycle IV (2-oxoglutarate decarboxylase)","P105-PWY: TCA cycle IV (2-oxoglutarate decarboxylase)","Treatment vs Control on paired deltas (6m - baseline)",11,8,3,"Cohens_d",-0.160768955380073,-1.874805,-14.51227171875,13.79472375,28.30699546875,FALSE,385,"LOO_sign_agreement",1,TRUE,,,-0.160768955380073,-0.55563362762892,,,,"Small effect, Narrower CI",278
"pathway_effect_sizes","Pathway","effect_size","PWY-5918: superpathway of heme b biosynthesis from glutamate","PWY-5918: superpathway of heme b biosynthesis from glutamate","Treatment vs Control on paired deltas (6m - baseline)",11,8,3,"Cohens_d",0.0801244162303398,0.858325833333333,-9.0595715625,11.0556246041667,20.1151961666667,FALSE,385,"LOO_sign_agreement",0.769230769230769,TRUE,,,0.0801244162303398,0.0138288137498404,,,,"Small effect, Narrower CI",279
"pathway_effect_sizes","Pathway","effect_size","ILEUSYN-PWY: L-isoleucine biosynthesis I (from threonine)","ILEUSYN-PWY: L-isoleucine biosynthesis I (from threonine)","Treatment vs Control on paired deltas (6m - baseline)",11,8,3,"Cohens_d",1.00464078789451,121.520625,9.72846666666673,236.8369125,227.108445833333,TRUE,386,"LOO_sign_agreement",1,TRUE,,,1.00464078789451,0.980134036739263,,,,"Large effect, Wider CI",280
"pathway_effect_sizes","Pathway","effect_size","PWY-6590: superpathway of Clostridium acetobutylicum acidogenic fermentation","PWY-6590: superpathway of Clostridium acetobutylicum acidogenic fermentation","Treatment vs Control on paired deltas (6m - baseline)",11,8,3,"Cohens_d",-0.380000790024065,-12.2328208333333,-48.8689190625,26.5308159375,75.399735,FALSE,388,"LOO_sign_agreement",1,TRUE,,,-0.380000790024065,-0.123062576860482,,,,"Small effect, Narrower CI",281
"pathway_effect_sizes","Pathway","effect_size","PWY-6126: superpathway of adenosine nucleotides de novo biosynthesis II","PWY-6126: superpathway of adenosine nucleotides de novo biosynthesis II","Treatment vs Control on paired deltas (6m - baseline)",11,8,3,"Cohens_d",-0.589379548491388,-39.9286958333333,-100.784648958333,25.2611916666667,126.045840625,FALSE,393,"LOO_sign_agreement",1,TRUE,,,-0.589379548491388,-0.397977177041658,,,,"Moderate effect, Wider CI",282
"pathway_effect_sizes","Pathway","effect_size","GLUDEG-I-PWY: GABA shunt","GLUDEG-I-PWY: GABA shunt","Treatment vs Control on paired deltas (6m - baseline)",11,8,3,"Cohens_d",-0.158200174351182,-2.307388125,-17.49849175,16.281487953125,33.779979703125,FALSE,394,"LOO_sign_agreement",1,TRUE,,,-0.158200174351182,-0.238208268450381,,,,"Small effect, Narrower CI",283
"pathway_effect_sizes","Pathway","effect_size","PWY-7221: guanosine ribonucleotides de novo biosynthesis","PWY-7221: guanosine ribonucleotides de novo biosynthesis","Treatment vs Control on paired deltas (6m - baseline)",11,8,3,"Cohens_d",0.818683794973641,78.4825833333333,-20.6613197916667,176.256680208333,196.918,FALSE,395,"LOO_sign_agreement",1,TRUE,,,0.818683794973641,0.830206598713089,,,,"Large effect, Wider CI",284
"pathway_effect_sizes","Pathway","effect_size","PWY-6895: superpathway of thiamine diphosphate biosynthesis II","PWY-6895: superpathway of thiamine diphosphate biosynthesis II","Treatment vs Control on paired deltas (6m - baseline)",11,8,3,"Cohens_d",-0.63060782426495,-53.8927704166667,-133.44053490625,24.5203513437499,157.96088625,FALSE,397,"LOO_sign_agreement",1,FALSE,,,-0.63060782426495,0.247443579967316,,,,"Moderate effect, Wider CI",285
"pathway_effect_sizes","Pathway","effect_size","COLANSYN-PWY: colanic acid building blocks biosynthesis","COLANSYN-PWY: colanic acid building blocks biosynthesis","Treatment vs Control on paired deltas (6m - baseline)",11,8,3,"Cohens_d",0.655153777836334,49.1208666666667,-34.70738625,130.760702708333,165.468088958333,FALSE,398,"LOO_sign_agreement",1,TRUE,,,0.655153777836334,0.61774269423142,,,,"Moderate effect, Wider CI",286
"pathway_effect_sizes","Pathway","effect_size","THISYNARA-PWY: superpathway of thiamine diphosphate biosynthesis III (eukaryotes)","THISYNARA-PWY: superpathway of thiamine diphosphate biosynthesis III (eukaryotes)","Treatment vs Control on paired deltas (6m - baseline)",11,8,3,"Cohens_d",0.619897802373223,44.6550416666666,-29.1793989583334,124.519532291667,153.69893125,FALSE,400,"LOO_sign_agreement",1,TRUE,,,0.619897802373223,0.576752022985166,,,,"Moderate effect, Wider CI",287
"pathway_effect_sizes","Pathway","effect_size","PWY-5838: superpathway of menaquinol-8 biosynthesis I","PWY-5838: superpathway of menaquinol-8 biosynthesis I","Treatment vs Control on paired deltas (6m - baseline)",11,8,3,"Cohens_d",0.0781708526311484,1.0332425,-11.6578527395833,15.5109314375,27.1687841770833,FALSE,401,"LOO_sign_agreement",0.923076923076923,FALSE,,,0.0781708526311484,-0.166481682244573,,,,"Small effect, Narrower CI",288
"pathway_effect_sizes","Pathway","effect_size","PWY-6277: superpathway of 5-aminoimidazole ribonucleotide biosynthesis","PWY-6277: superpathway of 5-aminoimidazole ribonucleotide biosynthesis","Treatment vs Control on paired deltas (6m - baseline)",11,8,3,"Cohens_d",0.824793598698012,87.4577916666667,-16.3936770833333,192.021248958333,208.414926041667,FALSE,404,"LOO_sign_agreement",1,TRUE,,,0.824793598698012,0.811530896730301,,,,"Large effect, Wider CI",289
"pathway_effect_sizes","Pathway","effect_size","PWY-6122: 5-aminoimidazole ribonucleotide biosynthesis II","PWY-6122: 5-aminoimidazole ribonucleotide biosynthesis II","Treatment vs Control on paired deltas (6m - baseline)",11,8,3,"Cohens_d",0.824793598698012,87.4577916666667,-17.4561864583333,192.289260416667,209.745446875,FALSE,407,"LOO_sign_agreement",1,TRUE,,,0.824793598698012,0.811530896730301,,,,"Large effect, Wider CI",290
"pathway_effect_sizes","Pathway","effect_size","PWY-2942: L-lysine biosynthesis III","PWY-2942: L-lysine biosynthesis III","Treatment vs Control on paired deltas (6m - baseline)",11,8,3,"Cohens_d",0.870557950215931,87.6756666666667,-34.735125,183.986333333333,218.721458333333,FALSE,408,"LOO_sign_agreement",1,TRUE,,,0.870557950215931,0.517022861317477,,,,"Large effect, Wider CI",291
"pathway_effect_sizes","Pathway","effect_size","FUC-RHAMCAT-PWY: superpathway of fucose and rhamnose degradation","FUC-RHAMCAT-PWY: superpathway of fucose and rhamnose degradation","Treatment vs Control on paired deltas (6m - baseline)",11,8,3,"Cohens_d",-0.318898971566639,-10.9162983333333,-46.6166827708333,30.6564519791667,77.27313475,FALSE,408,"LOO_sign_agreement",1,TRUE,,,-0.318898971566639,-0.150312869091785,,,,"Small effect, Narrower CI",292
"pathway_effect_sizes","Pathway","effect_size","SALVADEHYPOX-PWY: adenosine nucleotides degradation II","SALVADEHYPOX-PWY: adenosine nucleotides degradation II","Treatment vs Control on paired deltas (6m - baseline)",11,8,3,"Cohens_d",0.471338223666472,23.8855875,-28.5341808333333,87.17650625,115.710687083333,FALSE,409,"LOO_sign_agreement",1,TRUE,,,0.471338223666472,0.18404375816415,,,,"Small effect, Wider CI",293
"pathway_effect_sizes","Pathway","effect_size","PWY-6151: S-adenosyl-L-methionine salvage I","PWY-6151: S-adenosyl-L-methionine salvage I","Treatment vs Control on paired deltas (6m - baseline)",11,8,3,"Cohens_d",0.763855224994817,83.6653749999999,-9.53320625000008,195.69229375,205.2255,FALSE,410,"LOO_sign_agreement",1,TRUE,,,0.763855224994817,0.761916288747784,,,,"Moderate effect, Wider CI",294
"pathway_effect_sizes","Pathway","effect_size","PYRIDNUCSAL-PWY: NAD salvage pathway I (PNC VI cycle)","PYRIDNUCSAL-PWY: NAD salvage pathway I (PNC VI cycle)","Treatment vs Control on paired deltas (6m - baseline)",11,8,3,"Cohens_d",-0.520180485456137,-29.7360145833333,-97.3351390625,29.94953315625,127.28467221875,FALSE,411,"LOO_sign_agreement",1,TRUE,,,-0.520180485456137,-0.856889950402167,,,,"Moderate effect, Wider CI",295
"pathway_effect_sizes","Pathway","effect_size","PWY-6385: peptidoglycan biosynthesis III (mycobacteria)","PWY-6385: peptidoglycan biosynthesis III (mycobacteria)","Treatment vs Control on paired deltas (6m - baseline)",11,8,3,"Cohens_d",-0.558147707367824,-35.5364166666667,-105.081,39.335240625,144.416240625,FALSE,412,"LOO_sign_agreement",1,TRUE,,,-0.558147707367824,-0.543254209396984,,,,"Moderate effect, Wider CI",296
"pathway_effect_sizes","Pathway","effect_size","PWY-5136: fatty acid &beta;-oxidation II (plant peroxisome)","PWY-5136: fatty acid &beta;-oxidation II (plant peroxisome)","Treatment vs Control on paired deltas (6m - baseline)",11,8,3,"Cohens_d",-0.0925953049547976,-1.562645,-19.7643235208333,15.8475996041667,35.611923125,FALSE,412,"LOO_sign_agreement",0.923076923076923,TRUE,,,-0.0925953049547976,-0.380450126824272,,,,"Small effect, Narrower CI",297
"pathway_effect_sizes","Pathway","effect_size","THISYN-PWY: superpathway of thiamine diphosphate biosynthesis I","THISYN-PWY: superpathway of thiamine diphosphate biosynthesis I","Treatment vs Control on paired deltas (6m - baseline)",11,8,3,"Cohens_d",-0.989451889025385,-126.364595833333,-260.81497875,3.94417177083322,264.759150520833,FALSE,415,"LOO_sign_agreement",1,TRUE,,,-0.989451889025385,-0.944140777676246,,,,"Large effect, Wider CI",298
"pathway_effect_sizes","Pathway","effect_size","PWY-5981: CDP-diacylglycerol biosynthesis III","PWY-5981: CDP-diacylglycerol biosynthesis III","Treatment vs Control on paired deltas (6m - baseline)",11,8,3,"Cohens_d",0.189662330884414,5.93753375,-20.1462784375,37.44837378125,57.5946522187499,FALSE,416,"LOO_sign_agreement",0.923076923076923,TRUE,,,0.189662330884414,0.162419397280099,,,,"Small effect, Narrower CI",299
"pathway_effect_sizes","Pathway","effect_size","PWY-7229: superpathway of adenosine nucleotides de novo biosynthesis I","PWY-7229: superpathway of adenosine nucleotides de novo biosynthesis I","Treatment vs Control on paired deltas (6m - baseline)",11,8,3,"Cohens_d",-0.598042803729426,-54.3275708333334,-132.2382625,34.0281208333333,166.266383333333,FALSE,419,"LOO_sign_agreement",1,TRUE,,,-0.598042803729426,-0.420761152994577,,,,"Moderate effect, Wider CI",300
"pathway_effect_sizes","Pathway","effect_size","PWY-6470: peptidoglycan biosynthesis V (&beta;-lactam resistance)","PWY-6470: peptidoglycan biosynthesis V (&beta;-lactam resistance)","Treatment vs Control on paired deltas (6m - baseline)",11,8,3,"Cohens_d",-0.341024108506487,-14.9517458333333,-60.4261815625,34.0042622916667,94.4304438541667,FALSE,419,"LOO_sign_agreement",1,TRUE,,,-0.341024108506487,-0.508520134103904,,,,"Small effect, Narrower CI",301
"pathway_effect_sizes","Pathway","effect_size","PWY-6703: preQ0 biosynthesis","PWY-6703: preQ0 biosynthesis","Treatment vs Control on paired deltas (6m - baseline)",11,8,3,"Cohens_d",-0.408006223599691,-24.502075,-83.61686,28.2915770833333,111.908437083333,FALSE,420,"LOO_sign_agreement",1,TRUE,,,-0.408006223599691,-0.413939576032623,,,,"Small effect, Wider CI",302
"pathway_effect_sizes","Pathway","effect_size","PWY-841: superpathway of purine nucleotides de novo biosynthesis I","PWY-841: superpathway of purine nucleotides de novo biosynthesis I","Treatment vs Control on paired deltas (6m - baseline)",11,8,3,"Cohens_d",-0.520163521653132,-39.8662208333333,-106.199002083333,36.7977249999998,142.996727083333,FALSE,423,"LOO_sign_agreement",1,TRUE,,,-0.520163521653132,-0.34382474250575,,,,"Moderate effect, Wider CI",303
"pathway_effect_sizes","Pathway","effect_size","PWY3O-4107: NAD salvage pathway V (PNC V cycle)","PWY3O-4107: NAD salvage pathway V (PNC V cycle)","Treatment vs Control on paired deltas (6m - baseline)",11,8,3,"Cohens_d",-0.605046910362784,-45.6325033333333,-140.050404708333,32.3194042916667,172.369809,FALSE,426,"LOO_sign_agreement",1,TRUE,,,-0.605046910362784,-0.827773927049563,,,,"Moderate effect, Wider CI",304
"pathway_effect_sizes","Pathway","effect_size","PWY-7111: pyruvate fermentation to isobutanol (engineered)","PWY-7111: pyruvate fermentation to isobutanol (engineered)","Treatment vs Control on paired deltas (6m - baseline)",11,8,3,"Cohens_d",0.757537373972713,91.3255000000001,-9.30093541666664,208.570210416667,217.871145833333,FALSE,428,"LOO_sign_agreement",1,TRUE,,,0.757537373972713,0.78678772505564,,,,"Moderate effect, Wider CI",305
"pathway_effect_sizes","Pathway","effect_size","LACTOSECAT-PWY: lactose and galactose degradation I","LACTOSECAT-PWY: lactose and galactose degradation I","Treatment vs Control on paired deltas (6m - baseline)",11,8,3,"Cohens_d",0.741979354700862,89.03120375,-16.8580146875,200.02122959375,216.87924428125,FALSE,429,"LOO_sign_agreement",1,TRUE,,,0.741979354700862,0.594312071966488,,,,"Moderate effect, Wider CI",306
"pathway_effect_sizes","Pathway","effect_size","PWY-2941: L-lysine biosynthesis II","PWY-2941: L-lysine biosynthesis II","Treatment vs Control on paired deltas (6m - baseline)",11,8,3,"Cohens_d",0.54556720892197,43.1300916666667,-37.0706478125,124.715024375,161.7856721875,FALSE,430,"LOO_sign_agreement",1,TRUE,,,0.54556720892197,0.651213897361383,,,,"Moderate effect, Wider CI",307
"pathway_effect_sizes","Pathway","effect_size","COA-PWY-1: superpathway of coenzyme A biosynthesis III (mammals)","COA-PWY-1: superpathway of coenzyme A biosynthesis III (mammals)","Treatment vs Control on paired deltas (6m - baseline)",11,8,3,"Cohens_d",-0.618235345367923,-60.1278333333333,-139.7912125,42.898378125,182.689590625,FALSE,432,"LOO_sign_agreement",1,TRUE,,,-0.618235345367923,-0.669323572951876,,,,"Moderate effect, Wider CI",308
"pathway_effect_sizes","Pathway","effect_size","PWY-7977: L-methionine biosynthesis IV","PWY-7977: L-methionine biosynthesis IV","Treatment vs Control on paired deltas (6m - baseline)",11,8,3,"Cohens_d",0.800143455681545,86.4492083333333,-36.8022343749999,198.883422916667,235.685657291667,FALSE,433,"LOO_sign_agreement",1,TRUE,,,0.800143455681545,0.398151467183217,,,,"Large effect, Wider CI",309
"pathway_effect_sizes","Pathway","effect_size","PWY-7211: superpathway of pyrimidine deoxyribonucleotides de novo biosynthesis","PWY-7211: superpathway of pyrimidine deoxyribonucleotides de novo biosynthesis","Treatment vs Control on paired deltas (6m - baseline)",11,8,3,"Cohens_d",0.0505996921345751,1.10287916666667,-18.7767755208333,24.4519208333333,43.2286963541667,FALSE,433,"LOO_sign_agreement",0.846153846153846,FALSE,,,0.0505996921345751,-0.344434864393062,,,,"Small effect, Narrower CI",310
"pathway_effect_sizes","Pathway","effect_size","PWY-5005: biotin biosynthesis II","PWY-5005: biotin biosynthesis II","Treatment vs Control on paired deltas (6m - baseline)",11,8,3,"Cohens_d",0.0443359293965417,0.917490833333332,-21.5750732916667,17.9775921041667,39.5526653958333,FALSE,433,"LOO_sign_agreement",0.615384615384615,TRUE,,,0.0443359293965417,0.187114222016485,,,,"Small effect, Narrower CI",311
"pathway_effect_sizes","Pathway","effect_size","FUCCAT-PWY: fucose degradation","FUCCAT-PWY: fucose degradation","Treatment vs Control on paired deltas (6m - baseline)",11,8,3,"Cohens_d",0.00490643138869121,0.0985291666666686,-19.7629405208333,17.47244,37.2353805208333,FALSE,435,"LOO_sign_agreement",0.692307692307692,FALSE,,,0.00490643138869121,-0.300769788156906,,,,"Small effect, Narrower CI",312
"pathway_effect_sizes","Pathway","effect_size","GLUCOSE1PMETAB-PWY: glucose and glucose-1-phosphate degradation","GLUCOSE1PMETAB-PWY: glucose and glucose-1-phosphate degradation","Treatment vs Control on paired deltas (6m - baseline)",11,8,3,"Cohens_d",-1.03261284560007,-393.812083333333,-840.984569791667,-9.40771562500008,831.576854166667,TRUE,436,"LOO_sign_agreement",1,TRUE,,,-1.03261284560007,-1.25077986248696,,,,"Large effect, Wider CI",313
"pathway_effect_sizes","Pathway","effect_size","PWY-6507: 4-deoxy-L-threo-hex-4-enopyranuronate degradation","PWY-6507: 4-deoxy-L-threo-hex-4-enopyranuronate degradation","Treatment vs Control on paired deltas (6m - baseline)",11,8,3,"Cohens_d",-0.625939582798778,-55.7164875,-142.03994375,49.3808240625,191.4207678125,FALSE,436,"LOO_sign_agreement",1,TRUE,,,-0.625939582798778,-0.549475257940105,,,,"Moderate effect, Wider CI",314
"pathway_effect_sizes","Pathway","effect_size","COA-PWY: coenzyme A biosynthesis I (prokaryotic)","COA-PWY: coenzyme A biosynthesis I (prokaryotic)","Treatment vs Control on paired deltas (6m - baseline)",11,8,3,"Cohens_d",-0.516593684095491,-42.7200416666667,-118.130280208333,45.3688020833333,163.499082291667,FALSE,441,"LOO_sign_agreement",1,TRUE,,,-0.516593684095491,-0.525179819707255,,,,"Moderate effect, Wider CI",315
"pathway_effect_sizes","Pathway","effect_size","PEPTIDOGLYCANSYN-PWY: peptidoglycan biosynthesis I (meso-diaminopimelate containing)","PEPTIDOGLYCANSYN-PWY: peptidoglycan biosynthesis I (meso-diaminopimelate containing)","Treatment vs Control on paired deltas (6m - baseline)",11,8,3,"Cohens_d",0.449850419540937,37.4007083333334,-33.277540625,115.691625,148.969165625,FALSE,446,"LOO_sign_agreement",1,TRUE,,,0.449850419540937,0.435564095358673,,,,"Small effect, Wider CI",316
"pathway_effect_sizes","Pathway","effect_size","PWY-5695: inosine 5'-phosphate degradation","PWY-5695: inosine 5'-phosphate degradation","Treatment vs Control on paired deltas (6m - baseline)",11,8,3,"Cohens_d",-0.764683269534706,-89.1050833333333,-217.3637125,42.6993739583333,260.063086458333,FALSE,449,"LOO_sign_agreement",1,TRUE,,,-0.764683269534706,-0.849663039329391,,,,"Moderate effect, Wider CI",317
"pathway_effect_sizes","Pathway","effect_size","PWY-5367: petroselinate biosynthesis","PWY-5367: petroselinate biosynthesis","Treatment vs Control on paired deltas (6m - baseline)",11,8,3,"Cohens_d",-0.102257086866384,-4.69534041666667,-50.8876396875,24.7425080208333,75.6301477083333,FALSE,451,"LOO_sign_agreement",0.923076923076923,TRUE,,,-0.102257086866384,-0.336267575371874,,,,"Small effect, Narrower CI",318
"pathway_effect_sizes","Pathway","effect_size","PWY-5505: L-glutamate and L-glutamine biosynthesis","PWY-5505: L-glutamate and L-glutamine biosynthesis","Treatment vs Control on paired deltas (6m - baseline)",11,8,3,"Cohens_d",-0.657401689332781,-63.1258875,-177.945571354167,46.4854381249999,224.431009479167,FALSE,452,"LOO_sign_agreement",1,TRUE,,,-0.657401689332781,-0.659378219209272,,,,"Moderate effect, Wider CI",319
"pathway_effect_sizes","Pathway","effect_size","ARO-PWY: chorismate biosynthesis I","ARO-PWY: chorismate biosynthesis I","Treatment vs Control on paired deltas (6m - baseline)",11,8,3,"Cohens_d",0.890130578738364,158.786083333333,-28.1328229166666,354.018630208333,382.151453125,FALSE,454,"LOO_sign_agreement",1,TRUE,,,0.890130578738364,0.888449829448513,,,,"Large effect, Wider CI",320
"pathway_effect_sizes","Pathway","effect_size","PWY-7115: C4 photosynthetic carbon assimilation cycle, NAD-ME type","PWY-7115: C4 photosynthetic carbon assimilation cycle, NAD-ME type","Treatment vs Control on paired deltas (6m - baseline)",11,8,3,"Cohens_d",-0.129817189458511,-4.48641666666667,-44.5589238541667,34.3887020833333,78.9476259375,FALSE,454,"LOO_sign_agreement",0.923076923076923,TRUE,,,-0.129817189458511,-0.216367393139298,,,,"Small effect, Narrower CI",321
"pathway_effect_sizes","Pathway","effect_size","PWY0-1061: superpathway of L-alanine biosynthesis","PWY0-1061: superpathway of L-alanine biosynthesis","Treatment vs Control on paired deltas (6m - baseline)",11,8,3,"Cohens_d",0.292917780727121,15.382,-46.325826875,72.2653783333333,118.591205208333,FALSE,455,"LOO_sign_agreement",1,TRUE,,,0.292917780727121,0.22134542053478,,,,"Small effect, Wider CI",322
"pathway_effect_sizes","Pathway","effect_size","PWY-7328: superpathway of UDP-glucose-derived O-antigen building blocks biosynthesis","PWY-7328: superpathway of UDP-glucose-derived O-antigen building blocks biosynthesis","Treatment vs Control on paired deltas (6m - baseline)",11,8,3,"Cohens_d",0.372339427500909,26.9002416666667,-43.5611659375,102.0836728125,145.64483875,FALSE,458,"LOO_sign_agreement",1,TRUE,,,0.372339427500909,0.425644232374474,,,,"Small effect, Wider CI",323
"pathway_effect_sizes","Pathway","effect_size","FASYN-INITIAL-PWY: superpathway of fatty acid biosynthesis initiation (E. coli)","FASYN-INITIAL-PWY: superpathway of fatty acid biosynthesis initiation (E. coli)","Treatment vs Control on paired deltas (6m - baseline)",11,8,3,"Cohens_d",0.0725056911878032,2.56543583333333,-33.29371625,43.5024625,76.79617875,FALSE,460,"LOO_sign_agreement",0.846153846153846,TRUE,,,0.0725056911878032,0.245158271643069,,,,"Small effect, Narrower CI",324
"pathway_effect_sizes","Pathway","effect_size","ARGSYNBSUB-PWY: L-arginine biosynthesis II (acetyl cycle)","ARGSYNBSUB-PWY: L-arginine biosynthesis II (acetyl cycle)","Treatment vs Control on paired deltas (6m - baseline)",11,8,3,"Cohens_d",0.872743239290244,182.527875,-16.2178677083333,401.617655208333,417.835522916667,FALSE,463,"LOO_sign_agreement",1,TRUE,,,0.872743239290244,0.887016686407881,,,,"Large effect, Wider CI",325
"pathway_effect_sizes","Pathway","effect_size","PWY-621: sucrose degradation III (sucrose invertase)","PWY-621: sucrose degradation III (sucrose invertase)","Treatment vs Control on paired deltas (6m - baseline)",11,8,3,"Cohens_d",-0.460672013915798,-37.6771041666667,-125.92256875,46.7025215625,172.6250903125,FALSE,467,"LOO_sign_agreement",1,TRUE,,,-0.460672013915798,-0.696004823033789,,,,"Small effect, Wider CI",326
"pathway_effect_sizes","Pathway","effect_size","PWY-6630: superpathway of L-tyrosine biosynthesis","PWY-6630: superpathway of L-tyrosine biosynthesis","Treatment vs Control on paired deltas (6m - baseline)",11,8,3,"Cohens_d",-0.576363746348743,-62.1537958333333,-171.8958240625,42.2917137499999,214.1875378125,FALSE,477,"LOO_sign_agreement",1,TRUE,,,-0.576363746348743,-0.516344867878707,,,,"Moderate effect, Wider CI",327
"pathway_effect_sizes","Pathway","effect_size","THRESYN-PWY: superpathway of L-threonine biosynthesis","THRESYN-PWY: superpathway of L-threonine biosynthesis","Treatment vs Control on paired deltas (6m - baseline)",11,8,3,"Cohens_d",-0.118108589265996,-6.4997916666667,-57.374896875,50.0573218749999,107.43221875,FALSE,479,"LOO_sign_agreement",0.846153846153846,TRUE,,,-0.118108589265996,-0.0696169124960503,,,,"Small effect, Wider CI",328
"pathway_effect_sizes","Pathway","effect_size","PWY-6549: L-glutamine biosynthesis III","PWY-6549: L-glutamine biosynthesis III","Treatment vs Control on paired deltas (6m - baseline)",11,8,3,"Cohens_d",0.0686717766784456,3.25527083333334,-41.7144010416667,52.7218760416667,94.4362770833333,FALSE,480,"LOO_sign_agreement",0.846153846153846,TRUE,,,0.0686717766784456,0.141180497967499,,,,"Small effect, Narrower CI",329
"pathway_effect_sizes","Pathway","effect_size","ARGSYN-PWY: L-arginine biosynthesis I (via L-ornithine)","ARGSYN-PWY: L-arginine biosynthesis I (via L-ornithine)","Treatment vs Control on paired deltas (6m - baseline)",11,8,3,"Cohens_d",0.763389272557791,151.631416666667,-44.5656718749999,350.75756875,395.323240625,FALSE,481,"LOO_sign_agreement",1,TRUE,,,0.763389272557791,0.789258379929114,,,,"Moderate effect, Wider CI",330
"pathway_effect_sizes","Pathway","effect_size","VALSYN-PWY: L-valine biosynthesis","VALSYN-PWY: L-valine biosynthesis","Treatment vs Control on paired deltas (6m - baseline)",11,8,3,"Cohens_d",0.681860975801049,112.895625,-34.1208572916668,269.925646875,304.046504166666,FALSE,481,"LOO_sign_agreement",1,TRUE,,,0.681860975801049,0.678801772033704,,,,"Moderate effect, Wider CI",331
"pathway_effect_sizes","Pathway","effect_size","PWY-5154: L-arginine biosynthesis III (via N-acetyl-L-citrulline)","PWY-5154: L-arginine biosynthesis III (via N-acetyl-L-citrulline)","Treatment vs Control on paired deltas (6m - baseline)",11,8,3,"Cohens_d",-0.715705669896911,-114.132270833333,-288.3690875,55.5608109374998,343.9298984375,FALSE,483,"LOO_sign_agreement",1,TRUE,,,-0.715705669896911,-0.318849099161873,,,,"Moderate effect, Wider CI",332
"pathway_effect_sizes","Pathway","effect_size","GALACTUROCAT-PWY: D-galacturonate degradation I","GALACTUROCAT-PWY: D-galacturonate degradation I","Treatment vs Control on paired deltas (6m - baseline)",11,8,3,"Cohens_d",-0.527495945166545,-52.5293916666667,-150.771988958333,59.048725520833,209.820714479166,FALSE,485,"LOO_sign_agreement",1,TRUE,,,-0.527495945166545,-0.4791544130492,,,,"Moderate effect, Wider CI",333
"pathway_effect_sizes","Pathway","effect_size","PWY4FS-8: phosphatidylglycerol biosynthesis II (non-plastidic)","PWY4FS-8: phosphatidylglycerol biosynthesis II (non-plastidic)","Treatment vs Control on paired deltas (6m - baseline)",11,8,3,"Cohens_d",0.32215957147768,22.9710291666667,-66.902196875,100.588141354167,167.490338229167,FALSE,487,"LOO_sign_agreement",1,TRUE,,,0.32215957147768,0.164568710564316,,,,"Small effect, Wider CI",334
"pathway_effect_sizes","Pathway","effect_size","GLUCONEO-PWY: gluconeogenesis I","GLUCONEO-PWY: gluconeogenesis I","Treatment vs Control on paired deltas (6m - baseline)",11,8,3,"Cohens_d",-0.376818863509005,-32.5292083333333,-128.135734375,48.1758385416666,176.311572916667,FALSE,489,"LOO_sign_agreement",1,TRUE,,,-0.376818863509005,-0.319742266040279,,,,"Small effect, Wider CI",335
"pathway_effect_sizes","Pathway","effect_size","PWY-7790: UMP biosynthesis II","PWY-7790: UMP biosynthesis II","Treatment vs Control on paired deltas (6m - baseline)",11,8,3,"Cohens_d",0.625489701090206,82.2185,-49.154390625,225.219671875,274.3740625,FALSE,491,"LOO_sign_agreement",1,TRUE,,,0.625489701090206,0.621231113154263,,,,"Moderate effect, Wider CI",336
"pathway_effect_sizes","Pathway","effect_size","PWY-6163: chorismate biosynthesis from 3-dehydroquinate","PWY-6163: chorismate biosynthesis from 3-dehydroquinate","Treatment vs Control on paired deltas (6m - baseline)",11,8,3,"Cohens_d",0.694922403928605,136.352333333333,-62.1751854166666,346.700721875,408.875907291666,FALSE,492,"LOO_sign_agreement",1,TRUE,,,0.694922403928605,0.680171002938585,,,,"Moderate effect, Wider CI",337
"pathway_effect_sizes","Pathway","effect_size","1CMET2-PWY: folate transformations III (E. coli)","1CMET2-PWY: folate transformations III (E. coli)","Treatment vs Control on paired deltas (6m - baseline)",11,8,3,"Cohens_d",0.188380193561305,13.07825,-60.578715625,72.49915625,133.077871875,FALSE,492,"LOO_sign_agreement",0.923076923076923,TRUE,,,0.188380193561305,0.113803133143745,,,,"Small effect, Wider CI",338
"pathway_effect_sizes","Pathway","effect_size","PWY4FS-7: phosphatidylglycerol biosynthesis I (plastidic)","PWY4FS-7: phosphatidylglycerol biosynthesis I (plastidic)","Treatment vs Control on paired deltas (6m - baseline)",11,8,3,"Cohens_d",0.32215957147768,22.9710291666667,-75.796003125,97.67915875,173.475161875,FALSE,497,"LOO_sign_agreement",1,TRUE,,,0.32215957147768,0.164568710564316,,,,"Small effect, Wider CI",339
"pathway_effect_sizes","Pathway","effect_size","PWY-7791: UMP biosynthesis III","PWY-7791: UMP biosynthesis III","Treatment vs Control on paired deltas (6m - baseline)",11,8,3,"Cohens_d",0.625489701090206,82.2185,-51.2654875,228.670690625,279.936178125,FALSE,498,"LOO_sign_agreement",1,TRUE,,,0.625489701090206,0.621231113154263,,,,"Moderate effect, Wider CI",340
"pathway_effect_sizes","Pathway","effect_size","SER-GLYSYN-PWY: superpathway of L-serine and glycine biosynthesis I","SER-GLYSYN-PWY: superpathway of L-serine and glycine biosynthesis I","Treatment vs Control on paired deltas (6m - baseline)",11,8,3,"Cohens_d",0.549811947286054,70.503125,-43.2192333333333,189.362332291667,232.581565625,FALSE,498,"LOO_sign_agreement",1,TRUE,,,0.549811947286054,0.385659710086447,,,,"Moderate effect, Wider CI",341
"pathway_effect_sizes","Pathway","effect_size","PWY-6897: thiamine diphosphate salvage II","PWY-6897: thiamine diphosphate salvage II","Treatment vs Control on paired deltas (6m - baseline)",11,8,3,"Cohens_d",-0.366581349344288,-30.8814583333333,-126.979334375,58.821471875,185.80080625,FALSE,498,"LOO_sign_agreement",1,TRUE,,,-0.366581349344288,-0.316050311075157,,,,"Small effect, Wider CI",342
"pathway_effect_sizes","Pathway","effect_size","GLUTORN-PWY: L-ornithine biosynthesis I","GLUTORN-PWY: L-ornithine biosynthesis I","Treatment vs Control on paired deltas (6m - baseline)",11,8,3,"Cohens_d",0.630241659392278,98.4999166666667,-42.15370625,254.265351041667,296.419057291667,FALSE,499,"LOO_sign_agreement",1,TRUE,,,0.630241659392278,0.654231272896037,,,,"Moderate effect, Wider CI",343
"pathway_effect_sizes","Pathway","effect_size","PWY-5686: UMP biosynthesis I","PWY-5686: UMP biosynthesis I","Treatment vs Control on paired deltas (6m - baseline)",11,8,3,"Cohens_d",0.625489701090206,82.2185,-50.18589375,230.71125,280.89714375,FALSE,499,"LOO_sign_agreement",1,TRUE,,,0.625489701090206,0.621231113154263,,,,"Moderate effect, Wider CI",344
"pathway_effect_sizes","Pathway","effect_size","GLUCUROCAT-PWY: superpathway of &beta;-D-glucuronosides degradation","GLUCUROCAT-PWY: superpathway of &beta;-D-glucuronosides degradation","Treatment vs Control on paired deltas (6m - baseline)",11,8,3,"Cohens_d",-0.420141744935245,-40.6446833333334,-132.29584375,66.2090395833332,198.504883333333,FALSE,499,"LOO_sign_agreement",1,TRUE,,,-0.420141744935245,-0.451164153087197,,,,"Small effect, Wider CI",345
"pathway_effect_sizes","Pathway","effect_size","PWY-3841: folate transformations II (plants)","PWY-3841: folate transformations II (plants)","Treatment vs Control on paired deltas (6m - baseline)",11,8,3,"Cohens_d",0.236682178186341,18.7510416666666,-62.00174375,98.7771145833333,160.778858333333,FALSE,502,"LOO_sign_agreement",1,TRUE,,,0.236682178186341,0.167304593042759,,,,"Small effect, Wider CI",346
"pathway_effect_sizes","Pathway","effect_size","PHOSLIPSYN-PWY: superpathway of phospholipid biosynthesis I (bacteria)","PHOSLIPSYN-PWY: superpathway of phospholipid biosynthesis I (bacteria)","Treatment vs Control on paired deltas (6m - baseline)",11,8,3,"Cohens_d",0.392932629509181,33.7235333333333,-78.49631375,125.98975125,204.486065,FALSE,508,"LOO_sign_agreement",1,TRUE,,,0.392932629509181,0.223317339489898,,,,"Small effect, Wider CI",347
"pathway_effect_sizes","Pathway","effect_size","UDPNAGSYN-PWY: UDP-N-acetyl-D-glucosamine biosynthesis I","UDPNAGSYN-PWY: UDP-N-acetyl-D-glucosamine biosynthesis I","Treatment vs Control on paired deltas (6m - baseline)",11,8,3,"Cohens_d",-0.596655933981071,-78.684875,-230.242651041667,48.8949322916666,279.137583333333,FALSE,509,"LOO_sign_agreement",1,TRUE,,,-0.596655933981071,-0.365204791319967,,,,"Moderate effect, Wider CI",348
"pathway_effect_sizes","Pathway","effect_size","PWY-702: L-methionine biosynthesis II","PWY-702: L-methionine biosynthesis II","Treatment vs Control on paired deltas (6m - baseline)",11,8,3,"Cohens_d",-0.26478039577493,-23.00155,-111.0886553125,59.4206784374999,170.50933375,FALSE,511,"LOO_sign_agreement",0.923076923076923,FALSE,,,-0.26478039577493,0.0798110839201123,,,,"Small effect, Wider CI",349
"pathway_effect_sizes","Pathway","effect_size","ARGININE-SYN4-PWY: L-ornithine biosynthesis II","ARGININE-SYN4-PWY: L-ornithine biosynthesis II","Treatment vs Control on paired deltas (6m - baseline)",11,8,3,"Cohens_d",-0.579820724647048,-68.4608920833333,-202.44568946875,73.6276353124999,276.07332478125,FALSE,512,"LOO_sign_agreement",1,TRUE,,,-0.579820724647048,-0.708595812816923,,,,"Moderate effect, Wider CI",350
"pathway_effect_sizes","Pathway","effect_size","HSERMETANA-PWY: L-methionine biosynthesis III","HSERMETANA-PWY: L-methionine biosynthesis III","Treatment vs Control on paired deltas (6m - baseline)",11,8,3,"Cohens_d",0.481605478532633,63.3022916666667,-53.2678270833332,187.544852083333,240.812679166666,FALSE,519,"LOO_sign_agreement",1,TRUE,,,0.481605478532633,0.386858280768,,,,"Small effect, Wider CI",351
"pathway_effect_sizes","Pathway","effect_size","PWY-7357: thiamine phosphate formation from pyrithiamine and oxythiamine (yeast)","PWY-7357: thiamine phosphate formation from pyrithiamine and oxythiamine (yeast)","Treatment vs Control on paired deltas (6m - baseline)",11,8,3,"Cohens_d",0.595559975698161,83.6751666666666,-80.7641656250001,236.27601875,317.040184375,FALSE,522,"LOO_sign_agreement",1,TRUE,,,0.595559975698161,0.656877562842961,,,,"Moderate effect, Wider CI",352
"pathway_effect_sizes","Pathway","effect_size","FERMENTATION-PWY: mixed acid fermentation","FERMENTATION-PWY: mixed acid fermentation","Treatment vs Control on paired deltas (6m - baseline)",11,8,3,"Cohens_d",-0.0272361382242706,-1.58566666666666,-68.486096875,59.2429864583333,127.729083333333,FALSE,524,"LOO_sign_agreement",0.692307692307692,TRUE,,,-0.0272361382242706,-0.0573641294399472,,,,"Small effect, Wider CI",353
"pathway_effect_sizes","Pathway","effect_size","P124-PWY: Bifidobacterium shunt","P124-PWY: Bifidobacterium shunt","Treatment vs Control on paired deltas (6m - baseline)",11,8,3,"Cohens_d",-0.533325804656418,-67.9451925,-209.7628133125,79.5968606458333,289.359673958333,FALSE,527,"LOO_sign_agreement",1,TRUE,,,-0.533325804656418,-0.222000022016045,,,,"Moderate effect, Wider CI",354
"pathway_effect_sizes","Pathway","effect_size","PWY-6936: seleno-amino acid biosynthesis (plants)","PWY-6936: seleno-amino acid biosynthesis (plants)","Treatment vs Control on paired deltas (6m - baseline)",11,8,3,"Cohens_d",-0.167497514083279,-14.8830833333333,-97.3639604166667,81.4516156249999,178.815576041667,FALSE,536,"LOO_sign_agreement",0.846153846153846,TRUE,,,-0.167497514083279,-0.205922935700744,,,,"Small effect, Wider CI",355
"pathway_effect_sizes","Pathway","effect_size","PANTO-PWY: phosphopantothenate biosynthesis I","PANTO-PWY: phosphopantothenate biosynthesis I","Treatment vs Control on paired deltas (6m - baseline)",11,8,3,"Cohens_d",0.362325768109361,36.59375,-80.9335895833333,147.520690625,228.454280208333,FALSE,537,"LOO_sign_agreement",1,TRUE,,,0.362325768109361,0.337067589032187,,,,"Small effect, Wider CI",356
"pathway_effect_sizes","Pathway","effect_size","ASPASN-PWY: superpathway of L-aspartate and L-asparagine biosynthesis","ASPASN-PWY: superpathway of L-aspartate and L-asparagine biosynthesis","Treatment vs Control on paired deltas (6m - baseline)",11,8,3,"Cohens_d",-0.162408830078442,-12.521375,-94.9458333333333,84.98576875,179.931602083333,FALSE,539,"LOO_sign_agreement",0.923076923076923,TRUE,,,-0.162408830078442,-0.186470036632377,,,,"Small effect, Wider CI",357
"pathway_effect_sizes","Pathway","effect_size","PWY-7237: myo-, chiro- and scyllo-inositol degradation","PWY-7237: myo-, chiro- and scyllo-inositol degradation","Treatment vs Control on paired deltas (6m - baseline)",11,8,3,"Cohens_d",0.523147629431883,74.4460833333333,-107.297971875,236.455975,343.753946875,FALSE,542,"LOO_sign_agreement",1,TRUE,,,0.523147629431883,0.60221200649765,,,,"Moderate effect, Wider CI",358
"pathway_effect_sizes","Pathway","effect_size","PWY-8187: L-arginine degradation XIII (reductive Stickland reaction)","PWY-8187: L-arginine degradation XIII (reductive Stickland reaction)","Treatment vs Control on paired deltas (6m - baseline)",11,8,3,"Cohens_d",0.448871975506725,68.0340208333333,-65.2514208333333,209.731111458333,274.982532291666,FALSE,543,"LOO_sign_agreement",1,TRUE,,,0.448871975506725,0.445208839932003,,,,"Small effect, Wider CI",359
"pathway_effect_sizes","Pathway","effect_size","PYRIDNUCSYN-PWY: NAD de novo biosynthesis I (from aspartate)","PYRIDNUCSYN-PWY: NAD de novo biosynthesis I (from aspartate)","Treatment vs Control on paired deltas (6m - baseline)",11,8,3,"Cohens_d",0.0335272466758302,2.28349999999997,-74.328653125,89.8150864583333,164.143739583333,FALSE,549,"LOO_sign_agreement",0.769230769230769,FALSE,,,0.0335272466758302,-0.00433274902041648,,,,"Small effect, Wider CI",360
"pathway_effect_sizes","Pathway","effect_size","PWY-7242: D-fructuronate degradation","PWY-7242: D-fructuronate degradation","Treatment vs Control on paired deltas (6m - baseline)",11,8,3,"Cohens_d",-0.266604286080194,-29.2753583333333,-135.91538,81.5701666666667,217.485546666667,FALSE,554,"LOO_sign_agreement",1,TRUE,,,-0.266604286080194,-0.334231254577334,,,,"Small effect, Wider CI",361
"pathway_effect_sizes","Pathway","effect_size","HISTSYN-PWY: L-histidine biosynthesis","HISTSYN-PWY: L-histidine biosynthesis","Treatment vs Control on paired deltas (6m - baseline)",11,8,3,"Cohens_d",-0.292867627185946,-35.3874583333333,-133.5937625,97.3562291666666,230.949991666667,FALSE,556,"LOO_sign_agreement",1,TRUE,,,-0.292867627185946,-0.330700640176391,,,,"Small effect, Wider CI",362
"pathway_effect_sizes","Pathway","effect_size","PWY-6124: inosine-5'-phosphate biosynthesis II","PWY-6124: inosine-5'-phosphate biosynthesis II","Treatment vs Control on paired deltas (6m - baseline)",11,8,3,"Cohens_d",-0.146058613840794,-14.1969583333333,-108.276979166667,90.02016875,198.297147916667,FALSE,562,"LOO_sign_agreement",0.846153846153846,TRUE,,,-0.146058613840794,-0.117842245915129,,,,"Small effect, Wider CI",363
"pathway_effect_sizes","Pathway","effect_size","OANTIGEN-PWY: O-antigen building blocks biosynthesis (E. coli)","OANTIGEN-PWY: O-antigen building blocks biosynthesis (E. coli)","Treatment vs Control on paired deltas (6m - baseline)",11,8,3,"Cohens_d",-0.14381280204056,-15.142875,-119.02905625,82.1645687499999,201.193625,FALSE,568,"LOO_sign_agreement",0.769230769230769,TRUE,,,-0.14381280204056,-0.0125950766986959,,,,"Small effect, Wider CI",364
"pathway_effect_sizes","Pathway","effect_size","PWY-6902: chitin degradation II (Vibrio)","PWY-6902: chitin degradation II (Vibrio)","Treatment vs Control on paired deltas (6m - baseline)",11,8,3,"Cohens_d",0.289978413154742,31.95894375,-113.74579109375,145.26252703125,259.008318125,FALSE,574,"LOO_sign_agreement",1,TRUE,,,0.289978413154742,0.421084024697863,,,,"Small effect, Wider CI",365
"pathway_effect_sizes","Pathway","effect_size","PWY-3001: superpathway of L-isoleucine biosynthesis I","PWY-3001: superpathway of L-isoleucine biosynthesis I","Treatment vs Control on paired deltas (6m - baseline)",11,8,3,"Cohens_d",0.215775354225129,20.1570833333333,-90.3042947916667,141.33813125,231.642426041667,FALSE,574,"LOO_sign_agreement",1,TRUE,,,0.215775354225129,0.193957177114098,,,,"Small effect, Wider CI",366
"pathway_effect_sizes","Pathway","effect_size","PWY-6123: inosine-5'-phosphate biosynthesis I","PWY-6123: inosine-5'-phosphate biosynthesis I","Treatment vs Control on paired deltas (6m - baseline)",11,8,3,"Cohens_d",-0.0594301224418475,-5.5454583333333,-108.012153125,87.98673125,195.998884375,FALSE,576,"LOO_sign_agreement",0.769230769230769,TRUE,,,-0.0594301224418475,-0.0293733759317617,,,,"Small effect, Wider CI",367
"pathway_effect_sizes","Pathway","effect_size","PWY-I9: L-cysteine biosynthesis VI (from L-methionine)","PWY-I9: L-cysteine biosynthesis VI (from L-methionine)","Treatment vs Control on paired deltas (6m - baseline)",11,8,3,"Cohens_d",0.260689490076427,33.6143666666667,-92.9372189583333,154.936630625,247.873849583333,FALSE,579,"LOO_sign_agreement",1,TRUE,,,0.260689490076427,0.561828115291461,,,,"Small effect, Wider CI",368
"pathway_effect_sizes","Pathway","effect_size","PANTOSYN-PWY: superpathway of coenzyme A biosynthesis I (bacteria)","PANTOSYN-PWY: superpathway of coenzyme A biosynthesis I (bacteria)","Treatment vs Control on paired deltas (6m - baseline)",11,8,3,"Cohens_d",0.151700890122244,15.445375,-105.124325,125.267438541667,230.391763541667,FALSE,586,"LOO_sign_agreement",0.923076923076923,TRUE,,,0.151700890122244,0.16474004075815,,,,"Small effect, Wider CI",369
"pathway_effect_sizes","Pathway","effect_size","PWY-622: starch biosynthesis","PWY-622: starch biosynthesis","Treatment vs Control on paired deltas (6m - baseline)",11,8,3,"Cohens_d",-0.282380661552306,-37.3091833333333,-180.484508333333,109.045946041667,289.530454375,FALSE,590,"LOO_sign_agreement",1,FALSE,,,-0.282380661552306,0.300970496109581,,,,"Small effect, Wider CI",370
"pathway_effect_sizes","Pathway","effect_size","PWY-7199: pyrimidine deoxyribonucleosides salvage","PWY-7199: pyrimidine deoxyribonucleosides salvage","Treatment vs Control on paired deltas (6m - baseline)",11,8,3,"Cohens_d",-0.0699028949424494,-6.76370833333333,-119.39813125,93.641009375,213.039140625,FALSE,590,"LOO_sign_agreement",0.923076923076923,TRUE,,,-0.0699028949424494,-0.0629742084165747,,,,"Small effect, Wider CI",371
"pathway_effect_sizes","Pathway","effect_size","GLCMANNANAUT-PWY: superpathway of N-acetylglucosamine, N-acetylmannosamine and N-acetylneuraminate degradation","GLCMANNANAUT-PWY: superpathway of N-acetylglucosamine, N-acetylmannosamine and N-acetylneuraminate degradation","Treatment vs Control on paired deltas (6m - baseline)",11,8,3,"Cohens_d",0.0897629971996798,9.49837500000001,-99.422353125,128.050096875,227.47245,FALSE,595,"LOO_sign_agreement",0.923076923076923,TRUE,,,0.0897629971996798,0.224414233417582,,,,"Small effect, Wider CI",372
"pathway_effect_sizes","Pathway","effect_size","PWY-7400: L-arginine biosynthesis IV (archaebacteria)","PWY-7400: L-arginine biosynthesis IV (archaebacteria)","Treatment vs Control on paired deltas (6m - baseline)",11,8,3,"Cohens_d",0.265492518332939,54.0187458333333,-121.3859425,255.699798958333,377.085741458333,FALSE,608,"LOO_sign_agreement",0.923076923076923,TRUE,,,0.265492518332939,0.0366486824804646,,,,"Small effect, Wider CI",373
"taxonomy_function_candidate_pairs","Integration","delta_correlation","Blautia -> GOLPDLCAT-PWY: superpathway of glycerol degradation to 1,3-propanediol","Blautia -> superpathway of glycerol degradation to 1,3-propanediol","Spearman correlation of participant-level deltas",11,8,3,"Spearman_rho",0.918181818181818,,0.648148148148148,1,0.351851851851852,TRUE,3,"NA",,,0.000499750124937531,0.0249875062468766,1.91808993644275,2.34596607686014,0.918181818181818,"Blautia","superpathway of glycerol degradation to 1,3-propanediol","abs(rho) >= 0.8",374
"taxonomy_function_candidate_pairs","Integration","delta_correlation","Alistipes -> PWY-6608: guanosine nucleotides degradation III","Alistipes -> guanosine nucleotides degradation III","Spearman correlation of participant-level deltas",11,8,3,"Spearman_rho",-0.827272727272727,,-0.96969696969697,-0.410096060232362,0.559600909464608,TRUE,11,"NA",,,0.00399800099950025,0.079960019990005,-1.75806285616303,2.27771737095598,0.827272727272727,"Alistipes","guanosine nucleotides degradation III","abs(rho) >= 0.8",375
"taxonomy_function_candidate_pairs","Integration","delta_correlation","Alistipes -> PWY-5130: 2-oxobutanoate degradation I","Alistipes -> 2-oxobutanoate degradation I","Spearman correlation of participant-level deltas",11,8,3,"Spearman_rho",0.890909090909091,,0.557587209302326,1,0.442412790697674,TRUE,15,"NA",,,0.000999500249875062,0.0333166749958354,-1.75806285616303,-1.20093601770788,0.890909090909091,"Alistipes","2-oxobutanoate degradation I","abs(rho) >= 0.8",376
"taxonomy_function_candidate_pairs","Integration","delta_correlation","Alistipes -> PWY-6969: TCA cycle V (2-oxoglutarate synthase)","Alistipes -> TCA cycle V (2-oxoglutarate synthase)","Spearman correlation of participant-level deltas",11,8,3,"Spearman_rho",0.818181818181818,,0.298076923076923,0.990384615384616,0.692307692307693,TRUE,20,"NA",,,0.00299850074962519,0.0749625187406297,-1.75806285616303,-1.5804242796288,0.818181818181818,"Alistipes","TCA cycle V (2-oxoglutarate synthase)","abs(rho) >= 0.8",377
"taxonomy_function_candidate_pairs","Integration","delta_correlation","Blautia -> PWY-7209: superpathway of pyrimidine ribonucleosides degradation","Blautia -> superpathway of pyrimidine ribonucleosides degradation","Spearman correlation of participant-level deltas",11,8,3,"Spearman_rho",0.763636363636364,,0.285542582417583,0.971567334346776,0.686024751929194,TRUE,21,"NA",,,0.00999500249875063,0.0922615615269288,1.91808993644275,2.12599920721871,0.763636363636364,"Blautia","superpathway of pyrimidine ribonucleosides degradation","abs(rho) < 0.8",378
"taxonomy_function_candidate_pairs","Integration","delta_correlation","Alistipes -> GOLPDLCAT-PWY: superpathway of glycerol degradation to 1,3-propanediol","Alistipes -> superpathway of glycerol degradation to 1,3-propanediol","Spearman correlation of participant-level deltas",11,8,3,"Spearman_rho",-0.736363636363636,,-0.915907320872274,-0.242812114265563,0.673095206606712,TRUE,23,"NA",,,0.0119940029985007,0.0922615615269288,-1.75806285616303,2.34596607686014,0.736363636363636,"Alistipes","superpathway of glycerol degradation to 1,3-propanediol","abs(rho) < 0.8",379
"taxonomy_function_candidate_pairs","Integration","delta_correlation","Bacteroides -> PWY-6572: chondroitin sulfate degradation I (bacterial)","Bacteroides -> chondroitin sulfate degradation I (bacterial)","Spearman correlation of participant-level deltas",11,8,3,"Spearman_rho",0.911874526190502,,0.544985552366626,1,0.455014447633374,TRUE,25,"NA",,,0.000499750124937531,0.0249875062468766,-0.834794351766513,-0.924855125149428,0.911874526190502,"Bacteroides","chondroitin sulfate degradation I (bacterial)","abs(rho) >= 0.8",380
"taxonomy_function_candidate_pairs","Integration","delta_correlation","Alistipes -> PWY-7371: 1,4-dihydroxy-6-naphthoate biosynthesis II","Alistipes -> 1,4-dihydroxy-6-naphthoate biosynthesis II","Spearman correlation of participant-level deltas",11,8,3,"Spearman_rho",0.781839323181386,,0.389991820148398,0.921087254603005,0.531095434454607,TRUE,27,"NA",,,0.0079960019990005,0.0888444666555611,-1.75806285616303,-1.00014204871659,0.781839323181386,"Alistipes","1,4-dihydroxy-6-naphthoate biosynthesis II","abs(rho) < 0.8",381
"taxonomy_function_candidate_pairs","Integration","delta_correlation","Blautia -> PWY-6608: guanosine nucleotides degradation III","Blautia -> guanosine nucleotides degradation III","Spearman correlation of participant-level deltas",11,8,3,"Spearman_rho",0.718181818181818,,0.11510496671787,0.933030227442799,0.817925260724929,TRUE,32,"NA",,,0.0174912543728136,0.124937531234383,1.91808993644275,2.27771737095598,0.718181818181818,"Blautia","guanosine nucleotides degradation III","abs(rho) < 0.8",382
"taxonomy_function_candidate_pairs","Integration","delta_correlation","Bifidobacterium -> GLUCARDEG-PWY: D-glucarate degradation I","Bifidobacterium -> D-glucarate degradation I","Spearman correlation of participant-level deltas",11,8,3,"Spearman_rho",-0.798198729716611,,-0.962625475943233,-0.396193153669213,0.56643232227402,TRUE,33,"NA",,,0.00749625187406297,0.0888444666555611,-0.82712654115756,0.91200699311405,0.798198729716611,"Bifidobacterium","D-glucarate degradation I","abs(rho) < 0.8",383
"taxonomy_function_candidate_pairs","Integration","delta_correlation","Bacteroides -> PWY-6969: TCA cycle V (2-oxoglutarate synthase)","Bacteroides -> TCA cycle V (2-oxoglutarate synthase)","Spearman correlation of participant-level deltas",11,8,3,"Spearman_rho",0.790909090909091,,0.324074074074074,0.989951005025125,0.665876930951051,TRUE,35,"NA",,,0.00699650174912544,0.0888444666555611,-0.834794351766513,-1.5804242796288,0.790909090909091,"Bacteroides","TCA cycle V (2-oxoglutarate synthase)","abs(rho) < 0.8",384
"taxonomy_function_candidate_pairs","Integration","delta_correlation","Blautia -> PWY-5130: 2-oxobutanoate degradation I","Blautia -> 2-oxobutanoate degradation I","Spearman correlation of participant-level deltas",11,8,3,"Spearman_rho",-0.772727272727273,,-0.990654205607477,-0.186915887850467,0.803738317757009,TRUE,36,"NA",,,0.0079960019990005,0.0888444666555611,1.91808993644275,-1.20093601770788,0.772727272727273,"Blautia","2-oxobutanoate degradation I","abs(rho) < 0.8",385
"taxonomy_function_candidate_pairs","Integration","delta_correlation","Blautia -> PPGPPMET-PWY: ppGpp metabolism","Blautia -> ppGpp metabolism","Spearman correlation of participant-level deltas",11,8,3,"Spearman_rho",0.7,,0.105769230769231,0.962621169311019,0.856851938541789,TRUE,38,"NA",,,0.0219890054972514,0.137431284357821,1.91808993644275,1.66494823120333,0.7,"Blautia","ppGpp metabolism","abs(rho) < 0.8",386
"taxonomy_function_candidate_pairs","Integration","delta_correlation","Alistipes -> PWY66-389: phytol degradation","Alistipes -> phytol degradation","Spearman correlation of participant-level deltas",11,8,3,"Spearman_rho",0.69891105190622,,0.0897141201780869,0.922619735533923,0.832905615355836,TRUE,40,"NA",,,0.0189905047476262,0.126603364984175,-1.75806285616303,-1.3382605172337,0.69891105190622,"Alistipes","phytol degradation","abs(rho) < 0.8",387
"taxonomy_function_candidate_pairs","Integration","delta_correlation","Alistipes -> PWY-7209: superpathway of pyrimidine ribonucleosides degradation","Alistipes -> superpathway of pyrimidine ribonucleosides degradation","Spearman correlation of participant-level deltas",11,8,3,"Spearman_rho",-0.672727272727273,,-0.942307692307693,-0.0373831775700935,0.904924514737599,TRUE,45,"NA",,,0.0259870064967516,0.142785749982152,-1.75806285616303,2.12599920721871,0.672727272727273,"Alistipes","superpathway of pyrimidine ribonucleosides degradation","abs(rho) < 0.8",388
"taxonomy_function_candidate_pairs","Integration","delta_correlation","Alistipes -> PWY-7883: anhydromuropeptides recycling II","Alistipes -> anhydromuropeptides recycling II","Spearman correlation of participant-level deltas",11,8,3,"Spearman_rho",0.669705609939962,,0.218961018117071,0.942308971234503,0.723347953117432,TRUE,45,"NA",,,0.0289855072463768,0.142785749982152,-1.75806285616303,-0.948774695723309,0.669705609939962,"Alistipes","anhydromuropeptides recycling II","abs(rho) < 0.8",389
"taxonomy_function_candidate_pairs","Integration","delta_correlation","Bacteroides -> PWY-7371: 1,4-dihydroxy-6-naphthoate biosynthesis II","Bacteroides -> 1,4-dihydroxy-6-naphthoate biosynthesis II","Spearman correlation of participant-level deltas",11,8,3,"Spearman_rho",0.667423812471915,,0.180410273899984,0.841603278133486,0.661193004233501,TRUE,45,"NA",,,0.0294852573713143,0.142785749982152,-0.834794351766513,-1.00014204871659,0.667423812471915,"Bacteroides","1,4-dihydroxy-6-naphthoate biosynthesis II","abs(rho) < 0.8",390
"taxonomy_function_candidate_pairs","Integration","delta_correlation","Bacteroides -> PWY-6608: guanosine nucleotides degradation III","Bacteroides -> guanosine nucleotides degradation III","Spearman correlation of participant-level deltas",11,8,3,"Spearman_rho",-0.736363636363636,,-0.953488372093023,-0.211393540669857,0.742094831423166,TRUE,46,"NA",,,0.0104947526236882,0.0922615615269288,-0.834794351766513,2.27771737095598,0.736363636363636,"Bacteroides","guanosine nucleotides degradation III","abs(rho) < 0.8",391
"taxonomy_function_candidate_pairs","Integration","delta_correlation","Parabacteroides -> PWY-6572: chondroitin sulfate degradation I (bacterial)","Parabacteroides -> chondroitin sulfate degradation I (bacterial)","Spearman correlation of participant-level deltas",11,8,3,"Spearman_rho",0.744387368318777,,0.204236947893351,0.963705812506162,0.759468864612811,TRUE,48,"NA",,,0.0119940029985007,0.0922615615269288,-0.745680069691599,-0.924855125149428,0.744387368318777,"Parabacteroides","chondroitin sulfate degradation I (bacterial)","abs(rho) < 0.8",392
"taxonomy_function_candidate_pairs","Integration","delta_correlation","Alistipes -> REDCITCYC: TCA cycle VI (Helicobacter)","Alistipes -> TCA cycle VI (Helicobacter)","Spearman correlation of participant-level deltas",11,8,3,"Spearman_rho",0.65133894727893,,0.0952980327533393,0.952783405106582,0.857485372353242,TRUE,54,"NA",,,0.0299850074962519,0.142785749982152,-1.75806285616303,-1.08117916514229,0.65133894727893,"Alistipes","TCA cycle VI (Helicobacter)","abs(rho) < 0.8",393
"taxonomy_function_candidate_pairs","Integration","delta_correlation","Bifidobacterium -> PWY-7209: superpathway of pyrimidine ribonucleosides degradation","Bifidobacterium -> superpathway of pyrimidine ribonucleosides degradation","Spearman correlation of participant-level deltas",11,8,3,"Spearman_rho",-0.618181818181818,,-0.888009974838245,-0.15373831775701,0.734271657081235,TRUE,56,"NA",,,0.0509745127436282,0.196055818244724,-0.82712654115756,2.12599920721871,0.618181818181818,"Bifidobacterium","superpathway of pyrimidine ribonucleosides degradation","abs(rho) < 0.8",394
"taxonomy_function_candidate_pairs","Integration","delta_correlation","Blautia -> PWY-7883: anhydromuropeptides recycling II","Blautia -> anhydromuropeptides recycling II","Spearman correlation of participant-level deltas",11,8,3,"Spearman_rho",-0.633259046133705,,-0.91705069124424,-0.0799972484895373,0.837053442754702,TRUE,57,"NA",,,0.0434782608695652,0.181159420289855,1.91808993644275,-0.948774695723309,0.633259046133705,"Blautia","anhydromuropeptides recycling II","abs(rho) < 0.8",395
"taxonomy_function_candidate_pairs","Integration","delta_correlation","Alistipes -> PWY-6572: chondroitin sulfate degradation I (bacterial)","Alistipes -> chondroitin sulfate degradation I (bacterial)","Spearman correlation of participant-level deltas",11,8,3,"Spearman_rho",0.65133894727893,,0.074812330021364,0.942321428571429,0.867509098550065,TRUE,60,"NA",,,0.0299850074962519,0.142785749982152,-1.75806285616303,-0.924855125149428,0.65133894727893,"Alistipes","chondroitin sulfate degradation I (bacterial)","abs(rho) < 0.8",396
"taxonomy_function_candidate_pairs","Integration","delta_correlation","Bifidobacterium -> PPGPPMET-PWY: ppGpp metabolism","Bifidobacterium -> ppGpp metabolism","Spearman correlation of participant-level deltas",11,8,3,"Spearman_rho",-0.590909090909091,,-0.857836671733882,-0.0759212283044073,0.781915443429474,TRUE,60,"NA",,,0.0559720139930035,0.199900049975013,-0.82712654115756,1.66494823120333,0.590909090909091,"Bifidobacterium","ppGpp metabolism","abs(rho) < 0.8",397
"taxonomy_function_candidate_pairs","Integration","delta_correlation","Bacteroides -> PWY-5130: 2-oxobutanoate degradation I","Bacteroides -> 2-oxobutanoate degradation I","Spearman correlation of participant-level deltas",11,8,3,"Spearman_rho",0.654545454545455,,0.0384345794392524,0.91588785046729,0.877453271028037,TRUE,64,"NA",,,0.0369815092453773,0.16809776929717,-0.834794351766513,-1.20093601770788,0.654545454545455,"Bacteroides","2-oxobutanoate degradation I","abs(rho) < 0.8",398
"taxonomy_function_candidate_pairs","Integration","delta_correlation","Bacteroides -> HEME-BIOSYNTHESIS-II: heme b biosynthesis I (aerobic)","Bacteroides -> heme b biosynthesis I (aerobic)","Spearman correlation of participant-level deltas",11,8,3,"Spearman_rho",0.618181818181818,,0.0231417083242775,0.915492957746479,0.892351249422201,TRUE,68,"NA",,,0.0459770114942529,0.183908045977012,-0.834794351766513,-1.02730292334941,0.618181818181818,"Bacteroides","heme b biosynthesis I (aerobic)","abs(rho) < 0.8",399
"taxonomy_function_candidate_pairs","Integration","delta_correlation","Blautia -> PWY-6969: TCA cycle V (2-oxoglutarate synthase)","Blautia -> TCA cycle V (2-oxoglutarate synthase)","Spearman correlation of participant-level deltas",11,8,3,"Spearman_rho",-0.654545454545455,,-0.990384615384616,0.0537189423296099,1.04410355771423,FALSE,69,"NA",,,0.0389805097451274,0.169480477152728,1.91808993644275,-1.5804242796288,0.654545454545455,"Blautia","TCA cycle V (2-oxoglutarate synthase)","abs(rho) < 0.8",400
"taxonomy_function_candidate_pairs","Integration","delta_correlation","Alistipes -> PWY-7254: TCA cycle VII (acetate-producers)","Alistipes -> TCA cycle VII (acetate-producers)","Spearman correlation of participant-level deltas",11,8,3,"Spearman_rho",0.543473675869988,,-0.0711964164088298,0.886049734705748,0.957246151114578,FALSE,69,"NA",,,0.0949525237381309,0.284143642464482,-1.75806285616303,-1.10869447134981,0.543473675869988,"Alistipes","TCA cycle VII (acetate-producers)","abs(rho) < 0.8",401
"taxonomy_function_candidate_pairs","Integration","delta_correlation","Parabacteroides -> PWY-7371: 1,4-dihydroxy-6-naphthoate biosynthesis II","Parabacteroides -> 1,4-dihydroxy-6-naphthoate biosynthesis II","Spearman correlation of participant-level deltas",11,8,3,"Spearman_rho",0.543473675869988,,-0.00955772054470864,0.859386818152362,0.868944538697071,FALSE,72,"NA",,,0.0789605197401299,0.246751624187906,-0.745680069691599,-1.00014204871659,0.543473675869988,"Parabacteroides","1,4-dihydroxy-6-naphthoate biosynthesis II","abs(rho) < 0.8",402
"taxonomy_function_candidate_pairs","Integration","delta_correlation","Alistipes -> PPGPPMET-PWY: ppGpp metabolism","Alistipes -> ppGpp metabolism","Spearman correlation of participant-level deltas",11,8,3,"Spearman_rho",-0.527272727272727,,-0.962616822429906,0.070585048754062,1.03320187118397,FALSE,72,"NA",,,0.0994502748625687,0.284143642464482,-1.75806285616303,1.66494823120333,0.527272727272727,"Alistipes","ppGpp metabolism","abs(rho) < 0.8",403
"taxonomy_function_candidate_pairs","Integration","delta_correlation","Bacteroides -> PWY-7883: anhydromuropeptides recycling II","Bacteroides -> anhydromuropeptides recycling II","Spearman correlation of participant-level deltas",11,8,3,"Spearman_rho",0.519363534239154,,-0.0472078569011318,0.857828172744802,0.905036029645934,FALSE,76,"NA",,,0.0979510244877561,0.284143642464482,-0.834794351766513,-0.948774695723309,0.519363534239154,"Bacteroides","anhydromuropeptides recycling II","abs(rho) < 0.8",404
"taxonomy_function_candidate_pairs","Integration","delta_correlation","Parabacteroides -> PWY-6969: TCA cycle V (2-oxoglutarate synthase)","Parabacteroides -> TCA cycle V (2-oxoglutarate synthase)","Spearman correlation of participant-level deltas",11,8,3,"Spearman_rho",0.590909090909091,,-0.0279206539074958,0.943668553376333,0.971589207283829,FALSE,78,"NA",,,0.0659670164917541,0.227472470661221,-0.745680069691599,-1.5804242796288,0.590909090909091,"Parabacteroides","TCA cycle V (2-oxoglutarate synthase)","abs(rho) < 0.8",405
"taxonomy_function_candidate_pairs","Integration","delta_correlation","Blautia -> SULFATE-CYS-PWY: superpathway of sulfate assimilation and cysteine biosynthesis","Blautia -> superpathway of sulfate assimilation and cysteine biosynthesis","Spearman correlation of participant-level deltas",11,8,3,"Spearman_rho",-0.409090909090909,,-0.71570656164475,0.222894380501015,0.938600942145765,FALSE,79,"NA",,,0.218890554722639,0.39889146335923,1.91808993644275,-1.26746222481692,0.409090909090909,"Blautia","superpathway of sulfate assimilation and cysteine biosynthesis","abs(rho) < 0.8",406
"taxonomy_function_candidate_pairs","Integration","delta_correlation","Blautia -> SO4ASSIM-PWY: assimilatory sulfate reduction I","Blautia -> assimilatory sulfate reduction I","Spearman correlation of participant-level deltas",11,8,3,"Spearman_rho",-0.409090909090909,,-0.711540697674419,0.231680359937401,0.94322105761182,FALSE,81,"NA",,,0.198900549725137,0.39889146335923,1.91808993644275,-1.23383149401492,0.409090909090909,"Blautia","assimilatory sulfate reduction I","abs(rho) < 0.8",407
"taxonomy_function_candidate_pairs","Integration","delta_correlation","Blautia -> PWY-5345: superpathway of L-methionine biosynthesis (by sulfhydrylation)","Blautia -> superpathway of L-methionine biosynthesis (by sulfhydrylation)","Spearman correlation of participant-level deltas",11,8,3,"Spearman_rho",-0.409090909090909,,-0.712996031746032,0.265748111859563,0.978744143605595,FALSE,83,"NA",,,0.210894552723638,0.39889146335923,1.91808993644275,-1.29704476762662,0.409090909090909,"Blautia","superpathway of L-methionine biosynthesis (by sulfhydrylation)","abs(rho) < 0.8",408
"taxonomy_function_candidate_pairs","Integration","delta_correlation","Parabacteroides -> PWY-7883: anhydromuropeptides recycling II","Parabacteroides -> anhydromuropeptides recycling II","Spearman correlation of participant-level deltas",11,8,3,"Spearman_rho",0.574033379948539,,-0.065713574857805,0.925954312522599,0.991667887380404,FALSE,84,"NA",,,0.0759620189905048,0.245038770937112,-0.745680069691599,-0.948774695723309,0.574033379948539,"Parabacteroides","anhydromuropeptides recycling II","abs(rho) < 0.8",409
"taxonomy_function_candidate_pairs","Integration","delta_correlation","Blautia -> PWY-7371: 1,4-dihydroxy-6-naphthoate biosynthesis II","Blautia -> 1,4-dihydroxy-6-naphthoate biosynthesis II","Spearman correlation of participant-level deltas",11,8,3,"Spearman_rho",-0.476731294622796,,-0.837909181142859,0.157399267249215,0.995308448392074,FALSE,85,"NA",,,0.150924537731134,0.367673306204041,1.91808993644275,-1.00014204871659,0.476731294622796,"Blautia","1,4-dihydroxy-6-naphthoate biosynthesis II","abs(rho) < 0.8",410
"taxonomy_function_candidate_pairs","Integration","delta_correlation","Blautia -> REDCITCYC: TCA cycle VI (Helicobacter)","Blautia -> TCA cycle VI (Helicobacter)","Spearman correlation of participant-level deltas",11,8,3,"Spearman_rho",-0.437327578887281,,-0.856651736630818,0.171493352290938,1.02814508892176,FALSE,89,"NA",,,0.175412293853073,0.39889146335923,1.91808993644275,-1.08117916514229,0.437327578887281,"Blautia","TCA cycle VI (Helicobacter)","abs(rho) < 0.8",411
"taxonomy_function_candidate_pairs","Integration","delta_correlation","Parabacteroides -> PWY-5130: 2-oxobutanoate degradation I","Parabacteroides -> 2-oxobutanoate degradation I","Spearman correlation of participant-level deltas",11,8,3,"Spearman_rho",0.581818181818182,,-0.07043922301582,0.971965876983264,1.04240509999908,FALSE,90,"NA",,,0.0704647676161919,0.23488255872064,-0.745680069691599,-1.20093601770788,0.581818181818182,"Parabacteroides","2-oxobutanoate degradation I","abs(rho) < 0.8",412
"taxonomy_function_candidate_pairs","Integration","delta_correlation","Bifidobacterium -> GOLPDLCAT-PWY: superpathway of glycerol degradation to 1,3-propanediol","Bifidobacterium -> superpathway of glycerol degradation to 1,3-propanediol","Spearman correlation of participant-level deltas",11,8,3,"Spearman_rho",-0.490909090909091,,-0.860497267173937,0.170731707317073,1.03122897449101,FALSE,93,"NA",,,0.132933533233383,0.349825087456272,-0.82712654115756,2.34596607686014,0.490909090909091,"Bifidobacterium","superpathway of glycerol degradation to 1,3-propanediol","abs(rho) < 0.8",413
"taxonomy_function_candidate_pairs","Integration","delta_correlation","Blautia -> GLUCARDEG-PWY: D-glucarate degradation I","Blautia -> D-glucarate degradation I","Spearman correlation of participant-level deltas",11,8,3,"Spearman_rho",0.412861411922385,,-0.194428683341406,0.788865998492234,0.983294681833639,FALSE,94,"NA",,,0.214392803598201,0.39889146335923,1.91808993644275,0.91200699311405,0.412861411922385,"Blautia","D-glucarate degradation I","abs(rho) < 0.8",414
"taxonomy_function_candidate_pairs","Integration","delta_correlation","Bifidobacterium -> PWY-6608: guanosine nucleotides degradation III","Bifidobacterium -> guanosine nucleotides degradation III","Spearman correlation of participant-level deltas",11,8,3,"Spearman_rho",-0.5,,-0.869304906542056,0.173735129221933,1.04304003576399,FALSE,96,"NA",,,0.111444277861069,0.301200750975863,-0.82712654115756,2.27771737095598,0.5,"Bifidobacterium","guanosine nucleotides degradation III","abs(rho) < 0.8",415
"taxonomy_function_candidate_pairs","Integration","delta_correlation","Parabacteroides -> REDCITCYC: TCA cycle VI (Helicobacter)","Parabacteroides -> TCA cycle VI (Helicobacter)","Spearman correlation of participant-level deltas",11,8,3,"Spearman_rho",0.465242105199235,,-0.156325833911991,0.8403828972255,0.99670873113749,FALSE,96,"NA",,,0.152923538230885,0.367673306204041,-0.745680069691599,-1.08117916514229,0.465242105199235,"Parabacteroides","TCA cycle VI (Helicobacter)","abs(rho) < 0.8",416
"taxonomy_function_candidate_pairs","Integration","delta_correlation","Blautia -> PWY66-389: phytol degradation","Blautia -> phytol degradation","Spearman correlation of participant-level deltas",11,8,3,"Spearman_rho",-0.470897517241779,,-0.898367747574183,0.212678893483426,1.11104664105761,FALSE,97,"NA",,,0.136431784107946,0.349825087456272,1.91808993644275,-1.3382605172337,0.470897517241779,"Blautia","phytol degradation","abs(rho) < 0.8",417
"taxonomy_function_candidate_pairs","Integration","delta_correlation","Parabacteroides -> PWY-6608: guanosine nucleotides degradation III","Parabacteroides -> guanosine nucleotides degradation III","Spearman correlation of participant-level deltas",11,8,3,"Spearman_rho",-0.590909090909091,,-0.907943126896706,0.202015186915887,1.10995831381259,FALSE,101,"NA",,,0.055472263868066,0.199900049975013,-0.745680069691599,2.27771737095598,0.590909090909091,"Parabacteroides","guanosine nucleotides degradation III","abs(rho) < 0.8",418
"taxonomy_function_candidate_pairs","Integration","delta_correlation","Blautia -> TCA: TCA cycle I (prokaryotic)","Blautia -> TCA cycle I (prokaryotic)","Spearman correlation of participant-level deltas",11,8,3,"Spearman_rho",-0.286038776773678,,-0.667347296034632,0.319378934055831,0.986726230090463,FALSE,102,"NA",,,0.380309845077461,0.55117368851806,1.91808993644275,-1.04127097786191,0.286038776773678,"Blautia","TCA cycle I (prokaryotic)","abs(rho) < 0.8",419
"taxonomy_function_candidate_pairs","Integration","delta_correlation","Bacteroides -> REDCITCYC: TCA cycle VI (Helicobacter)","Bacteroides -> TCA cycle VI (Helicobacter)","Spearman correlation of participant-level deltas",11,8,3,"Spearman_rho",0.47454694730322,,-0.20721400247325,0.845869330371088,1.05308333284434,FALSE,103,"NA",,,0.154422788605697,0.367673306204041,-0.834794351766513,-1.08117916514229,0.47454694730322,"Bacteroides","TCA cycle VI (Helicobacter)","abs(rho) < 0.8",420
"taxonomy_function_candidate_pairs","Integration","delta_correlation","Parabacteroides -> PWY-5345: superpathway of L-methionine biosynthesis (by sulfhydrylation)","Parabacteroides -> superpathway of L-methionine biosynthesis (by sulfhydrylation)","Spearman correlation of participant-level deltas",11,8,3,"Spearman_rho",0.418181818181818,,-0.246657248424255,0.78954816285998,1.03620541128423,FALSE,105,"NA",,,0.2023988005997,0.39889146335923,-0.745680069691599,-1.29704476762662,0.418181818181818,"Parabacteroides","superpathway of L-methionine biosynthesis (by sulfhydrylation)","abs(rho) < 0.8",421
"taxonomy_function_candidate_pairs","Integration","delta_correlation","Parabacteroides -> SO4ASSIM-PWY: assimilatory sulfate reduction I","Parabacteroides -> assimilatory sulfate reduction I","Spearman correlation of participant-level deltas",11,8,3,"Spearman_rho",0.418181818181818,,-0.230769230769231,0.813996356231915,1.04476558700115,FALSE,109,"NA",,,0.191904047976012,0.39889146335923,-0.745680069691599,-1.23383149401492,0.418181818181818,"Parabacteroides","assimilatory sulfate reduction I","abs(rho) < 0.8",422
"taxonomy_function_candidate_pairs","Integration","delta_correlation","Parabacteroides -> SULFATE-CYS-PWY: superpathway of sulfate assimilation and cysteine biosynthesis","Parabacteroides -> superpathway of sulfate assimilation and cysteine biosynthesis","Spearman correlation of participant-level deltas",11,8,3,"Spearman_rho",0.418181818181818,,-0.274442197505898,0.802816901408451,1.07725909891435,FALSE,113,"NA",,,0.196901549225387,0.39889146335923,-0.745680069691599,-1.26746222481692,0.418181818181818,"Parabacteroides","superpathway of sulfate assimilation and cysteine biosynthesis","abs(rho) < 0.8",423
"taxonomy_function_candidate_pairs","Integration","delta_correlation","Blautia -> PWY-7254: TCA cycle VII (acetate-producers)","Blautia -> TCA cycle VII (acetate-producers)","Spearman correlation of participant-level deltas",11,8,3,"Spearman_rho",-0.314642654451045,,-0.718699858391888,0.362515327481827,1.08121518587371,FALSE,114,"NA",,,0.339830084957521,0.507209082026151,1.91808993644275,-1.10869447134981,0.314642654451045,"Blautia","TCA cycle VII (acetate-producers)","abs(rho) < 0.8",424
"taxonomy_function_candidate_pairs","Integration","delta_correlation","Bacteroides -> TCA: TCA cycle I (prokaryotic)","Bacteroides -> TCA cycle I (prokaryotic)","Spearman correlation of participant-level deltas",11,8,3,"Spearman_rho",0.190692517849118,,-0.320708690846475,0.627958656445589,0.948667347292064,FALSE,114,"NA",,,0.584207896051974,0.71244865372192,-0.834794351766513,-1.04127097786191,0.190692517849118,"Bacteroides","TCA cycle I (prokaryotic)","abs(rho) < 0.8",425
"taxonomy_function_candidate_pairs","Integration","delta_correlation","Alistipes -> TCA: TCA cycle I (prokaryotic)","Alistipes -> TCA cycle I (prokaryotic)","Spearman correlation of participant-level deltas",11,8,3,"Spearman_rho",0.400454287483149,,-0.265316291529564,0.867294081502044,1.13261037303161,FALSE,115,"NA",,,0.230384807596202,0.40572933872047,-1.75806285616303,-1.04127097786191,0.400454287483149,"Alistipes","TCA cycle I (prokaryotic)","abs(rho) < 0.8",426
"taxonomy_function_candidate_pairs","Integration","delta_correlation","Bifidobacterium -> PWY66-389: phytol degradation","Bifidobacterium -> phytol degradation","Spearman correlation of participant-level deltas",11,8,3,"Spearman_rho",0.38167482976439,,-0.231313621325276,0.818049723003144,1.04936334432842,FALSE,118,"NA",,,0.217891054472764,0.39889146335923,-0.82712654115756,-1.3382605172337,0.38167482976439,"Bifidobacterium","phytol degradation","abs(rho) < 0.8",427
"taxonomy_function_candidate_pairs","Integration","delta_correlation","Parabacteroides -> GOLPDLCAT-PWY: superpathway of glycerol degradation to 1,3-propanediol","Parabacteroides -> superpathway of glycerol degradation to 1,3-propanediol","Spearman correlation of participant-level deltas",11,8,3,"Spearman_rho",-0.509090909090909,,-0.924882629107981,0.271889400921659,1.19677203002964,FALSE,119,"NA",,,0.103948025987006,0.288744516630574,-0.745680069691599,2.34596607686014,0.509090909090909,"Parabacteroides","superpathway of glycerol degradation to 1,3-propanediol","abs(rho) < 0.8",428
"taxonomy_function_candidate_pairs","Integration","delta_correlation","Bacteroides -> METHGLYUT-PWY: superpathway of methylglyoxal degradation","Bacteroides -> superpathway of methylglyoxal degradation","Spearman correlation of participant-level deltas",11,8,3,"Spearman_rho",0.440385506050544,,-0.247693116500564,0.92744019236102,1.17513330886158,FALSE,119,"NA",,,0.189405297351324,0.39889146335923,-0.834794351766513,-0.862887074676158,0.440385506050544,"Bacteroides","superpathway of methylglyoxal degradation","abs(rho) < 0.8",429
"taxonomy_function_candidate_pairs","Integration","delta_correlation","Alistipes -> PWY0-1298: superpathway of pyrimidine deoxyribonucleosides degradation","Alistipes -> superpathway of pyrimidine deoxyribonucleosides degradation","Spearman correlation of participant-level deltas",11,8,3,"Spearman_rho",0.390909090909091,,-0.348912575366064,0.870967741935484,1.21988031730155,FALSE,120,"NA",,,0.253873063468266,0.409472683013332,-1.75806285616303,-1.38896352781753,0.390909090909091,"Alistipes","superpathway of pyrimidine deoxyribonucleosides degradation","abs(rho) < 0.8",430
"taxonomy_function_candidate_pairs","Integration","delta_correlation","Bacteroides -> PWY66-389: phytol degradation","Bacteroides -> phytol degradation","Spearman correlation of participant-level deltas",11,8,3,"Spearman_rho",0.386631645735356,,-0.261466790201642,0.854078114965616,1.11554490516726,FALSE,124,"NA",,,0.239380309845078,0.40572933872047,-0.834794351766513,-1.3382605172337,0.386631645735356,"Bacteroides","phytol degradation","abs(rho) < 0.8",431
"taxonomy_function_candidate_pairs","Integration","delta_correlation","Bacteroides -> PWY-7254: TCA cycle VII (acetate-producers)","Bacteroides -> TCA cycle VII (acetate-producers)","Spearman correlation of participant-level deltas",11,8,3,"Spearman_rho",0.286038776773678,,-0.309126964612935,0.774659316409862,1.0837862810228,FALSE,126,"NA",,,0.414292853573213,0.57231658143531,-0.834794351766513,-1.10869447134981,0.286038776773678,"Bacteroides","TCA cycle VII (acetate-producers)","abs(rho) < 0.8",432
"taxonomy_function_candidate_pairs","Integration","delta_correlation","Alistipes -> SULFATE-CYS-PWY: superpathway of sulfate assimilation and cysteine biosynthesis","Alistipes -> superpathway of sulfate assimilation and cysteine biosynthesis","Spearman correlation of participant-level deltas",11,8,3,"Spearman_rho",0.363636363636364,,-0.384634146341464,0.833433014354066,1.21806716069553,FALSE,127,"NA",,,0.274362818590705,0.428691904047976,-1.75806285616303,-1.26746222481692,0.363636363636364,"Alistipes","superpathway of sulfate assimilation and cysteine biosynthesis","abs(rho) < 0.8",433
"taxonomy_function_candidate_pairs","Integration","delta_correlation","Parabacteroides -> HEME-BIOSYNTHESIS-II: heme b biosynthesis I (aerobic)","Parabacteroides -> heme b biosynthesis I (aerobic)","Spearman correlation of participant-level deltas",11,8,3,"Spearman_rho",0.390909090909091,,-0.333644859813084,0.833373786407767,1.16701864622085,FALSE,128,"NA",,,0.253873063468266,0.409472683013332,-0.745680069691599,-1.02730292334941,0.390909090909091,"Parabacteroides","heme b biosynthesis I (aerobic)","abs(rho) < 0.8",434
"taxonomy_function_candidate_pairs","Integration","delta_correlation","Parabacteroides -> GLUCARDEG-PWY: D-glucarate degradation I","Parabacteroides -> D-glucarate degradation I","Spearman correlation of participant-level deltas",11,8,3,"Spearman_rho",0.302765035409749,,-0.336617822966507,0.747727597003838,1.08434541997035,FALSE,128,"NA",,,0.36631684157921,0.538701237616486,-0.745680069691599,0.91200699311405,0.302765035409749,"Parabacteroides","D-glucarate degradation I","abs(rho) < 0.8",435
"taxonomy_function_candidate_pairs","Integration","delta_correlation","Bifidobacterium -> PWY-6969: TCA cycle V (2-oxoglutarate synthase)","Bifidobacterium -> TCA cycle V (2-oxoglutarate synthase)","Spearman correlation of participant-level deltas",11,8,3,"Spearman_rho",0.227272727272727,,-0.400185185185185,0.644772811687507,1.04495799687269,FALSE,129,"NA",,,0.505247376311844,0.656165423781616,-0.82712654115756,-1.5804242796288,0.227272727272727,"Bifidobacterium","TCA cycle V (2-oxoglutarate synthase)","abs(rho) < 0.8",436
"taxonomy_function_candidate_pairs","Integration","delta_correlation","Bacteroides -> GOLPDLCAT-PWY: superpathway of glycerol degradation to 1,3-propanediol","Bacteroides -> superpathway of glycerol degradation to 1,3-propanediol","Spearman correlation of participant-level deltas",11,8,3,"Spearman_rho",-0.390909090909091,,-0.887876427829699,0.304378019323671,1.19225444715337,FALSE,130,"NA",,,0.235382308845577,0.40572933872047,-0.834794351766513,2.34596607686014,0.390909090909091,"Bacteroides","superpathway of glycerol degradation to 1,3-propanediol","abs(rho) < 0.8",437
"taxonomy_function_candidate_pairs","Integration","delta_correlation","Alistipes -> SO4ASSIM-PWY: assimilatory sulfate reduction I","Alistipes -> assimilatory sulfate reduction I","Spearman correlation of participant-level deltas",11,8,3,"Spearman_rho",0.363636363636364,,-0.375653474459273,0.850467289719626,1.2261207641789,FALSE,131,"NA",,,0.278860569715142,0.429016261100219,-1.75806285616303,-1.23383149401492,0.363636363636364,"Alistipes","assimilatory sulfate reduction I","abs(rho) < 0.8",438
"taxonomy_function_candidate_pairs","Integration","delta_correlation","Alistipes -> PWY-5345: superpathway of L-methionine biosynthesis (by sulfhydrylation)","Alistipes -> superpathway of L-methionine biosynthesis (by sulfhydrylation)","Spearman correlation of participant-level deltas",11,8,3,"Spearman_rho",0.363636363636364,,-0.375726554448643,0.857142857142857,1.2328694115915,FALSE,132,"NA",,,0.272863568215892,0.428691904047976,-1.75806285616303,-1.29704476762662,0.363636363636364,"Alistipes","superpathway of L-methionine biosynthesis (by sulfhydrylation)","abs(rho) < 0.8",439
"taxonomy_function_candidate_pairs","Integration","delta_correlation","Bacteroides -> PWY0-1298: superpathway of pyrimidine deoxyribonucleosides degradation","Bacteroides -> superpathway of pyrimidine deoxyribonucleosides degradation","Spearman correlation of participant-level deltas",11,8,3,"Spearman_rho",0.427272727272727,,-0.350052816901408,0.87962962962963,1.22968244653104,FALSE,133,"NA",,,0.182408795602199,0.39889146335923,-0.834794351766513,-1.38896352781753,0.427272727272727,"Bacteroides","superpathway of pyrimidine deoxyribonucleosides degradation","abs(rho) < 0.8",440
"taxonomy_function_candidate_pairs","Integration","delta_correlation","Parabacteroides -> TCA: TCA cycle I (prokaryotic)","Parabacteroides -> TCA cycle I (prokaryotic)","Spearman correlation of participant-level deltas",11,8,3,"Spearman_rho",0.25743489909631,,-0.38033761448066,0.716179377697616,1.09651699217828,FALSE,135,"NA",,,0.454272863568216,0.597727452063442,-0.745680069691599,-1.04127097786191,0.25743489909631,"Parabacteroides","TCA cycle I (prokaryotic)","abs(rho) < 0.8",441
"taxonomy_function_candidate_pairs","Integration","delta_correlation","Alistipes -> METHGLYUT-PWY: superpathway of methylglyoxal degradation","Alistipes -> superpathway of methylglyoxal degradation","Spearman correlation of participant-level deltas",11,8,3,"Spearman_rho",0.385337317794226,,-0.333428178412117,0.891456817001694,1.22488499541381,FALSE,138,"NA",,,0.24487756121939,0.408129268698984,-1.75806285616303,-0.862887074676158,0.385337317794226,"Alistipes","superpathway of methylglyoxal degradation","abs(rho) < 0.8",442
"taxonomy_function_candidate_pairs","Integration","delta_correlation","Parabacteroides -> PWY-7254: TCA cycle VII (acetate-producers)","Parabacteroides -> TCA cycle VII (acetate-producers)","Spearman correlation of participant-level deltas",11,8,3,"Spearman_rho",0.276504150881222,,-0.367625375931505,0.792561154984963,1.16018653091647,FALSE,138,"NA",,,0.424287856071964,0.573361967664816,-0.745680069691599,-1.10869447134981,0.276504150881222,"Parabacteroides","TCA cycle VII (acetate-producers)","abs(rho) < 0.8",443
"taxonomy_function_candidate_pairs","Integration","delta_correlation","Bifidobacterium -> METHGLYUT-PWY: superpathway of methylglyoxal degradation","Bifidobacterium -> superpathway of methylglyoxal degradation","Spearman correlation of participant-level deltas",11,8,3,"Spearman_rho",0.431210808007825,,-0.336492890995261,0.951083435009321,1.28757632600458,FALSE,139,"NA",,,0.202898550724638,0.39889146335923,-0.82712654115756,-0.862887074676158,0.431210808007825,"Bifidobacterium","superpathway of methylglyoxal degradation","abs(rho) < 0.8",444
"taxonomy_function_candidate_pairs","Integration","delta_correlation","Alistipes -> GLUCARDEG-PWY: D-glucarate degradation I","Alistipes -> D-glucarate degradation I","Spearman correlation of participant-level deltas",11,8,3,"Spearman_rho",-0.28441563932431,,-0.786067533931769,0.421598565410046,1.20766609934182,FALSE,141,"NA",,,0.410294852573713,0.57231658143531,-1.75806285616303,0.91200699311405,0.28441563932431,"Alistipes","D-glucarate degradation I","abs(rho) < 0.8",445
"taxonomy_function_candidate_pairs","Integration","delta_correlation","Blautia -> PWY0-1298: superpathway of pyrimidine deoxyribonucleosides degradation","Blautia -> superpathway of pyrimidine deoxyribonucleosides degradation","Spearman correlation of participant-level deltas",11,8,3,"Spearman_rho",-0.281818181818182,,-0.838919032643841,0.470055555555555,1.3089745881994,FALSE,143,"NA",,,0.417791104447776,0.57231658143531,1.91808993644275,-1.38896352781753,0.281818181818182,"Blautia","superpathway of pyrimidine deoxyribonucleosides degradation","abs(rho) < 0.8",446
"taxonomy_function_candidate_pairs","Integration","delta_correlation","Bacteroides -> PWY-5345: superpathway of L-methionine biosynthesis (by sulfhydrylation)","Bacteroides -> superpathway of L-methionine biosynthesis (by sulfhydrylation)","Spearman correlation of participant-level deltas",11,8,3,"Spearman_rho",0.2,,-0.436723182698084,0.724601850085828,1.16132503278391,FALSE,143,"NA",,,0.551224387806097,0.697752389627971,-0.834794351766513,-1.29704476762662,0.2,"Bacteroides","superpathway of L-methionine biosynthesis (by sulfhydrylation)","abs(rho) < 0.8",447
"taxonomy_function_candidate_pairs","Integration","delta_correlation","Blautia -> PWY-6572: chondroitin sulfate degradation I (bacterial)","Blautia -> chondroitin sulfate degradation I (bacterial)","Spearman correlation of participant-level deltas",11,8,3,"Spearman_rho",-0.390803368367358,,-0.894297126822741,0.416381290755951,1.31067841757869,FALSE,146,"NA",,,0.219390304847576,0.39889146335923,1.91808993644275,-0.924855125149428,0.390803368367358,"Blautia","chondroitin sulfate degradation I (bacterial)","abs(rho) < 0.8",448
"taxonomy_function_candidate_pairs","Integration","delta_correlation","Bacteroides -> SO4ASSIM-PWY: assimilatory sulfate reduction I","Bacteroides -> assimilatory sulfate reduction I","Spearman correlation of participant-level deltas",11,8,3,"Spearman_rho",0.2,,-0.419384986433524,0.757009345794392,1.17639433222792,FALSE,146,"NA",,,0.559720139930035,0.699650174912544,-0.834794351766513,-1.23383149401492,0.2,"Bacteroides","assimilatory sulfate reduction I","abs(rho) < 0.8",449
"taxonomy_function_candidate_pairs","Integration","delta_correlation","Bacteroides -> SULFATE-CYS-PWY: superpathway of sulfate assimilation and cysteine biosynthesis","Bacteroides -> superpathway of sulfate assimilation and cysteine biosynthesis","Spearman correlation of participant-level deltas",11,8,3,"Spearman_rho",0.2,,-0.426126834381551,0.769585253456221,1.19571208783777,FALSE,149,"NA",,,0.570214892553723,0.703969003152745,-0.834794351766513,-1.26746222481692,0.2,"Bacteroides","superpathway of sulfate assimilation and cysteine biosynthesis","abs(rho) < 0.8",450
"taxonomy_function_candidate_pairs","Integration","delta_correlation","Bifidobacterium -> HEME-BIOSYNTHESIS-II: heme b biosynthesis I (aerobic)","Bifidobacterium -> heme b biosynthesis I (aerobic)","Spearman correlation of participant-level deltas",11,8,3,"Spearman_rho",0.390909090909091,,-0.411351246105919,0.94392523364486,1.35527647975078,FALSE,152,"NA",,,0.234382808595702,0.40572933872047,-0.82712654115756,-1.02730292334941,0.390909090909091,"Bifidobacterium","heme b biosynthesis I (aerobic)","abs(rho) < 0.8",451
"taxonomy_function_candidate_pairs","Integration","delta_correlation","Alistipes -> HEME-BIOSYNTHESIS-II: heme b biosynthesis I (aerobic)","Alistipes -> heme b biosynthesis I (aerobic)","Spearman correlation of participant-level deltas",11,8,3,"Spearman_rho",0.254545454545455,,-0.474473476372252,0.817329545454545,1.2918030218268,FALSE,154,"NA",,,0.449275362318841,0.597727452063442,-1.75806285616303,-1.02730292334941,0.254545454545455,"Alistipes","heme b biosynthesis I (aerobic)","abs(rho) < 0.8",452
"taxonomy_function_candidate_pairs","Integration","delta_correlation","Parabacteroides -> PWY0-1298: superpathway of pyrimidine deoxyribonucleosides degradation","Parabacteroides -> superpathway of pyrimidine deoxyribonucleosides degradation","Spearman correlation of participant-level deltas",11,8,3,"Spearman_rho",0.345454545454545,,-0.478672985781991,0.860651601579639,1.33932458736163,FALSE,158,"NA",,,0.309845077461269,0.469462238577681,-0.745680069691599,-1.38896352781753,0.345454545454545,"Parabacteroides","superpathway of pyrimidine deoxyribonucleosides degradation","abs(rho) < 0.8",453
"taxonomy_function_candidate_pairs","Integration","delta_correlation","Bifidobacterium -> PWY-6572: chondroitin sulfate degradation I (bacterial)","Bifidobacterium -> chondroitin sulfate degradation I (bacterial)","Spearman correlation of participant-level deltas",11,8,3,"Spearman_rho",0.0418717894679312,,-0.592629226625661,0.598612097688799,1.19124132431446,FALSE,159,"NA",,,0.900049975012494,0.957499973417547,-0.82712654115756,-0.924855125149428,0.0418717894679312,"Bifidobacterium","chondroitin sulfate degradation I (bacterial)","abs(rho) < 0.8",454
"taxonomy_function_candidate_pairs","Integration","delta_correlation","Bacteroides -> GLUCARDEG-PWY: D-glucarate degradation I","Bacteroides -> D-glucarate degradation I","Spearman correlation of participant-level deltas",11,8,3,"Spearman_rho",0.146795168683515,,-0.50413627313409,0.726037059372644,1.23017333250673,FALSE,160,"NA",,,0.692653673163418,0.824587706146927,-0.834794351766513,0.91200699311405,0.146795168683515,"Bacteroides","D-glucarate degradation I","abs(rho) < 0.8",455
"taxonomy_function_candidate_pairs","Integration","delta_correlation","Blautia -> METHGLYUT-PWY: superpathway of methylglyoxal degradation","Blautia -> superpathway of methylglyoxal degradation","Spearman correlation of participant-level deltas",11,8,3,"Spearman_rho",-0.110096376512636,,-0.701923076923077,0.538706833063075,1.24062990998615,FALSE,163,"NA",,,0.754122938530735,0.876887137826436,1.91808993644275,-0.862887074676158,0.110096376512636,"Blautia","superpathway of methylglyoxal degradation","abs(rho) < 0.8",456
"taxonomy_function_candidate_pairs","Integration","delta_correlation","Parabacteroides -> METHGLYUT-PWY: superpathway of methylglyoxal degradation","Parabacteroides -> superpathway of methylglyoxal degradation","Spearman correlation of participant-level deltas",11,8,3,"Spearman_rho",0.183493960854393,,-0.52519875762211,0.740201602418496,1.26540036004061,FALSE,164,"NA",,,0.60519740129935,0.729153495541386,-0.745680069691599,-0.862887074676158,0.183493960854393,"Parabacteroides","superpathway of methylglyoxal degradation","abs(rho) < 0.8",457
"taxonomy_function_candidate_pairs","Integration","delta_correlation","Bifidobacterium -> PWY0-1298: superpathway of pyrimidine deoxyribonucleosides degradation","Bifidobacterium -> superpathway of pyrimidine deoxyribonucleosides degradation","Spearman correlation of participant-level deltas",11,8,3,"Spearman_rho",0.272727272727273,,-0.551401869158879,0.831833842973427,1.38323571213231,FALSE,167,"NA",,,0.412793603198401,0.57231658143531,-0.82712654115756,-1.38896352781753,0.272727272727273,"Bifidobacterium","superpathway of pyrimidine deoxyribonucleosides degradation","abs(rho) < 0.8",458
"taxonomy_function_candidate_pairs","Integration","delta_correlation","Bifidobacterium -> PWY-5130: 2-oxobutanoate degradation I","Bifidobacterium -> 2-oxobutanoate degradation I","Spearman correlation of participant-level deltas",11,8,3,"Spearman_rho",0.0818181818181818,,-0.568125575885218,0.700934579439252,1.26906015532447,FALSE,169,"NA",,,0.815592203898051,0.926809322611422,-0.82712654115756,-1.20093601770788,0.0818181818181818,"Bifidobacterium","2-oxobutanoate degradation I","abs(rho) < 0.8",459
"taxonomy_function_candidate_pairs","Integration","delta_correlation","Bacteroides -> PWY-7209: superpathway of pyrimidine ribonucleosides degradation","Bacteroides -> superpathway of pyrimidine ribonucleosides degradation","Spearman correlation of participant-level deltas",11,8,3,"Spearman_rho",-0.0727272727272727,,-0.707391155687258,0.58852345391942,1.29591460960668,FALSE,172,"NA",,,0.839580209895052,0.943348550443879,-0.834794351766513,2.12599920721871,0.0727272727272727,"Bacteroides","superpathway of pyrimidine ribonucleosides degradation","abs(rho) < 0.8",460
"taxonomy_function_candidate_pairs","Integration","delta_correlation","Parabacteroides -> PWY66-389: phytol degradation","Parabacteroides -> phytol degradation","Spearman correlation of participant-level deltas",11,8,3,"Spearman_rho",0.20322945480961,,-0.570247119123712,0.854837201749405,1.42508432087312,FALSE,173,"NA",,,0.536731634182909,0.688117479721678,-0.745680069691599,-1.3382605172337,0.20322945480961,"Parabacteroides","phytol degradation","abs(rho) < 0.8",461
"taxonomy_function_candidate_pairs","Integration","delta_correlation","Parabacteroides -> PWY-7209: superpathway of pyrimidine ribonucleosides degradation","Parabacteroides -> superpathway of pyrimidine ribonucleosides degradation","Spearman correlation of participant-level deltas",11,8,3,"Spearman_rho",-0.0454545454545455,,-0.654205607476636,0.673076923076923,1.32728253055356,FALSE,179,"NA",,,0.900049975012494,0.957499973417547,-0.745680069691599,2.12599920721871,0.0454545454545455,"Parabacteroides","superpathway of pyrimidine ribonucleosides degradation","abs(rho) < 0.8",462
"taxonomy_function_candidate_pairs","Integration","delta_correlation","Blautia -> HEME-BIOSYNTHESIS-II: heme b biosynthesis I (aerobic)","Blautia -> heme b biosynthesis I (aerobic)","Spearman correlation of participant-level deltas",11,8,3,"Spearman_rho",-0.00909090909090909,,-0.653957286432161,0.789144103826359,1.44310139025852,FALSE,184,"NA",,,0.990504747626187,0.990504747626187,1.91808993644275,-1.02730292334941,0.00909090909090909,"Blautia","heme b biosynthesis I (aerobic)","abs(rho) < 0.8",463
"taxonomy_function_candidate_pairs","Integration","delta_correlation","Bacteroides -> PPGPPMET-PWY: ppGpp metabolism","Bacteroides -> ppGpp metabolism","Spearman correlation of participant-level deltas",11,8,3,"Spearman_rho",-0.00909090909090909,,-0.798101076555024,0.571543778801843,1.36964485535687,FALSE,186,"NA",,,0.989005497251374,0.990504747626187,-0.834794351766513,1.66494823120333,0.00909090909090909,"Bacteroides","ppGpp metabolism","abs(rho) < 0.8",464
"taxonomy_function_candidate_pairs","Integration","delta_correlation","Bifidobacterium -> PWY-7254: TCA cycle VII (acetate-producers)","Bifidobacterium -> TCA cycle VII (acetate-producers)","Spearman correlation of participant-level deltas",11,8,3,"Spearman_rho",0.114415510709471,,-0.725361209027339,0.868430656472715,1.59379186550005,FALSE,187,"NA",,,0.745627186406797,0.876887137826436,-0.82712654115756,-1.10869447134981,0.114415510709471,"Bifidobacterium","TCA cycle VII (acetate-producers)","abs(rho) < 0.8",465
"taxonomy_function_candidate_pairs","Integration","delta_correlation","Bifidobacterium -> PWY-5345: superpathway of L-methionine biosynthesis (by sulfhydrylation)","Bifidobacterium -> superpathway of L-methionine biosynthesis (by sulfhydrylation)","Spearman correlation of participant-level deltas",11,8,3,"Spearman_rho",0.0545454545454545,,-0.690304385555036,0.837339940760993,1.52764432631603,FALSE,187,"NA",,,0.882058970514743,0.957499973417547,-0.82712654115756,-1.29704476762662,0.0545454545454545,"Bifidobacterium","superpathway of L-methionine biosynthesis (by sulfhydrylation)","abs(rho) < 0.8",466
"taxonomy_function_candidate_pairs","Integration","delta_correlation","Bifidobacterium -> PWY-7371: 1,4-dihydroxy-6-naphthoate biosynthesis II","Bifidobacterium -> 1,4-dihydroxy-6-naphthoate biosynthesis II","Spearman correlation of participant-level deltas",11,8,3,"Spearman_rho",-0.0286038776773678,,-0.660918394752798,0.76421691093844,1.42513530569124,FALSE,187,"NA",,,0.950024987506247,0.979407203614687,-0.82712654115756,-1.00014204871659,0.0286038776773678,"Bifidobacterium","1,4-dihydroxy-6-naphthoate biosynthesis II","abs(rho) < 0.8",467
"taxonomy_function_candidate_pairs","Integration","delta_correlation","Bifidobacterium -> TCA: TCA cycle I (prokaryotic)","Bifidobacterium -> TCA cycle I (prokaryotic)","Spearman correlation of participant-level deltas",11,8,3,"Spearman_rho",0.104880884817015,,-0.638947295740752,0.910902013191445,1.5498493089322,FALSE,188,"NA",,,0.770614692653673,0.885764014544452,-0.82712654115756,-1.04127097786191,0.104880884817015,"Bifidobacterium","TCA cycle I (prokaryotic)","abs(rho) < 0.8",468
"taxonomy_function_candidate_pairs","Integration","delta_correlation","Bifidobacterium -> SULFATE-CYS-PWY: superpathway of sulfate assimilation and cysteine biosynthesis","Bifidobacterium -> superpathway of sulfate assimilation and cysteine biosynthesis","Spearman correlation of participant-level deltas",11,8,3,"Spearman_rho",0.0545454545454545,,-0.711627906976744,0.823347495527728,1.53497540250447,FALSE,188,"NA",,,0.884057971014493,0.957499973417547,-0.82712654115756,-1.26746222481692,0.0545454545454545,"Bifidobacterium","superpathway of sulfate assimilation and cysteine biosynthesis","abs(rho) < 0.8",469
"taxonomy_function_candidate_pairs","Integration","delta_correlation","Bifidobacterium -> SO4ASSIM-PWY: assimilatory sulfate reduction I","Bifidobacterium -> assimilatory sulfate reduction I","Spearman correlation of participant-level deltas",11,8,3,"Spearman_rho",0.0545454545454545,,-0.711538461538462,0.833333333333333,1.5448717948718,FALSE,190,"NA",,,0.885057471264368,0.957499973417547,-0.82712654115756,-1.23383149401492,0.0545454545454545,"Bifidobacterium","assimilatory sulfate reduction I","abs(rho) < 0.8",470
"taxonomy_function_candidate_pairs","Integration","delta_correlation","Bifidobacterium -> PWY-7883: anhydromuropeptides recycling II","Bifidobacterium -> anhydromuropeptides recycling II","Spearman correlation of participant-level deltas",11,8,3,"Spearman_rho",0.0273349228546923,,-0.66836423292053,0.854387441253937,1.52275167417447,FALSE,191,"NA",,,0.937031484257871,0.976074462768616,-0.82712654115756,-0.948774695723309,0.0273349228546923,"Bifidobacterium","anhydromuropeptides recycling II","abs(rho) < 0.8",471
"taxonomy_function_candidate_pairs","Integration","delta_correlation","Bifidobacterium -> REDCITCYC: TCA cycle VI (Helicobacter)","Bifidobacterium -> TCA cycle VI (Helicobacter)","Spearman correlation of participant-level deltas",11,8,3,"Spearman_rho",-0.0372193684159388,,-0.769239959264466,0.774799691599815,1.54403965086428,FALSE,192,"NA",,,0.914542728635682,0.962676556458613,-0.82712654115756,-1.08117916514229,0.0372193684159388,"Bifidobacterium","TCA cycle VI (Helicobacter)","abs(rho) < 0.8",472
"taxonomy_function_candidate_pairs","Integration","delta_correlation","Parabacteroides -> PPGPPMET-PWY: ppGpp metabolism","Parabacteroides -> ppGpp metabolism","Spearman correlation of participant-level deltas",11,8,3,"Spearman_rho",-0.0181818181818182,,-0.759615384615385,0.703868120456905,1.46348350507229,FALSE,192,"NA",,,0.971514242878561,0.990504747626187,-0.745680069691599,1.66494823120333,0.0181818181818182,"Parabacteroides","ppGpp metabolism","abs(rho) < 0.8",473
