feature,feature_short,level,transform_primary,n_pairs,n_treatment,n_control,mean_change_treatment,sd_change_treatment,mean_change_control,sd_change_control,mean_difference,median_difference,cohens_d,prob_superiority,ci_lower,ci_upper,ci_width,ci_excludes_zero,d_raw,d_log1p,loo_n_folds,loo_sign_agreement,loo_sign_flip_frac,loo_median_d,loo_range_d,loo_iqr_d,loo_median_mean_diff,abs_d,transform_sign_agreement_raw_log1p,ci_width_rank,abs_d_rank,loo_rank,rank_consensus,effect_class,precision_class,interpretation
PWY66-389: phytol degradation,PWY66-389: phytol degradation,Pathway,raw,11,8,3,-0.43028225,1.63937925600966,2.24359,2.30143635512695,-2.67387225,-2.13196,-1.3382605172337,0.145833333333333,-5.108036675,-0.426721833333333,4.68131484166667,TRUE,-1.3382605172337,-1.59497068273079,13,1,0,-1.33496127291049,0.270628995982951,0.00329924432321871,-2.67387225,1.3382605172337,TRUE,11,57,1,69,Large,Narrower CI,"Large effect, Narrower CI"
REDCITCYC: TCA cycle VI (Helicobacter),REDCITCYC: TCA cycle VI (Helicobacter),Pathway,raw,11,8,3,-2.07168125,4.29030967785523,1.33438666666667,1.20098430141003,-3.40606791666667,-3.31275,-1.08117916514229,0.1875,-6.40227232291667,-0.420543177083335,5.98172914583333,TRUE,-1.08117916514229,-1.34322534961407,13,1,0,-1.08117916514229,0.665078856025836,0.130081809649423,-3.40606791666667,1.08117916514229,TRUE,15,90,1,106,Large,Narrower CI,"Large effect, Narrower CI"
PWY-7254: TCA cycle VII (acetate-producers),PWY-7254: TCA cycle VII (acetate-producers),Pathway,raw,11,8,3,-2.69481625,5.45914118714378,1.75224,1.54117378500934,-4.44705625,-2.35918,-1.10869447134981,0.166666666666667,-8.42587772916667,-1.11485594791667,7.31102178125,TRUE,-1.10869447134981,-1.22796203766624,13,1,0,-1.10869447134981,0.378505870673396,0.0340217346383727,-4.44705625,1.10869447134981,TRUE,22,86,1,109,Large,Narrower CI,"Large effect, Narrower CI"
SO4ASSIM-PWY: assimilatory sulfate reduction I,SO4ASSIM-PWY: assimilatory sulfate reduction I,Pathway,raw,11,8,3,-4.8065,8.34853885610958,2.87392,2.79275763884015,-7.68042,-8.59826,-1.23383149401492,0.125,-13.4333585625,-1.63986953125001,11.79348903125,TRUE,-1.23383149401492,-1.85084103288216,13,1,0,-1.23383149401492,1.30015153753152,0.150567800866922,-7.68042,1.23383149401492,TRUE,44,67,1,112,Large,Narrower CI,"Large effect, Narrower CI"
PWY-7209: superpathway of pyrimidine ribonucleosides degradation,PWY-7209: superpathway of pyrimidine ribonucleosides degradation,Pathway,raw,11,8,3,6.86596,22.7716130377952,-31.8158333333333,11.9809680678705,38.6817933333333,28.95469,2.12599920721871,1,20.9026986875,58.5577752916667,37.6550766041667,TRUE,2.12599920721871,0.711508851422362,13,1,0,2.12599920721871,0.453664075513669,0.0945176898629589,38.6817933333333,2.12599920721871,TRUE,106,10,1,117,Large,Narrower CI,"Large effect, Narrower CI"
"GOLPDLCAT-PWY: superpathway of glycerol degradation to 1,3-propanediol","GOLPDLCAT-PWY: superpathway of glycerol degradation to 1,3-propanediol",Pathway,raw,11,8,3,9.3550125,33.757463295499,-50.1357666666667,12.1064689386845,59.4907791666667,59.78505,2.34596607686014,1,36.423506875,85.9784155208333,49.5549086458333,TRUE,2.34596607686014,1.05250157969084,13,1,0,2.34596607686014,0.664054979849701,0.105103160822154,59.4907791666667,2.34596607686014,TRUE,119,6,1,126,Large,Narrower CI,"Large effect, Narrower CI"
"PWY-7371: 1,4-dihydroxy-6-naphthoate biosynthesis II","PWY-7371: 1,4-dihydroxy-6-naphthoate biosynthesis II",Pathway,raw,11,8,3,-3.46286,5.92373500190788,0.855533333333333,1.48182720090209,-4.31839333333333,-1.911605,-1.00014204871659,0.25,-8.55652863541667,-0.320513333333334,8.23601530208333,TRUE,-1.00014204871659,-1.26898160727581,13,1,0,-1.00014204871659,0.541458197295717,0.145922485335504,-4.31839333333333,1.00014204871659,TRUE,26,105,1,132,Large,Narrower CI,"Large effect, Narrower CI"
GLUCARDEG-PWY: D-glucarate degradation I,GLUCARDEG-PWY: D-glucarate degradation I,Pathway,raw,11,8,3,1.352626125,3.2649474749746,-1.08343333333333,1.89990527219999,2.43605945833333,1.17831,0.91200699311405,0.75,-0.214509166666666,5.19792165625,5.41243082291666,FALSE,0.91200699311405,0.893483108057513,13,1,0,0.91200699311405,0.753991622689343,0.0457570179773904,2.43605945833333,0.91200699311405,TRUE,12,119,1,132,Large,Narrower CI,"Large effect, Narrower CI"
PWY-5130: 2-oxobutanoate degradation I,PWY-5130: 2-oxobutanoate degradation I,Pathway,raw,11,8,3,-10.215585,13.4457424631156,1.28290666666667,1.59945252037481,-11.4984916666667,-8.711755,-1.20093601770788,0.125,-20.0342204270833,-2.60533711458336,17.4288833125,TRUE,-1.20093601770788,-1.40455672142242,13,1,0,-1.20093601770788,0.67416527831535,0.153134957777307,-11.4984916666667,1.20093601770788,TRUE,65,73,1,139,Large,Narrower CI,"Large effect, Narrower CI"
METHGLYUT-PWY: superpathway of methylglyoxal degradation,METHGLYUT-PWY: superpathway of methylglyoxal degradation,Pathway,raw,11,8,3,-2.460385375,4.84788495064992,0.5552,0.961634608362241,-3.015585375,-0.4326365,-0.862887074676158,0.208333333333333,-6.280015196875,-0.122953478125,6.15706171875,TRUE,-0.862887074676158,-0.794009832255767,13,1,0,-0.862887074676158,0.358680940757801,0.0301310358654107,-3.015585375,0.862887074676158,TRUE,18,129,1,148,Large,Narrower CI,"Large effect, Narrower CI"
SULFATE-CYS-PWY: superpathway of sulfate assimilation and cysteine biosynthesis,SULFATE-CYS-PWY: superpathway of sulfate assimilation and cysteine biosynthesis,Pathway,raw,11,8,3,-10.4670075,17.6910342079595,6.33822333333333,6.2150900828253,-16.8052308333333,-18.75232,-1.26746222481692,0.125,-28.4914115,-3.79650458333334,24.6949069166667,TRUE,-1.26746222481692,-1.87157505621845,13,1,0,-1.26746222481692,1.29150065333878,0.150861439529204,-16.8052308333333,1.26746222481692,TRUE,83,66,1,150,Large,Narrower CI,"Large effect, Narrower CI"
HEME-BIOSYNTHESIS-II: heme b biosynthesis I (aerobic),HEME-BIOSYNTHESIS-II: heme b biosynthesis I (aerobic),Pathway,raw,11,8,3,-6.85962375,4.437987720803,-1.08092666666667,6.60212863468543,-5.77869708333333,-8.644595,-1.02730292334941,0.25,-11.6367588229167,1.56136543749996,13.1981242604166,FALSE,-1.02730292334941,-1.25817502487465,13,1,0,-1.02730292334941,0.279786370734533,0.0908677748483079,-5.77869708333333,1.02730292334941,TRUE,53,97,1,151,Large,Narrower CI,"Large effect, Narrower CI"
PWY-6608: guanosine nucleotides degradation III,PWY-6608: guanosine nucleotides degradation III,Pathway,raw,11,8,3,23.9807875,50.3732077140344,-65.3460333333333,23.207646358546,89.3268208333334,75.3295,2.27771737095598,1,51.3927973958334,128.4958696875,77.1030722916667,TRUE,2.27771737095598,2.35594918512491,13,1,0,2.27771737095598,0.461628135567863,0.0603572243821637,89.3268208333334,2.27771737095598,TRUE,146,7,1,154,Large,Narrower CI,"Large effect, Narrower CI"
PWY0-1298: superpathway of pyrimidine deoxyribonucleosides degradation,PWY0-1298: superpathway of pyrimidine deoxyribonucleosides degradation,Pathway,raw,11,8,3,-8.7024525,18.4729486347978,14.8083,15.2245020315937,-23.5107525,-30.9396,-1.38896352781753,0.0833333333333333,-40.6852376666667,-5.07703368750002,35.6082039791667,TRUE,-1.38896352781753,-1.13374775187225,13,1,0,-1.38896352781753,0.499630135949486,0.117977411195038,-23.5107525,1.38896352781753,TRUE,101,53,1,155,Large,Narrower CI,"Large effect, Narrower CI"
PWY-5345: superpathway of L-methionine biosynthesis (by sulfhydrylation),PWY-5345: superpathway of L-methionine biosynthesis (by sulfhydrylation),Pathway,raw,11,8,3,-12.73141875,21.3759056456111,7.96893666666667,7.24501747748295,-20.7003554166667,-22.748145,-1.29704476762662,0.125,-35.7844260520833,-4.95335366666667,30.8310723854167,TRUE,-1.29704476762662,-1.87406923676779,13,1,0,-1.29704476762662,1.30652256904604,0.153364577170799,-20.7003554166667,1.29704476762662,TRUE,93,62,1,156,Large,Narrower CI,"Large effect, Narrower CI"
PWY-6969: TCA cycle V (2-oxoglutarate synthase),PWY-6969: TCA cycle V (2-oxoglutarate synthase),Pathway,raw,11,8,3,-21.1818875,32.7568619894012,18.0267666666667,12.5680225677444,-39.2086541666667,-38.86495,-1.5804242796288,0.125,-62.4734815625,-15.0796245833333,47.3938569791666,TRUE,-1.5804242796288,-1.25803017232679,13,1,0,-1.5804242796288,0.840326977358802,0.136794772179606,-39.2086541666667,1.5804242796288,TRUE,117,39,1,157,Large,Narrower CI,"Large effect, Narrower CI"
PWY-7883: anhydromuropeptides recycling II,PWY-7883: anhydromuropeptides recycling II,Pathway,raw,11,8,3,-2.62202175,8.37114655754917,3.36774333333333,3.10416608667019,-5.98976508333333,-5.41592,-0.948774695723309,0.1875,-11.8880987916667,-0.0385858687500016,11.8495129229167,TRUE,-0.948774695723309,-1.44722105880293,13,1,0,-0.948774695723309,0.820576071732773,0.0462817871560138,-5.98976508333333,0.948774695723309,TRUE,45,111,1,157,Large,Narrower CI,"Large effect, Narrower CI"
TCA: TCA cycle I (prokaryotic),TCA: TCA cycle I (prokaryotic),Pathway,raw,11,8,3,-6.19203875,12.073140935624,2.89318666666667,2.54854483520171,-9.08522541666667,-3.87375,-1.04127097786191,0.208333333333333,-18.0420875,-1.68431815625,16.35776934375,TRUE,-1.04127097786191,-1.55499060649737,13,1,0,-1.04127097786191,0.417994832799899,0.0425115422756226,-9.08522541666667,1.04127097786191,TRUE,62,95,1,158,Large,Narrower CI,"Large effect, Narrower CI"
PWY-6572: chondroitin sulfate degradation I (bacterial),PWY-6572: chondroitin sulfate degradation I (bacterial),Pathway,raw,11,8,3,-1.92905625,4.9136167838189,2.66901,5.02903552514794,-4.59806625,-3.52793,-0.924855125149428,0.25,-10.2186124895833,0.973721302083327,11.1923337916667,FALSE,-0.924855125149428,-1.03195739405557,13,1,0,-0.924855125149428,0.459501259447067,0.0241267207958135,-4.59806625,0.924855125149428,TRUE,40,118,1,159,Large,Narrower CI,"Large effect, Narrower CI"
PPGPPMET-PWY: ppGpp metabolism,PPGPPMET-PWY: ppGpp metabolism,Pathway,raw,11,8,3,14.73112625,38.712370405907,-33.36499,13.0507636131875,48.09611625,38.01995,1.66494823120333,0.916666666666667,19.7141781875,75.9083523125,56.194174125,TRUE,1.66494823120333,0.70127756321825,13,1,0,1.66494823120333,0.738116584363305,0.0687708434883403,48.09611625,1.66494823120333,TRUE,125,36,1,162,Large,Narrower CI,"Large effect, Narrower CI"
PWY-7992: superpathway of menaquinol-8 biosynthesis III,PWY-7992: superpathway of menaquinol-8 biosynthesis III,Pathway,raw,11,8,3,-8.5151725,13.9527498682413,2.10390666666667,3.64407324104955,-10.6190791666667,-4.87703,-1.04139027964793,0.25,-20.643794125,-1.451135,19.192659125,TRUE,-1.04139027964793,-1.35046426781027,13,1,0,-1.04139027964793,0.512499903205765,0.158928219483684,-10.6190791666667,1.04139027964793,TRUE,67,94,1,162,Large,Narrower CI,"Large effect, Narrower CI"
ORNDEG-PWY: superpathway of ornithine degradation,ORNDEG-PWY: superpathway of ornithine degradation,Pathway,raw,11,8,3,-3.093786125,6.73086548416431,1.29707333333333,2.60712092094581,-4.39085945833333,-6.3966695,-0.860278126339348,0.291666666666667,-9.28541614270833,0.621149010416657,9.90656515312499,FALSE,-0.860278126339348,-1.08379725546433,13,1,0,-0.860278126339348,0.674150240004692,0.0896425764953539,-4.39085945833333,0.860278126339348,TRUE,31,130,1,162,Large,Narrower CI,"Large effect, Narrower CI"
PWY-922: mevalonate pathway I (eukaryotes and bacteria),PWY-922: mevalonate pathway I (eukaryotes and bacteria),Pathway,raw,11,8,3,-0.06310875,0.209868401040645,3.21643,5.57102017898876,-3.27953875,0,-0.831926751245153,0.333333333333333,-9.6400775,0.018425,9.6585025,FALSE,-0.831926751245153,-0.839509309771005,13,1,0,-0.834125418376648,0.0230200020071278,0.00219866713149575,-3.28855428571429,0.831926751245153,TRUE,30,134,1,165,Large,Narrower CI,"Large effect, Narrower CI"
P42-PWY: incomplete reductive TCA cycle,P42-PWY: incomplete reductive TCA cycle,Pathway,raw,11,8,3,-15.54793625,29.3758314940788,13.82056,12.0822313870742,-29.36849625,-33.17055,-1.3075803549758,0.208333333333333,-50.7829933333333,-9.12646229166667,41.6565310416667,TRUE,-1.3075803549758,-0.94406281488883,13,1,0,-1.3075803549758,0.435778691409671,0.113329528448673,-29.36849625,1.3075803549758,TRUE,110,59,1,170,Large,Narrower CI,"Large effect, Narrower CI"
PWY-7196: superpathway of pyrimidine ribonucleosides salvage,PWY-7196: superpathway of pyrimidine ribonucleosides salvage,Pathway,raw,11,8,3,-4.2755125,10.7018644804722,-22.26158,18.0426069372804,17.9860675,20.9024,1.21253008170467,0.833333333333333,0.54713375,35.729435,35.18230125,TRUE,1.21253008170467,-0.193775496586476,13,1,0,1.21253008170467,0.397613368800665,0.0614099534201074,17.9860675,1.21253008170467,FALSE,100,70,1,171,Large,Narrower CI,"Large effect, Narrower CI"
PWY0-42: 2-methylcitrate cycle I,PWY0-42: 2-methylcitrate cycle I,Pathway,raw,11,8,3,-0.8168125,1.76263311202911,0,0,-0.8168125,0,-0.655353236888923,0.375,-2.149855,0.132845,2.2827,FALSE,-0.655353236888923,-0.661948491385622,13,1,0,-0.655353236888923,0.436545869262491,0.0505479282717056,-0.8168125,0.655353236888923,TRUE,2,171,1,174,Moderate,Narrower CI,"Moderate effect, Narrower CI"
PWY-5910: superpathway of geranylgeranyldiphosphate biosynthesis I (via mevalonate),PWY-5910: superpathway of geranylgeranyldiphosphate biosynthesis I (via mevalonate),Pathway,raw,11,8,3,-0.1964075,0.511851322797939,3.90863333333333,6.76995152149063,-4.10504083333333,0,-0.855084770869414,0.25,-11.781795,0,11.781795,FALSE,-0.855084770869414,-0.885731447873602,13,1,0,-0.857209512267791,0.0407736900600645,0.00550559712511434,-4.11712904761905,0.855084770869414,TRUE,43,131,1,175,Large,Narrower CI,"Large effect, Narrower CI"
PWY1ZNC-1: assimilatory sulfate reduction IV,PWY1ZNC-1: assimilatory sulfate reduction IV,Pathway,raw,11,8,3,0.65440125,10.9054132810891,-16.5409033333333,17.4325509134502,17.1953045833333,17.7577,1.18262253258733,0.875,-0.0260419999999987,34.7722173125,34.7982593125,FALSE,1.18262253258733,1.1630322153754,13,1,0,1.18262253258733,0.331107619146817,0.037340751284592,17.1953045833333,1.18262253258733,TRUE,98,79,1,178,Large,Narrower CI,"Large effect, Narrower CI"
P185-PWY: formaldehyde assimilation III (dihydroxyacetone cycle),P185-PWY: formaldehyde assimilation III (dihydroxyacetone cycle),Pathway,raw,11,8,3,-1.80482875,12.0258648169179,-11.0230866666667,6.55785028008671,9.21825791666667,7.49399,0.951735761448017,0.791666666666667,-0.730383416666665,18.94910240625,19.6794858229167,FALSE,0.951735761448017,0.310330865621467,13,1,0,0.951735761448017,0.822288264137304,0.0795895869986437,9.21825791666667,0.951735761448017,TRUE,68,110,1,179,Large,Narrower CI,"Large effect, Narrower CI"
PWY-1861: formaldehyde assimilation II (assimilatory RuMP Cycle),PWY-1861: formaldehyde assimilation II (assimilatory RuMP Cycle),Pathway,raw,11,8,3,46.71072625,51.2927468719503,-31.0627666666667,30.400748438868,77.7734929166667,52.387955,1.84466519069112,1,38.1748759791667,127.5473546875,89.3724787083333,TRUE,1.84466519069112,1.91247667282932,13,1,0,1.84466519069112,0.472479908791979,0.0272734911768513,77.7734929166667,1.84466519069112,TRUE,157,22,1,180,Large,Narrower CI,"Large effect, Narrower CI"
PWY-5189: tetrapyrrole biosynthesis II (from glycine),PWY-5189: tetrapyrrole biosynthesis II (from glycine),Pathway,raw,11,8,3,1.84521375,9.58812004495882,-4.5315,4.07136753315148,6.37671375,10.855495,0.865726838211975,0.75,-0.948924874999999,13.64060728125,14.58953215625,FALSE,0.865726838211975,0.876605015939902,13,1,0,0.865726838211975,0.85596056725192,0.11860476890194,6.37671375,0.865726838211975,TRUE,55,128,1,184,Large,Narrower CI,"Large effect, Narrower CI"
ALLANTOINDEG-PWY: superpathway of allantoin degradation in yeast,ALLANTOINDEG-PWY: superpathway of allantoin degradation in yeast,Pathway,raw,11,8,3,-3.5183685,5.63117066221537,-0.73473,1.27258968984508,-2.7836385,-0.232399,-0.68188791410073,0.375,-6.8493059375,0.67663025,7.5259361875,FALSE,-0.68188791410073,-0.400901440751526,13,1,0,-0.68188791410073,0.33828714296518,0.0899447730106504,-2.7836385,0.68188791410073,TRUE,25,158,1,184,Moderate,Narrower CI,"Moderate effect, Narrower CI"
"PWY-241: C4 photosynthetic carbon assimilation cycle, NADP-ME type","PWY-241: C4 photosynthetic carbon assimilation cycle, NADP-ME type",Pathway,raw,11,8,3,-18.955175,66.3342439372165,82.7626666666667,32.4760327985629,-101.717841666667,-73.0755,-1.94768068414359,0.0416666666666667,-154.750939166667,-52.3900758333334,102.360863333333,TRUE,-1.94768068414359,-1.18340777535004,13,1,0,-1.94768068414359,0.513349649026367,0.0224485410746236,-101.717841666667,1.94768068414359,TRUE,167,17,1,185,Large,Narrower CI,"Large effect, Narrower CI"
PWY-7688: dTDP-&alpha;-D-ravidosamine and dTDP-4-acetyl-&alpha;-D-ravidosamine biosynthesis,PWY-7688: dTDP-&alpha;-D-ravidosamine and dTDP-4-acetyl-&alpha;-D-ravidosamine biosynthesis,Pathway,raw,11,8,3,-5.51799,13.9581333593828,3.67305333333333,3.38661378732995,-9.19104333333333,-4.94952,-0.904964679676371,0.104166666666667,-20.3335897708333,-1.68466995833334,18.6489198125,TRUE,-0.904964679676371,-1.46735988676096,13,1,0,-0.904964679676371,0.649945392390413,0.0196605839390109,-9.44952761904762,0.904964679676371,TRUE,66,120,1,187,Large,Narrower CI,"Large effect, Narrower CI"
PWY-6606: guanosine nucleotides degradation II,PWY-6606: guanosine nucleotides degradation II,Pathway,raw,11,8,3,2.7951625,26.7652066363317,-48.0612,39.0101545058463,50.8563625,44.0742,1.52024613524766,0.875,12.5141394791667,89.4063055208333,76.8921660416667,TRUE,1.52024613524766,1.47890429079398,13,1,0,1.52024613524766,0.141860645533516,0.0175393117302494,50.8563625,1.52024613524766,TRUE,145,43,1,189,Large,Narrower CI,"Large effect, Narrower CI"
PWY-6282: palmitoleate biosynthesis I (from (5Z)-dodec-5-enoate),PWY-6282: palmitoleate biosynthesis I (from (5Z)-dodec-5-enoate),Pathway,raw,11,8,3,-35.4343125,50.2488199895406,59.0584666666667,47.455115448741,-94.4927791666667,-58.12695,-1.93347737991423,0,-148.3423275,-41.8905338541667,106.451793645833,TRUE,-1.93347737991423,-2.30896802328795,13,1,0,-1.93347737991423,0.258859053300418,0.00697437923017574,-94.4927791666667,1.93347737991423,TRUE,170,19,1,190,Large,Narrower CI,"Large effect, Narrower CI"
PWY66-409: superpathway of purine nucleotide salvage,PWY66-409: superpathway of purine nucleotide salvage,Pathway,raw,11,8,3,38.43736875,75.2426287773709,-56.7604333333333,5.18300632291081,95.1978020833333,85.43535,1.78504855522557,1,46.6139446875,144.734461770833,98.1205170833333,TRUE,1.78504855522557,0.46858823051278,13,1,0,1.78504855522557,0.511452491109735,0.0850188132434422,95.1978020833333,1.78504855522557,TRUE,164,26,1,191,Large,Narrower CI,"Large effect, Narrower CI"
PWY-7761: NAD salvage pathway II (PNC IV cycle),PWY-7761: NAD salvage pathway II (PNC IV cycle),Pathway,raw,11,8,3,-11.691125,45.8057412350008,39.0209333333334,21.8306968730577,-50.7120583333334,-55.78285,-1.41338052491761,0.166666666666667,-84.0837590625,-12.6849980208334,71.3987610416667,TRUE,-1.41338052491761,-1.52033408027971,13,1,0,-1.41338052491761,0.695678547765894,0.119289159228593,-50.7120583333334,1.41338052491761,TRUE,139,51,1,191,Large,Narrower CI,"Large effect, Narrower CI"
PWY0-862: (5Z)-dodecenoate biosynthesis I,PWY0-862: (5Z)-dodecenoate biosynthesis I,Pathway,raw,11,8,3,-32.610825,51.5449543281466,63.6393333333333,47.5071717147352,-96.2501583333333,-57.8755,-1.94181167473451,0,-156.238082916667,-46.219134375,110.018948541667,TRUE,-1.94181167473451,-2.30881471916257,13,1,0,-1.94181167473451,0.253892297255618,0.014195757355504,-96.2501583333333,1.94181167473451,TRUE,174,18,1,193,Large,Wider CI,"Large effect, Wider CI"
GALACT-GLUCUROCAT-PWY: superpathway of hexuronide and hexuronate degradation,GALACT-GLUCUROCAT-PWY: superpathway of hexuronide and hexuronate degradation,Pathway,raw,11,8,3,-24.153275,24.8675299010371,23.9705933333333,37.9987931757856,-48.1238683333333,-40.80308,-1.49864704572835,0.0833333333333333,-87.39609103125,-10.0975983125,77.29849271875,TRUE,-1.49864704572835,-1.77544500389714,13,1,0,-1.49864704572835,0.537028201700652,0.0495598419883008,-48.1238683333333,1.49864704572835,TRUE,148,45,1,194,Large,Narrower CI,"Large effect, Narrower CI"
PWY4LZ-257: superpathway of fermentation (Chlamydomonas reinhardtii),PWY4LZ-257: superpathway of fermentation (Chlamydomonas reinhardtii),Pathway,raw,11,8,3,-0.71515875,21.8734659250207,18.7537166666667,13.4275106894701,-19.4688754166667,-22.6973,-1.07274546042036,0.25,-38.53187646875,-1.64555613541672,36.8863203333333,TRUE,-1.07274546042036,-1.19672850370588,13,1,0,-1.07274546042036,0.6270467795205,0.0890093178432366,-19.4688754166667,1.07274546042036,TRUE,104,91,1,196,Large,Narrower CI,"Large effect, Narrower CI"
PWY-7664: oleate biosynthesis IV (anaerobic),PWY-7664: oleate biosynthesis IV (anaerobic),Pathway,raw,11,8,3,-37.078675,53.6839774882267,64.4480666666667,50.5085546526857,-101.526741666667,-67.03745,-1.94792510639019,0,-163.745535104167,-48.3029658333334,115.442569270833,TRUE,-1.94792510639019,-2.24968314233579,13,1,0,-1.94792510639019,0.245583165456955,0.0201950266056126,-101.526741666667,1.94792510639019,TRUE,180,16,1,197,Large,Wider CI,"Large effect, Wider CI"
FASYN-ELONG-PWY: fatty acid elongation -- saturated,FASYN-ELONG-PWY: fatty acid elongation -- saturated,Pathway,raw,11,8,3,-41.151325,55.516445281601,65.1313333333333,53.351023585151,-106.282658333333,-77.67505,-1.95212842543166,0,-165.97197,-49.001531875,116.970438125,TRUE,-1.95212842543166,-2.20527546043178,13,1,0,-1.95212842543166,0.238578891016013,0.026901954938624,-106.282658333333,1.95212842543166,TRUE,183,15,1,199,Large,Wider CI,"Large effect, Wider CI"
PWY-5690: TCA cycle II (plants and fungi),PWY-5690: TCA cycle II (plants and fungi),Pathway,raw,11,8,3,-2.79583375,8.27369063955299,-7.61253666666667,3.67417013651155,4.81670291666667,4.707885,0.752456071537147,0.666666666666667,-1.12628203125,11.5045779583333,12.6308599895833,FALSE,0.752456071537147,0.895862130550009,13,1,0,0.752456071537147,0.613855361887328,0.101055584155918,4.81670291666667,0.752456071537147,TRUE,50,148,1,199,Moderate,Narrower CI,"Moderate effect, Narrower CI"
GALACTITOLCAT-PWY: galactitol degradation,GALACTITOLCAT-PWY: galactitol degradation,Pathway,raw,11,8,3,-2.8335675,6.15376609802195,0,0,-2.8335675,-0.042485,-0.651189779489297,0.3125,-7.00250303125,0.483049281249999,7.4855523125,FALSE,-0.651189779489297,-0.695095699208529,13,1,0,-0.651189779489297,0.433881832486163,0.0500654590282997,-2.8335675,0.651189779489297,TRUE,24,174,1,199,Moderate,Narrower CI,"Moderate effect, Narrower CI"
PWY-5494: pyruvate fermentation to propanoate II (acrylate pathway),PWY-5494: pyruvate fermentation to propanoate II (acrylate pathway),Pathway,raw,11,8,3,-1.1980775,4.22235928710732,-4.23478666666667,4.82896441745364,3.03670916666667,3.21071,0.669495980242124,0.6875,-1.88030083333333,8.2389375,10.1192383333333,FALSE,0.669495980242124,0.528714086646071,13,1,0,0.669495980242124,0.61301018610273,0.0574799689447704,3.03670916666667,0.669495980242124,TRUE,32,168,1,201,Moderate,Narrower CI,"Moderate effect, Narrower CI"
POLYAMINSYN3-PWY: superpathway of polyamine biosynthesis II,POLYAMINSYN3-PWY: superpathway of polyamine biosynthesis II,Pathway,raw,11,8,3,-5.16718,11.7034473023001,2.00858333333333,4.10698286266614,-7.17576333333333,-10.299795,-0.818184617669705,0.291666666666667,-15.8017413020833,1.09754973958332,16.8992910416667,FALSE,-0.818184617669705,-0.954602033141746,13,1,0,-0.818184617669705,0.686913515676641,0.0915909851456363,-7.17576333333333,0.818184617669705,TRUE,64,138,1,203,Large,Narrower CI,"Large effect, Narrower CI"
RUMP-PWY: formaldehyde oxidation I,RUMP-PWY: formaldehyde oxidation I,Pathway,raw,11,8,3,2.73681625,8.1248035023904,-1.18798666666667,1.34128585832153,3.92480291666667,2.69011,0.674033125960866,0.604166666666667,-1.14181475,9.77076021875,10.91257496875,FALSE,0.674033125960866,0.748484141924524,13,1,0,0.674033125960866,0.448281063198415,0.0863382031710719,3.92480291666667,0.674033125960866,TRUE,39,164,1,204,Moderate,Narrower CI,"Moderate effect, Narrower CI"
PWY-5121: superpathway of geranylgeranyl diphosphate biosynthesis II (via MEP),PWY-5121: superpathway of geranylgeranyl diphosphate biosynthesis II (via MEP),Pathway,raw,11,8,3,-80.201125,83.4470797535223,23.5346,15.2772419929122,-103.735725,-79.7793,-1.72931197409383,0.0833333333333333,-161.7277915625,-50.874708125,110.8530834375,TRUE,-1.72931197409383,-1.27704660850033,13,1,0,-1.72931197409383,0.591681497031053,0.0946948362507416,-103.735725,1.72931197409383,TRUE,176,29,1,206,Large,Wider CI,"Large effect, Wider CI"
PWY-6920: 6-gingerol analog biosynthesis (engineered),PWY-6920: 6-gingerol analog biosynthesis (engineered),Pathway,raw,11,8,3,0.24222375,1.84130771627075,12.86924,18.6531928845118,-12.62701625,-4.3463,-0.952701549437059,0.166666666666667,-33.4804575,0.24222375,33.72268125,FALSE,-0.952701549437059,-0.768949802522661,13,1,0,-0.949342692628639,0.0747400061250336,0.00335885680841996,-12.5924128571429,0.952701549437059,TRUE,96,109,1,206,Large,Narrower CI,"Large effect, Narrower CI"
PWY-5989: stearate biosynthesis II (bacteria and plants),PWY-5989: stearate biosynthesis II (bacteria and plants),Pathway,raw,11,8,3,-38.0157,53.7489619866282,59.4606666666667,51.8537514833145,-97.4763666666667,-45.8383,-1.84579864711925,0,-158.66795625,-41.363935625,117.304020625,TRUE,-1.84579864711925,-2.14043914532237,13,1,0,-1.84579864711925,0.287451654723183,0.0516481939583247,-97.4763666666667,1.84579864711925,TRUE,185,21,1,207,Large,Wider CI,"Large effect, Wider CI"
PWY-7560: methylerythritol phosphate pathway II,PWY-7560: methylerythritol phosphate pathway II,Pathway,raw,11,8,3,13.811875,78.363102132568,-163.488666666667,57.8882334272979,177.300541666667,161.5475,2.57365445348884,1,110.243265625,250.094638541667,139.851372916667,TRUE,2.57365445348884,1.84047573903202,13,1,0,2.57365445348884,0.523416088197007,0.0631215304627597,177.300541666667,2.57365445348884,TRUE,204,3,1,208,Large,Wider CI,"Large effect, Wider CI"
PWY-8073: lipid IVA biosynthesis (P. putida),PWY-8073: lipid IVA biosynthesis (P. putida),Pathway,raw,11,8,3,-26.50508375,50.7727458216124,37.7071633333333,37.9225426328725,-64.2122470833333,-58.778155,-1.43296803519361,0.125,-110.950840364583,-17.6977748645834,93.2530655,TRUE,-1.43296803519361,-1.4848834985857,13,1,0,-1.43296803519361,0.595194105305545,0.0626750132634799,-64.2122470833333,1.43296803519361,TRUE,160,50,1,211,Large,Narrower CI,"Large effect, Narrower CI"
PWY0-1261: anhydromuropeptides recycling I,PWY0-1261: anhydromuropeptides recycling I,Pathway,raw,11,8,3,-13.784285,47.2907421659259,27.7441833333333,14.6583286126295,-41.5284683333333,-52.55845,-1.18621762207464,0.166666666666667,-73.1413701041667,-8.69553716666668,64.4458329375,TRUE,-1.18621762207464,-1.29619654198281,13,1,0,-1.18621762207464,0.960091564038494,0.106725859815662,-41.5284683333333,1.18621762207464,TRUE,134,78,1,213,Large,Narrower CI,"Large effect, Narrower CI"
NAGLIPASYN-PWY: lipid IVA biosynthesis (E. coli),NAGLIPASYN-PWY: lipid IVA biosynthesis (E. coli),Pathway,raw,11,8,3,-26.50508375,50.7727458216124,37.7071633333333,37.9225426328725,-64.2122470833333,-58.778155,-1.43296803519361,0.125,-113.149866958333,-15.1788276458334,97.9710393125,TRUE,-1.43296803519361,-1.4848834985857,13,1,0,-1.43296803519361,0.595194105305545,0.0626750132634799,-64.2122470833333,1.43296803519361,TRUE,163,50,1,214,Large,Narrower CI,"Large effect, Narrower CI"
PWY-7204: pyridoxal 5'-phosphate salvage II (plants),PWY-7204: pyridoxal 5'-phosphate salvage II (plants),Pathway,raw,11,8,3,-0.6564675,1.75419180683421,0,0,-0.6564675,0,-0.529238158643902,0.5,-1.77264125,0.3955175,2.16815875,FALSE,-0.529238158643902,-0.564559330223366,13,1,0,-0.529238158643902,0.516138975797129,0.0372519859255248,-0.6564675,0.529238158643902,TRUE,1,212,1,214,Moderate,Narrower CI,"Moderate effect, Narrower CI"
PWY-8004: Entner-Doudoroff pathway I,PWY-8004: Entner-Doudoroff pathway I,Pathway,raw,11,8,3,-39.8694375,91.2509091077209,110.053666666667,41.3933725411851,-149.923104166667,-169.97415,-2.1159903640457,0.0833333333333333,-215.7440253125,-75.9828172916667,139.761208020833,TRUE,-2.1159903640457,-1.495013635716,13,1,0,-2.1159903640457,0.738903291106282,0.158158181768621,-149.923104166667,2.1159903640457,TRUE,203,11,1,215,Large,Wider CI,"Large effect, Wider CI"
PWY-8131: 5'-deoxyadenosine degradation II,PWY-8131: 5'-deoxyadenosine degradation II,Pathway,raw,11,8,3,2.8211425,17.9737192411419,-9.29664666666667,8.07721782965727,12.1177891666667,16.48438,0.869674856276507,0.791666666666667,-2.89001405208333,25.0991837291667,27.98919778125,FALSE,0.869674856276507,0.556615597534651,13,1,0,0.869674856276507,0.951449992389295,0.084886631641773,12.1177891666667,0.869674856276507,TRUE,88,127,1,216,Large,Narrower CI,"Large effect, Narrower CI"
PWY-1269: CMP-3-deoxy-D-manno-octulosonate biosynthesis,PWY-1269: CMP-3-deoxy-D-manno-octulosonate biosynthesis,Pathway,raw,11,8,3,-34.69884625,44.1836527021489,9.0196,27.6147523477941,-43.71844625,-59.701335,-1.18662424858654,0.166666666666667,-82.1603798958333,-6.59240017708335,75.56797971875,TRUE,-1.18662424858654,-0.791860416855998,13,1,0,-1.18662424858654,0.449060801500882,0.139548677164788,-43.71844625,1.18662424858654,TRUE,142,77,1,220,Large,Narrower CI,"Large effect, Narrower CI"
PWY-6270: isoprene biosynthesis I,PWY-6270: isoprene biosynthesis I,Pathway,raw,11,8,3,46.654,87.3034890940792,-158.307333333333,62.7675062459338,204.961333333333,173.236,2.6957328843365,1,127.842620833333,288.0736,160.230979166667,TRUE,2.6957328843365,1.85365192695443,13,1,0,2.6957328843365,0.698750713051504,0.0853179769803765,204.961333333333,2.6957328843365,TRUE,219,2,1,222,Large,Wider CI,"Large effect, Wider CI"
PWY-5994: palmitate biosynthesis (type I fatty acid synthase),PWY-5994: palmitate biosynthesis (type I fatty acid synthase),Pathway,raw,11,8,3,-14.055055,20.2978518199531,3.98032666666667,17.7752953494487,-18.0353816666667,-17.50182,-0.945334286537587,0.208333333333333,-38.0786528333333,2.75500993749999,40.8336627708333,FALSE,-0.945334286537587,-1.32532689607645,13,1,0,-0.945334286537587,0.229200346757301,0.0835373091121906,-18.0353816666667,0.945334286537587,TRUE,109,112,1,222,Large,Narrower CI,"Large effect, Narrower CI"
"PWY-7383: anaerobic energy metabolism (invertebrates, cytosol)","PWY-7383: anaerobic energy metabolism (invertebrates, cytosol)",Pathway,raw,11,8,3,-9.08455,39.8321763025106,39.5424333333333,39.2732005897576,-48.6269833333333,-43.62445,-1.22939226844183,0.125,-92.6105403125,-5.89566270833336,86.7148776041667,TRUE,-1.22939226844183,-1.24840816394476,13,1,0,-1.22939226844183,0.317391682259481,0.057723931767963,-48.6269833333333,1.22939226844183,TRUE,154,68,1,223,Large,Narrower CI,"Large effect, Narrower CI"
PWY-6607: guanosine nucleotides degradation I,PWY-6607: guanosine nucleotides degradation I,Pathway,raw,11,8,3,-17.96839625,21.6568614449119,5.264,24.0605493156328,-23.23239625,-17.423785,-1.01494599360993,0.208333333333333,-50.22356415625,1.63812709374998,51.86169125,FALSE,-1.01494599360993,-1.02231787899957,13,1,0,-1.01494599360993,0.44829866144572,0.0433013290928022,-23.23239625,1.01494599360993,TRUE,122,100,1,223,Large,Narrower CI,"Large effect, Narrower CI"
GLYOXYLATE-BYPASS: glyoxylate cycle,GLYOXYLATE-BYPASS: glyoxylate cycle,Pathway,raw,11,8,3,-4.95592125,12.729093173611,1.15677,1.15020715338586,-6.11269125,-2.89075,-0.676369757122228,0.1875,-15.2975955416667,0.77576897916665,16.0733645208333,FALSE,-0.676369757122228,-1.36399307648212,13,1,0,-0.676369757122228,0.51874738271086,0.058400801952177,-6.11269125,0.676369757122228,TRUE,60,162,1,223,Moderate,Narrower CI,"Moderate effect, Narrower CI"
PWY-5104: L-isoleucine biosynthesis IV,PWY-5104: L-isoleucine biosynthesis IV,Pathway,raw,11,8,3,-1.3047675,5.22130148658291,0.86593,1.49983475579812,-2.1706975,0,-0.565091415145495,0.291666666666667,-5.8957305,1.58158909375,7.47731959375,FALSE,-0.565091415145495,-0.906276708637438,13,1,0,-0.565091415145495,0.723175183988494,0.00886352830679138,-2.1706975,0.565091415145495,TRUE,23,202,1,226,Moderate,Narrower CI,"Moderate effect, Narrower CI"
PWY0-1241: ADP-L-glycero-&beta;-D-manno-heptose biosynthesis,PWY0-1241: ADP-L-glycero-&beta;-D-manno-heptose biosynthesis,Pathway,raw,11,8,3,-13.74529375,21.5020961872252,-0.843183333333334,4.65418153709472,-12.9021104166667,-6.55979,-0.829377744952311,0.375,-28.9712745520833,-0.211720093750002,28.7595544583333,TRUE,-0.829377744952311,-0.541655760135919,13,1,0,-0.829377744952311,0.374962671840879,0.120498711912674,-12.9021104166667,0.829377744952311,TRUE,91,135,1,227,Large,Narrower CI,"Large effect, Narrower CI"
P122-PWY: heterolactic fermentation,P122-PWY: heterolactic fermentation,Pathway,raw,11,8,3,-16.19339875,33.6329631723838,12.7231566666667,22.0371537793253,-28.9165554166667,-1.23008,-1.01702527397151,0.166666666666667,-63.1711189375,-2.5044225,60.6666964375,TRUE,-1.01702527397151,-1.43707276693812,13,1,0,-1.01702527397151,0.118820409784649,0.0371146798301383,-28.9165554166667,1.01702527397151,TRUE,129,99,1,229,Large,Narrower CI,"Large effect, Narrower CI"
PWY-6519: 8-amino-7-oxononanoate biosynthesis I,PWY-6519: 8-amino-7-oxononanoate biosynthesis I,Pathway,raw,11,8,3,-37.4748375,62.1993070437499,29.355,37.6263212093609,-66.8298375,-70.0445,-1.30012079508423,0.208333333333333,-117.2425425,-11.4438178125,105.7987246875,TRUE,-1.30012079508423,-1.13493029475343,13,1,0,-1.30012079508423,0.679274379885671,0.0320250283581409,-66.8298375,1.30012079508423,TRUE,169,60,1,230,Large,Narrower CI,"Large effect, Narrower CI"
P108-PWY: pyruvate fermentation to propanoate I,P108-PWY: pyruvate fermentation to propanoate I,Pathway,raw,11,8,3,2.5939925,9.49358547720776,-2.06194666666667,3.57139638916395,4.65593916666667,0,0.649157989414391,0.666666666666667,-1.60781125,12.3504953125,13.9583065625,FALSE,0.649157989414391,0.602873706660499,13,1,0,0.649157989414391,0.475058362771131,0.00909057342369612,4.65593916666667,0.649157989414391,TRUE,54,175,1,230,Moderate,Narrower CI,"Moderate effect, Narrower CI"
METH-ACETATE-PWY: methanogenesis from acetate,METH-ACETATE-PWY: methanogenesis from acetate,Pathway,raw,11,8,3,72.1672625,119.354225611627,-178.0451,44.6425776824099,250.2123625,281.397,2.7768490066096,1,165.429425104167,336.745174791667,171.3157496875,TRUE,2.7768490066096,1.65598938979948,13,1,0,2.7768490066096,0.837121228564407,0.197760832796988,250.2123625,2.7768490066096,TRUE,234,1,1,236,Large,Wider CI,"Large effect, Wider CI"
"PWY-7456: &beta;-(1,4)-mannan degradation","PWY-7456: &beta;-(1,4)-mannan degradation",Pathway,raw,11,8,3,-46.0911625,50.0963056550064,34.6978666666667,57.6733400337915,-80.7890291666667,-72.48285,-1.49559904207865,0.0416666666666667,-141.640827395833,-21.663945625,119.976881770833,TRUE,-1.49559904207865,-1.09878144829952,13,1,0,-1.49559904207865,0.271265768153391,0.0203152408204417,-80.7890291666667,1.49559904207865,TRUE,189,46,1,236,Large,Wider CI,"Large effect, Wider CI"
PWY-5971: palmitate biosynthesis (type II fatty acid synthase),PWY-5971: palmitate biosynthesis (type II fatty acid synthase),Pathway,raw,11,8,3,-68.45085,75.8559392372147,53.2947,61.5274210754035,-121.74555,-98.1621,-1.76278628891959,0.125,-196.4580990625,-48.8435778125,147.61452125,TRUE,-1.76278628891959,-1.72524353327542,13,1,0,-1.76278628891959,0.281110610782967,0.0786167737100783,-121.74555,1.76278628891959,TRUE,210,27,1,238,Large,Wider CI,"Large effect, Wider CI"
PWY0-166: superpathway of pyrimidine deoxyribonucleotides de novo biosynthesis (E. coli),PWY0-166: superpathway of pyrimidine deoxyribonucleotides de novo biosynthesis (E. coli),Pathway,raw,11,8,3,-1.42056375,4.20504914969386,0,0,-1.42056375,0,-0.477754349580395,0.375,-4.05459590625,1.5069725,5.56156840625,FALSE,-0.477754349580395,-0.655680976041568,13,1,0,-0.477754349580395,0.874482630738871,0.0325242863509187,-1.42056375,0.477754349580395,TRUE,13,224,1,238,Small,Narrower CI,"Small effect, Narrower CI"
PWY-7356: thiamine diphosphate salvage IV (yeast),PWY-7356: thiamine diphosphate salvage IV (yeast),Pathway,raw,11,8,3,-33.3828625,85.5904646132122,95.3756,55.0625051435185,-128.7584625,-96.7377,-1.7892089565197,0.0833333333333333,-206.889184895833,-55.0994512500001,151.789733645833,TRUE,-1.7892089565197,-1.92013909911011,13,1,0,-1.7892089565197,0.840668903422299,0.123456971321151,-128.7584625,1.7892089565197,TRUE,214,24,1,239,Large,Wider CI,"Large effect, Wider CI"
HEXITOLDEGSUPER-PWY: superpathway of hexitol degradation (bacteria),HEXITOLDEGSUPER-PWY: superpathway of hexitol degradation (bacteria),Pathway,raw,11,8,3,-7.79458125,16.39223375015,0,0,-7.79458125,-0.179595,-0.672464941922158,0.3125,-19.03713625,1.18555875,20.222695,FALSE,-0.672464941922158,-0.722393515569618,13,1,0,-0.672464941922158,0.450690874062512,0.0525649246167569,-7.79458125,0.672464941922158,TRUE,71,167,1,239,Moderate,Narrower CI,"Moderate effect, Narrower CI"
PWY-6531: mannitol cycle,PWY-6531: mannitol cycle,Pathway,raw,11,8,3,-2.75294625,6.73964529877805,1.38735333333333,6.62031276347525,-4.14029958333333,-6.79919,-0.619782549052056,0.333333333333333,-11.469844125,3.13238070833333,14.6022248333333,FALSE,-0.619782549052056,-1.11872243248153,13,1,0,-0.619782549052056,0.447713829906505,0.0735343216641589,-4.14029958333333,0.619782549052056,TRUE,56,185,1,242,Moderate,Narrower CI,"Moderate effect, Narrower CI"
"PWY-6992: 1,5-anhydrofructose degradation","PWY-6992: 1,5-anhydrofructose degradation",Pathway,raw,11,8,3,-0.17683875,1.76941363684969,-0.902303333333333,1.56283521717209,0.725464583333333,0,0.434586107534786,0.625,-0.92975875,2.70087840625,3.63063715625,FALSE,0.434586107534786,0.472958202351404,13,1,0,0.434586107534786,0.634172550474388,0.0332938297542663,0.725464583333333,0.434586107534786,TRUE,6,235,1,242,Small,Narrower CI,"Small effect, Narrower CI"
PWY0-1477: ethanolamine utilization,PWY0-1477: ethanolamine utilization,Pathway,raw,11,8,3,-26.8650375,59.9667872302169,36.5717666666667,44.2388125610683,-63.4368041666667,-27.35375,-1.20389611118186,0.166666666666667,-123.5839990625,-12.92454875,110.6594503125,TRUE,-1.20389611118186,-1.43349300131707,13,1,0,-1.20389611118186,0.252082548231209,0.0340549366595362,-63.4368041666667,1.20389611118186,TRUE,175,72,1,248,Large,Wider CI,"Large effect, Wider CI"
PWY-7118: chitin deacetylation,PWY-7118: chitin deacetylation,Pathway,raw,11,8,3,-1.3002425,4.79643903719877,0.307138,0.53197862093509,-1.6073805,0,-0.471042257870461,0.291666666666667,-4.9963791125,1.2399395,6.2363186125,FALSE,-0.471042257870461,-0.775134153080487,13,1,0,-0.471042257870461,0.758292084973472,0.0187932440700616,-1.6073805,0.471042257870461,TRUE,19,228,1,248,Small,Narrower CI,"Small effect, Narrower CI"
P164-PWY: purine nucleobases degradation I (anaerobic),P164-PWY: purine nucleobases degradation I (anaerobic),Pathway,raw,11,8,3,40.864925,99.4511277278407,-92.1229333333333,48.3300527912327,132.987858333333,147.74905,1.70090123450078,0.958333333333333,56.6948340625,212.745131666667,156.050297604167,TRUE,1.70090123450078,0.653886865579891,13,1,0,1.70090123450078,0.625530754271338,0.0853904999799644,132.987858333333,1.70090123450078,TRUE,216,32,1,249,Large,Wider CI,"Large effect, Wider CI"
PWY-5675: nitrate reduction V (assimilatory),PWY-5675: nitrate reduction V (assimilatory),Pathway,raw,11,8,3,-1.85000875,7.15396481448362,0.673896666666667,1.16722326571797,-2.52390541666667,0,-0.492420735770697,0.291666666666667,-7.42261035416667,1.79132066666666,9.21393102083333,FALSE,-0.492420735770697,-0.901990688123905,13,1,0,-0.492420735770697,0.80966572795891,0.014860596722991,-2.52390541666667,0.492420735770697,TRUE,29,220,1,250,Small,Narrower CI,"Small effect, Narrower CI"
PYRIDOXSYN-PWY: pyridoxal 5'-phosphate biosynthesis I,PYRIDOXSYN-PWY: pyridoxal 5'-phosphate biosynthesis I,Pathway,raw,11,8,3,-35.70881875,60.4517604435086,24.3193333333333,39.5136178613568,-60.0281520833333,-40.252635,-1.17547108163706,0.166666666666667,-114.168506760417,-6.74763271875002,107.420874041667,TRUE,-1.17547108163706,-1.113967042673,13,1,0,-1.17547108163706,0.544207627938794,0.0411564036723304,-60.0281520833333,1.17547108163706,TRUE,171,80,1,252,Large,Wider CI,"Large effect, Wider CI"
PWY-5004: superpathway of L-citrulline metabolism,PWY-5004: superpathway of L-citrulline metabolism,Pathway,raw,11,8,3,-0.6932125,2.57990199222346,0,0,-0.6932125,0,-0.379995256432844,0.375,-2.27452,1.08432,3.35884,FALSE,-0.379995256432844,-0.117396168178414,13,1,0,-0.379995256432844,0.952705844166452,0.0244609902175967,-0.6932125,0.379995256432844,TRUE,4,247,1,252,Small,Narrower CI,"Small effect, Narrower CI"
PWY0-1319: CDP-diacylglycerol biosynthesis II,PWY0-1319: CDP-diacylglycerol biosynthesis II,Pathway,raw,11,8,3,68.812875,81.156006378258,-104.543333333333,82.7017742030564,173.356208333333,106.214,2.11584087755268,1,89.6381,270.735959375,181.097859375,TRUE,2.11584087755268,2.11923399698816,13,1,0,2.11584087755268,0.306676720798527,0.0245817364734799,173.356208333333,2.11584087755268,TRUE,244,12,1,257,Large,Wider CI,"Large effect, Wider CI"
PWY-6305: superpathway of putrescine biosynthesis,PWY-6305: superpathway of putrescine biosynthesis,Pathway,raw,11,8,3,-16.65790125,44.2407217182898,24.73395,37.9993440448977,-41.39185125,-30.8095,-1.0037239780895,0.25,-85.9859108125,0.544267343749943,86.5301781562499,FALSE,-1.0037239780895,-0.967269648569424,13,1,0,-1.0037239780895,0.520951686738164,0.0577143887900207,-41.39185125,1.0037239780895,TRUE,153,103,1,257,Large,Narrower CI,"Large effect, Narrower CI"
PWY-6292: superpathway of L-cysteine biosynthesis (mammalian),PWY-6292: superpathway of L-cysteine biosynthesis (mammalian),Pathway,raw,11,8,3,-21.0357,93.6580334708439,72.4921,33.6155607736953,-93.5278,-100.69875,-1.32922320507066,0.125,-155.7246709375,-23.3708727083334,132.353798229167,TRUE,-1.32922320507066,-1.33017879541889,13,1,0,-1.32922320507066,1.13603580854609,0.0902159584140876,-93.5278,1.32922320507066,TRUE,199,58,1,258,Large,Wider CI,"Large effect, Wider CI"
PWY-6859: all-trans-farnesol biosynthesis,PWY-6859: all-trans-farnesol biosynthesis,Pathway,raw,11,8,3,-24.093845,45.0324795297515,7.25351333333333,21.6757863543756,-31.3473583333333,-25.66324,-0.887033969333802,0.208333333333333,-68.1336765833333,0.183179343749997,68.3168559270833,FALSE,-0.887033969333802,-0.341093637933547,13,1,0,-0.887033969333802,0.323157206143736,0.0470064426619264,-31.3473583333333,0.887033969333802,TRUE,138,122,1,261,Large,Narrower CI,"Large effect, Narrower CI"
ANAEROFRUCAT-PWY: homolactic fermentation,ANAEROFRUCAT-PWY: homolactic fermentation,Pathway,raw,11,8,3,-4.32200000000002,98.4006312886254,136.081666666667,59.3141235485557,-140.403666666667,-173.449,-1.7281940585432,0.166666666666667,-225.00746875,-57.2905812500001,167.7168875,TRUE,-1.7281940585432,-1.36439059696716,13,1,0,-1.7281940585432,0.703214355020664,0.134520222981584,-140.403666666667,1.7281940585432,TRUE,231,30,1,262,Large,Wider CI,"Large effect, Wider CI"
PWY-6906: chitin derivatives degradation,PWY-6906: chitin derivatives degradation,Pathway,raw,11,8,3,-1.0696925,30.7578867479893,22.3118833333333,24.4737685496295,-23.3815758333333,-32.206015,-0.841245422999112,0.291666666666667,-51.32028840625,8.39373606249997,59.71402446875,FALSE,-0.841245422999112,-0.614014609402737,13,1,0,-0.841245422999112,0.848173290817828,0.0561111429450942,-23.3815758333333,0.841245422999112,TRUE,128,133,1,262,Large,Narrower CI,"Large effect, Narrower CI"
BIOTIN-BIOSYNTHESIS-PWY: biotin biosynthesis I,BIOTIN-BIOSYNTHESIS-PWY: biotin biosynthesis I,Pathway,raw,11,8,3,-37.7677625,60.9986544158367,23.8349,44.3697980097949,-61.6026625,-60.50825,-1.1549863842151,0.25,-115.402088541667,-1.75622072916668,113.6458678125,TRUE,-1.1549863842151,-1.03411829037621,13,1,0,-1.1549863842151,0.638552547033856,0.0351775328478035,-61.6026625,1.1549863842151,TRUE,179,84,1,264,Large,Wider CI,"Large effect, Wider CI"
P23-PWY: reductive TCA cycle I,P23-PWY: reductive TCA cycle I,Pathway,raw,11,8,3,-0.71963,2.9830707462661,0,0,-0.71963,0,-0.341162041552121,0.4375,-2.671238125,1.0908125,3.762050625,FALSE,-0.341162041552121,-0.302517863180341,13,1,0,-0.341162041552121,0.724923900669011,0.021541931465488,-0.71963,0.341162041552121,TRUE,7,256,1,264,Small,Narrower CI,"Small effect, Narrower CI"
PWY-5667: CDP-diacylglycerol biosynthesis I,PWY-5667: CDP-diacylglycerol biosynthesis I,Pathway,raw,11,8,3,68.812875,81.156006378258,-104.543333333333,82.7017742030564,173.356208333333,106.214,2.11584087755268,1,83.6587083333334,274.842190625,191.183482291667,TRUE,2.11584087755268,2.11923399698816,13,1,0,2.11584087755268,0.306676720798527,0.0245817364734799,173.356208333333,2.11584087755268,TRUE,252,12,1,265,Large,Wider CI,"Large effect, Wider CI"
PWY-7315: dTDP-N-acetylthomosamine biosynthesis,PWY-7315: dTDP-N-acetylthomosamine biosynthesis,Pathway,raw,11,8,3,13.03698625,24.6478683531277,1.58182666666667,1.64963722864554,11.4551595833333,4.41407,0.655792223391542,0.5,-4.69563494791666,28.07655553125,32.7721904791667,FALSE,0.655792223391542,0.250107282089713,13,1,0,0.655792223391542,0.498033942293632,0.107189934351408,11.4551595833333,0.655792223391542,TRUE,95,170,1,266,Moderate,Narrower CI,"Moderate effect, Narrower CI"
PWY-6731: starch degradation III,PWY-6731: starch degradation III,Pathway,raw,11,8,3,1.4486375,79.7466709156822,-72.0402,35.3013200777252,73.4888375,89.3678,1.19169840876672,0.833333333333333,13.474263125,134.497494166667,121.023231041667,TRUE,1.19169840876672,0.725683022703368,13,1,0,1.19169840876672,0.631674191248678,0.0762702719476736,73.4888375,1.19169840876672,TRUE,191,76,1,268,Large,Wider CI,"Large effect, Wider CI"
POLYAMSYN-PWY: superpathway of polyamine biosynthesis I,POLYAMSYN-PWY: superpathway of polyamine biosynthesis I,Pathway,raw,11,8,3,-10.89784875,19.4605023317139,0.805086666666668,14.941732015708,-11.7029354166667,-6.310705,-0.674564748898986,0.333333333333333,-31.5707942708333,6.93911493749999,38.5099092083333,FALSE,-0.674564748898986,-0.509199294119549,13,1,0,-0.674564748898986,0.542333717613036,0.0527202968319376,-11.7029354166667,0.674564748898986,TRUE,107,163,1,271,Moderate,Narrower CI,"Moderate effect, Narrower CI"
PWY-5676: acetyl-CoA fermentation to butanoate II,PWY-5676: acetyl-CoA fermentation to butanoate II,Pathway,raw,11,8,3,13.88026625,43.2117369095246,-36.2516,54.5468644993459,50.13186625,44.74485,1.01879995034454,0.75,-2.37340936458333,107.130985927083,109.504395291667,FALSE,1.01879995034454,0.740845206541399,13,1,0,1.01879995034454,0.352430500076647,0.0275936409344965,50.13186625,1.01879995034454,TRUE,173,98,1,272,Large,Wider CI,"Large effect, Wider CI"
PWY-6876: isopropanol biosynthesis (engineered),PWY-6876: isopropanol biosynthesis (engineered),Pathway,raw,11,8,3,-0.98153125,4.823901460257,1.35090333333333,5.32553787049096,-2.33243458333333,0,-0.459058050554221,0.416666666666667,-8.3348808125,3.16909,11.5039708125,FALSE,-0.459058050554221,-0.299596947685075,13,1,0,-0.459058050554221,0.379830038483546,0.0110663209813079,-2.33243458333333,0.459058050554221,TRUE,41,230,1,272,Small,Narrower CI,"Small effect, Narrower CI"
"PWY-5837: 2-carboxy-1,4-naphthoquinol biosynthesis","PWY-5837: 2-carboxy-1,4-naphthoquinol biosynthesis",Pathway,raw,11,8,3,0.0957137499999999,5.95507359455769,-1.70117333333333,2.31837862285981,1.79688708333333,-0.119410000000001,0.397653415472291,0.5625,-2.02575267708333,6.55814652083333,8.58389919791666,FALSE,0.397653415472291,0.0489940424020797,13,0.923076923076923,0.0769230769230769,0.397653415472291,0.626654030972023,0.0550943092247103,1.81056047619048,0.397653415472291,TRUE,27,243,2,272,Small,Narrower CI,"Small effect, Narrower CI"
PWY0-845: superpathway of pyridoxal 5'-phosphate biosynthesis and salvage,PWY0-845: superpathway of pyridoxal 5'-phosphate biosynthesis and salvage,Pathway,raw,11,8,3,-42.16788875,72.2888074744133,28.196,46.0360456239456,-70.36388875,-48.498725,-1.16109899955526,0.208333333333333,-136.694172625,-11.45306715625,125.24110546875,TRUE,-1.16109899955526,-1.09088401966873,13,1,0,-1.16109899955526,0.561706019119,0.0395997540707067,-70.36388875,1.16109899955526,TRUE,192,82,1,275,Large,Wider CI,"Large effect, Wider CI"
RHAMCAT-PWY: L-rhamnose degradation I,RHAMCAT-PWY: L-rhamnose degradation I,Pathway,raw,11,8,3,0.0536124999999945,76.7181674915669,-52.2556666666667,1.89094112370887,52.3092791666667,57.4465,0.963970251635527,0.75,-1.05636239583334,99.1868488541667,100.24321125,FALSE,0.963970251635527,1.02434095245579,13,1,0,0.963970251635527,1.07398208164952,0.0907964474335585,52.3092791666667,0.963970251635527,TRUE,166,108,1,275,Large,Narrower CI,"Large effect, Narrower CI"
PWY66-391: fatty acid &beta;-oxidation VI (mammalian peroxisome),PWY66-391: fatty acid &beta;-oxidation VI (mammalian peroxisome),Pathway,raw,11,8,3,-0.0559737500000003,9.42268098051556,7.43468,14.3169295514227,-7.49065375,-0.90535,-0.618069572975853,0.3125,-23.471835,5.1834279375,28.6552629375,FALSE,-0.618069572975853,-0.42730448420562,13,1,0,-0.618069572975853,0.322321824839802,0.0346296348707701,-7.49065375,0.618069572975853,TRUE,90,187,1,278,Moderate,Narrower CI,"Moderate effect, Narrower CI"
PWY66-399: gluconeogenesis III,PWY66-399: gluconeogenesis III,Pathway,raw,11,8,3,-27.8340625,45.4251522734436,21.8094,52.2553049123245,-49.6434625,-52.1052,-1.0139703805743,0.25,-104.309815729167,7.20779270833335,111.5176084375,FALSE,-1.0139703805743,-1.16914797108023,13,1,0,-1.0139703805743,0.224720935255156,0.0330643330830245,-49.6434625,1.0139703805743,TRUE,177,101,1,279,Large,Wider CI,"Large effect, Wider CI"
PWY-5497: purine nucleobases degradation II (anaerobic),PWY-5497: purine nucleobases degradation II (anaerobic),Pathway,raw,11,8,3,-24.02945375,43.4595455510586,11.5636666666667,37.7071646201797,-35.5931204166667,-54.1424,-0.874843108429952,0.291666666666667,-77.0628926145833,10.07603103125,87.1389236458333,FALSE,-0.874843108429952,-0.890958061803921,13,1,0,-0.874843108429952,0.597180374163246,0.051414152748869,-35.5931204166667,0.874843108429952,TRUE,155,124,1,280,Large,Narrower CI,"Large effect, Narrower CI"
PROPFERM-PWY: superpathway of L-alanine fermentation (Stickland reaction),PROPFERM-PWY: superpathway of L-alanine fermentation (Stickland reaction),Pathway,raw,11,8,3,-2.455885,8.79179256334485,-7.73005,10.2459228392322,5.274165,3.83855,0.552466172476904,0.6875,-4.94636,15.831005375,20.777365375,FALSE,0.552466172476904,0.45367453851629,13,1,0,0.552466172476904,0.578993804435326,0.0525890499285073,5.274165,0.552466172476904,TRUE,73,206,1,280,Moderate,Narrower CI,"Moderate effect, Narrower CI"
PWY-5097: L-lysine biosynthesis VI,PWY-5097: L-lysine biosynthesis VI,Pathway,raw,11,8,3,52.263875,59.2119295664492,6.48533333333334,35.2082983163534,45.7785416666667,18.2475,0.939783615692082,0.708333333333333,-2.29439374999998,97.3202427083333,99.6146364583333,FALSE,0.939783615692082,0.944600722369313,13,1,0,0.939783615692082,0.343323092749285,0.0801576706611438,45.7785416666667,0.939783615692082,TRUE,165,115,1,281,Large,Narrower CI,"Large effect, Narrower CI"
PWY-8189: L-alanine degradation V (oxidative Stickland reaction),PWY-8189: L-alanine degradation V (oxidative Stickland reaction),Pathway,raw,11,8,3,-2.455885,8.79179256334485,-7.73005,10.2459228392322,5.274165,3.83855,0.552466172476904,0.6875,-5.15809416666667,15.708090375,20.8661845416666,FALSE,0.552466172476904,0.45367453851629,13,1,0,0.552466172476904,0.578993804435326,0.0525890499285073,5.274165,0.552466172476904,TRUE,74,206,1,281,Moderate,Narrower CI,"Moderate effect, Narrower CI"
PWY-8188: L-alanine degradation VI (reductive Stickland reaction),PWY-8188: L-alanine degradation VI (reductive Stickland reaction),Pathway,raw,11,8,3,-2.455885,8.79179256334485,-7.73005,10.2459228392322,5.274165,3.83855,0.552466172476904,0.6875,-5.17958714583333,16.56231375,21.7419008958333,FALSE,0.552466172476904,0.45367453851629,13,1,0,0.552466172476904,0.578993804435326,0.0525890499285073,5.274165,0.552466172476904,TRUE,75,206,1,282,Moderate,Narrower CI,"Moderate effect, Narrower CI"
PWY-821: superpathway of sulfur amino acid biosynthesis (Saccharomyces cerevisiae),PWY-821: superpathway of sulfur amino acid biosynthesis (Saccharomyces cerevisiae),Pathway,raw,11,8,3,-0.18439125,7.18285930599356,2.2164,3.83891740989566,-2.40079125,0,-0.416880833153026,0.375,-8.371865,3.39331125,11.76517625,FALSE,-0.416880833153026,-0.85755259085794,13,1,0,-0.416880833153026,0.715130919320228,0.020328583490576,-2.40079125,0.416880833153026,TRUE,42,240,1,283,Small,Narrower CI,"Small effect, Narrower CI"
NAD-BIOSYNTHESIS-II: NAD salvage pathway III (to nicotinamide riboside),NAD-BIOSYNTHESIS-II: NAD salvage pathway III (to nicotinamide riboside),Pathway,raw,11,8,3,1.633569625,4.27540385627463,4.7469,8.2218719784487,-3.113330375,0,-0.475114840509493,0.333333333333333,-12.147648634375,3.543872315625,15.69152095,FALSE,-0.475114840509493,-0.466163439928948,13,1,0,-0.475114840509493,0.364560581359355,0.0419677999672227,-3.113330375,0.475114840509493,TRUE,58,225,1,284,Small,Narrower CI,"Small effect, Narrower CI"
PWY-5677: succinate fermentation to butanoate,PWY-5677: succinate fermentation to butanoate,Pathway,raw,11,8,3,-0.31707,2.47404607923943,1.76638666666667,6.45369914394321,-2.08345666666667,-0.58283,-0.42630132503812,0.4375,-8.73213778125,3.3225634375,12.05470121875,FALSE,-0.42630132503812,-0.305338732296239,13,1,0,-0.42630132503812,0.221596283821404,0.0332395816620266,-2.08345666666667,0.42630132503812,TRUE,46,237,1,284,Small,Narrower CI,"Small effect, Narrower CI"
DAPLYSINESYN-PWY: L-lysine biosynthesis I,DAPLYSINESYN-PWY: L-lysine biosynthesis I,Pathway,raw,11,8,3,-20.850825,111.129793503231,136.245666666667,72.0666319549716,-157.096491666667,-155.90965,-1.67735205265363,0.125,-250.3707003125,-59.82777125,190.5429290625,TRUE,-1.67735205265363,-0.544279752631121,13,1,0,-1.67735205265363,0.586123905686378,0.0910373317126336,-157.096491666667,1.67735205265363,TRUE,251,33,1,285,Large,Wider CI,"Large effect, Wider CI"
PWY-6595: superpathway of guanosine nucleotides degradation (plants),PWY-6595: superpathway of guanosine nucleotides degradation (plants),Pathway,raw,11,8,3,-11.078,18.3547663447011,4.00305333333333,25.3813220781057,-15.0810533333333,-9.53546,-0.68090739853339,0.291666666666667,-43.046373875,11.2716440625,54.3180179375,FALSE,-0.68090739853339,-0.775982750745753,13,1,0,-0.68090739853339,0.391486423473792,0.0443421934600343,-15.0810533333333,0.68090739853339,TRUE,124,160,1,285,Moderate,Narrower CI,"Moderate effect, Narrower CI"
PWY0-1415: superpathway of heme b biosynthesis from uroporphyrinogen-III,PWY0-1415: superpathway of heme b biosynthesis from uroporphyrinogen-III,Pathway,raw,11,8,3,-0.28311875,1.97463315203781,0,0,-0.28311875,0,-0.202766967423249,0.375,-1.3279058125,1.1807009375,2.50860675,FALSE,-0.202766967423249,-0.118375740563036,13,1,0,-0.202766967423249,1.11822760504068,0.0121376718860628,-0.28311875,0.202766967423249,TRUE,3,286,1,290,Small,Narrower CI,"Small effect, Narrower CI"
PWY-6901: superpathway of glucose and xylose degradation,PWY-6901: superpathway of glucose and xylose degradation,Pathway,raw,11,8,3,-56.34475,99.0146289516857,94.2276666666667,80.634304302408,-150.572416666667,-195.727,-1.66759093583939,0.0833333333333333,-243.1394103125,-48.8905895833334,194.248820729167,TRUE,-1.66759093583939,-1.22761731341635,13,1,0,-1.66759093583939,0.695773580484352,0.0975744270839554,-150.572416666667,1.66759093583939,TRUE,255,35,1,291,Large,Wider CI,"Large effect, Wider CI"
TCA-GLYOX-BYPASS: superpathway of glyoxylate bypass and TCA,TCA-GLYOX-BYPASS: superpathway of glyoxylate bypass and TCA,Pathway,raw,11,8,3,-2.204925,8.66469207246941,0,0,-2.204925,0,-0.359878321460858,0.5,-8.046875,2.774775,10.82165,FALSE,-0.359878321460858,-0.583272553097108,13,0.923076923076923,0.0769230769230769,-0.359878321460858,0.817175907612226,0.0229307643409158,-2.204925,0.359878321460858,TRUE,37,252,2,291,Small,Narrower CI,"Small effect, Narrower CI"
PWY490-3: nitrate reduction VI (assimilatory),PWY490-3: nitrate reduction VI (assimilatory),Pathway,raw,11,8,3,-0.81209375,1.27094667958222,-1.22545,2.12254166213528,0.41335625,-0.21762,0.236290608566932,0.541666666666667,-1.3374789375,2.4816186875,3.819097625,FALSE,0.236290608566932,0.13588347440478,13,1,0,0.236290608566932,0.357767657175672,0.068277336634161,0.41335625,0.236290608566932,TRUE,8,282,1,291,Small,Narrower CI,"Small effect, Narrower CI"
P161-PWY: acetylene degradation (anaerobic),P161-PWY: acetylene degradation (anaerobic),Pathway,raw,11,8,3,-22.20238125,67.8759886341467,16.15231,12.1010519476242,-38.35469125,-18.40596,-0.786724805252511,0.208333333333333,-89.4749528854167,-3.11024295833334,86.3647099270833,TRUE,-0.786724805252511,-1.30676549689891,13,1,0,-0.786724805252511,0.233561092199922,0.0280917048849825,-38.35469125,0.786724805252511,TRUE,152,141,1,294,Moderate,Narrower CI,"Moderate effect, Narrower CI"
PWY-7210: pyrimidine deoxyribonucleotides biosynthesis from CTP,PWY-7210: pyrimidine deoxyribonucleotides biosynthesis from CTP,Pathway,raw,11,8,3,-4.09031,29.7249786751629,10.72378,14.3527893722858,-14.81409,-9.934735,-0.634689084086424,0.229166666666667,-37.9766722291667,9.19025772916662,47.1669299583333,FALSE,-0.634689084086424,-0.63176387677921,13,1,0,-0.634689084086424,0.823156489336984,0.061226598307092,-14.81409,0.634689084086424,TRUE,116,177,1,294,Moderate,Narrower CI,"Moderate effect, Narrower CI"
"PWY-5138: fatty acid &beta;-oxidation IV (unsaturated, even number)","PWY-5138: fatty acid &beta;-oxidation IV (unsaturated, even number)",Pathway,raw,11,8,3,-0.5536725,3.62491999164021,0,0,-0.5536725,0,-0.216007845805921,0.5,-2.80367303125,1.6242275,4.42790053125,FALSE,-0.216007845805921,-0.420708684745062,13,0.923076923076923,0.0769230769230769,-0.216007845805921,0.837870444204625,0.0129822800311641,-0.5536725,0.216007845805921,TRUE,9,284,2,295,Small,Narrower CI,"Small effect, Narrower CI"
"PWY-7117: C4 photosynthetic carbon assimilation cycle, PEPCK type","PWY-7117: C4 photosynthetic carbon assimilation cycle, PEPCK type",Pathway,raw,11,8,3,-26.3218875,61.3558831947897,76.2718333333333,89.0834332330279,-102.593720833333,-113.16105,-1.34132919733424,0.208333333333333,-184.33905875,-9.88516843750002,174.4538903125,TRUE,-1.34132919733424,-1.17846091998818,13,1,0,-1.34132919733424,0.235845735868759,0.0433851996563317,-102.593720833333,1.34132919733424,TRUE,239,56,1,296,Large,Wider CI,"Large effect, Wider CI"
PWY-6435: 4-hydroxybenzoate biosynthesis III (plants),PWY-6435: 4-hydroxybenzoate biosynthesis III (plants),Pathway,raw,11,8,3,-0.3061925,1.18019849235808,5.32601333333333,14.9004152585166,-5.63220583333333,1.64309,-0.532889441420899,0.625,-22.344965,4.5066075,26.8515725,FALSE,-0.532889441420899,-0.567649907223501,13,1,0,-0.536770699290021,0.0508388447462813,0.00388125786912152,-5.67594761904762,0.532889441420899,TRUE,86,210,1,297,Moderate,Narrower CI,"Moderate effect, Narrower CI"
PWY-6353: purine nucleotides degradation II (aerobic),PWY-6353: purine nucleotides degradation II (aerobic),Pathway,raw,11,8,3,3.7733875,62.4016653873559,-69.2976333333333,64.8505911686496,73.0710208333333,59.7574,1.14823100815854,0.75,-3.18382500000001,145.183656875,148.367481875,FALSE,1.14823100815854,0.832641294843695,13,1,0,1.14823100815854,0.539998284820775,0.00780652668707238,73.0710208333333,1.14823100815854,TRUE,212,85,1,298,Large,Wider CI,"Large effect, Wider CI"
PWY-5862: superpathway of demethylmenaquinol-9 biosynthesis,PWY-5862: superpathway of demethylmenaquinol-9 biosynthesis,Pathway,raw,11,8,3,-1.37427875,5.01251476644334,-3.00564,5.20592118926132,1.63136125,0,0.319240464372708,0.541666666666667,-3.60557,7.249281125,10.854851125,FALSE,0.319240464372708,0.229495282885507,13,1,0,0.319240464372708,0.523660855742317,0.0481766292909325,1.63136125,0.319240464372708,TRUE,38,259,1,298,Small,Narrower CI,"Small effect, Narrower CI"
PWY-6317: D-galactose degradation I (Leloir pathway),PWY-6317: D-galactose degradation I (Leloir pathway),Pathway,raw,11,8,3,88.297625,104.684626871021,-133.454333333333,102.830729538078,221.751958333333,227.622,2.1371248221025,0.958333333333333,108.877696875,341.29433125,232.416634375,TRUE,2.1371248221025,2.204504360176,13,1,0,2.1371248221025,0.478068590899324,0.107701236348296,221.751958333333,2.1371248221025,TRUE,289,9,1,299,Large,Wider CI,"Large effect, Wider CI"
PWY-6922: L-N&delta;-acetylornithine biosynthesis,PWY-6922: L-N&delta;-acetylornithine biosynthesis,Pathway,raw,11,8,3,0.3754865,2.91852000935322,0.837473333333333,1.4505463633174,-0.461986833333333,0.16645,-0.200467807654853,0.5,-2.85620197916667,1.74632116041666,4.60252313958333,FALSE,-0.200467807654853,-0.266138555528303,13,0.923076923076923,0.0769230769230769,-0.200467807654853,0.4952652118706,0.0338627151190497,-0.461986833333333,0.200467807654853,TRUE,10,287,2,299,Small,Narrower CI,"Small effect, Narrower CI"
PWY0-1586: peptidoglycan maturation (meso-diaminopimelate containing),PWY0-1586: peptidoglycan maturation (meso-diaminopimelate containing),Pathway,raw,11,8,3,-9.2814875,181.515334666055,272.837,31.6628852601906,-282.1184875,-296.1475,-2.16533145415949,0.0833333333333333,-389.701566666667,-156.615237083333,233.086329583333,TRUE,-2.16533145415949,-0.713719381816154,13,1,0,-2.16533145415949,1.11023428617116,0.146981567365194,-282.1184875,2.16533145415949,TRUE,291,8,1,300,Large,Wider CI,"Large effect, Wider CI"
TRPSYN-PWY: L-tryptophan biosynthesis,TRPSYN-PWY: L-tryptophan biosynthesis,Pathway,raw,11,8,3,40.7095,113.705612570356,-84.646,58.8951192969333,125.3555,131.8685,1.38442116011221,0.916666666666667,36.0336385416668,220.334161458333,184.300522916667,TRUE,1.38442116011221,1.10147176408219,13,1,0,1.38442116011221,0.444106340918875,0.0415258513908503,125.3555,1.38442116011221,TRUE,246,54,1,301,Large,Wider CI,"Large effect, Wider CI"
DTDPRHAMSYN-PWY: dTDP-&beta;-L-rhamnose biosynthesis,DTDPRHAMSYN-PWY: dTDP-&beta;-L-rhamnose biosynthesis,Pathway,raw,11,8,3,135.978125,127.506192092146,-146.535333333333,102.426639534514,282.513458333333,202.497,2.44286796601191,1,168.909620833333,413.245496875,244.335876041667,TRUE,2.44286796601191,2.78269048454746,13,1,0,2.44286796601191,0.430831875830131,0.0626279282065547,282.513458333333,2.44286796601191,TRUE,298,4,1,303,Large,Wider CI,"Large effect, Wider CI"
HEMESYN2-PWY: heme b biosynthesis II (oxygen-independent),HEMESYN2-PWY: heme b biosynthesis II (oxygen-independent),Pathway,raw,11,8,3,-11.20874125,22.5358144176587,-2.64993666666667,3.12902273626021,-8.55880458333333,-5.6259,-0.531996090696125,0.333333333333333,-24.60274325,4.69294333333333,29.2956865833333,FALSE,-0.531996090696125,-0.196997717651705,13,1,0,-0.531996090696125,0.621840946673379,0.0541350463806444,-8.55880458333333,0.531996090696125,TRUE,92,211,1,304,Moderate,Narrower CI,"Moderate effect, Narrower CI"
PWY-5484: glycolysis II (from fructose 6-phosphate),PWY-5484: glycolysis II (from fructose 6-phosphate),Pathway,raw,11,8,3,-21.698125,119.908571999595,149.952,75.2841256640469,-171.650125,-170.446,-1.71454071276351,0.125,-279.539826041667,-66.6607208333333,212.879105208333,TRUE,-1.71454071276351,-1.49058703282279,13,1,0,-1.71454071276351,0.574399562345139,0.114975263304932,-171.650125,1.71454071276351,TRUE,273,31,1,305,Large,Wider CI,"Large effect, Wider CI"
PWY-5030: L-histidine degradation III,PWY-5030: L-histidine degradation III,Pathway,raw,11,8,3,-41.12132375,90.0630470376198,51.8723666666667,63.6645912661295,-92.9936904166667,-85.3675,-1.19239670421377,0.166666666666667,-176.343347291667,-8.72155979166675,167.6217875,TRUE,-1.19239670421377,-1.00920073576827,13,1,0,-1.19239670421377,0.554143661229038,0.101169067613904,-92.9936904166667,1.19239670421377,TRUE,230,75,1,306,Large,Wider CI,"Large effect, Wider CI"
PWY0-1479: tRNA processing,PWY0-1479: tRNA processing,Pathway,raw,11,8,3,9.2039375,34.7975810682679,-12.6133,29.8678692646462,21.8172375,29.0576,0.672820353331415,0.75,-16.4700471875,57.1120561458333,73.5821033333333,FALSE,0.672820353331415,0.824259298525604,13,1,0,0.672820353331415,0.360746062929085,0.174520444657443,21.8172375,0.672820353331415,TRUE,140,166,1,307,Moderate,Narrower CI,"Moderate effect, Narrower CI"
PWY-7197: pyrimidine deoxyribonucleotide phosphorylation,PWY-7197: pyrimidine deoxyribonucleotide phosphorylation,Pathway,raw,11,8,3,0.740137499999999,42.8104214717778,20.5913,13.1402771755393,-19.8511625,-20.1294,-0.626903273524651,0.291666666666667,-48.57030375,10.9758671875,59.5461709375,FALSE,-0.626903273524651,-0.430517821174012,13,1,0,-0.626903273524651,0.895212128911265,0.107992108564787,-19.8511625,0.626903273524651,TRUE,127,180,1,308,Moderate,Narrower CI,"Moderate effect, Narrower CI"
PWY-7184: pyrimidine deoxyribonucleotides de novo biosynthesis I,PWY-7184: pyrimidine deoxyribonucleotides de novo biosynthesis I,Pathway,raw,11,8,3,-4.2089475,30.4671670421525,9.88884,13.615707092722,-14.0977875,-9.06658499999999,-0.597440110086013,0.229166666666667,-37.43444175,9.14328696875,46.57772871875,FALSE,-0.597440110086013,-0.632967259877212,13,1,0,-0.597440110086013,0.841079807165794,0.0565041779793061,-14.0977875,0.597440110086013,TRUE,115,193,1,309,Moderate,Narrower CI,"Moderate effect, Narrower CI"
PWY-7220: adenosine deoxyribonucleotides de novo biosynthesis II,PWY-7220: adenosine deoxyribonucleotides de novo biosynthesis II,Pathway,raw,11,8,3,-1.420325,47.8082894827052,21.0063666666667,12.3328689481942,-22.4266916666667,-26.71565,-0.642372903165194,0.291666666666667,-53.7748784375,10.5193470833333,64.2942255208333,FALSE,-0.642372903165194,-0.446808381120656,13,1,0,-0.642372903165194,0.994472859926022,0.101417529439481,-22.4266916666667,0.642372903165194,TRUE,133,176,1,310,Moderate,Narrower CI,"Moderate effect, Narrower CI"
GLYCOCAT-PWY: glycogen degradation I,GLYCOCAT-PWY: glycogen degradation I,Pathway,raw,11,8,3,-62.302625,99.4486636590206,82.2055,90.3874941418889,-144.508125,-106.2475,-1.52071966789515,0.0833333333333333,-255.7958865625,-47.2289323958334,208.566954166667,TRUE,-1.52071966789515,-1.17624700891242,13,1,0,-1.52071966789515,0.414293440395918,0.0512247136931499,-144.508125,1.52071966789515,TRUE,268,42,1,311,Large,Wider CI,"Large effect, Wider CI"
"PWY0-301: L-ascorbate degradation I (bacterial, anaerobic)","PWY0-301: L-ascorbate degradation I (bacterial, anaerobic)",Pathway,raw,11,8,3,-1.16557875,4.65997690522615,-0.591063333333333,1.02375172382435,-0.574515416666667,-0.255305,-0.170293323199322,0.458333333333333,-3.58549934375,2.54204426041667,6.12754360416667,FALSE,-0.170293323199322,-0.216773449035296,13,0.846153846153846,0.153846153846154,-0.170293323199322,0.787568720994184,0.0347425106074823,-0.574515416666667,0.170293323199322,TRUE,17,291,3,311,Small,Narrower CI,"Small effect, Narrower CI"
PWY-7222: guanosine deoxyribonucleotides de novo biosynthesis II,PWY-7222: guanosine deoxyribonucleotides de novo biosynthesis II,Pathway,raw,11,8,3,-1.420325,47.8082894827052,21.0063666666667,12.3328689481942,-22.4266916666667,-26.71565,-0.642372903165194,0.291666666666667,-53.73484875,12.243784375,65.978633125,FALSE,-0.642372903165194,-0.446808381120656,13,1,0,-0.642372903165194,0.994472859926022,0.101417529439481,-22.4266916666667,0.642372903165194,TRUE,135,176,1,312,Moderate,Narrower CI,"Moderate effect, Narrower CI"
HOMOSER-METSYN-PWY: L-methionine biosynthesis I,HOMOSER-METSYN-PWY: L-methionine biosynthesis I,Pathway,raw,11,8,3,-0.58665625,8.9058621294547,1.42153966666667,1.76415481736166,-2.00819591666667,-1.268824,-0.312814823670817,0.270833333333333,-8.12474556041666,4.00654640625,12.1312919666667,FALSE,-0.312814823670817,-0.630090029536018,13,0.923076923076923,0.0769230769230769,-0.312814823670817,1.0090746885837,0.0268188900879237,-2.00819591666667,0.312814823670817,TRUE,48,263,2,313,Small,Narrower CI,"Small effect, Narrower CI"
"PWY-6961: L-ascorbate degradation II (bacterial, aerobic)","PWY-6961: L-ascorbate degradation II (bacterial, aerobic)",Pathway,raw,11,8,3,-1.36717875,4.98793208340587,-0.703913333333333,1.2192136574585,-0.663265416666667,-1.03699,-0.182675646146388,0.5,-3.99870463541667,2.77026282291666,6.76896745833333,FALSE,-0.182675646146388,-0.286249566064659,13,0.846153846153846,0.153846153846154,-0.182675646146388,0.820659097089852,0.0769234662526199,-0.663265416666667,0.182675646146388,TRUE,20,290,3,313,Small,Narrower CI,"Small effect, Narrower CI"
PWY-7392: taxadiene biosynthesis (engineered),PWY-7392: taxadiene biosynthesis (engineered),Pathway,raw,11,8,3,-47.5968625,83.6130611928362,14.2836,42.1414607066485,-61.8804625,-62.9175,-0.934634673291704,0.208333333333333,-129.845502395833,0.591553124999979,130.437055520833,FALSE,-0.934634673291704,-0.264674790788179,13,1,0,-0.934634673291704,0.410074051133234,0.0685227732418304,-61.8804625,0.934634673291704,TRUE,197,116,1,314,Large,Wider CI,"Large effect, Wider CI"
PWY-7282: 4-amino-2-methyl-5-diphosphomethylpyrimidine biosynthesis II,PWY-7282: 4-amino-2-methyl-5-diphosphomethylpyrimidine biosynthesis II,Pathway,raw,11,8,3,-65.1563625,113.221363483689,34.0808666666667,43.0038467099553,-99.2372291666667,-89.22615,-1.15877238576775,0.208333333333333,-184.843340729167,-15.6418860416667,169.2014546875,TRUE,-1.15877238576775,-1.02874020538263,13,1,0,-1.15877238576775,0.750584760814191,0.0836957647808427,-99.2372291666667,1.15877238576775,TRUE,232,83,1,316,Large,Wider CI,"Large effect, Wider CI"
PWY-4984: urea cycle,PWY-4984: urea cycle,Pathway,raw,11,8,3,-24.13397125,63.0812149799854,32.08702,55.6837584231991,-56.22099125,-41.33071,-0.944929269627011,0.25,-125.309738833333,7.85102961458326,133.160768447917,FALSE,-0.944929269627011,-0.765066014904308,13,1,0,-0.944929269627011,0.517790164313388,0.0516871544257662,-56.22099125,0.944929269627011,TRUE,202,113,1,316,Large,Wider CI,"Large effect, Wider CI"
PWY-6545: pyrimidine deoxyribonucleotides de novo biosynthesis III,PWY-6545: pyrimidine deoxyribonucleotides de novo biosynthesis III,Pathway,raw,11,8,3,-4.217625,30.724761591447,9.74824666666667,13.7092300646876,-13.9658716666667,-8.660885,-0.587041308565663,0.229166666666667,-38.2976807291667,9.14327551041664,47.4409562395833,FALSE,-0.587041308565663,-0.630164871566547,13,1,0,-0.587041308565663,0.841318674825257,0.055879937264868,-13.9658716666667,0.587041308565663,TRUE,118,199,1,318,Moderate,Narrower CI,"Moderate effect, Narrower CI"
P621-PWY: nylon-6 oligomer degradation,P621-PWY: nylon-6 oligomer degradation,Pathway,raw,11,8,3,2.72188375,6.41239862304257,6.7222,11.6431919386395,-4.00031625,0.7502,-0.425610387456135,0.416666666666667,-17.1201875,6.08489340625,23.20508090625,FALSE,-0.425610387456135,-0.126844706624669,13,1,0,-0.425610387456135,0.362506228800694,0.047154542080262,-4.00031625,0.425610387456135,TRUE,80,238,1,319,Small,Narrower CI,"Small effect, Narrower CI"
"PWY-7013: (S)-propane-1,2-diol degradation","PWY-7013: (S)-propane-1,2-diol degradation",Pathway,raw,11,8,3,3.086605,37.891208266453,-13.50102,11.94593197173,16.587625,12.893915,0.590451099342862,0.791666666666667,-9.93723606249999,43.8378155625,53.775051625,FALSE,0.590451099342862,0.335160085016821,13,1,0,0.590451099342862,0.927762668690559,0.0539723571893317,16.587625,0.590451099342862,TRUE,123,197,1,321,Moderate,Narrower CI,"Moderate effect, Narrower CI"
PWY-6807: xyloglucan degradation II (exoglucanase),PWY-6807: xyloglucan degradation II (exoglucanase),Pathway,raw,11,8,3,-0.23868375,4.39060961729832,-0.766003333333335,2.28146913435912,0.527319583333335,0,0.150716408159663,0.5,-2.94209938541667,4.02364083333334,6.96574021875,FALSE,0.150716408159663,-0.0753659658220846,13,0.923076923076923,0.0769230769230769,0.150716408159663,0.681568376878886,0.0181485815336909,0.527319583333335,0.150716408159663,FALSE,21,299,2,322,Small,Narrower CI,"Small effect, Narrower CI"
PWY-7234: inosine-5'-phosphate biosynthesis III,PWY-7234: inosine-5'-phosphate biosynthesis III,Pathway,raw,11,8,3,-32.9783625,159.544639253219,180.905,67.5218699459664,-213.8833625,-191.8691,-1.74595187872689,0.0833333333333333,-332.5866821875,-93.9074646875001,238.6792175,TRUE,-1.74595187872689,-1.58636571415257,13,1,0,-1.74595187872689,1.0074236276351,0.0975554001946921,-213.8833625,1.74595187872689,TRUE,294,28,1,323,Large,Wider CI,"Large effect, Wider CI"
PWY-6629: superpathway of L-tryptophan biosynthesis,PWY-6629: superpathway of L-tryptophan biosynthesis,Pathway,raw,11,8,3,58.26925,139.539341744542,-94.367,64.7096441112143,152.63625,154.986,1.40339032226901,0.916666666666667,46.8310375000001,259.021853125,212.190815625,TRUE,1.40339032226901,1.23818187974188,13,1,0,1.40339032226901,0.504095727804571,0.0376752756863854,152.63625,1.40339032226901,TRUE,272,52,1,325,Large,Wider CI,"Large effect, Wider CI"
PWY-6612: superpathway of tetrahydrofolate biosynthesis,PWY-6612: superpathway of tetrahydrofolate biosynthesis,Pathway,raw,11,8,3,-5.61043875,11.0720516006558,1.49321666666667,18.1895910729415,-7.10365541666667,-9.141765,-0.471771215015012,0.291666666666667,-23.7415972916667,11.22178909375,34.9633863854166,FALSE,-0.471771215015012,-0.311683885327062,13,1,0,-0.471771215015012,0.290063179785839,0.0450664310319452,-7.10365541666667,0.471771215015012,TRUE,99,226,1,326,Small,Narrower CI,"Small effect, Narrower CI"
PWY-6609: adenine and adenosine salvage III,PWY-6609: adenine and adenosine salvage III,Pathway,raw,11,8,3,35.71875,119.828547301968,-117.248666666667,88.889484644323,152.967416666667,116.658,1.44993719896865,0.833333333333333,49.6906041666667,265.192040625,215.501436458333,TRUE,1.44993719896865,1.57138321378425,13,1,0,1.44993719896865,0.4886035586163,0.121647682015107,152.967416666667,1.44993719896865,TRUE,277,49,1,327,Large,Wider CI,"Large effect, Wider CI"
PWY-5723: Rubisco shunt,PWY-5723: Rubisco shunt,Pathway,raw,11,8,3,1.269185,9.73454922854381,-0.577646666666667,1.00051337548947,1.84683166666667,0,0.266897574984264,0.583333333333333,-4.36868333333333,8.77200358333331,13.1406869166666,FALSE,0.266897574984264,0.171690101745698,13,0.923076923076923,0.0769230769230769,0.266897574984264,0.696363236950833,0.00503751127922186,1.84683166666667,0.266897574984264,TRUE,52,273,2,327,Small,Narrower CI,"Small effect, Narrower CI"
PWY-1042: glycolysis IV,PWY-1042: glycolysis IV,Pathway,raw,11,8,3,153.748875,120.046387973789,-150.581,136.314300786821,304.329875,292.073,2.36946609859326,0.958333333333333,153.959761458333,460.677657291667,306.717895833333,TRUE,2.36946609859326,2.41992011597638,13,1,0,2.36946609859326,0.56849061549842,0.0804690910089896,304.329875,2.36946609859326,TRUE,323,5,1,329,Large,Wider CI,"Large effect, Wider CI"
TRNA-CHARGING-PWY: tRNA charging,TRNA-CHARGING-PWY: tRNA charging,Pathway,raw,11,8,3,84.808625,104.534567563541,-4.61266666666666,60.4858493396045,89.4212916666667,47.2635,1.04709871548379,0.708333333333333,10.2305239583333,182.554121875,172.323597916667,TRUE,1.04709871548379,1.03648077584865,13,1,0,1.04709871548379,0.398400814618617,0.151841581709392,89.4212916666667,1.04709871548379,TRUE,235,93,1,329,Large,Wider CI,"Large effect, Wider CI"
PWY-6803: phosphatidylcholine acyl editing,PWY-6803: phosphatidylcholine acyl editing,Pathway,raw,11,8,3,0.2757975,4.58937622066986,0,0,0.2757975,0,0.0849868361656487,0.4375,-2.332423625,3.72953375,6.061957375,FALSE,0.0849868361656487,-0.463770329141068,13,0.846153846153846,0.153846153846154,0.0849868361656487,0.867027957265258,0.00496256672505702,0.2757975,0.0849868361656487,FALSE,16,310,3,329,Small,Narrower CI,"Small effect, Narrower CI"
PWY-5845: superpathway of menaquinol-9 biosynthesis,PWY-5845: superpathway of menaquinol-9 biosynthesis,Pathway,raw,11,8,3,-2.05040125,7.37563657869114,-4.26833333333333,7.39297019697316,2.21793208333333,0,0.300357452723499,0.541666666666667,-5.34729875,11.2199583333333,16.5672570833333,FALSE,0.300357452723499,0.212118123384644,13,1,0,0.300357452723499,0.534441705377378,0.049018293739195,2.21793208333333,0.300357452723499,TRUE,63,266,1,330,Small,Narrower CI,"Small effect, Narrower CI"
PWY-5656: mannosylglycerate biosynthesis I,PWY-5656: mannosylglycerate biosynthesis I,Pathway,raw,11,8,3,0.36837325,2.52328404785259,0.43084,0.746236769932975,-0.06246675,0,-0.0335730392003127,0.291666666666667,-1.57042535625,2.03069196875,3.601117325,FALSE,-0.0335730392003127,-0.416198774222096,13,0.769230769230769,0.230769230769231,-0.00493361389223313,1.39507946006428,0.0286394253080795,-0.00984199999999996,0.0335730392003127,TRUE,5,321,4,330,Small,Narrower CI,"Small effect, Narrower CI"
RIBOSYN2-PWY: flavin biosynthesis I (bacteria and plants),RIBOSYN2-PWY: flavin biosynthesis I (bacteria and plants),Pathway,raw,11,8,3,30.159625,54.6147947536393,-65.163,101.89210176947,95.322625,53.908,1.16608483084762,0.833333333333333,9.00446249999999,197.851625,188.8471625,TRUE,1.16608483084762,1.06311117890698,13,1,0,1.16608483084762,0.218406575742528,0.0467121014006418,95.322625,1.16608483084762,TRUE,249,81,1,331,Large,Wider CI,"Large effect, Wider CI"
CITRULBIO-PWY: L-citrulline biosynthesis,CITRULBIO-PWY: L-citrulline biosynthesis,Pathway,raw,11,8,3,-29.802395,76.8166200535585,37.3596466666667,64.8376867339245,-67.1620416666667,-64.14944,-0.944880253245702,0.25,-145.125503333333,11.747793,156.873296333333,FALSE,-0.944880253245702,-0.949772665937257,13,1,0,-0.944880253245702,0.513458983838689,0.101191339563335,-67.1620416666667,0.944880253245702,TRUE,217,114,1,332,Large,Wider CI,"Large effect, Wider CI"
PWY-561: superpathway of glyoxylate cycle and fatty acid degradation,PWY-561: superpathway of glyoxylate cycle and fatty acid degradation,Pathway,raw,11,8,3,-2.7896,13.4837897715622,0,0,-2.7896,0,-0.292580218205146,0.5,-11.7346125,4.58574,16.3203525,FALSE,-0.292580218205146,-0.532351163280891,13,0.923076923076923,0.0769230769230769,-0.292580218205146,0.911374626839684,0.0180804460713863,-2.7896,0.292580218205146,TRUE,61,269,2,332,Small,Narrower CI,"Small effect, Narrower CI"
"PWY-7385: 1,3-propanediol biosynthesis (engineered)","PWY-7385: 1,3-propanediol biosynthesis (engineered)",Pathway,raw,11,8,3,2.07415475,9.8475090507622,0.464503333333333,0.804543373618435,1.60965141666667,0,0.230396469917632,0.333333333333333,-3.05584461458333,9.0243205,12.0801651145833,FALSE,0.230396469917632,-0.230379114626275,13,0.923076923076923,0.0769230769230769,0.25360599289539,1.40921895624297,0.0232095229777579,1.90595923809524,0.230396469917632,FALSE,47,283,2,332,Small,Narrower CI,"Small effect, Narrower CI"
GLYCOLYSIS-E-D: superpathway of glycolysis and the Entner-Doudoroff pathway,GLYCOLYSIS-E-D: superpathway of glycolysis and the Entner-Doudoroff pathway,Pathway,raw,11,8,3,-41.716775,70.2530807984909,7.76313333333334,49.1706296011484,-49.4799083333333,-49.3375,-0.816026629367765,0.291666666666667,-111.4102571875,14.3659986458332,125.776255833333,FALSE,-0.816026629367765,-0.619935057420649,13,1,0,-0.816026629367765,0.630077712167724,0.084940599407485,-49.4799083333333,0.816026629367765,TRUE,193,139,1,333,Large,Wider CI,"Large effect, Wider CI"
METSYN-PWY: superpathway of L-homoserine and L-methionine biosynthesis,METSYN-PWY: superpathway of L-homoserine and L-methionine biosynthesis,Pathway,raw,11,8,3,-1.03412875,15.3116657376174,2.43261333333333,2.99576276372702,-3.46674208333333,-2.216315,-0.314236683690503,0.270833333333333,-13.2515466354167,6.63550792708333,19.8870545625,FALSE,-0.314236683690503,-0.712689302470406,13,0.923076923076923,0.0769230769230769,-0.314236683690503,1.00912477456489,0.0268606002587227,-3.46674208333333,0.314236683690503,TRUE,69,262,2,333,Small,Narrower CI,"Small effect, Narrower CI"
ARG+POLYAMINE-SYN: superpathway of arginine and polyamine biosynthesis,ARG+POLYAMINE-SYN: superpathway of arginine and polyamine biosynthesis,Pathway,raw,11,8,3,-18.37790875,34.6585915660219,-1.87216666666667,22.6864708362348,-16.5057420833333,-11.2853,-0.563514160251466,0.333333333333333,-46.441224375,14.9566041666667,61.3978285416667,FALSE,-0.563514160251466,-0.515093915099089,13,1,0,-0.563514160251466,0.615111707495058,0.0571531755571598,-16.5057420833333,0.563514160251466,TRUE,130,203,1,334,Moderate,Narrower CI,"Moderate effect, Narrower CI"
PWY-801: homocysteine and cysteine interconversion,PWY-801: homocysteine and cysteine interconversion,Pathway,raw,11,8,3,9.794485,37.4332546868198,-3.47928333333333,6.02629550726094,13.2737683333333,-1.66922,0.495102953742861,0.458333333333333,-4.2947818125,41.6146664166666,45.9094482291666,FALSE,0.495102953742861,0.10410811151717,13,1,0,0.51040954582368,0.567260355224867,0.0256091859318816,14.6729804761905,0.495102953742861,TRUE,114,219,1,334,Small,Narrower CI,"Small effect, Narrower CI"
PWY-5100: pyruvate fermentation to acetate and lactate II,PWY-5100: pyruvate fermentation to acetate and lactate II,Pathway,raw,11,8,3,122.71675,175.684529135729,-94.363,51.4724252294372,217.07975,203.6905,1.67694249170784,0.958333333333333,98.26295,344.607759375,246.344809375,TRUE,1.67694249170784,1.50530079483258,13,1,0,1.67694249170784,0.550018765663644,0.0707548040083532,217.07975,1.67694249170784,TRUE,300,34,1,335,Large,Wider CI,"Large effect, Wider CI"
PWY-7312: dTDP-&beta;-D-fucofuranose biosynthesis,PWY-7312: dTDP-&beta;-D-fucofuranose biosynthesis,Pathway,raw,11,8,3,1.77781375,12.5843298774013,5.66350333333333,9.80947552216903,-3.88568958333333,0,-0.344398644736765,0.291666666666667,-15.2132168541667,7.77126454166666,22.9844813958333,FALSE,-0.344398644736765,-0.685362815944497,13,1,0,-0.306726128505418,0.884775560290248,0.0376725162313467,-3.63171619047619,0.344398644736765,TRUE,79,255,1,335,Small,Narrower CI,"Small effect, Narrower CI"
HISDEG-PWY: L-histidine degradation I,HISDEG-PWY: L-histidine degradation I,Pathway,raw,11,8,3,-60.03266875,115.883039188593,64.6936666666667,85.2334059352513,-124.726335416667,-128.5214,-1.22618219810791,0.166666666666667,-229.574440729167,-22.24745171875,207.326989010417,TRUE,-1.22618219810791,-1.02145161977673,13,1,0,-1.22618219810791,0.537812488892534,0.0768487305014287,-124.726335416667,1.22618219810791,TRUE,266,69,1,336,Large,Wider CI,"Large effect, Wider CI"
NONOXIPENT-PWY: pentose phosphate pathway (non-oxidative branch) I,NONOXIPENT-PWY: pentose phosphate pathway (non-oxidative branch) I,Pathway,raw,11,8,3,70.99,174.312213697967,-184.308333333333,95.9706549020759,255.298333333333,278.306,1.81443818109616,0.916666666666667,114.250879166667,390.866834375,276.615955208333,TRUE,1.81443818109616,1.52214402997316,13,1,0,1.81443818109616,0.493613127312076,0.119936840867322,255.298333333333,1.81443818109616,TRUE,313,23,1,337,Large,Wider CI,"Large effect, Wider CI"
P41-PWY: pyruvate fermentation to acetate and (S)-lactate I,P41-PWY: pyruvate fermentation to acetate and (S)-lactate I,Pathway,raw,11,8,3,122.71675,175.684529135729,-94.363,51.4724252294372,217.07975,203.6905,1.67694249170784,0.958333333333333,95.664803125,343.907490625,248.2426875,TRUE,1.67694249170784,1.50530079483258,13,1,0,1.67694249170784,0.550018765663644,0.0707548040083532,217.07975,1.67694249170784,TRUE,302,34,1,337,Large,Wider CI,"Large effect, Wider CI"
PWY-6892: thiazole component of thiamine diphosphate biosynthesis I,PWY-6892: thiazole component of thiamine diphosphate biosynthesis I,Pathway,raw,11,8,3,46.0053125,111.05467480168,-54.5373333333333,68.9025839597713,100.542645833333,107.6235,1.08795864567018,0.791666666666667,6.11218718750005,194.563157291667,188.450970104167,TRUE,1.08795864567018,0.354613173249372,13,1,0,1.08795864567018,0.7947889025929,0.112709563379124,100.542645833333,1.08795864567018,TRUE,248,88,1,337,Large,Wider CI,"Large effect, Wider CI"
FAO-PWY: fatty acid &beta;-oxidation I (generic),FAO-PWY: fatty acid &beta;-oxidation I (generic),Pathway,raw,11,8,3,-0.89042375,8.4584416470005,0,0,-0.89042375,0,-0.14887486325045,0.5,-5.88769125,4.5383525,10.42604375,FALSE,-0.14887486325045,-0.509840489674279,13,0.846153846153846,0.153846153846154,-0.14887486325045,0.955142690857157,0.00878936326082763,-0.89042375,0.14887486325045,TRUE,34,300,3,337,Small,Narrower CI,"Small effect, Narrower CI"
"PWY-724: superpathway of L-lysine, L-threonine and L-methionine biosynthesis II","PWY-724: superpathway of L-lysine, L-threonine and L-methionine biosynthesis II",Pathway,raw,11,8,3,55.6435,50.7794725117486,30.7723333333333,27.9128344912037,24.8711666666667,21.299,0.607003826512153,0.708333333333333,-16.9745812499999,67.4167083333334,84.3912895833333,FALSE,0.607003826512153,0.653992455971261,13,1,0,0.607003826512153,0.672434891677016,0.0994338163981093,24.8711666666667,0.607003826512153,TRUE,151,188,1,340,Moderate,Narrower CI,"Moderate effect, Narrower CI"
"P125-PWY: superpathway of (R,R)-butanediol biosynthesis","P125-PWY: superpathway of (R,R)-butanediol biosynthesis",Pathway,raw,11,8,3,4.15046125,12.7852544204357,1.80736666666667,3.13045089457307,2.34309458333333,0,0.25174020876692,0.291666666666667,-4.25343395833333,11.6167339062499,15.8701678645833,FALSE,0.25174020876692,0.214729641658631,13,0.923076923076923,0.0769230769230769,0.295660041045396,1.2845403828526,0.0439198322784757,2.93601761904762,0.25174020876692,TRUE,59,279,2,340,Small,Narrower CI,"Small effect, Narrower CI"
PWY-5913: partial TCA cycle (obligate autotrophs),PWY-5913: partial TCA cycle (obligate autotrophs),Pathway,raw,11,8,3,2.14595,56.1879574039796,27.1613333333333,17.0591294424227,-25.0153833333333,-18.79985,-0.602465532022451,0.25,-62.2252177083333,17.3259035416666,79.55112125,FALSE,-0.602465532022451,-0.447219329700416,13,1,0,-0.602465532022451,1.01228142210955,0.0544450248441225,-25.0153833333333,0.602465532022451,TRUE,150,190,1,341,Moderate,Narrower CI,"Moderate effect, Narrower CI"
PWY-822: fructan biosynthesis,PWY-822: fructan biosynthesis,Pathway,raw,11,8,3,0.75806125,3.89417240171016,0.858756666666667,1.48741017800516,-0.100695416666667,0,-0.034161560717959,0.375,-2.7706736875,2.88933208333333,5.66000577083333,FALSE,-0.034161560717959,-0.338843920738346,13,0.538461538461538,0.461538461538462,-0.0280518509809261,1.12796011039675,0.036577005307749,-0.0884923809523812,0.034161560717959,TRUE,14,320,7,341,Small,Narrower CI,"Small effect, Narrower CI"
PWY66-430: myristate biosynthesis (mitochondria),PWY66-430: myristate biosynthesis (mitochondria),Pathway,raw,11,8,3,-35.179325,89.1487273132096,12.8920666666667,22.3297144812318,-48.0713916666667,0,-0.739730084870166,0.208333333333333,-122.789058333333,-1.99765,120.791408333333,TRUE,-0.739730084870166,-1.22736399275814,13,1,0,-0.743448745249776,0.280255903205424,0.029268488059808,-50.813980952381,0.739730084870166,TRUE,190,151,1,342,Moderate,Wider CI,"Moderate effect, Wider CI"
"PWY-7388: octanoyl-[acyl-carrier protein] biosynthesis (mitochondria, yeast)","PWY-7388: octanoyl-[acyl-carrier protein] biosynthesis (mitochondria, yeast)",Pathway,raw,11,8,3,-35.3261375,89.6569749112844,12.7965,22.1641881590551,-48.1226375,0,-0.736884576402295,0.208333333333333,-121.86075,-2.5581,119.30265,TRUE,-0.736884576402295,-1.2269922014365,13,1,0,-0.740591945038483,0.282128262207621,0.0292851447768245,-50.9317,0.736884576402295,TRUE,188,153,1,342,Moderate,Wider CI,"Moderate effect, Wider CI"
PWY0-162: superpathway of pyrimidine ribonucleotides de novo biosynthesis,PWY0-162: superpathway of pyrimidine ribonucleotides de novo biosynthesis,Pathway,raw,11,8,3,13.8128375,89.5657557126437,59.7813333333334,17.3919567137609,-45.9684958333333,-52.6705,-0.71251840675578,0.291666666666667,-103.618638645833,14.194473125,117.813111770833,FALSE,-0.71251840675578,-0.540450317655374,13,1,0,-0.71251840675578,0.818720648118015,0.116426268563422,-45.9684958333333,0.71251840675578,TRUE,186,155,1,342,Moderate,Wider CI,"Moderate effect, Wider CI"
POLYISOPRENSYN-PWY: polyisoprenoid biosynthesis (E. coli),POLYISOPRENSYN-PWY: polyisoprenoid biosynthesis (E. coli),Pathway,raw,11,8,3,-33.0728625,67.175351222665,5.64019666666667,42.6339136438708,-38.7130591666667,-54.0539,-0.688120528381585,0.208333333333333,-95.9358970833333,21.3157220625,117.251619145833,FALSE,-0.688120528381585,-0.641131212703728,13,1,0,-0.688120528381585,0.812601610840756,0.0560929747109858,-38.7130591666667,0.688120528381585,TRUE,184,157,1,342,Moderate,Wider CI,"Moderate effect, Wider CI"
PWY-5188: tetrapyrrole biosynthesis I (from glutamate),PWY-5188: tetrapyrrole biosynthesis I (from glutamate),Pathway,raw,11,8,3,49.8978125,147.443242636465,-65.313,27.7879121022073,115.2108125,56.8415,1.08593618460364,0.875,22.8886284375,214.1584534375,191.269825,TRUE,1.08593618460364,0.742793401733369,13,1,0,1.08593618460364,0.653836498485664,0.0233340831818314,115.2108125,1.08593618460364,TRUE,253,89,1,343,Large,Wider CI,"Large effect, Wider CI"
PWY-5897: superpathway of menaquinol-11 biosynthesis,PWY-5897: superpathway of menaquinol-11 biosynthesis,Pathway,raw,11,8,3,-0.6024025,14.7701326887751,-4.1372,6.69213588624738,3.5347975,-2.058455,0.308283277119212,0.5625,-6.63966729166666,15.9075626041667,22.5472298958333,FALSE,0.308283277119212,-0.0807865396111112,13,0.923076923076923,0.0769230769230769,0.308283277119212,0.674868840723829,0.0633286477928388,3.5347975,0.308283277119212,FALSE,76,265,2,343,Small,Narrower CI,"Small effect, Narrower CI"
GLYCOLYSIS: glycolysis I (from glucose 6-phosphate),GLYCOLYSIS: glycolysis I (from glucose 6-phosphate),Pathway,raw,11,8,3,12.049625,146.916926921244,142.448666666667,47.3510461588055,-130.399041666667,-145.1885,-1.1946959837179,0.25,-234.835166666667,-25.5796145833334,209.255552083333,TRUE,-1.1946959837179,-0.898427498862388,13,1,0,-1.1946959837179,0.603511992075338,0.100475258380242,-130.399041666667,1.1946959837179,TRUE,269,74,1,344,Large,Wider CI,"Large effect, Wider CI"
PWY-5898: superpathway of menaquinol-12 biosynthesis,PWY-5898: superpathway of menaquinol-12 biosynthesis,Pathway,raw,11,8,3,-0.6024025,14.7701326887751,-4.1372,6.69213588624738,3.5347975,-2.058455,0.308283277119212,0.5625,-6.72188583333333,15.8592234375,22.5811092708333,FALSE,0.308283277119212,-0.0807865396111112,13,0.923076923076923,0.0769230769230769,0.308283277119212,0.674868840723829,0.0633286477928388,3.5347975,0.308283277119212,FALSE,77,265,2,344,Small,Narrower CI,"Small effect, Narrower CI"
GLUCARGALACTSUPER-PWY: superpathway of D-glucarate and D-galactarate degradation,GLUCARGALACTSUPER-PWY: superpathway of D-glucarate and D-galactarate degradation,Pathway,raw,11,8,3,1.436557625,3.98855317432087,1.88043666666667,5.09994845057608,-0.443879041666667,-1.40277,-0.0969570073612431,0.416666666666667,-5.584646496875,4.89156474583332,10.4762112427083,FALSE,-0.0969570073612431,0.18552525705386,13,0.923076923076923,0.0769230769230769,-0.0969570073612431,0.415563424363503,0.0284480655782607,-0.443879041666667,0.0969570073612431,FALSE,35,307,2,344,Small,Narrower CI,"Small effect, Narrower CI"
PWY-5941: glycogen degradation II,PWY-5941: glycogen degradation II,Pathway,raw,11,8,3,207.657625,207.761755551839,-156.606666666667,142.758851330954,364.264291666667,311.549,2.04357593783077,0.958333333333333,178.433355208333,554.170603125,375.737247916666,TRUE,2.04357593783077,2.02478959744072,13,1,0,2.04357593783077,0.595281975585213,0.0811110685771173,364.264291666667,2.04357593783077,TRUE,330,14,1,345,Large,Wider CI,"Large effect, Wider CI"
PWY-8178: pentose phosphate pathway (non-oxidative branch) II,PWY-8178: pentose phosphate pathway (non-oxidative branch) II,Pathway,raw,11,8,3,69.951625,168.284198827831,-217.597,127.445915552441,287.548625,300.5535,1.92638813761163,0.916666666666667,124.272765625,436.180234375,311.90746875,TRUE,1.92638813761163,1.65098296515269,13,1,0,1.92638813761163,0.540694814314751,0.10205817387675,287.548625,1.92638813761163,TRUE,324,20,1,345,Large,Wider CI,"Large effect, Wider CI"
MET-SAM-PWY: superpathway of S-adenosyl-L-methionine biosynthesis,MET-SAM-PWY: superpathway of S-adenosyl-L-methionine biosynthesis,Pathway,raw,11,8,3,-1.16706875,17.3150142935649,2.80021,3.45796559993011,-3.96727875,-2.530605,-0.317755056662459,0.270833333333333,-15.43612984375,9.12171599999999,24.55784584375,FALSE,-0.317755056662459,-0.732773405001437,13,0.923076923076923,0.0769230769230769,-0.317755056662459,1.00818655410578,0.027248541495518,-3.96727875,0.317755056662459,TRUE,82,261,2,345,Small,Narrower CI,"Small effect, Narrower CI"
PWY-5899: superpathway of menaquinol-13 biosynthesis,PWY-5899: superpathway of menaquinol-13 biosynthesis,Pathway,raw,11,8,3,-0.6024025,14.7701326887751,-4.1372,6.69213588624738,3.5347975,-2.058455,0.308283277119212,0.5625,-6.49067392708333,16.4402657604167,22.9309396875,FALSE,0.308283277119212,-0.0807865396111112,13,0.923076923076923,0.0769230769230769,0.308283277119212,0.674868840723829,0.0633286477928388,3.5347975,0.308283277119212,FALSE,78,265,2,345,Small,Narrower CI,"Small effect, Narrower CI"
GALACTARDEG-PWY: D-galactarate degradation I,GALACTARDEG-PWY: D-galactarate degradation I,Pathway,raw,11,8,3,1.436557625,3.98855317432087,1.88043666666667,5.09994845057608,-0.443879041666667,-1.40277,-0.0969570073612431,0.416666666666667,-5.69365222916667,4.85430892708333,10.54796115625,FALSE,-0.0969570073612431,0.18552525705386,13,0.923076923076923,0.0769230769230769,-0.0969570073612431,0.415563424363503,0.0284480655782607,-0.443879041666667,0.0969570073612431,FALSE,36,307,2,345,Small,Narrower CI,"Small effect, Narrower CI"
"P461-PWY: hexitol fermentation to lactate, formate, ethanol and acetate","P461-PWY: hexitol fermentation to lactate, formate, ethanol and acetate",Pathway,raw,11,8,3,-4.97796375,21.621975738837,-12.4666666666667,14.7217013994081,7.48870291666667,20.41065,0.404872147620543,0.625,-10.86926775,25.3717628333333,36.2410305833333,FALSE,0.404872147620543,0.465898809635153,13,1,0,0.404872147620543,0.656152976685409,0.0712735419535646,7.48870291666667,0.404872147620543,TRUE,103,242,1,346,Small,Narrower CI,"Small effect, Narrower CI"
PWY-6527: stachyose degradation,PWY-6527: stachyose degradation,Pathway,raw,11,8,3,12.457125,98.8023082992895,-148.628,116.108130520649,161.085125,145.956,1.49425390787763,0.833333333333333,41.7354145833334,288.024358333333,246.28894375,TRUE,1.49425390787763,1.27393478180441,13,1,0,1.49425390787763,0.425019282931134,0.102841117579759,161.085125,1.49425390787763,TRUE,299,47,1,347,Large,Wider CI,"Large effect, Wider CI"
PWY-7953: UDP-N-acetylmuramoyl-pentapeptide biosynthesis III (meso-diaminopimelate containing),PWY-7953: UDP-N-acetylmuramoyl-pentapeptide biosynthesis III (meso-diaminopimelate containing),Pathway,raw,11,8,3,6.16450000000002,75.4588103253311,-64.355,75.7165195119268,70.5195,113.659,0.932948485850867,0.75,-18.8638312499999,148.719034375,167.582865625,FALSE,0.932948485850867,0.956708499264631,13,1,0,0.932948485850867,0.433669587582526,0.0516493789017527,70.5195,0.932948485850867,TRUE,229,117,1,347,Large,Wider CI,"Large effect, Wider CI"
PWY-5347: superpathway of L-methionine biosynthesis (transsulfuration),PWY-5347: superpathway of L-methionine biosynthesis (transsulfuration),Pathway,raw,11,8,3,-1.1911125,17.2572716978966,2.68427,3.26425898462423,-3.8753825,-2.526645,-0.31204982284469,0.270833333333333,-14.97638725,8.57731875,23.553706,FALSE,-0.31204982284469,-0.732291541587147,13,0.923076923076923,0.0769230769230769,-0.31204982284469,1.01361013627004,0.0266116346005355,-3.8753825,0.31204982284469,TRUE,81,264,2,347,Small,Narrower CI,"Small effect, Narrower CI"
CALVIN-PWY: Calvin-Benson-Bassham cycle,CALVIN-PWY: Calvin-Benson-Bassham cycle,Pathway,raw,11,8,3,102.24475,171.258166512891,-154.923,109.536127081434,257.16775,269.2525,1.78900607894274,0.916666666666667,101.395084375,406.071890625,304.67680625,TRUE,1.78900607894274,1.71500010791398,13,1,0,1.78900607894274,0.52921067994247,0.104899785239879,257.16775,1.78900607894274,TRUE,322,25,1,348,Large,Wider CI,"Large effect, Wider CI"
COBALSYN-PWY: superpathway of adenosylcobalamin salvage from cobinamide I,COBALSYN-PWY: superpathway of adenosylcobalamin salvage from cobinamide I,Pathway,raw,11,8,3,54.555,98.0546051632165,-45.8243333333333,83.1032220213713,100.379333333333,93.5065,1.1044424642232,0.791666666666667,0.764916666666647,201.002252083333,200.237335416667,TRUE,1.1044424642232,1.03292430620562,13,1,0,1.1044424642232,0.440528617764699,0.0732410030651962,100.379333333333,1.1044424642232,TRUE,260,87,1,348,Large,Wider CI,"Large effect, Wider CI"
PWY-4041: &gamma;-glutamyl cycle,PWY-4041: &gamma;-glutamyl cycle,Pathway,raw,11,8,3,4.58335,57.6724055880156,40.8385666666667,49.6917926267843,-36.2552166666667,-27.7567,-0.673510732408946,0.333333333333333,-96.0869380208333,20.7282857291667,116.81522375,FALSE,-0.673510732408946,-0.405088370450973,13,1,0,-0.673510732408946,0.385351629802044,0.112196448341643,-36.2552166666667,0.673510732408946,TRUE,182,165,1,348,Moderate,Wider CI,"Moderate effect, Wider CI"
KETOGLUCONMET-PWY: ketogluconate metabolism,KETOGLUCONMET-PWY: ketogluconate metabolism,Pathway,raw,11,8,3,-2.44903875,8.03914986967808,-1.51643833333333,3.24609174267431,-0.932600416666667,-0.229654,-0.152125721177275,0.5,-7.73036500833333,4.48137854791666,12.21174355625,FALSE,-0.152125721177275,-0.0607643489576283,13,0.923076923076923,0.0769230769230769,-0.152125721177275,0.930724193220865,0.0448340351087195,-0.932600416666667,0.152125721177275,TRUE,49,297,2,348,Small,Narrower CI,"Small effect, Narrower CI"
ANAGLYCOLYSIS-PWY: glycolysis III (from glucose),ANAGLYCOLYSIS-PWY: glycolysis III (from glucose),Pathway,raw,11,8,3,141.068,124.682438730217,-43.4413333333334,120.156466885197,184.509333333333,116.0705,1.5069322110456,0.875,60.088365625,320.91735625,260.828990625,TRUE,1.5069322110456,1.56412200347599,13,1,0,1.5069322110456,0.510937930717783,0.0590891475236952,184.509333333333,1.5069322110456,TRUE,306,44,1,351,Large,Wider CI,"Large effect, Wider CI"
GLYCOGENSYNTH-PWY: glycogen biosynthesis I (from ADP-D-Glucose),GLYCOGENSYNTH-PWY: glycogen biosynthesis I (from ADP-D-Glucose),Pathway,raw,11,8,3,187.7115,201.684351932844,-232.928,197.32345659855,420.6395,425.7355,2.10830149398145,0.958333333333333,205.720958333333,645.5827375,439.861779166666,TRUE,2.10830149398145,2.22265056938067,13,1,0,2.10830149398145,0.392476188417857,0.100902010003992,420.6395,2.10830149398145,TRUE,338,13,1,352,Large,Wider CI,"Large effect, Wider CI"
PWY-5840: superpathway of menaquinol-7 biosynthesis,PWY-5840: superpathway of menaquinol-7 biosynthesis,Pathway,raw,11,8,3,-4.6696075,5.80616986794405,-3.54696666666667,7.67826817083992,-1.12264083333333,-2.94864,-0.164927212348232,0.395833333333333,-8.5396031875,6.80432633333332,15.3439295208333,FALSE,-0.164927212348232,-0.224510356884479,13,0.923076923076923,0.0769230769230769,-0.164927212348232,0.310503027722127,0.125551161896647,-1.12264083333333,0.164927212348232,TRUE,57,293,2,352,Small,Narrower CI,"Small effect, Narrower CI"
FOLSYN-PWY: superpathway of tetrahydrofolate biosynthesis and salvage,FOLSYN-PWY: superpathway of tetrahydrofolate biosynthesis and salvage,Pathway,raw,11,8,3,-8.24976875,16.388215439542,1.66303333333333,26.3088811347677,-9.91280208333333,-13.63083,-0.452283317338071,0.291666666666667,-33.4537932916667,17.72419875,51.1779920416667,FALSE,-0.452283317338071,-0.310220198700695,13,1,0,-0.452283317338071,0.295243540325314,0.0455997017137677,-9.91280208333333,0.452283317338071,TRUE,121,231,1,353,Small,Narrower CI,"Small effect, Narrower CI"
PWY-7198: pyrimidine deoxyribonucleotides de novo biosynthesis IV,PWY-7198: pyrimidine deoxyribonucleotides de novo biosynthesis IV,Pathway,raw,11,8,3,17.653725,46.0668135345593,34.0435666666667,12.503042163543,-16.3898416666667,-4.62635000000001,-0.485587385227019,0.333333333333333,-48.008479375,14.8254863541666,62.8339657291666,FALSE,-0.485587385227019,0.031959212509476,13,1,0,-0.485587385227019,0.754910861110425,0.0364917487674865,-16.3898416666667,0.485587385227019,FALSE,131,222,1,354,Small,Narrower CI,"Small effect, Narrower CI"
PWY-6125: superpathway of guanosine nucleotides de novo biosynthesis II,PWY-6125: superpathway of guanosine nucleotides de novo biosynthesis II,Pathway,raw,11,8,3,0.470824999999996,65.2705255686505,28.8344666666667,18.2856578403221,-28.3636416666667,-33.18645,-0.591769820367128,0.291666666666667,-72.6133709375,18.0834364583333,90.6968073958333,FALSE,-0.591769820367128,-0.39289061586183,13,1,0,-0.591769820367128,1.01116987481679,0.106747906475654,-28.3636416666667,0.591769820367128,TRUE,159,196,1,356,Moderate,Narrower CI,"Moderate effect, Narrower CI"
PWY-7185: UTP and CTP dephosphorylation I,PWY-7185: UTP and CTP dephosphorylation I,Pathway,raw,11,8,3,-4.61551,34.6745645877967,6.44182666666667,11.3575133698417,-11.0573366666667,-4.5519,-0.428572737225262,0.270833333333333,-36.0311887604167,13.7282361041667,49.7594248645833,FALSE,-0.428572737225262,-0.620812185728371,13,1,0,-0.428572737225262,0.889794588198934,0.0356775179050139,-11.0573366666667,0.428572737225262,TRUE,120,236,1,357,Small,Narrower CI,"Small effect, Narrower CI"
PWY-5920: superpathway of heme b biosynthesis from glycine,PWY-5920: superpathway of heme b biosynthesis from glycine,Pathway,raw,11,8,3,0.00646125000000009,6.97077230484632,0,0,0.00646125000000009,0,0.00131084289950635,0.5,-4.47965625,4.16036875,8.640025,FALSE,0.00131084289950635,-0.0586248833593515,13,0.846153846153846,0.153846153846154,0.00131084289950635,0.978261269575531,7.61340023489232e-05,0.00646125000000009,0.00131084289950635,FALSE,28,326,3,357,Small,Narrower CI,"Small effect, Narrower CI"
PWY-6628: superpathway of L-phenylalanine biosynthesis,PWY-6628: superpathway of L-phenylalanine biosynthesis,Pathway,raw,11,8,3,-28.284875,150.774060514815,124.549333333333,76.1789915812314,-152.834208333333,-195.504,-1.27949500443898,0.125,-266.57691875,-30.6797687500001,235.89715,TRUE,-1.27949500443898,-1.04839960650926,13,1,0,-1.27949500443898,1.0998992300235,0.105061915935286,-152.834208333333,1.27949500443898,TRUE,293,64,1,358,Large,Wider CI,"Large effect, Wider CI"
PWY-6386: UDP-N-acetylmuramoyl-pentapeptide biosynthesis II (lysine-containing),PWY-6386: UDP-N-acetylmuramoyl-pentapeptide biosynthesis II (lysine-containing),Pathway,raw,11,8,3,89.004125,134.106822981253,-19.695,55.4859028132372,108.699125,39.705,1.05919903794544,0.75,6.10753333333333,212.086342708333,205.978809375,TRUE,1.05919903794544,1.04848752930482,13,1,0,1.05919903794544,0.44615302481695,0.0856934053305114,108.699125,1.05919903794544,TRUE,265,92,1,358,Large,Wider CI,"Large effect, Wider CI"
PWY-6168: flavin biosynthesis III (fungi),PWY-6168: flavin biosynthesis III (fungi),Pathway,raw,11,8,3,4.18326375,21.0136241347152,0,0,4.18326375,0,0.281532985091337,0.5625,-6.7246125,19.9696803125,26.6942928125,FALSE,0.281532985091337,-0.0356429541317118,13,0.923076923076923,0.0769230769230769,0.281532985091337,1.07352403934812,0.0173198663611165,4.50105857142857,0.281532985091337,FALSE,84,272,2,358,Small,Narrower CI,"Small effect, Narrower CI"
PWY-6700: queuosine biosynthesis I (de novo),PWY-6700: queuosine biosynthesis I (de novo),Pathway,raw,11,8,3,46.40775,68.253026117633,-15.516,76.8391409894723,61.9237500000001,33.918,0.852087460810943,0.75,-17.7828302083333,148.292678125,166.075508333333,FALSE,0.852087460810943,0.860300471311728,13,1,0,0.852087460810943,0.501939319308603,0.0512445121146142,61.9237500000001,0.852087460810943,TRUE,226,132,1,359,Large,Wider CI,"Large effect, Wider CI"
PWY-6293: superpathway of L-cysteine biosynthesis (fungi),PWY-6293: superpathway of L-cysteine biosynthesis (fungi),Pathway,raw,11,8,3,13.32657125,53.737557003039,-5.67441333333333,9.82837219647961,19.0009845833333,-2.7742,0.491890310926279,0.458333333333333,-7.4318163125,59.6183079895833,67.0501243020833,FALSE,0.491890310926279,0.00799191221677048,13,1,0,0.504662232711374,0.577525524283294,0.0245945423005189,20.9047804761905,0.491890310926279,TRUE,137,221,1,359,Small,Narrower CI,"Small effect, Narrower CI"
PENTOSE-P-PWY: pentose phosphate pathway,PENTOSE-P-PWY: pentose phosphate pathway,Pathway,raw,11,8,3,-48.896075,105.978625397372,88.7033333333333,107.667930212916,-137.599408333333,-187.52715,-1.28806295736599,0.166666666666667,-250.252541770833,-7.96389906250002,242.288642708333,TRUE,-1.28806295736599,-1.02275671703968,13,1,0,-1.28806295736599,0.650509170652471,0.066956355773842,-137.599408333333,1.28806295736599,TRUE,296,63,1,360,Large,Wider CI,"Large effect, Wider CI"
PWY-7942: 5-oxo-L-proline metabolism,PWY-7942: 5-oxo-L-proline metabolism,Pathway,raw,11,8,3,-0.14009625,7.94893833209359,0,0,-0.14009625,0,-0.0249248400868433,0.5,-5.32575,4.928555,10.254305,FALSE,-0.0249248400868433,-0.157619774192683,13,0.846153846153846,0.153846153846154,-0.0249248400868433,0.784510546933796,0.0014483063079116,-0.14009625,0.0249248400868433,TRUE,33,324,3,360,Small,Narrower CI,"Small effect, Narrower CI"
PWY-7663: gondoate biosynthesis (anaerobic),PWY-7663: gondoate biosynthesis (anaerobic),Pathway,raw,11,8,3,-107.7308125,144.726171438572,80.4671,112.781763253329,-188.1979125,-245.3311,-1.45056758883981,0.166666666666667,-320.4490959375,-44.1236918750001,276.3254040625,TRUE,-1.45056758883981,-1.37355088353375,13,1,0,-1.45056758883981,0.756900746681754,0.12580700829907,-188.1979125,1.45056758883981,TRUE,312,48,1,361,Large,Wider CI,"Large effect, Wider CI"
COMPLETE-ARO-PWY: superpathway of aromatic amino acid biosynthesis,COMPLETE-ARO-PWY: superpathway of aromatic amino acid biosynthesis,Pathway,raw,11,8,3,88.321125,166.000120134584,-87.8503333333334,70.7865754245347,176.171458333333,107.7865,1.38058497544571,0.833333333333333,49.6862583333334,310.308507291667,260.622248958333,TRUE,1.38058497544571,1.39199230325615,13,1,0,1.38058497544571,0.381582063541009,0.0603355362368114,176.171458333333,1.38058497544571,TRUE,305,55,1,361,Large,Wider CI,"Large effect, Wider CI"
PWY0-1297: superpathway of purine deoxyribonucleosides degradation,PWY0-1297: superpathway of purine deoxyribonucleosides degradation,Pathway,raw,11,8,3,5.48831875,105.638466447542,-52.5518666666667,29.0452247910622,58.0401854166667,61.4464,0.749198473302118,0.833333333333333,-19.7583255729167,128.0813321875,147.839657760417,FALSE,0.749198473302118,0.933624403942522,13,1,0,0.749198473302118,1.37276519143124,0.121849461232748,58.0401854166667,0.749198473302118,TRUE,211,149,1,361,Moderate,Wider CI,"Moderate effect, Wider CI"
PWY-7228: superpathway of guanosine nucleotides de novo biosynthesis I,PWY-7228: superpathway of guanosine nucleotides de novo biosynthesis I,Pathway,raw,11,8,3,0.665899999999999,75.4310855343377,33.6876666666667,20.2708178506279,-33.0217666666667,-41.93755,-0.597893070208292,0.25,-81.3868885416667,21.3917716666666,102.778660208333,FALSE,-0.597893070208292,-0.401498543307561,13,1,0,-0.597893070208292,1.07586161044943,0.10809847599181,-33.0217666666667,0.597893070208292,TRUE,168,192,1,361,Moderate,Narrower CI,"Moderate effect, Narrower CI"
NONMEVIPP-PWY: methylerythritol phosphate pathway I,NONMEVIPP-PWY: methylerythritol phosphate pathway I,Pathway,raw,11,8,3,57.777875,99.1425193740773,3.53633333333331,30.5547914464055,54.2415416666667,40.8440000000001,0.739407230026402,0.75,-14.6817333333332,131.485108333333,146.166841666667,FALSE,0.739407230026402,0.718527842929906,13,1,0,0.739407230026402,0.581482050690046,0.0787056761178345,54.2415416666667,0.739407230026402,TRUE,209,152,1,362,Moderate,Wider CI,"Moderate effect, Wider CI"
PWY-6121: 5-aminoimidazole ribonucleotide biosynthesis I,PWY-6121: 5-aminoimidazole ribonucleotide biosynthesis I,Pathway,raw,11,8,3,105.629,144.971584051102,-45.297,83.5431467985256,150.926,139.419,1.27564367494753,0.833333333333333,31.2820802083334,274.267921875,242.985841666667,TRUE,1.27564367494753,1.27459759117968,13,1,0,1.27564367494753,0.576957505410613,0.0873401874375634,150.926,1.27564367494753,TRUE,297,65,1,363,Large,Wider CI,"Large effect, Wider CI"
PWY66-429: fatty acid biosynthesis initiation (mitochondria),PWY66-429: fatty acid biosynthesis initiation (mitochondria),Pathway,raw,11,8,3,85.898,188.784808220516,-158.519333333333,106.39303662521,244.417333333333,276.7095,1.59509567506461,0.875,77.8111385416667,393.44503125,315.633892708333,TRUE,1.59509567506461,1.42862152674378,13,1,0,1.59509567506461,0.60562502563382,0.079689194815824,244.417333333333,1.59509567506461,TRUE,325,38,1,364,Large,Wider CI,"Large effect, Wider CI"
PWY-6284: superpathway of unsaturated fatty acids biosynthesis (E. coli),PWY-6284: superpathway of unsaturated fatty acids biosynthesis (E. coli),Pathway,raw,11,8,3,-32.2175875,58.2973214255886,-7.5542,23.9786585953009,-24.6633875,-14.5531,-0.55332230576163,0.25,-74.0390752083333,15.4083767708333,89.4474519791667,FALSE,-0.55332230576163,-1.04611558013759,13,1,0,-0.55332230576163,0.396323231738244,0.0487931345107707,-24.6633875,0.55332230576163,TRUE,158,205,1,364,Moderate,Narrower CI,"Moderate effect, Narrower CI"
BRANCHED-CHAIN-AA-SYN-PWY: superpathway of branched chain amino acid biosynthesis,BRANCHED-CHAIN-AA-SYN-PWY: superpathway of branched chain amino acid biosynthesis,Pathway,raw,11,8,3,132.698125,147.515695628284,26.126,29.6400944836551,106.572125,79.482,1.00167311344889,0.75,7.82915000000007,208.976175,201.147025,TRUE,1.00167311344889,0.962988295786029,13,1,0,1.00167311344889,0.650391045073255,0.0163598303188635,106.572125,1.00167311344889,TRUE,261,104,1,366,Large,Wider CI,"Large effect, Wider CI"
"P4-PWY: superpathway of L-lysine, L-threonine and L-methionine biosynthesis I","P4-PWY: superpathway of L-lysine, L-threonine and L-methionine biosynthesis I",Pathway,raw,11,8,3,-1.85088625,30.6829657774216,6.11640666666667,7.64697630885132,-7.96729291666667,-4.89732,-0.356322311106114,0.270833333333333,-28.93319359375,13.8382730416667,42.7714666354167,FALSE,-0.356322311106114,-0.844584613141713,13,1,0,-0.356322311106114,1.02352976440265,0.0287478424092906,-7.96729291666667,0.356322311106114,TRUE,111,254,1,366,Small,Narrower CI,"Small effect, Narrower CI"
PWY-6588: pyruvate fermentation to acetone,PWY-6588: pyruvate fermentation to acetone,Pathway,raw,11,8,3,-2.3816225,17.0019603454927,0.930833333333333,8.41437376239809,-3.31245583333333,-3.26258,-0.246941040087696,0.291666666666667,-16.1677756875,10.6321315,26.7999071875,FALSE,-0.246941040087696,-0.616192569780365,13,1,0,-0.246941040087696,0.970578664182653,0.0599554033556275,-3.31245583333333,0.246941040087696,TRUE,85,280,1,366,Small,Narrower CI,"Small effect, Narrower CI"
PWY-7345: superpathway of anaerobic sucrose degradation,PWY-7345: superpathway of anaerobic sucrose degradation,Pathway,raw,11,8,3,-39.4459125,68.2947635758082,4.92253333333333,61.9233165731079,-44.3684458333333,-23.13995,-0.680634068197381,0.333333333333333,-118.8310928125,22.8868134374999,141.71790625,FALSE,-0.680634068197381,-0.509178228239198,13,1,0,-0.680634068197381,0.410214897556808,0.143807142717353,-44.3684458333333,0.680634068197381,TRUE,205,161,1,367,Moderate,Wider CI,"Moderate effect, Wider CI"
CENTFERM-PWY: pyruvate fermentation to butanoate,CENTFERM-PWY: pyruvate fermentation to butanoate,Pathway,raw,11,8,3,-1.1771375,23.372701234006,10.6448,29.9460808165276,-11.8219375,-14.801,-0.440111613718168,0.375,-42.3144257291666,20.8756119791666,63.1900377083333,FALSE,-0.440111613718168,-0.168048266882355,13,1,0,-0.440111613718168,0.361283782235411,0.0425334789126565,-11.8219375,0.440111613718168,TRUE,132,234,1,367,Small,Narrower CI,"Small effect, Narrower CI"
PWY0-781: aspartate superpathway,PWY0-781: aspartate superpathway,Pathway,raw,11,8,3,-1.944305,32.2010652437671,6.50182333333333,8.14120804270677,-8.44612833333333,-5.14802,-0.359623393283052,0.270833333333333,-29.89249475,13.5347342291667,43.4272289791667,FALSE,-0.359623393283052,-0.851949079718551,13,1,0,-0.359623393283052,1.02214051586372,0.0286581658356569,-8.44612833333333,0.359623393283052,TRUE,113,253,1,367,Small,Narrower CI,"Small effect, Narrower CI"
PWY-7851: coenzyme A biosynthesis II (eukaryotic),PWY-7851: coenzyme A biosynthesis II (eukaryotic),Pathway,raw,11,8,3,22.752375,118.72996926512,91.0053333333333,41.2473564769105,-68.2529583333333,-126.082,-0.767950736251557,0.166666666666667,-141.678853125,23.653778125,165.33263125,FALSE,-0.767950736251557,-0.823052910901213,13,1,0,-0.767950736251557,1.46123154727655,0.118949583750659,-68.2529583333333,0.767950736251557,TRUE,224,143,1,368,Moderate,Wider CI,"Moderate effect, Wider CI"
PWY0-1296: purine ribonucleosides degradation,PWY0-1296: purine ribonucleosides degradation,Pathway,raw,11,8,3,74.6407500000001,136.714588089567,-166.927,169.741746627045,241.56775,141.256,1.5674467549053,0.875,71.846071875,425.0050625,353.158990625,TRUE,1.5674467549053,1.64682220967159,13,1,0,1.5674467549053,0.257441360062351,0.0181990084737249,241.56775,1.5674467549053,TRUE,329,40,1,370,Large,Wider CI,"Large effect, Wider CI"
HEME-BIOSYNTHESIS-II-1: heme b biosynthesis V (aerobic),HEME-BIOSYNTHESIS-II-1: heme b biosynthesis V (aerobic),Pathway,raw,11,8,3,0.42141,9.78313802652736,0.793953333333333,1.375167512172,-0.372543333333334,0,-0.0533291838888265,0.416666666666667,-6.20785,6.55844958333333,12.7662995833333,FALSE,-0.0533291838888265,-0.381780294414345,13,0.846153846153846,0.153846153846154,-0.0533291838888265,1.00854178593235,0.0118708748833689,-0.372543333333334,0.0533291838888265,TRUE,51,317,3,371,Small,Narrower CI,"Small effect, Narrower CI"
PWY-7323: superpathway of GDP-mannose-derived O-antigen building blocks biosynthesis,PWY-7323: superpathway of GDP-mannose-derived O-antigen building blocks biosynthesis,Pathway,raw,11,8,3,9.634875,68.7899047589263,-29.4693333333333,49.5864009818552,39.1042083333333,31.99715,0.652150773751222,0.666666666666667,-28.311723125,102.7970971875,131.1088203125,FALSE,0.652150773751222,0.369941480267776,13,1,0,0.652150773751222,0.448495332786347,0.0807207446606563,39.1042083333333,0.652150773751222,TRUE,198,173,1,372,Moderate,Wider CI,"Moderate effect, Wider CI"
PWY-5022: 4-aminobutanoate degradation V,PWY-5022: 4-aminobutanoate degradation V,Pathway,raw,11,8,3,-0.66665125,10.5894846286391,2.99582,17.3513291597849,-3.66247125,-12.082055,-0.254803866115696,0.416666666666667,-18.06709221875,14.4625114375,32.52960365625,FALSE,-0.254803866115696,-0.652022200629868,13,1,0,-0.254803866115696,0.408923276271726,0.00757508989957756,-3.66247125,0.254803866115696,TRUE,94,278,1,373,Small,Narrower CI,"Small effect, Narrower CI"
PWY-7238: sucrose biosynthesis II,PWY-7238: sucrose biosynthesis II,Pathway,raw,11,8,3,258.63425,259.678967191498,-70.1666666666667,124.99625287717,328.800916666667,286.71,1.61346406750979,0.875,120.001041666667,534.279114583333,414.278072916667,TRUE,1.61346406750979,1.59470968235629,13,1,0,1.61346406750979,0.404429975505407,0.0824349835920308,328.800916666667,1.61346406750979,TRUE,336,37,1,374,Large,Wider CI,"Large effect, Wider CI"
PWY-6387: UDP-N-acetylmuramoyl-pentapeptide biosynthesis I (meso-diaminopimelate containing),PWY-6387: UDP-N-acetylmuramoyl-pentapeptide biosynthesis I (meso-diaminopimelate containing),Pathway,raw,11,8,3,72.983625,128.741406313961,-12.2623333333333,47.693338867533,85.2459583333333,16.7859999999999,0.878101236803213,0.708333333333333,-5.93196458333328,184.473764583333,190.405729166667,FALSE,0.878101236803213,0.871993534685527,13,1,0,0.878101236803213,0.42409274919731,0.050956180261423,85.2459583333333,0.878101236803213,TRUE,250,123,1,374,Large,Wider CI,"Large effect, Wider CI"
PWY-7208: superpathway of pyrimidine nucleobases salvage,PWY-7208: superpathway of pyrimidine nucleobases salvage,Pathway,raw,11,8,3,2.4405,62.2518231592801,26.2786333333333,18.595877545933,-23.8381333333333,-24.96285,-0.518889186338143,0.333333333333333,-64.2418903125,23.3457051041666,87.5875954166666,FALSE,-0.518889186338143,-0.327829480893769,13,1,0,-0.518889186338143,0.898767453838604,0.106791208428451,-23.8381333333333,0.518889186338143,TRUE,156,217,1,374,Moderate,Narrower CI,"Moderate effect, Narrower CI"
PWY-6823: molybdopterin biosynthesis,PWY-6823: molybdopterin biosynthesis,Pathway,raw,11,8,3,99.71375,139.76122070645,-158.283333333333,191.040198891054,257.997083333333,167.3515,1.54142075377314,0.875,75.0967052083333,458.82569375,383.728988541666,TRUE,1.54142075377314,1.5274364159824,13,1,0,1.54142075377314,0.272728035736014,0.0354353996917407,257.997083333333,1.54142075377314,TRUE,333,41,1,375,Large,Wider CI,"Large effect, Wider CI"
PWY-5861: superpathway of demethylmenaquinol-8 biosynthesis I,PWY-5861: superpathway of demethylmenaquinol-8 biosynthesis I,Pathway,raw,11,8,3,-0.3386,11.4781820934937,-1.3287,7.15257662074305,0.9901,-1.990085,0.103532735347076,0.4375,-8.27494263541667,12.1053222395833,20.380264875,FALSE,0.103532735347076,-0.141837010567976,13,0.923076923076923,0.0769230769230769,0.103532735347076,0.722034759237635,0.0571038221296818,0.9901,0.103532735347076,FALSE,72,305,2,379,Small,Narrower CI,"Small effect, Narrower CI"
PWY-5973: cis-vaccenate biosynthesis,PWY-5973: cis-vaccenate biosynthesis,Pathway,raw,11,8,3,-99.4519875,149.711319140867,78.3344333333333,122.523706933978,-177.786420833333,-210.8151,-1.29965942193549,0.166666666666667,-320.7220903125,-23.5436763541667,297.178413958333,TRUE,-1.29965942193549,-1.2875097028131,13,1,0,-1.29965942193549,0.762424840785985,0.101881663282761,-177.786420833333,1.29965942193549,TRUE,320,61,1,382,Large,Wider CI,"Large effect, Wider CI"
PWY-5384: sucrose degradation IV (sucrose phosphorylase),PWY-5384: sucrose degradation IV (sucrose phosphorylase),Pathway,raw,11,8,3,11.8983375,154.980571443731,169.911333333333,100.255129815553,-158.012995833333,-121.10965,-1.21065751186853,0.166666666666667,-300.847934375,-25.2477233333334,275.600211041667,TRUE,-1.21065751186853,-1.16911787304899,13,1,0,-1.21065751186853,0.590627162669998,0.102085367861475,-158.012995833333,1.21065751186853,TRUE,310,71,1,382,Large,Wider CI,"Large effect, Wider CI"
P441-PWY: superpathway of N-acetylneuraminate degradation,P441-PWY: superpathway of N-acetylneuraminate degradation,Pathway,raw,11,8,3,-22.3656625,42.70698035584,-9.57966666666667,20.7697555239183,-12.7859958333333,-11.95095,-0.380759185709716,0.375,-46.733616875,19.5905696875,66.3241865625,FALSE,-0.380759185709716,-0.325779561441523,13,1,0,-0.380759185709716,0.62315098881481,0.095811363803393,-12.7859958333333,0.380759185709716,TRUE,136,245,1,382,Small,Narrower CI,"Small effect, Narrower CI"
PWY-5103: L-isoleucine biosynthesis III,PWY-5103: L-isoleucine biosynthesis III,Pathway,raw,11,8,3,138.371,150.982693792557,27.9923333333333,45.5392427729462,110.378666666667,113.5385,0.989841760454678,0.75,4.10104166666667,219.305346875,215.204305208333,TRUE,0.989841760454678,0.944645406546755,13,1,0,0.989841760454678,0.57786905568253,0.0859806412384819,110.378666666667,0.989841760454678,TRUE,276,106,1,383,Large,Wider CI,"Large effect, Wider CI"
PWY-5659: GDP-mannose biosynthesis,PWY-5659: GDP-mannose biosynthesis,Pathway,raw,11,8,3,-9.3623875,72.1448285583032,-47.2690333333333,47.4456855804965,37.9066458333333,15.8554,0.620838009596507,0.625,-29.0420325,103.4927209375,132.5347534375,FALSE,0.620838009596507,0.547330539272929,13,1,0,0.620838009596507,0.460378985249453,0.0418999800721243,37.9066458333333,0.620838009596507,TRUE,200,183,1,384,Moderate,Wider CI,"Moderate effect, Wider CI"
PWY-6147: 6-hydroxymethyl-dihydropterin diphosphate biosynthesis I,PWY-6147: 6-hydroxymethyl-dihydropterin diphosphate biosynthesis I,Pathway,raw,11,8,3,-44.137225,87.0822252613791,20.1745333333333,76.3299365203675,-64.3117583333333,-59.99925,-0.785412672772045,0.25,-154.392865416667,25.22969625,179.622561666667,FALSE,-0.785412672772045,-0.6914857493991,13,1,0,-0.785412672772045,0.479241962851101,0.14120950480182,-64.3117583333333,0.785412672772045,TRUE,242,142,1,385,Moderate,Wider CI,"Moderate effect, Wider CI"
P105-PWY: TCA cycle IV (2-oxoglutarate decarboxylase),P105-PWY: TCA cycle IV (2-oxoglutarate decarboxylase),Pathway,raw,11,8,3,-3.139525,6.50208273774313,-1.26472,15.1559709040101,-1.874805,-5.5291,-0.160768955380073,0.416666666666667,-14.51227171875,13.79472375,28.30699546875,FALSE,-0.160768955380073,-0.55563362762892,13,1,0,-0.160768955380073,0.230188185198541,0.0561992173141898,-1.874805,0.160768955380073,TRUE,89,295,1,385,Small,Narrower CI,"Small effect, Narrower CI"
PWY-5918: superpathway of heme b biosynthesis from glutamate,PWY-5918: superpathway of heme b biosynthesis from glutamate,Pathway,raw,11,8,3,-0.5478275,14.6441339627772,-1.40615333333333,3.88084044074648,0.858325833333333,2.30113,0.0801244162303398,0.5625,-9.0595715625,11.0556246041667,20.1151961666667,FALSE,0.0801244162303398,0.0138288137498404,13,0.769230769230769,0.230769230769231,0.0801244162303398,0.673967292313006,0.069375928175268,0.858325833333333,0.0801244162303398,TRUE,70,311,4,385,Small,Narrower CI,"Small effect, Narrower CI"
ILEUSYN-PWY: L-isoleucine biosynthesis I (from threonine),ILEUSYN-PWY: L-isoleucine biosynthesis I (from threonine),Pathway,raw,11,8,3,153.455625,167.964566975077,31.935,32.406765049909,121.520625,94.1635,1.00464078789451,0.75,9.72846666666673,236.8369125,227.108445833333,TRUE,1.00464078789451,0.980134036739263,13,1,0,1.00464078789451,0.591738976875391,0.0285844939590547,121.520625,1.00464078789451,TRUE,283,102,1,386,Large,Wider CI,"Large effect, Wider CI"
PWY-6590: superpathway of Clostridium acetobutylicum acidogenic fermentation,PWY-6590: superpathway of Clostridium acetobutylicum acidogenic fermentation,Pathway,raw,11,8,3,-0.582487500000002,28.3684010932908,11.6503333333333,35.606569215853,-12.2328208333333,-17.16035,-0.380000790024065,0.375,-48.8689190625,26.5308159375,75.399735,FALSE,-0.380000790024065,-0.123062576860482,13,1,0,-0.380000790024065,0.378565718103186,0.0497143584506142,-12.2328208333333,0.380000790024065,TRUE,141,246,1,388,Small,Narrower CI,"Small effect, Narrower CI"
PWY-6126: superpathway of adenosine nucleotides de novo biosynthesis II,PWY-6126: superpathway of adenosine nucleotides de novo biosynthesis II,Pathway,raw,11,8,3,0.930637499999998,92.5198150837807,40.8593333333333,24.8876602623335,-39.9286958333333,-50.396,-0.589379548491388,0.291666666666667,-100.784648958333,25.2611916666667,126.045840625,FALSE,-0.589379548491388,-0.397977177041658,13,1,0,-0.589379548491388,0.992467724480884,0.107509150545353,-39.9286958333333,0.589379548491388,TRUE,194,198,1,393,Moderate,Wider CI,"Moderate effect, Wider CI"
GLUDEG-I-PWY: GABA shunt,GLUDEG-I-PWY: GABA shunt,Pathway,raw,11,8,3,-0.985228125000001,11.5052720452836,1.32216,17.1197953646298,-2.307388125,-11.804785,-0.158200174351182,0.416666666666667,-17.49849175,16.281487953125,33.779979703125,FALSE,-0.158200174351182,-0.238208268450381,13,1,0,-0.158200174351182,0.390099101465936,0.0123957310038346,-2.307388125,0.158200174351182,TRUE,97,296,1,394,Small,Narrower CI,"Small effect, Narrower CI"
PWY-7221: guanosine ribonucleotides de novo biosynthesis,PWY-7221: guanosine ribonucleotides de novo biosynthesis,Pathway,raw,11,8,3,21.57425,116.468836948835,-56.9083333333333,69.389870761757,78.4825833333333,110.268,0.818683794973641,0.75,-20.6613197916667,176.256680208333,196.918,FALSE,0.818683794973641,0.830206598713089,13,1,0,0.818683794973641,0.856223098976461,0.0797260181356467,78.4825833333333,0.818683794973641,TRUE,257,137,1,395,Large,Wider CI,"Large effect, Wider CI"
PWY-6895: superpathway of thiamine diphosphate biosynthesis II,PWY-6895: superpathway of thiamine diphosphate biosynthesis II,Pathway,raw,11,8,3,-27.63740375,114.895591620959,26.2553666666667,37.5017635959075,-53.8927704166667,-50.0875,-0.63060782426495,0.291666666666667,-133.44053490625,24.5203513437499,157.96088625,FALSE,-0.63060782426495,0.247443579967316,13,1,0,-0.63060782426495,0.800802507743733,0.0522944578092672,-53.8927704166667,0.63060782426495,FALSE,218,178,1,397,Moderate,Wider CI,"Moderate effect, Wider CI"
COLANSYN-PWY: colanic acid building blocks biosynthesis,COLANSYN-PWY: colanic acid building blocks biosynthesis,Pathway,raw,11,8,3,14.6098,78.9636857027873,-34.5110666666667,70.7641405912156,49.1208666666667,22.0185,0.655153777836334,0.708333333333333,-34.70738625,130.760702708333,165.468088958333,FALSE,0.655153777836334,0.61774269423142,13,1,0,0.655153777836334,0.401446027832734,0.050915760852062,49.1208666666667,0.655153777836334,TRUE,225,172,1,398,Moderate,Wider CI,"Moderate effect, Wider CI"
THISYNARA-PWY: superpathway of thiamine diphosphate biosynthesis III (eukaryotes),THISYNARA-PWY: superpathway of thiamine diphosphate biosynthesis III (eukaryotes),Pathway,raw,11,8,3,49.769375,85.1870999237016,5.11433333333335,55.8709893087042,44.6550416666666,61.7375,0.619897802373223,0.666666666666667,-29.1793989583334,124.519532291667,153.69893125,FALSE,0.619897802373223,0.576752022985166,13,1,0,0.619897802373223,0.44853868331688,0.091870385355224,44.6550416666666,0.619897802373223,TRUE,215,184,1,400,Moderate,Wider CI,"Moderate effect, Wider CI"
PWY-5838: superpathway of menaquinol-8 biosynthesis I,PWY-5838: superpathway of menaquinol-8 biosynthesis I,Pathway,raw,11,8,3,-0.9042575,15.7374823010206,-1.9375,10.0870851384332,1.0332425,-2.965195,0.0781708526311484,0.4375,-11.6578527395833,15.5109314375,27.1687841770833,FALSE,0.0781708526311484,-0.166481682244573,13,0.923076923076923,0.0769230769230769,0.0781708526311484,0.717997772318864,0.061381004775828,1.0332425,0.0781708526311484,FALSE,87,312,2,401,Small,Narrower CI,"Small effect, Narrower CI"
PWY-6277: superpathway of 5-aminoimidazole ribonucleotide biosynthesis,PWY-6277: superpathway of 5-aminoimidazole ribonucleotide biosynthesis,Pathway,raw,11,8,3,91.641125,134.743092730932,4.18333333333332,65.8145428635141,87.4577916666667,75.121,0.824793598698012,0.75,-16.3936770833333,192.021248958333,208.414926041667,FALSE,0.824793598698012,0.811530896730301,13,1,0,0.824793598698012,0.6020403132647,0.0574898611780036,87.4577916666667,0.824793598698012,TRUE,267,136,1,404,Large,Wider CI,"Large effect, Wider CI"
PWY-6122: 5-aminoimidazole ribonucleotide biosynthesis II,PWY-6122: 5-aminoimidazole ribonucleotide biosynthesis II,Pathway,raw,11,8,3,91.641125,134.743092730932,4.18333333333332,65.8145428635141,87.4577916666667,75.121,0.824793598698012,0.75,-17.4561864583333,192.289260416667,209.745446875,FALSE,0.824793598698012,0.811530896730301,13,1,0,0.824793598698012,0.6020403132647,0.0574898611780036,87.4577916666667,0.824793598698012,TRUE,270,136,1,407,Large,Wider CI,"Large effect, Wider CI"
PWY-2942: L-lysine biosynthesis III,PWY-2942: L-lysine biosynthesis III,Pathway,raw,11,8,3,0.573999999999998,110.814013292543,-87.1016666666666,89.4767246681132,87.6756666666667,159.731,0.870557950215931,0.75,-34.735125,183.986333333333,218.721458333333,FALSE,0.870557950215931,0.517022861317477,13,1,0,0.862838556166952,1.0203724462157,0.086843546271559,87.6756666666667,0.870557950215931,TRUE,281,126,1,408,Large,Wider CI,"Large effect, Wider CI"
FUC-RHAMCAT-PWY: superpathway of fucose and rhamnose degradation,FUC-RHAMCAT-PWY: superpathway of fucose and rhamnose degradation,Pathway,raw,11,8,3,-10.770675,28.4490252407831,0.145623333333332,39.1689255170554,-10.9162983333333,-33.6996,-0.318898971566639,0.416666666666667,-46.6166827708333,30.6564519791667,77.27313475,FALSE,-0.318898971566639,-0.150312869091785,13,1,0,-0.318898971566639,0.348773422251222,0.0361220250984568,-10.9162983333333,0.318898971566639,TRUE,147,260,1,408,Small,Narrower CI,"Small effect, Narrower CI"
SALVADEHYPOX-PWY: adenosine nucleotides degradation II,SALVADEHYPOX-PWY: adenosine nucleotides degradation II,Pathway,raw,11,8,3,-16.8852125,41.8192907254684,-40.7708,58.200370271073,23.8855875,0.246449999999992,0.471338223666472,0.625,-28.5341808333333,87.17650625,115.710687083333,FALSE,0.471338223666472,0.18404375816415,13,1,0,0.471338223666472,0.342576292533059,0.0246064265088364,23.8855875,0.471338223666472,TRUE,181,227,1,409,Small,Wider CI,"Small effect, Wider CI"
PWY-6151: S-adenosyl-L-methionine salvage I,PWY-6151: S-adenosyl-L-methionine salvage I,Pathway,raw,11,8,3,98.507375,150.853777843634,14.842,35.1704219622114,83.6653749999999,65.9064999999999,0.763855224994817,0.666666666666667,-9.53320625000008,195.69229375,205.2255,FALSE,0.763855224994817,0.761916288747784,13,1,0,0.763855224994817,0.415070257560758,0.0731076154071549,83.6653749999999,0.763855224994817,TRUE,264,145,1,410,Moderate,Wider CI,"Moderate effect, Wider CI"
PYRIDNUCSAL-PWY: NAD salvage pathway I (PNC VI cycle),PYRIDNUCSAL-PWY: NAD salvage pathway I (PNC VI cycle),Pathway,raw,11,8,3,5.16398875,58.1950761971898,34.9000033333333,56.115615812838,-29.7360145833333,-3.870205,-0.520180485456137,0.333333333333333,-97.3351390625,29.94953315625,127.28467221875,FALSE,-0.520180485456137,-0.856889950402167,13,1,0,-0.520180485456137,0.598077316831986,0.0347178087910074,-29.7360145833333,0.520180485456137,TRUE,195,215,1,411,Moderate,Wider CI,"Moderate effect, Wider CI"
PWY-6385: peptidoglycan biosynthesis III (mycobacteria),PWY-6385: peptidoglycan biosynthesis III (mycobacteria),Pathway,raw,11,8,3,19.50325,63.4087084347027,55.0396666666667,63.927197845153,-35.5364166666667,-44.3385,-0.558147707367824,0.333333333333333,-105.081,39.335240625,144.416240625,FALSE,-0.558147707367824,-0.543254209396984,13,1,0,-0.558147707367824,0.423781886517,0.0553798079017193,-35.5364166666667,0.558147707367824,TRUE,207,204,1,412,Moderate,Wider CI,"Moderate effect, Wider CI"
PWY-5136: fatty acid &beta;-oxidation II (plant peroxisome),PWY-5136: fatty acid &beta;-oxidation II (plant peroxisome),Pathway,raw,11,8,3,1.619915,19.6206416725411,3.18256,13.588009728978,-1.562645,4.07367,-0.0925953049547976,0.541666666666667,-19.7643235208333,15.8475996041667,35.611923125,FALSE,-0.0925953049547976,-0.380450126824272,13,0.923076923076923,0.0769230769230769,-0.0925953049547976,0.647734654289981,0.0184697054512538,-1.562645,0.0925953049547976,TRUE,102,308,2,412,Small,Narrower CI,"Small effect, Narrower CI"
THISYN-PWY: superpathway of thiamine diphosphate biosynthesis I,THISYN-PWY: superpathway of thiamine diphosphate biosynthesis I,Pathway,raw,11,8,3,-91.5272625,154.691839217153,34.8373333333333,93.225523513324,-126.364595833333,-126.819,-0.989451889025385,0.291666666666667,-260.81497875,3.94417177083322,264.759150520833,FALSE,-0.989451889025385,-0.944140777676246,13,1,0,-0.989451889025385,0.731922852502818,0.0891037010665347,-126.364595833333,0.989451889025385,TRUE,307,107,1,415,Large,Wider CI,"Large effect, Wider CI"
PWY-5981: CDP-diacylglycerol biosynthesis III,PWY-5981: CDP-diacylglycerol biosynthesis III,Pathway,raw,11,8,3,7.42053375,43.8189735738514,1.483,6.3249979501973,5.93753375,-1.37625,0.189662330884414,0.458333333333333,-20.1462784375,37.44837378125,57.5946522187499,FALSE,0.189662330884414,0.162419397280099,13,0.923076923076923,0.0769230769230769,0.189662330884414,1.01814416203032,0.0210557392344362,5.93753375,0.189662330884414,TRUE,126,288,2,416,Small,Narrower CI,"Small effect, Narrower CI"
PWY-7229: superpathway of adenosine nucleotides de novo biosynthesis I,PWY-7229: superpathway of adenosine nucleotides de novo biosynthesis I,Pathway,raw,11,8,3,1.5217625,125.058417198843,55.8493333333334,29.4114153745333,-54.3275708333334,-80.6205,-0.598042803729426,0.291666666666667,-132.2382625,34.0281208333333,166.266383333333,FALSE,-0.598042803729426,-0.420761152994577,13,1,0,-0.598042803729426,1.07168946190747,0.108833719307897,-54.3275708333334,0.598042803729426,TRUE,227,191,1,419,Moderate,Wider CI,"Moderate effect, Wider CI"
PWY-6470: peptidoglycan biosynthesis V (&beta;-lactam resistance),PWY-6470: peptidoglycan biosynthesis V (&beta;-lactam resistance),Pathway,raw,11,8,3,-27.3609125,49.6339207986531,-12.4091666666667,37.1619071844185,-14.9517458333333,-31.2082,-0.341024108506487,0.375,-60.4261815625,34.0042622916667,94.4304438541667,FALSE,-0.341024108506487,-0.508520134103904,13,1,0,-0.341024108506487,0.592917150130434,0.0642430803509594,-14.9517458333333,0.341024108506487,TRUE,161,257,1,419,Small,Narrower CI,"Small effect, Narrower CI"
PWY-6703: preQ0 biosynthesis,PWY-6703: preQ0 biosynthesis,Pathway,raw,11,8,3,-42.560075,82.6088035511219,-18.058,19.7118410352762,-24.502075,5.14660000000002,-0.408006223599691,0.416666666666667,-83.61686,28.2915770833333,111.908437083333,FALSE,-0.408006223599691,-0.413939576032623,13,1,0,-0.408006223599691,0.604874505035606,0.0983409163744254,-24.502075,0.408006223599691,TRUE,178,241,1,420,Small,Wider CI,"Small effect, Wider CI"
PWY-841: superpathway of purine nucleotides de novo biosynthesis I,PWY-841: superpathway of purine nucleotides de novo biosynthesis I,Pathway,raw,11,8,3,6.23211250000001,104.274044544658,46.0983333333333,29.5774660904773,-39.8662208333333,-54.3705,-0.520163521653132,0.291666666666667,-106.199002083333,36.7977249999998,142.996727083333,FALSE,-0.520163521653132,-0.34382474250575,13,1,0,-0.520163521653132,0.974952118965335,0.114021357519035,-39.8662208333333,0.520163521653132,TRUE,206,216,1,423,Moderate,Wider CI,"Moderate effect, Wider CI"
PWY3O-4107: NAD salvage pathway V (PNC V cycle),PWY3O-4107: NAD salvage pathway V (PNC V cycle),Pathway,raw,11,8,3,5.9232,63.1545770888884,51.5557033333333,85.9522254360528,-45.6325033333333,-2.95645,-0.605046910362784,0.291666666666667,-140.050404708333,32.3194042916667,172.369809,FALSE,-0.605046910362784,-0.827773927049563,13,1,0,-0.605046910362784,0.462454235744676,0.0282666616555017,-45.6325033333333,0.605046910362784,TRUE,236,189,1,426,Moderate,Wider CI,"Moderate effect, Wider CI"
PWY-7111: pyruvate fermentation to isobutanol (engineered),PWY-7111: pyruvate fermentation to isobutanol (engineered),Pathway,raw,11,8,3,110.0155,169.896507873806,18.69,14.2324652467519,91.3255000000001,36.61,0.757537373972713,0.583333333333333,-9.30093541666664,208.570210416667,217.871145833333,FALSE,0.757537373972713,0.78678772505564,13,1,0,0.757537373972713,0.450979216478901,0.0542126673280206,91.3255000000001,0.757537373972713,TRUE,280,147,1,428,Moderate,Wider CI,"Moderate effect, Wider CI"
LACTOSECAT-PWY: lactose and galactose degradation I,LACTOSECAT-PWY: lactose and galactose degradation I,Pathway,raw,11,8,3,78.61920375,169.03084874592,-10.412,14.9828088488107,89.03120375,7.49665,0.741979354700862,0.5,-16.8580146875,200.02122959375,216.87924428125,FALSE,0.741979354700862,0.594312071966488,13,1,0,0.741979354700862,0.488209741440214,0.0927271921117182,89.03120375,0.741979354700862,TRUE,278,150,1,429,Moderate,Wider CI,"Moderate effect, Wider CI"
PWY-2941: L-lysine biosynthesis II,PWY-2941: L-lysine biosynthesis II,Pathway,raw,11,8,3,43.131525,99.9902095769202,0.00143333333333118,50.0150376733172,43.1300916666667,44.1814,0.54556720892197,0.583333333333333,-37.0706478125,124.715024375,161.7856721875,FALSE,0.54556720892197,0.651213897361383,13,1,0,0.54556720892197,0.519082012480092,0.0386765850756836,43.1300916666667,0.54556720892197,TRUE,221,208,1,430,Moderate,Wider CI,"Moderate effect, Wider CI"
COA-PWY-1: superpathway of coenzyme A biosynthesis III (mammals),COA-PWY-1: superpathway of coenzyme A biosynthesis III (mammals),Pathway,raw,11,8,3,29.9385,131.189446067237,90.0663333333333,41.3189037891051,-60.1278333333333,-108.2865,-0.618235345367923,0.208333333333333,-139.7912125,42.898378125,182.689590625,FALSE,-0.618235345367923,-0.669323572951876,13,1,0,-0.618235345367923,1.38474846676002,0.109474862681798,-60.1278333333333,0.618235345367923,TRUE,245,186,1,432,Moderate,Wider CI,"Moderate effect, Wider CI"
PWY-7977: L-methionine biosynthesis IV,PWY-7977: L-methionine biosynthesis IV,Pathway,raw,11,8,3,-22.646125,116.647507689299,-109.095333333333,98.6892365019273,86.4492083333333,145.433,0.800143455681545,0.75,-36.8022343749999,198.883422916667,235.685657291667,FALSE,0.800143455681545,0.398151467183217,13,1,0,0.800143455681545,0.675073686692083,0.0670588103426867,86.4492083333333,0.800143455681545,TRUE,292,140,1,433,Large,Wider CI,"Large effect, Wider CI"
PWY-7211: superpathway of pyrimidine deoxyribonucleotides de novo biosynthesis,PWY-7211: superpathway of pyrimidine deoxyribonucleotides de novo biosynthesis,Pathway,raw,11,8,3,1.6950625,28.8657995265746,0.592183333333335,10.8125441486189,1.10287916666667,-2.14785,0.0505996921345751,0.395833333333333,-18.7767755208333,24.4519208333333,43.2286963541667,FALSE,0.0505996921345751,-0.344434864393062,13,0.846153846153846,0.153846153846154,0.0505996921345751,0.757931341757868,0.0215219972984441,1.10287916666667,0.0505996921345751,FALSE,112,318,3,433,Small,Narrower CI,"Small effect, Narrower CI"
PWY-5005: biotin biosynthesis II,PWY-5005: biotin biosynthesis II,Pathway,raw,11,8,3,-12.3232025,28.1178126718998,-13.2406933333333,8.11650723738563,0.917490833333332,8.14494,0.0443359293965417,0.791666666666667,-21.5750732916667,17.9775921041667,39.5526653958333,FALSE,0.0443359293965417,0.187114222016485,13,0.615384615384615,0.384615384615385,0.0443359293965417,1.28157488642761,0.082825317488691,0.917490833333332,0.0443359293965417,TRUE,108,319,6,433,Small,Narrower CI,"Small effect, Narrower CI"
FUCCAT-PWY: fucose degradation,FUCCAT-PWY: fucose degradation,Pathway,raw,11,8,3,-3.3886375,28.0730471702937,-3.48716666666667,4.29513560476655,0.0985291666666686,1.63235,0.00490643138869121,0.541666666666667,-19.7629405208333,17.47244,37.2353805208333,FALSE,0.00490643138869121,-0.300769788156906,13,0.692307692307692,0.307692307692308,0.00490643138869121,0.928409795221015,0.0188948833180745,0.0985291666666686,0.00490643138869121,FALSE,105,325,5,435,Small,Narrower CI,"Small effect, Narrower CI"
GLUCOSE1PMETAB-PWY: glucose and glucose-1-phosphate degradation,GLUCOSE1PMETAB-PWY: glucose and glucose-1-phosphate degradation,Pathway,raw,11,8,3,-172.83575,380.001598831129,220.976333333333,382.742236603609,-393.812083333333,-60.793,-1.03261284560007,0.291666666666667,-840.984569791667,-9.40771562500008,831.576854166667,TRUE,-1.03261284560007,-1.25077986248696,13,1,0,-1.03261284560007,0.341094554457126,0.0526228784179446,-393.812083333333,1.03261284560007,TRUE,339,96,1,436,Large,Wider CI,"Large effect, Wider CI"
PWY-6507: 4-deoxy-L-threo-hex-4-enopyranuronate degradation,PWY-6507: 4-deoxy-L-threo-hex-4-enopyranuronate degradation,Pathway,raw,11,8,3,-36.7591875,97.2188803914642,18.9573,79.9685099309097,-55.7164875,-104.1423,-0.625939582798778,0.25,-142.03994375,49.3808240625,191.4207678125,FALSE,-0.625939582798778,-0.549475257940105,13,1,0,-0.625939582798778,0.832289112895702,0.0859851376931337,-55.7164875,0.625939582798778,TRUE,254,181,1,436,Moderate,Wider CI,"Moderate effect, Wider CI"
COA-PWY: coenzyme A biosynthesis I (prokaryotic),COA-PWY: coenzyme A biosynthesis I (prokaryotic),Pathway,raw,11,8,3,22.911625,109.332192136675,65.6316666666667,41.5163482177002,-42.7200416666667,-63.0565,-0.516593684095491,0.208333333333333,-118.130280208333,45.3688020833333,163.499082291667,FALSE,-0.516593684095491,-0.525179819707255,13,1,0,-0.516593684095491,1.26980788552264,0.110172508147433,-42.7200416666667,0.516593684095491,TRUE,222,218,1,441,Moderate,Wider CI,"Moderate effect, Wider CI"
PEPTIDOGLYCANSYN-PWY: peptidoglycan biosynthesis I (meso-diaminopimelate containing),PEPTIDOGLYCANSYN-PWY: peptidoglycan biosynthesis I (meso-diaminopimelate containing),Pathway,raw,11,8,3,46.537375,113.97373828705,9.13666666666666,28.8896689204521,37.4007083333334,-18.3795,0.449850419540937,0.458333333333333,-33.277540625,115.691625,148.969165625,FALSE,0.449850419540937,0.435564095358673,13,1,0,0.449850419540937,0.539691129665346,0.0587896253350148,37.4007083333334,0.449850419540937,TRUE,213,232,1,446,Small,Wider CI,"Small effect, Wider CI"
PWY-5695: inosine 5'-phosphate degradation,PWY-5695: inosine 5'-phosphate degradation,Pathway,raw,11,8,3,-91.97475,120.471849133492,-2.86966666666666,112.440684408862,-89.1050833333333,-137.5515,-0.764683269534706,0.208333333333333,-217.3637125,42.6993739583333,260.063086458333,FALSE,-0.764683269534706,-0.849663039329391,13,1,0,-0.764683269534706,0.460263064096021,0.107162229934344,-89.1050833333333,0.764683269534706,TRUE,304,144,1,449,Moderate,Wider CI,"Moderate effect, Wider CI"
PWY-5367: petroselinate biosynthesis,PWY-5367: petroselinate biosynthesis,Pathway,raw,11,8,3,-23.75332375,64.7574799459138,-19.0579833333333,4.81806273369633,-4.69534041666667,13.78931,-0.102257086866384,0.791666666666667,-50.8876396875,24.7425080208333,75.6301477083333,FALSE,-0.102257086866384,-0.336267575371874,13,0.923076923076923,0.0769230769230769,-0.110438935519651,2.2106683212721,0.0627114605059864,-5.47204380952381,0.102257086866384,TRUE,143,306,2,451,Small,Narrower CI,"Small effect, Narrower CI"
PWY-5505: L-glutamate and L-glutamine biosynthesis,PWY-5505: L-glutamate and L-glutamine biosynthesis,Pathway,raw,11,8,3,-34.6810875,88.1796270420852,28.4448,103.272969626713,-63.1258875,-65.99845,-0.657401689332781,0.291666666666667,-177.945571354167,46.4854381249999,224.431009479167,FALSE,-0.657401689332781,-0.659378219209272,13,1,0,-0.657401689332781,0.481186889210794,0.0424134893744637,-63.1258875,0.657401689332781,TRUE,282,169,1,452,Moderate,Wider CI,"Moderate effect, Wider CI"
ARO-PWY: chorismate biosynthesis I,ARO-PWY: chorismate biosynthesis I,Pathway,raw,11,8,3,127.12975,195.439671376215,-31.6563333333334,159.517596409717,158.786083333333,109.235,0.890130578738364,0.75,-28.1328229166666,354.018630208333,382.151453125,FALSE,0.890130578738364,0.888449829448513,13,1,0,0.890130578738364,0.363518889845712,0.0349406953800866,158.786083333333,0.890130578738364,TRUE,332,121,1,454,Large,Wider CI,"Large effect, Wider CI"
"PWY-7115: C4 photosynthetic carbon assimilation cycle, NAD-ME type","PWY-7115: C4 photosynthetic carbon assimilation cycle, NAD-ME type",Pathway,raw,11,8,3,2.45305,33.2156655944149,6.93946666666667,35.8529931142901,-4.48641666666667,-14.2497,-0.129817189458511,0.5,-44.5589238541667,34.3887020833333,78.9476259375,FALSE,-0.129817189458511,-0.216367393139298,13,0.923076923076923,0.0769230769230769,-0.129817189458511,0.430592211692675,0.0622786631802104,-4.48641666666667,0.129817189458511,TRUE,149,303,2,454,Small,Narrower CI,"Small effect, Narrower CI"
PWY0-1061: superpathway of L-alanine biosynthesis,PWY0-1061: superpathway of L-alanine biosynthesis,Pathway,raw,11,8,3,41.0353,49.2108979673638,25.6533,55.6194571392962,15.382,23.6926,0.292917780727121,0.666666666666667,-46.325826875,72.2653783333333,118.591205208333,FALSE,0.292917780727121,0.22134542053478,13,1,0,0.292917780727121,0.395689947743073,0.0430926222833768,15.382,0.292917780727121,TRUE,187,267,1,455,Small,Wider CI,"Small effect, Wider CI"
PWY-7328: superpathway of UDP-glucose-derived O-antigen building blocks biosynthesis,PWY-7328: superpathway of UDP-glucose-derived O-antigen building blocks biosynthesis,Pathway,raw,11,8,3,20.007675,93.8315372816586,-6.89256666666667,40.432321275229,26.9002416666667,-7.53575000000001,0.372339427500909,0.541666666666667,-43.5611659375,102.0836728125,145.64483875,FALSE,0.372339427500909,0.425644232374474,13,1,0,0.372339427500909,0.563086136217055,0.0725924617556972,26.9002416666667,0.372339427500909,TRUE,208,249,1,458,Small,Wider CI,"Small effect, Wider CI"
FASYN-INITIAL-PWY: superpathway of fatty acid biosynthesis initiation (E. coli),FASYN-INITIAL-PWY: superpathway of fatty acid biosynthesis initiation (E. coli),Pathway,raw,11,8,3,5.1846625,38.9264913059745,2.61922666666667,31.441646943316,2.56543583333333,-1.61848,0.0725056911878032,0.458333333333333,-33.29371625,43.5024625,76.79617875,FALSE,0.0725056911878032,0.245158271643069,13,0.846153846153846,0.153846153846154,0.0725056911878032,0.555930776285556,0.0166326009075543,2.56543583333333,0.0725056911878032,TRUE,144,313,3,460,Small,Narrower CI,"Small effect, Narrower CI"
ARGSYNBSUB-PWY: L-arginine biosynthesis II (acetyl cycle),ARGSYNBSUB-PWY: L-arginine biosynthesis II (acetyl cycle),Pathway,raw,11,8,3,160.216875,262.303479142243,-22.311,136.668285959106,182.527875,172.618,0.872743239290244,0.708333333333333,-16.2178677083333,401.617655208333,417.835522916667,FALSE,0.872743239290244,0.887016686407881,13,1,0,0.872743239290244,0.444263996179126,0.0631989685417782,182.527875,0.872743239290244,TRUE,337,125,1,463,Large,Wider CI,"Large effect, Wider CI"
PWY-621: sucrose degradation III (sucrose invertase),PWY-621: sucrose degradation III (sucrose invertase),Pathway,raw,11,8,3,33.5998625,91.3786171998201,71.2769666666667,70.9102377122185,-37.6771041666667,-36.09235,-0.460672013915798,0.333333333333333,-125.92256875,46.7025215625,172.6250903125,FALSE,-0.460672013915798,-0.696004823033789,13,1,0,-0.460672013915798,0.524057111949991,0.093744441683004,-37.6771041666667,0.460672013915798,TRUE,237,229,1,467,Small,Wider CI,"Small effect, Wider CI"
PWY-6630: superpathway of L-tyrosine biosynthesis,PWY-6630: superpathway of L-tyrosine biosynthesis,Pathway,raw,11,8,3,-57.6820625,140.774445599283,4.47173333333333,58.6560803199748,-62.1537958333333,-33.9773,-0.576363746348743,0.291666666666667,-171.8958240625,42.2917137499999,214.1875378125,FALSE,-0.576363746348743,-0.516344867878707,13,1,0,-0.576363746348743,0.696788683821902,0.069596344467333,-62.1537958333333,0.576363746348743,TRUE,275,201,1,477,Moderate,Wider CI,"Moderate effect, Wider CI"
THRESYN-PWY: superpathway of L-threonine biosynthesis,THRESYN-PWY: superpathway of L-threonine biosynthesis,Pathway,raw,11,8,3,33.014875,70.9666122129424,39.5146666666667,31.950839493405,-6.4997916666667,-38.842,-0.118108589265996,0.291666666666667,-57.374896875,50.0573218749999,107.43221875,FALSE,-0.118108589265996,-0.0696169124960503,13,0.846153846153846,0.153846153846154,-0.118108589265996,0.794134992167104,0.0900343214176726,-6.4997916666667,0.118108589265996,TRUE,172,304,3,479,Small,Wider CI,"Small effect, Wider CI"
PWY-6549: L-glutamine biosynthesis III,PWY-6549: L-glutamine biosynthesis III,Pathway,raw,11,8,3,3.3599375,60.1056507495864,0.10466666666666,29.6894253452864,3.25527083333334,6.70200000000001,0.0686717766784456,0.416666666666667,-41.7144010416667,52.7218760416667,94.4362770833333,FALSE,0.0686717766784456,0.141180497967499,13,0.846153846153846,0.153846153846154,0.0686717766784456,0.667164871107574,0.0750503828336686,3.25527083333334,0.0686717766784456,TRUE,162,315,3,480,Small,Narrower CI,"Small effect, Narrower CI"
ARGSYN-PWY: L-arginine biosynthesis I (via L-ornithine),ARGSYN-PWY: L-arginine biosynthesis I (via L-ornithine),Pathway,raw,11,8,3,143.38675,247.027090037134,-8.24466666666668,133.733884271464,151.631416666667,158.847,0.763389272557791,0.625,-44.5656718749999,350.75756875,395.323240625,FALSE,0.763389272557791,0.789258379929114,13,1,0,0.763389272557791,0.461236909965339,0.0333283998088031,151.631416666667,0.763389272557791,TRUE,334,146,1,481,Moderate,Wider CI,"Moderate effect, Wider CI"
VALSYN-PWY: L-valine biosynthesis,VALSYN-PWY: L-valine biosynthesis,Pathway,raw,11,8,3,166.005625,231.734535008079,53.1100000000001,33.5538537279997,112.895625,-16.6200000000002,0.681860975801049,0.5,-34.1208572916668,269.925646875,304.046504166666,FALSE,0.681860975801049,0.678801772033704,13,1,0,0.681860975801049,0.47843382533369,0.0597499457218518,112.895625,0.681860975801049,TRUE,321,159,1,481,Moderate,Wider CI,"Moderate effect, Wider CI"
PWY-5154: L-arginine biosynthesis III (via N-acetyl-L-citrulline),PWY-5154: L-arginine biosynthesis III (via N-acetyl-L-citrulline),Pathway,raw,11,8,3,-76.8607375,188.791499388747,37.2715333333333,123.36110377365,-114.132270833333,-63.6498,-0.715705669896911,0.333333333333333,-288.3690875,55.5608109374998,343.9298984375,FALSE,-0.715705669896911,-0.318849099161873,13,1,0,-0.715705669896911,0.462915898759302,0.124394156071699,-114.132270833333,0.715705669896911,TRUE,328,154,1,483,Moderate,Wider CI,"Moderate effect, Wider CI"
GALACTUROCAT-PWY: D-galacturonate degradation I,GALACTUROCAT-PWY: D-galacturonate degradation I,Pathway,raw,11,8,3,-33.229125,109.038221142585,19.3002666666667,89.1293167819284,-52.5293916666667,-103.8623,-0.527495945166545,0.291666666666667,-150.771988958333,59.048725520833,209.820714479166,FALSE,-0.527495945166545,-0.4791544130492,13,1,0,-0.527495945166545,0.803429207885233,0.0675638451700251,-52.5293916666667,0.527495945166545,TRUE,271,213,1,485,Moderate,Wider CI,"Moderate effect, Wider CI"
PWY4FS-8: phosphatidylglycerol biosynthesis II (non-plastidic),PWY4FS-8: phosphatidylglycerol biosynthesis II (non-plastidic),Pathway,raw,11,8,3,-37.0046375,49.2875920824164,-59.9756666666667,87.9718383935071,22.9710291666667,60.37295,0.32215957147768,0.666666666666667,-66.902196875,100.588141354167,167.490338229167,FALSE,0.32215957147768,0.164568710564316,13,1,0,0.32215957147768,0.267889189826482,0.0384763589133999,22.9710291666667,0.32215957147768,TRUE,228,258,1,487,Small,Wider CI,"Small effect, Wider CI"
GLUCONEO-PWY: gluconeogenesis I,GLUCONEO-PWY: gluconeogenesis I,Pathway,raw,11,8,3,22.987125,98.7740845196574,55.5163333333333,71.7494575473107,-32.5292083333333,-30.8665,-0.376818863509005,0.333333333333333,-128.135734375,48.1758385416666,176.311572916667,FALSE,-0.376818863509005,-0.319742266040279,13,1,0,-0.376818863509005,0.496118135935132,0.0926454756726736,-32.5292083333333,0.376818863509005,TRUE,240,248,1,489,Small,Wider CI,"Small effect, Wider CI"
PWY-7790: UMP biosynthesis II,PWY-7790: UMP biosynthesis II,Pathway,raw,11,8,3,94.5305,146.342781243217,12.312,114.630764928094,82.2185,22.8815,0.625489701090206,0.625,-49.154390625,225.219671875,274.3740625,FALSE,0.625489701090206,0.621231113154263,13,1,0,0.625489701090206,0.418787754952097,0.119861669107801,82.2185,0.625489701090206,TRUE,308,182,1,491,Moderate,Wider CI,"Moderate effect, Wider CI"
PWY-6163: chorismate biosynthesis from 3-dehydroquinate,PWY-6163: chorismate biosynthesis from 3-dehydroquinate,Pathway,raw,11,8,3,127.721,215.59700205244,-8.63133333333337,174.689660533568,136.352333333333,32.596,0.694922403928605,0.666666666666667,-62.1751854166666,346.700721875,408.875907291666,FALSE,0.694922403928605,0.680171002938585,13,1,0,0.694922403928605,0.377872893431002,0.0389437999151037,136.352333333333,0.694922403928605,TRUE,335,156,1,492,Moderate,Wider CI,"Moderate effect, Wider CI"
1CMET2-PWY: folate transformations III (E. coli),1CMET2-PWY: folate transformations III (E. coli),Pathway,raw,11,8,3,2.66424999999999,89.8588813970471,-10.414,39.5597831010232,13.07825,46.4310000000001,0.188380193561305,0.666666666666667,-60.578715625,72.49915625,133.077871875,FALSE,0.188380193561305,0.113803133143745,13,0.923076923076923,0.0769230769230769,0.188380193561305,0.962840385250593,0.0626165373085744,13.07825,0.188380193561305,TRUE,201,289,2,492,Small,Wider CI,"Small effect, Wider CI"
PWY4FS-7: phosphatidylglycerol biosynthesis I (plastidic),PWY4FS-7: phosphatidylglycerol biosynthesis I (plastidic),Pathway,raw,11,8,3,-37.0046375,49.2875920824164,-59.9756666666667,87.9718383935071,22.9710291666667,60.37295,0.32215957147768,0.666666666666667,-75.796003125,97.67915875,173.475161875,FALSE,0.32215957147768,0.164568710564316,13,1,0,0.32215957147768,0.267889189826482,0.0384763589133999,22.9710291666667,0.32215957147768,TRUE,238,258,1,497,Small,Wider CI,"Small effect, Wider CI"
PWY-7791: UMP biosynthesis III,PWY-7791: UMP biosynthesis III,Pathway,raw,11,8,3,94.5305,146.342781243217,12.312,114.630764928094,82.2185,22.8815,0.625489701090206,0.625,-51.2654875,228.670690625,279.936178125,FALSE,0.625489701090206,0.621231113154263,13,1,0,0.625489701090206,0.418787754952097,0.119861669107801,82.2185,0.625489701090206,TRUE,315,182,1,498,Moderate,Wider CI,"Moderate effect, Wider CI"
SER-GLYSYN-PWY: superpathway of L-serine and glycine biosynthesis I,SER-GLYSYN-PWY: superpathway of L-serine and glycine biosynthesis I,Pathway,raw,11,8,3,75.230125,175.028934961735,4.72699999999996,47.4492059259163,70.503125,-13.1455,0.549811947286054,0.5,-43.2192333333333,189.362332291667,232.581565625,FALSE,0.549811947286054,0.385659710086447,13,1,0,0.549811947286054,0.451671526286557,0.0601974995081495,70.503125,0.549811947286054,TRUE,290,207,1,498,Moderate,Wider CI,"Moderate effect, Wider CI"
PWY-6897: thiamine diphosphate salvage II,PWY-6897: thiamine diphosphate salvage II,Pathway,raw,11,8,3,-10.813125,72.370260246354,20.0683333333333,94.6355849896504,-30.8814583333333,1.32599999999999,-0.366581349344288,0.458333333333333,-126.979334375,58.821471875,185.80080625,FALSE,-0.366581349344288,-0.316050311075157,13,1,0,-0.366581349344288,0.526902179257757,0.0505189647082884,-30.8814583333333,0.366581349344288,TRUE,247,250,1,498,Small,Wider CI,"Small effect, Wider CI"
GLUTORN-PWY: L-ornithine biosynthesis I,GLUTORN-PWY: L-ornithine biosynthesis I,Pathway,raw,11,8,3,100.24725,215.73453816786,1.74733333333336,48.074831422828,98.4999166666667,94.92,0.630241659392278,0.625,-42.15370625,254.265351041667,296.419057291667,FALSE,0.630241659392278,0.654231272896037,13,1,0,0.630241659392278,0.505894483102172,0.0615237674340572,98.4999166666667,0.630241659392278,TRUE,319,179,1,499,Moderate,Wider CI,"Moderate effect, Wider CI"
PWY-5686: UMP biosynthesis I,PWY-5686: UMP biosynthesis I,Pathway,raw,11,8,3,94.5305,146.342781243217,12.312,114.630764928094,82.2185,22.8815,0.625489701090206,0.625,-50.18589375,230.71125,280.89714375,FALSE,0.625489701090206,0.621231113154263,13,1,0,0.625489701090206,0.418787754952097,0.119861669107801,82.2185,0.625489701090206,TRUE,316,182,1,499,Moderate,Wider CI,"Moderate effect, Wider CI"
GLUCUROCAT-PWY: superpathway of &beta;-D-glucuronosides degradation,GLUCUROCAT-PWY: superpathway of &beta;-D-glucuronosides degradation,Pathway,raw,11,8,3,-22.12135,114.215746811925,18.5233333333333,75.3138487220865,-40.6446833333334,-53.562,-0.420141744935245,0.333333333333333,-132.29584375,66.2090395833332,198.504883333333,FALSE,-0.420141744935245,-0.451164153087197,13,1,0,-0.420141744935245,0.713053878978843,0.0136083762869346,-40.6446833333334,0.420141744935245,TRUE,259,239,1,499,Small,Wider CI,"Small effect, Wider CI"
PWY-3841: folate transformations II (plants),PWY-3841: folate transformations II (plants),Pathway,raw,11,8,3,30.760375,95.2285543805571,12.0093333333333,59.0303698644464,18.7510416666666,50.0770000000001,0.236682178186341,0.541666666666667,-62.00174375,98.7771145833333,160.778858333333,FALSE,0.236682178186341,0.167304593042759,13,1,0,0.236682178186341,0.50664200035053,0.0495033437991387,18.7510416666666,0.236682178186341,TRUE,220,281,1,502,Small,Wider CI,"Small effect, Wider CI"
PHOSLIPSYN-PWY: superpathway of phospholipid biosynthesis I (bacteria),PHOSLIPSYN-PWY: superpathway of phospholipid biosynthesis I (bacteria),Pathway,raw,11,8,3,-44.893,59.7438199056127,-78.6165333333333,105.653283050993,33.7235333333333,79.1621,0.392932629509181,0.708333333333333,-78.49631375,125.98975125,204.486065,FALSE,0.392932629509181,0.223317339489898,13,1,0,0.392932629509181,0.275758464529093,0.0381248888352197,33.7235333333333,0.392932629509181,TRUE,263,244,1,508,Small,Wider CI,"Small effect, Wider CI"
UDPNAGSYN-PWY: UDP-N-acetyl-D-glucosamine biosynthesis I,UDPNAGSYN-PWY: UDP-N-acetyl-D-glucosamine biosynthesis I,Pathway,raw,11,8,3,51.201125,155.065896901412,129.886,103.621287923862,-78.684875,3.80150000000003,-0.596655933981071,0.375,-230.242651041667,48.8949322916666,279.137583333333,FALSE,-0.596655933981071,-0.365204791319967,13,1,0,-0.596655933981071,0.475026297894869,0.106287079020293,-78.684875,0.596655933981071,TRUE,314,194,1,509,Moderate,Wider CI,"Moderate effect, Wider CI"
PWY-702: L-methionine biosynthesis II,PWY-702: L-methionine biosynthesis II,Pathway,raw,11,8,3,33.50245,113.863439627351,56.504,46.1303803474457,-23.00155,-13.2009,-0.26478039577493,0.291666666666667,-111.0886553125,59.4206784374999,170.50933375,FALSE,-0.26478039577493,0.0798110839201123,13,0.923076923076923,0.0769230769230769,-0.26478039577493,0.725732684509681,0.0442575566066656,-23.00155,0.26478039577493,FALSE,233,276,2,511,Small,Wider CI,"Small effect, Wider CI"
ARGININE-SYN4-PWY: L-ornithine biosynthesis II,ARGININE-SYN4-PWY: L-ornithine biosynthesis II,Pathway,raw,11,8,3,-43.36455875,104.891705249476,25.0963333333333,129.922932846913,-68.4608920833333,-44.62705,-0.579820724647048,0.333333333333333,-202.44568946875,73.6276353124999,276.07332478125,FALSE,-0.579820724647048,-0.708595812816923,13,1,0,-0.579820724647048,0.418868645080041,0.0123523152207852,-68.4608920833333,0.579820724647048,TRUE,311,200,1,512,Moderate,Wider CI,"Moderate effect, Wider CI"
HSERMETANA-PWY: L-methionine biosynthesis III,HSERMETANA-PWY: L-methionine biosynthesis III,Pathway,raw,11,8,3,34.081625,184.480094706283,-29.2206666666667,22.8060435045918,63.3022916666667,39.0755,0.481605478532633,0.625,-53.2678270833332,187.544852083333,240.812679166666,FALSE,0.481605478532633,0.386858280768,13,1,0,0.481605478532633,0.535630201793817,0.0159645621587141,63.3022916666667,0.481605478532633,TRUE,295,223,1,519,Small,Wider CI,"Small effect, Wider CI"
PWY-7357: thiamine phosphate formation from pyrithiamine and oxythiamine (yeast),PWY-7357: thiamine phosphate formation from pyrithiamine and oxythiamine (yeast),Pathway,raw,11,8,3,46.9255,129.303446256139,-36.7496666666666,150.864726766509,83.6751666666666,150.692,0.595559975698161,0.708333333333333,-80.7641656250001,236.27601875,317.040184375,FALSE,0.595559975698161,0.656877562842961,13,1,0,0.595559975698161,0.366262229240855,0.0908151141145206,83.6751666666666,0.595559975698161,TRUE,326,195,1,522,Moderate,Wider CI,"Moderate effect, Wider CI"
FERMENTATION-PWY: mixed acid fermentation,FERMENTATION-PWY: mixed acid fermentation,Pathway,raw,11,8,3,-8.123,62.8866537896329,-6.53733333333334,53.1434233591828,-1.58566666666666,11.8575,-0.0272361382242706,0.416666666666667,-68.486096875,59.2429864583333,127.729083333333,FALSE,-0.0272361382242706,-0.0573641294399472,13,0.692307692307692,0.307692307692308,-0.0272361382242706,0.568592262354616,0.0908278090913882,-1.58566666666666,0.0272361382242706,TRUE,196,323,5,524,Small,Wider CI,"Small effect, Wider CI"
P124-PWY: Bifidobacterium shunt,P124-PWY: Bifidobacterium shunt,Pathway,raw,11,8,3,-4.9497925,105.621204933002,62.9954,145.962971223115,-67.9451925,-85.8241,-0.533325804656418,0.333333333333333,-209.7628133125,79.5968606458333,289.359673958333,FALSE,-0.533325804656418,-0.222000022016045,13,1,0,-0.533325804656418,0.471556395430496,0.0543883989124755,-67.9451925,0.533325804656418,TRUE,317,209,1,527,Moderate,Wider CI,"Moderate effect, Wider CI"
PWY-6936: seleno-amino acid biosynthesis (plants),PWY-6936: seleno-amino acid biosynthesis (plants),Pathway,raw,11,8,3,35.79125,119.182614913597,50.6743333333334,39.8261343383128,-14.8830833333333,-36.8085,-0.167497514083279,0.416666666666667,-97.3639604166667,81.4516156249999,178.815576041667,FALSE,-0.167497514083279,-0.205922935700744,13,0.846153846153846,0.153846153846154,-0.167497514083279,0.722956077146499,0.0873617326052411,-14.8830833333333,0.167497514083279,TRUE,241,292,3,536,Small,Wider CI,"Small effect, Wider CI"
PANTO-PWY: phosphopantothenate biosynthesis I,PANTO-PWY: phosphopantothenate biosynthesis I,Pathway,raw,11,8,3,-3.69224999999999,104.242623245347,-40.286,97.6431788298599,36.59375,66.418,0.362325768109361,0.625,-80.9335895833333,147.520690625,228.454280208333,FALSE,0.362325768109361,0.337067589032187,13,1,0,0.362325768109361,0.597808577208009,0.0415988058277471,36.59375,0.362325768109361,TRUE,285,251,1,537,Small,Wider CI,"Small effect, Wider CI"
ASPASN-PWY: superpathway of L-aspartate and L-asparagine biosynthesis,ASPASN-PWY: superpathway of L-aspartate and L-asparagine biosynthesis,Pathway,raw,11,8,3,-19.143375,63.4777334682632,-6.622,88.6495387523252,-12.521375,-31.0485,-0.162408830078442,0.416666666666667,-94.9458333333333,84.98576875,179.931602083333,FALSE,-0.162408830078442,-0.186470036632377,13,0.923076923076923,0.0769230769230769,-0.162408830078442,0.40959807512386,0.0308144321085039,-12.521375,0.162408830078442,TRUE,243,294,2,539,Small,Wider CI,"Small effect, Wider CI"
"PWY-7237: myo-, chiro- and scyllo-inositol degradation","PWY-7237: myo-, chiro- and scyllo-inositol degradation",Pathway,raw,11,8,3,68.25975,70.3776064663226,-6.18633333333332,188.541612728685,74.4460833333333,87.8125,0.523147629431883,0.708333333333333,-107.297971875,236.455975,343.753946875,FALSE,0.523147629431883,0.60221200649765,13,1,0,0.523147629431883,0.206027922961544,0.00110883473352541,74.4460833333333,0.523147629431883,TRUE,327,214,1,542,Moderate,Wider CI,"Moderate effect, Wider CI"
PWY-8187: L-arginine degradation XIII (reductive Stickland reaction),PWY-8187: L-arginine degradation XIII (reductive Stickland reaction),Pathway,raw,11,8,3,113.6256875,210.172769063749,45.5916666666667,42.0987515768975,68.0340208333333,-15.7885,0.448871975506725,0.458333333333333,-65.2514208333333,209.731111458333,274.982532291666,FALSE,0.448871975506725,0.445208839932003,13,1,0,0.448871975506725,0.55005390456838,0.0361075906328064,68.0340208333333,0.448871975506725,TRUE,309,233,1,543,Small,Wider CI,"Small effect, Wider CI"
PYRIDNUCSYN-PWY: NAD de novo biosynthesis I (from aspartate),PYRIDNUCSYN-PWY: NAD de novo biosynthesis I (from aspartate),Pathway,raw,11,8,3,0.412499999999991,53.1655164180694,-1.87099999999998,80.318371273327,2.28349999999997,-15.1615,0.0335272466758302,0.416666666666667,-74.328653125,89.8150864583333,164.143739583333,FALSE,0.0335272466758302,-0.00433274902041648,13,0.769230769230769,0.230769230769231,0.0335272466758302,0.340094943749966,0.0344662277506532,2.28349999999997,0.0335272466758302,FALSE,223,322,4,549,Small,Wider CI,"Small effect, Wider CI"
PWY-7242: D-fructuronate degradation,PWY-7242: D-fructuronate degradation,Pathway,raw,11,8,3,-17.235025,140.199263511921,12.0403333333333,66.7823600686089,-29.2753583333333,-21.463,-0.266604286080194,0.333333333333333,-135.91538,81.5701666666667,217.485546666667,FALSE,-0.266604286080194,-0.334231254577334,13,1,0,-0.266604286080194,0.920669655193937,0.014198550123089,-29.2753583333333,0.266604286080194,TRUE,279,274,1,554,Small,Wider CI,"Small effect, Wider CI"
HISTSYN-PWY: L-histidine biosynthesis,HISTSYN-PWY: L-histidine biosynthesis,Pathway,raw,11,8,3,65.127875,165.36581721266,100.515333333333,43.0622599306322,-35.3874583333333,-56.9445,-0.292867627185946,0.208333333333333,-133.5937625,97.3562291666666,230.949991666667,FALSE,-0.292867627185946,-0.330700640176391,13,1,0,-0.288042519316844,1.81720259337361,0.0808340349005352,-35.3874583333333,0.292867627185946,TRUE,287,268,1,556,Small,Wider CI,"Small effect, Wider CI"
PWY-6124: inosine-5'-phosphate biosynthesis II,PWY-6124: inosine-5'-phosphate biosynthesis II,Pathway,raw,11,8,3,26.477375,121.455585230554,40.6743333333333,64.376885419639,-14.1969583333333,-6.43200000000002,-0.146058613840794,0.375,-108.276979166667,90.02016875,198.297147916667,FALSE,-0.146058613840794,-0.117842245915129,13,0.846153846153846,0.153846153846154,-0.146058613840794,0.685911091876208,0.0469953257004348,-14.1969583333333,0.146058613840794,TRUE,258,301,3,562,Small,Wider CI,"Small effect, Wider CI"
OANTIGEN-PWY: O-antigen building blocks biosynthesis (E. coli),OANTIGEN-PWY: O-antigen building blocks biosynthesis (E. coli),Pathway,raw,11,8,3,62.201125,136.087302599091,77.344,60.4535407399765,-15.142875,59.453,-0.14381280204056,0.541666666666667,-119.02905625,82.1645687499999,201.193625,FALSE,-0.14381280204056,-0.0125950766986959,13,0.769230769230769,0.230769230769231,-0.14381280204056,0.523397885354723,0.101791695216769,-15.142875,0.14381280204056,TRUE,262,302,4,568,Small,Wider CI,"Small effect, Wider CI"
PWY-6902: chitin degradation II (Vibrio),PWY-6902: chitin degradation II (Vibrio),Pathway,raw,11,8,3,-15.91125625,72.3578628583823,-47.8702,138.048798270901,31.95894375,102.91205,0.289978413154742,0.625,-113.74579109375,145.26252703125,259.008318125,FALSE,0.289978413154742,0.421084024697863,13,1,0,0.289978413154742,0.322082648824208,0.0509762893794373,31.95894375,0.289978413154742,TRUE,303,270,1,574,Small,Wider CI,"Small effect, Wider CI"
PWY-3001: superpathway of L-isoleucine biosynthesis I,PWY-3001: superpathway of L-isoleucine biosynthesis I,Pathway,raw,11,8,3,37.99975,63.5828337339793,17.8426666666667,115.80453339284,20.1570833333333,3.28300000000004,0.215775354225129,0.541666666666667,-90.3042947916667,141.33813125,231.642426041667,FALSE,0.215775354225129,0.193957177114098,13,1,0,0.215775354225129,0.314645452372255,0.0292556881191615,20.1570833333333,0.215775354225129,TRUE,288,285,1,574,Small,Wider CI,"Small effect, Wider CI"
PWY-6123: inosine-5'-phosphate biosynthesis I,PWY-6123: inosine-5'-phosphate biosynthesis I,Pathway,raw,11,8,3,30.619875,113.612654572377,36.1653333333333,67.125911482328,-5.5454583333333,12.9185,-0.0594301224418475,0.5,-108.012153125,87.98673125,195.998884375,FALSE,-0.0594301224418475,-0.0293733759317617,13,0.769230769230769,0.230769230769231,-0.0594301224418475,0.625218463673359,0.0395519197100895,-5.5454583333333,0.0594301224418475,TRUE,256,316,4,576,Small,Wider CI,"Small effect, Wider CI"
PWY-I9: L-cysteine biosynthesis VI (from L-methionine),PWY-I9: L-cysteine biosynthesis VI (from L-methionine),Pathway,raw,11,8,3,54.5527,163.944684511514,20.9383333333333,79.8454278987428,33.6143666666667,-2.29219999999997,0.260689490076427,0.5,-92.9372189583333,154.936630625,247.873849583333,FALSE,0.260689490076427,0.561828115291461,13,1,0,0.260689490076427,0.676520289604461,0.0153932879612499,33.6143666666667,0.260689490076427,TRUE,301,277,1,579,Small,Wider CI,"Small effect, Wider CI"
PANTOSYN-PWY: superpathway of coenzyme A biosynthesis I (bacteria),PANTOSYN-PWY: superpathway of coenzyme A biosynthesis I (bacteria),Pathway,raw,11,8,3,-5.56462500000001,105.949191428099,-21.01,97.5049743705417,15.445375,37.0065,0.151700890122244,0.583333333333333,-105.124325,125.267438541667,230.391763541667,FALSE,0.151700890122244,0.16474004075815,13,0.923076923076923,0.0769230769230769,0.151700890122244,0.566156387007632,0.0337067319605,15.445375,0.151700890122244,TRUE,286,298,2,586,Small,Wider CI,"Small effect, Wider CI"
PWY-622: starch biosynthesis,PWY-622: starch biosynthesis,Pathway,raw,11,8,3,3.63515,133.344301112646,40.9443333333333,130.891756410911,-37.3091833333333,-73.8919,-0.282380661552306,0.416666666666667,-180.484508333333,109.045946041667,289.530454375,FALSE,-0.282380661552306,0.300970496109581,13,1,0,-0.282380661552306,0.466393256955993,0.0350993283076531,-37.3091833333333,0.282380661552306,FALSE,318,271,1,590,Small,Wider CI,"Small effect, Wider CI"
PWY-7199: pyrimidine deoxyribonucleosides salvage,PWY-7199: pyrimidine deoxyribonucleosides salvage,Pathway,raw,11,8,3,4.747625,98.7873327014545,11.5113333333333,94.6864709308216,-6.76370833333333,16.3895,-0.0699028949424494,0.541666666666667,-119.39813125,93.641009375,213.039140625,FALSE,-0.0699028949424494,-0.0629742084165747,13,0.923076923076923,0.0769230769230769,-0.0699028949424494,0.593237473457852,0.041991240777438,-6.76370833333333,0.0699028949424494,TRUE,274,314,2,590,Small,Wider CI,"Small effect, Wider CI"
"GLCMANNANAUT-PWY: superpathway of N-acetylglucosamine, N-acetylmannosamine and N-acetylneuraminate degradation","GLCMANNANAUT-PWY: superpathway of N-acetylglucosamine, N-acetylmannosamine and N-acetylneuraminate degradation",Pathway,raw,11,8,3,1.00537499999999,112.237587243614,-8.49300000000002,98.9789890178719,9.49837500000001,7.02600000000004,0.0897629971996798,0.5,-99.422353125,128.050096875,227.47245,FALSE,0.0897629971996798,0.224414233417582,13,0.923076923076923,0.0769230769230769,0.0897629971996798,0.569637875050022,0.0202954901749853,9.49837500000001,0.0897629971996798,TRUE,284,309,2,595,Small,Wider CI,"Small effect, Wider CI"
PWY-7400: L-arginine biosynthesis IV (archaebacteria),PWY-7400: L-arginine biosynthesis IV (archaebacteria),Pathway,raw,11,8,3,10.0184125,275.029762178031,-44.0003333333333,84.5907469900422,54.0187458333333,-19.722,0.265492518332939,0.458333333333333,-121.3859425,255.699798958333,377.085741458333,FALSE,0.265492518332939,0.0366486824804646,13,0.923076923076923,0.0769230769230769,0.265492518332939,0.637754251765174,0.036407904669368,54.0187458333333,0.265492518332939,TRUE,331,275,2,608,Small,Wider CI,"Small effect, Wider CI"
