"participant_id","outcome","level","pre_value","post_value","delta"
3,"strain_SGB17241","strain",0,0.945421203,0.945421203
3,"strain_SGB17248","strain",0.6147181225,0.862977677,0.2482595545
3,"strain_SGB17278","strain",0.3046072445,0,-0.3046072445
3,"strain_SGB1830","strain",4.742327542,8.172507785,3.430180243
3,"strain_SGB1836","strain",1.0889438945,2.656286407,1.5673425125
3,"strain_SGB1844","strain",0,0,0
3,"strain_SGB1860","strain",0.061838076,0.273740624,0.211902548
3,"strain_SGB1867","strain",0,0,0
3,"strain_SGB1871","strain",0.4421215555,0.482638332,0.0405167765
3,"strain_SGB1877","strain",0,0,0
3,"strain_SGB1934","strain",0.2465526275,0.599826633,0.3532740055
3,"strain_SGB1949","strain",0.180534464,0.181857766,0.001323302
3,"strain_SGB2290","strain",0,0.005860784,0.005860784
3,"strain_SGB2295","strain",0.094455445,0.34984866,0.255393215
3,"strain_SGB2303","strain",0,0,0
3,"strain_SGB2318","strain",2.3706886585,2.281816976,-0.0888716825000002
3,"strain_SGB2328","strain",0,0.024684674,0.024684674
3,"strain_SGB4804","strain",0.210490496,0.011849374,-0.198641122
3,"strain_SGB4809","strain",0,0,0
3,"strain_SGB4810","strain",0,0,0
3,"strain_SGB4811","strain",1.916602635,0.52915032,-1.387452315
3,"strain_SGB4813","strain",0,0,0
3,"strain_SGB4815","strain",0,0,0
3,"strain_SGB4816","strain",0,0,0
3,"strain_SGB4820","strain",0,0,0
3,"strain_SGB4826","strain",0,0,0
3,"strain_SGB4828","strain",3.1485686345,4.48643957,1.3378709355
3,"strain_SGB4832","strain",0,0,0
3,"strain_SGB4837","strain",4.307509619,2.825181067,-1.482328552
4,"strain_SGB17241","strain",0,0,0
4,"strain_SGB17248","strain",1.1483349615,0.215879908,-0.9324550535
4,"strain_SGB17278","strain",0,0,0
4,"strain_SGB1830","strain",0.1337801285,0,-0.1337801285
4,"strain_SGB1836","strain",0.7515947235,0.191642545,-0.5599521785
4,"strain_SGB1844","strain",0,0,0
4,"strain_SGB1860","strain",0.0474448045,0.010532757,-0.0369120475
4,"strain_SGB1867","strain",0,0,0
4,"strain_SGB1871","strain",0,0,0
4,"strain_SGB1877","strain",0.045120677,0,-0.045120677
4,"strain_SGB1934","strain",0.203238335,0.303618976,0.100380641
4,"strain_SGB1949","strain",0.2088385695,0.192419324,-0.0164192455
4,"strain_SGB2290","strain",0.0548956055,0,-0.0548956055
4,"strain_SGB2295","strain",1.1188571105,0,-1.1188571105
4,"strain_SGB2303","strain",0.528829204,0.296378284,-0.23245092
4,"strain_SGB2318","strain",3.838910124,0.481852831,-3.357057293
4,"strain_SGB2328","strain",0.136924371,0,-0.136924371
4,"strain_SGB4804","strain",0,0,0
4,"strain_SGB4809","strain",0,0,0
4,"strain_SGB4810","strain",0.009653219,0,-0.009653219
4,"strain_SGB4811","strain",0.418063571,1.225517269,0.807453698
4,"strain_SGB4813","strain",0,0.025911137,0.025911137
4,"strain_SGB4815","strain",0,0.124423395,0.124423395
4,"strain_SGB4816","strain",0.1310138855,0,-0.1310138855
4,"strain_SGB4820","strain",0.065001861,0.245887631,0.18088577
4,"strain_SGB4826","strain",2.1076758975,2.143818333,0.0361424355
4,"strain_SGB4828","strain",0.1115214385,0.091243823,-0.0202776155
4,"strain_SGB4832","strain",0.4845924855,0.373834275,-0.1107582105
4,"strain_SGB4837","strain",0.7583748125,2.157966812,1.3995919995
5,"strain_SGB17241","strain",0,0,0
5,"strain_SGB17248","strain",0.987324917,0.792210512,-0.195114405
5,"strain_SGB17278","strain",0.011713181,0,-0.011713181
5,"strain_SGB1830","strain",1.7692718935,0.230684863,-1.5385870305
5,"strain_SGB1836","strain",1.5083109315,0.389425476,-1.1188854555
5,"strain_SGB1844","strain",1.050367026,0.008009211,-1.042357815
5,"strain_SGB1860","strain",0,0,0
5,"strain_SGB1867","strain",0.014122701,0,-0.014122701
5,"strain_SGB1871","strain",0,0,0
5,"strain_SGB1877","strain",0,0,0
5,"strain_SGB1934","strain",0.305027937,0.015015232,-0.290012705
5,"strain_SGB1949","strain",0.542373534,0.074252404,-0.46812113
5,"strain_SGB2290","strain",0.1522542045,0,-0.1522542045
5,"strain_SGB2295","strain",0.3859175905,0.034866985,-0.3510506055
5,"strain_SGB2303","strain",0.653065508,0,-0.653065508
5,"strain_SGB2318","strain",3.902423801,0.640679821,-3.26174398
5,"strain_SGB2328","strain",0.1601130115,0,-0.1601130115
5,"strain_SGB4804","strain",0.117853037,0,-0.117853037
5,"strain_SGB4809","strain",0.019251995,0,-0.019251995
5,"strain_SGB4810","strain",0,3.832269008,3.832269008
5,"strain_SGB4811","strain",0.029729181,0.057924052,0.028194871
5,"strain_SGB4813","strain",0.0646402365,0.250944416,0.1863041795
5,"strain_SGB4815","strain",0.0306100135,0,-0.0306100135
5,"strain_SGB4816","strain",1.1722750985,0,-1.1722750985
5,"strain_SGB4820","strain",0.084282853,0.153936717,0.069653864
5,"strain_SGB4826","strain",1.295162977,7.894064725,6.598901748
5,"strain_SGB4828","strain",0,0,0
5,"strain_SGB4832","strain",0,0,0
5,"strain_SGB4837","strain",0.9445406625,8.550665096,7.6061244335
6,"strain_SGB17241","strain",2.5282120895,6.246826753,3.7186146635
6,"strain_SGB17248","strain",7.1627789655,4.876973689,-2.2858052765
6,"strain_SGB17278","strain",0.9806772835,0,-0.9806772835
6,"strain_SGB1830","strain",0.405471131,0.009128202,-0.396342929
6,"strain_SGB1836","strain",0.4599179385,0.114041775,-0.3458761635
6,"strain_SGB1844","strain",0.0345253405,0.116957939,0.0824325985
6,"strain_SGB1860","strain",0,0,0
6,"strain_SGB1867","strain",0.059148743,0,-0.059148743
6,"strain_SGB1871","strain",0.053537744,0.102612537,0.049074793
6,"strain_SGB1877","strain",0.318304631,0.004002132,-0.314302499
6,"strain_SGB1934","strain",0.0476701605,0.052771945,0.0051017845
6,"strain_SGB1949","strain",0.4516097415,0.11912228,-0.3324874615
6,"strain_SGB2290","strain",0.089906452,0,-0.089906452
6,"strain_SGB2295","strain",0.301307294,0.132860149,-0.168447145
6,"strain_SGB2303","strain",0.009833937,2.310057899,2.300223962
6,"strain_SGB2318","strain",2.594695584,2.637450518,0.042754934
6,"strain_SGB2328","strain",0.004766782,0,-0.004766782
6,"strain_SGB4804","strain",0.029266216,0,-0.029266216
6,"strain_SGB4809","strain",0.0475594065,0,-0.0475594065
6,"strain_SGB4810","strain",0,0,0
6,"strain_SGB4811","strain",0.049834895,0,-0.049834895
6,"strain_SGB4813","strain",0,0,0
6,"strain_SGB4815","strain",0.3023396655,0.052361859,-0.2499778065
6,"strain_SGB4816","strain",0.0061772275,0,-0.0061772275
6,"strain_SGB4820","strain",0.047521901,0,-0.047521901
6,"strain_SGB4826","strain",2.8942974895,0.280977002,-2.6133204875
6,"strain_SGB4828","strain",0.3930621685,0.464991535,0.0719293665
6,"strain_SGB4832","strain",0,0,0
6,"strain_SGB4837","strain",2.1172036125,0.449909497,-1.6672941155
7,"strain_SGB17241","strain",0,0,0
7,"strain_SGB17248","strain",23.052459125,12.04983469,-11.002624435
7,"strain_SGB17278","strain",9.966597655,0,-9.966597655
7,"strain_SGB1830","strain",0,0,0
7,"strain_SGB1836","strain",0.120956242,0.072633988,-0.048322254
7,"strain_SGB1844","strain",0,0,0
7,"strain_SGB1860","strain",0,0,0
7,"strain_SGB1867","strain",0,0,0
7,"strain_SGB1871","strain",0.2407787885,0.038016084,-0.2027627045
7,"strain_SGB1877","strain",0,0,0
7,"strain_SGB1934","strain",1.2342151885,0.169808522,-1.0644066665
7,"strain_SGB1949","strain",0.270139958,0.030926779,-0.239213179
7,"strain_SGB2290","strain",0,0,0
7,"strain_SGB2295","strain",0,0,0
7,"strain_SGB2303","strain",0,0,0
7,"strain_SGB2318","strain",0,0,0
7,"strain_SGB2328","strain",0,0,0
7,"strain_SGB4804","strain",0.0040504755,0,-0.0040504755
7,"strain_SGB4809","strain",0.0057884735,0,-0.0057884735
7,"strain_SGB4810","strain",0,0,0
7,"strain_SGB4811","strain",0,0,0
7,"strain_SGB4813","strain",0.1173488305,0,-0.1173488305
7,"strain_SGB4815","strain",0,0,0
7,"strain_SGB4816","strain",0,0,0
7,"strain_SGB4820","strain",0,0.028407439,0.028407439
7,"strain_SGB4826","strain",3.789387968,0.288644356,-3.500743612
7,"strain_SGB4828","strain",0,0,0
7,"strain_SGB4832","strain",0,0,0
7,"strain_SGB4837","strain",3.093659745,3.794519068,0.700859323
9,"strain_SGB17241","strain",0,0,0
9,"strain_SGB17248","strain",0,2.373556421,2.373556421
9,"strain_SGB17278","strain",0.154654354,0,-0.154654354
9,"strain_SGB1830","strain",0,0,0
9,"strain_SGB1836","strain",0.1489713575,0.03479688,-0.1141744775
9,"strain_SGB1844","strain",0,0,0
9,"strain_SGB1860","strain",0.099833604,0.768675064,0.66884146
9,"strain_SGB1867","strain",0.106716668,0,-0.106716668
9,"strain_SGB1871","strain",0.055978573,0,-0.055978573
9,"strain_SGB1877","strain",0,0,0
9,"strain_SGB1934","strain",0.4996526175,0.036102595,-0.4635500225
9,"strain_SGB1949","strain",0,0,0
9,"strain_SGB2290","strain",0,0,0
9,"strain_SGB2295","strain",0.1196936535,0,-0.1196936535
9,"strain_SGB2303","strain",0,0,0
9,"strain_SGB2318","strain",1.359477645,0.569258334,-0.790219311
9,"strain_SGB2328","strain",0,0,0
9,"strain_SGB4804","strain",0,0,0
9,"strain_SGB4809","strain",1.06419331,1.241127545,0.176934235
9,"strain_SGB4810","strain",0.518520651,0.266523811,-0.25199684
9,"strain_SGB4811","strain",0.114357634,0.724921147,0.610563513
9,"strain_SGB4813","strain",0.0729153625,0.127594106,0.0546787435
9,"strain_SGB4815","strain",0,0.084222755,0.084222755
9,"strain_SGB4816","strain",0.6713737115,0,-0.6713737115
9,"strain_SGB4820","strain",0.4912061025,0.08530392,-0.4059021825
9,"strain_SGB4826","strain",3.3952383015,4.491616915,1.0963786135
9,"strain_SGB4828","strain",0,0,0
9,"strain_SGB4832","strain",0,0,0
9,"strain_SGB4837","strain",6.170458644,4.303685484,-1.86677316
15,"strain_SGB17241","strain",0,0,0
15,"strain_SGB17248","strain",2.518559175,1.24641192,-1.272147255
15,"strain_SGB17278","strain",0,0,0
15,"strain_SGB1830","strain",0,0,0
15,"strain_SGB1836","strain",1.100529356,0.636558738,-0.463970618
15,"strain_SGB1844","strain",0.1260261655,0.001061198,-0.1249649675
15,"strain_SGB1860","strain",0,0,0
15,"strain_SGB1867","strain",0.0131219745,0,-0.0131219745
15,"strain_SGB1871","strain",0,0,0
15,"strain_SGB1877","strain",0.002064632,0,-0.002064632
15,"strain_SGB1934","strain",0.0733460915,0.026682651,-0.0466634405
15,"strain_SGB1949","strain",0,0,0
15,"strain_SGB2290","strain",0,0.0417761,0.0417761
15,"strain_SGB2295","strain",0.181330137,0.377893527,0.19656339
15,"strain_SGB2303","strain",0.138933587,0.438679584,0.299745997
15,"strain_SGB2318","strain",1.8048524335,2.238014063,0.4331616295
15,"strain_SGB2328","strain",0,0,0
15,"strain_SGB4804","strain",0.019380771,0,-0.019380771
15,"strain_SGB4809","strain",0,0,0
15,"strain_SGB4810","strain",0,0,0
15,"strain_SGB4811","strain",0,0,0
15,"strain_SGB4813","strain",0,0,0
15,"strain_SGB4815","strain",0.2417274685,0.041333297,-0.2003941715
15,"strain_SGB4816","strain",0.0867083045,0.048097483,-0.0386108215
15,"strain_SGB4820","strain",0.018253133,0,-0.018253133
15,"strain_SGB4826","strain",0.429663802,0.059671417,-0.369992385
15,"strain_SGB4828","strain",0.8104754925,0.214636927,-0.5958385655
15,"strain_SGB4832","strain",0.184032974,0.049777078,-0.134255896
15,"strain_SGB4837","strain",0.476621598,0.210949453,-0.265672145
16,"strain_SGB17241","strain",0,0,0
16,"strain_SGB17248","strain",0.0191467195,0,-0.0191467195
16,"strain_SGB17278","strain",0.0809362145,0,-0.0809362145
16,"strain_SGB1830","strain",0.8406189885,3.373286789,2.5326678005
16,"strain_SGB1836","strain",0.530955911,3.963264878,3.432308967
16,"strain_SGB1844","strain",0,0.046878516,0.046878516
16,"strain_SGB1860","strain",0,0.156971099,0.156971099
16,"strain_SGB1867","strain",0,0.053637467,0.053637467
16,"strain_SGB1871","strain",0,0,0
16,"strain_SGB1877","strain",0,0.063716306,0.063716306
16,"strain_SGB1934","strain",0.037500579,0.040877181,0.003376602
16,"strain_SGB1949","strain",0.0871002355,0.205994774,0.1188945385
16,"strain_SGB2290","strain",0.549579728,0,-0.549579728
16,"strain_SGB2295","strain",0.7442529675,0.126019531,-0.6182334365
16,"strain_SGB2303","strain",0,0,0
16,"strain_SGB2318","strain",2.727488073,1.888692609,-0.838795464
16,"strain_SGB2328","strain",0.3653786425,0.092641891,-0.2727367515
16,"strain_SGB4804","strain",0.0253695215,0.239738453,0.2143689315
16,"strain_SGB4809","strain",0.0847714905,0.04527816,-0.0394933305
16,"strain_SGB4810","strain",0,0,0
16,"strain_SGB4811","strain",0.4734319455,1.717616244,1.2441842985
16,"strain_SGB4813","strain",0,0,0
16,"strain_SGB4815","strain",0.081245726,0.118979667,0.037733941
16,"strain_SGB4816","strain",0,0,0
16,"strain_SGB4820","strain",0.288980973,0.388537521,0.099556548
16,"strain_SGB4826","strain",1.6627629795,2.037823666,0.3750606865
16,"strain_SGB4828","strain",0.3962438,1.928080097,1.531836297
16,"strain_SGB4832","strain",0,0,0
16,"strain_SGB4837","strain",0.862275024,3.250323257,2.388048233
18,"strain_SGB17241","strain",5.8094509245,7.190241426,1.3807905015
18,"strain_SGB17248","strain",5.6296521105,8.116993304,2.4873411935
18,"strain_SGB17278","strain",0,1.727178224,1.727178224
18,"strain_SGB1830","strain",0,0,0
18,"strain_SGB1836","strain",0.046299108,1.117075001,1.070775893
18,"strain_SGB1844","strain",0.0107978975,0.268451011,0.2576531135
18,"strain_SGB1860","strain",0,0.04846084,0.04846084
18,"strain_SGB1867","strain",0,0,0
18,"strain_SGB1871","strain",0,0,0
18,"strain_SGB1877","strain",0.0463043865,0.341964756,0.2956603695
18,"strain_SGB1934","strain",0.0191797705,0.159233174,0.1400534035
18,"strain_SGB1949","strain",0.0182974685,0.263779294,0.2454818255
18,"strain_SGB2290","strain",0,0.360042986,0.360042986
18,"strain_SGB2295","strain",0,0.40740992,0.40740992
18,"strain_SGB2303","strain",0.0029752265,0.788533207,0.7855579805
18,"strain_SGB2318","strain",0,1.231219526,1.231219526
18,"strain_SGB2328","strain",0,0,0
18,"strain_SGB4804","strain",0,0,0
18,"strain_SGB4809","strain",0,0,0
18,"strain_SGB4810","strain",0,0,0
18,"strain_SGB4811","strain",0.060134344,0.139748495,0.079614151
18,"strain_SGB4813","strain",0,0,0
18,"strain_SGB4815","strain",0.173634592,0.214257448,0.040622856
18,"strain_SGB4816","strain",0.0348892835,0,-0.0348892835
18,"strain_SGB4820","strain",0.0665893165,0.285764329,0.2191750125
18,"strain_SGB4826","strain",2.5688903965,2.46053911,-0.1083512865
18,"strain_SGB4828","strain",0.517780738,0.224497391,-0.293283347
18,"strain_SGB4832","strain",0,0,0
18,"strain_SGB4837","strain",2.567143129,1.579451621,-0.987691508
21,"strain_SGB17241","strain",0,0,0
21,"strain_SGB17248","strain",3.139920274,9.889360776,6.749440502
21,"strain_SGB17278","strain",0.1832276455,0,-0.1832276455
21,"strain_SGB1830","strain",0,0,0
21,"strain_SGB1836","strain",3.0831173415,0.048477453,-3.0346398885
21,"strain_SGB1844","strain",0.01957273,0,-0.01957273
21,"strain_SGB1860","strain",0.283435546,0,-0.283435546
21,"strain_SGB1867","strain",0.002632778,0,-0.002632778
21,"strain_SGB1871","strain",0,0,0
21,"strain_SGB1877","strain",0.275393826,0,-0.275393826
21,"strain_SGB1934","strain",0.222557021,0,-0.222557021
21,"strain_SGB1949","strain",0,0,0
21,"strain_SGB2290","strain",0.305741856,0.329721052,0.023979196
21,"strain_SGB2295","strain",0.435043963,0.271393031,-0.163650932
21,"strain_SGB2303","strain",0.104777299,0.120580444,0.015803145
21,"strain_SGB2318","strain",4.1462561435,2.520297426,-1.6259587175
21,"strain_SGB2328","strain",0.485271292,0,-0.485271292
21,"strain_SGB4804","strain",0.082551439,0,-0.082551439
21,"strain_SGB4809","strain",0,0,0
21,"strain_SGB4810","strain",0,0,0
21,"strain_SGB4811","strain",0.0318930845,0,-0.0318930845
21,"strain_SGB4813","strain",0,0,0
21,"strain_SGB4815","strain",0.1685925495,0,-0.1685925495
21,"strain_SGB4816","strain",0,0,0
21,"strain_SGB4820","strain",0.3171338775,0,-0.3171338775
21,"strain_SGB4826","strain",0.693536561,0,-0.693536561
21,"strain_SGB4828","strain",0,0,0
21,"strain_SGB4832","strain",0,0,0
21,"strain_SGB4837","strain",2.5646925235,0.046103822,-2.5185887015
22,"strain_SGB17241","strain",0,0,0
22,"strain_SGB17248","strain",0.2703935265,0.003398119,-0.2669954075
22,"strain_SGB17278","strain",0,0,0
22,"strain_SGB1830","strain",0.285085378,0,-0.285085378
22,"strain_SGB1836","strain",1.606106064,0.21381954,-1.392286524
22,"strain_SGB1844","strain",0,0,0
22,"strain_SGB1860","strain",0,0,0
22,"strain_SGB1867","strain",0.0374917085,0,-0.0374917085
22,"strain_SGB1871","strain",0.0165968165,0,-0.0165968165
22,"strain_SGB1877","strain",0,0,0
22,"strain_SGB1934","strain",0.2855143425,0,-0.2855143425
22,"strain_SGB1949","strain",0.1288161425,0,-0.1288161425
22,"strain_SGB2290","strain",0,0,0
22,"strain_SGB2295","strain",0.2283885245,0,-0.2283885245
22,"strain_SGB2303","strain",1.049965435,0.49557901,-0.554386425
22,"strain_SGB2318","strain",2.1160221545,0.089144493,-2.0268776615
22,"strain_SGB2328","strain",0,0,0
22,"strain_SGB4804","strain",0,0.618540028,0.618540028
22,"strain_SGB4809","strain",0,0,0
22,"strain_SGB4810","strain",1.5715226185,0.276011109,-1.2955115095
22,"strain_SGB4811","strain",0.142142676,2.257189452,2.115046776
22,"strain_SGB4813","strain",0,0,0
22,"strain_SGB4815","strain",0.1655005845,1.694321694,1.5288211095
22,"strain_SGB4816","strain",0.021990012,0,-0.021990012
22,"strain_SGB4820","strain",0.216604827,0.612829092,0.396224265
22,"strain_SGB4826","strain",0.301438652,0.733312627,0.431873975
22,"strain_SGB4828","strain",0.178263196,0.676839478,0.498576282
22,"strain_SGB4832","strain",0,0,0
22,"strain_SGB4837","strain",3.6919741365,7.348372895,3.6563987585
3,"genus_Alistipes","genus",2.4651441035,2.662211094,0.1970669905
3,"genus_Bacteroides","genus",6.3448256715,11.585173148,5.2403474765
3,"genus_Bifidobacterium","genus",3.2220281595,8.019177981,4.7971498215
3,"genus_Blautia","genus",18.3500579455,12.362265686,-5.9877922595
3,"genus_Parabacteroides","genus",0.4270870915,0.781684399,0.3545973075
4,"genus_Alistipes","genus",6.6450592915,0.856260443,-5.7887988485
4,"genus_Bacteroides","genus",0.9779403335,0.202175302,-0.7757650315
4,"genus_Bifidobacterium","genus",1.1483349615,0.215879908,-0.9324550535
4,"genus_Blautia","genus",4.0858971705,6.485071263,2.3991740925
4,"genus_Parabacteroides","genus",0.4120769045,0.4960383,0.0839613955
5,"genus_Alistipes","genus",5.2537741155,0.675546806,-4.5782273095
5,"genus_Bacteroides","genus",4.4201890085,0.62811955,-3.7920694585
5,"genus_Bifidobacterium","genus",1.6641173225,1.366206715,-0.2979106075
5,"genus_Blautia","genus",3.758346054,20.739804014,16.98145796
5,"genus_Parabacteroides","genus",0.862561723,0.089267636,-0.773294087
6,"genus_Alistipes","genus",3.000510049,5.080368566,2.079858517
6,"genus_Bacteroides","genus",1.466826974,0.346742585,-1.120084389
6,"genus_Bifidobacterium","genus",14.121283566,12.91582147,-1.205462096
6,"genus_Blautia","genus",5.887262582,1.248239893,-4.639022689
6,"genus_Parabacteroides","genus",0.499279902,0.171894225,-0.327385677
7,"genus_Alistipes","genus",0,0,0
7,"genus_Bacteroides","genus",0.3707005285,0.110650072,-0.2600504565
7,"genus_Bifidobacterium","genus",33.01905678,12.04983469,-20.96922209
7,"genus_Blautia","genus",7.0102354925,4.111570863,-2.8986646295
7,"genus_Parabacteroides","genus",1.5043551465,0.200735301,-1.3036198455
9,"genus_Alistipes","genus",1.4791712985,0.569258334,-0.9099129645
9,"genus_Bacteroides","genus",0.8722565005,0.803471944,-0.0687845565
9,"genus_Bifidobacterium","genus",0.154654354,2.373556421,2.218902067
9,"genus_Blautia","genus",12.498263717,11.324995683,-1.173268034
9,"genus_Parabacteroides","genus",0.62966871,0.06800528,-0.56166343
15,"genus_Alistipes","genus",2.1251161575,3.096363274,0.9712471165
15,"genus_Bacteroides","genus",1.241742128,0.637619936,-0.604122192
15,"genus_Bifidobacterium","genus",2.518559175,1.24641192,-1.272147255
15,"genus_Blautia","genus",2.4328421565,0.723920562,-1.7089215945
15,"genus_Parabacteroides","genus",0.0733460915,0.026682651,-0.0466634405
16,"genus_Alistipes","genus",4.386699411,2.107354031,-2.27934538
16,"genus_Bacteroides","genus",1.3715748995,7.812700171,6.4411252715
16,"genus_Bifidobacterium","genus",0.100082934,2.678229998,2.578147064
16,"genus_Blautia","genus",3.87508146,9.726377065,5.851295605
16,"genus_Parabacteroides","genus",0.1246008145,0.246871955,0.1222711405
18,"genus_Alistipes","genus",0.0029752265,2.787205639,2.7842304125
18,"genus_Bacteroides","genus",0.103401392,1.775951608,1.672550216
18,"genus_Bifidobacterium","genus",11.439103035,17.034412954,5.595309919
18,"genus_Blautia","genus",5.9890617995,4.904258394,-1.0848034055
18,"genus_Parabacteroides","genus",0.037477239,0.423012468,0.385535229
21,"genus_Alistipes","genus",7.8489421115,3.945393698,-3.9035484135
21,"genus_Bacteroides","genus",6.9103983955,0.094320175,-6.8160782205
21,"genus_Bifidobacterium","genus",3.3231479195,11.568032024,8.2448841045
21,"genus_Blautia","genus",3.858400035,0.046103822,-3.812296213
21,"genus_Parabacteroides","genus",0.222557021,0,-0.222557021
22,"genus_Alistipes","genus",3.4846671755,0.584723503,-2.8999436725
22,"genus_Bacteroides","genus",6.127098161,0.711741306,-5.415356855
22,"genus_Bifidobacterium","genus",0.2703935265,0.003398119,-0.2669954075
22,"genus_Blautia","genus",6.5443202445,14.55531966,8.0109994155
22,"genus_Parabacteroides","genus",0.414330485,0,-0.414330485
3,"pathway_1CMET2-PWY: folate transformations III (E. coli)","pathway",376.478,445.306,68.828
3,"pathway_ALLANTOINDEG-PWY: superpathway of allantoin degradation in yeast","pathway",0,0,0
3,"pathway_ANAEROFRUCAT-PWY: homolactic fermentation","pathway",267.7775,358.758,90.9804999999999
3,"pathway_ANAGLYCOLYSIS-PWY: glycolysis III (from glucose)","pathway",732.7445,804.942,72.1975
3,"pathway_ARG+POLYAMINE-SYN: superpathway of arginine and polyamine biosynthesis","pathway",65.1976,94.7487,29.5511
3,"pathway_ARGININE-SYN4-PWY: L-ornithine biosynthesis II","pathway",131.5787,229.776,98.1973
3,"pathway_ARGSYN-PWY: L-arginine biosynthesis I (via L-ornithine)","pathway",871.4375,841.136,-30.3015
3,"pathway_ARGSYNBSUB-PWY: L-arginine biosynthesis II (acetyl cycle)","pathway",896.628,866.651,-29.9770000000001
3,"pathway_ARO-PWY: chorismate biosynthesis I","pathway",844.6145,834.781,-9.83349999999996
3,"pathway_ASPASN-PWY: superpathway of L-aspartate and L-asparagine biosynthesis","pathway",232.328,269.902,37.574
3,"pathway_BIOTIN-BIOSYNTHESIS-PWY: biotin biosynthesis I","pathway",49.57245,80.6199,31.04745
3,"pathway_BRANCHED-CHAIN-AA-SYN-PWY: superpathway of branched chain amino acid biosynthesis","pathway",731.3985,855.256,123.8575
3,"pathway_CALVIN-PWY: Calvin-Benson-Bassham cycle","pathway",685.204,683.809,-1.39499999999998
3,"pathway_CENTFERM-PWY: pyruvate fermentation to butanoate","pathway",105.7665,138.922,33.1555
3,"pathway_CITRULBIO-PWY: L-citrulline biosynthesis","pathway",91.5612,166.962,75.4008
3,"pathway_COA-PWY-1: superpathway of coenzyme A biosynthesis III (mammals)","pathway",602.3245,648.729,46.4045000000001
3,"pathway_COA-PWY: coenzyme A biosynthesis I (prokaryotic)","pathway",569.656,617.211,47.5550000000001
3,"pathway_COBALSYN-PWY: superpathway of adenosylcobalamin salvage from cobinamide I","pathway",404.2655,401.55,-2.71549999999996
3,"pathway_COLANSYN-PWY: colanic acid building blocks biosynthesis","pathway",154.267,197.504,43.237
3,"pathway_COMPLETE-ARO-PWY: superpathway of aromatic amino acid biosynthesis","pathway",803.0935,839.185,36.0915
3,"pathway_DAPLYSINESYN-PWY: L-lysine biosynthesis I","pathway",150.612,294.137,143.525
3,"pathway_DTDPRHAMSYN-PWY: dTDP-&beta;-L-rhamnose biosynthesis","pathway",744.5895,712.866,-31.7235000000001
3,"pathway_FAO-PWY: fatty acid &beta;-oxidation I (generic)","pathway",0,0,0
3,"pathway_FASYN-ELONG-PWY: fatty acid elongation -- saturated","pathway",45.9161,73.7437,27.8276
3,"pathway_FASYN-INITIAL-PWY: superpathway of fatty acid biosynthesis initiation (E. coli)","pathway",8.313285,10.2185,1.905215
3,"pathway_FERMENTATION-PWY: mixed acid fermentation","pathway",215.185,172.676,-42.509
3,"pathway_FOLSYN-PWY: superpathway of tetrahydrofolate biosynthesis and salvage","pathway",15.2482,12.3463,-2.9019
3,"pathway_FUC-RHAMCAT-PWY: superpathway of fucose and rhamnose degradation","pathway",25.80155,37.1386,11.33705
3,"pathway_FUCCAT-PWY: fucose degradation","pathway",43.67855,39.7345,-3.94405
3,"pathway_GALACT-GLUCUROCAT-PWY: superpathway of hexuronide and hexuronate degradation","pathway",74.01035,136.81,62.79965
3,"pathway_GALACTARDEG-PWY: D-galactarate degradation I","pathway",4.377875,12.6545,8.276625
3,"pathway_GALACTITOLCAT-PWY: galactitol degradation","pathway",0,0,0
3,"pathway_GALACTUROCAT-PWY: D-galacturonate degradation I","pathway",215.8385,231.576,15.7375
3,"pathway_GLCMANNANAUT-PWY: superpathway of N-acetylglucosamine, N-acetylmannosamine and N-acetylneuraminate degradation","pathway",303.8355,298.919,-4.91650000000004
3,"pathway_GLUCARDEG-PWY: D-glucarate degradation I","pathway",4.02747,5.51556,1.48809
3,"pathway_GLUCARGALACTSUPER-PWY: superpathway of D-glucarate and D-galactarate degradation","pathway",4.377875,12.6545,8.276625
3,"pathway_GLUCONEO-PWY: gluconeogenesis I","pathway",282.915,372.728,89.813
3,"pathway_GLUCOSE1PMETAB-PWY: glucose and glucose-1-phosphate degradation","pathway",0,0,0
3,"pathway_GLUCUROCAT-PWY: superpathway of &beta;-D-glucuronosides degradation","pathway",219.217,238.803,19.586
3,"pathway_GLUDEG-I-PWY: GABA shunt","pathway",34.86585,53.5573,18.69145
3,"pathway_GLUTORN-PWY: L-ornithine biosynthesis I","pathway",778.413,779.934,1.52099999999996
3,"pathway_GLYCOCAT-PWY: glycogen degradation I","pathway",54.0438,85.5279,31.4841
3,"pathway_GLYCOGENSYNTH-PWY: glycogen biosynthesis I (from ADP-D-Glucose)","pathway",885.269,765.319,-119.95
3,"pathway_GLYCOLYSIS-E-D: superpathway of glycolysis and the Entner-Doudoroff pathway","pathway",88.9825,120.164,31.1815
3,"pathway_GLYCOLYSIS: glycolysis I (from glucose 6-phosphate)","pathway",260.943,348.655,87.712
3,"pathway_GLYOXYLATE-BYPASS: glyoxylate cycle","pathway",0,0,0
3,"pathway_GOLPDLCAT-PWY: superpathway of glycerol degradation to 1,3-propanediol","pathway",72.77775,39.2317,-33.54605
3,"pathway_HEME-BIOSYNTHESIS-II-1: heme b biosynthesis V (aerobic)","pathway",0,0,0
3,"pathway_HEME-BIOSYNTHESIS-II: heme b biosynthesis I (aerobic)","pathway",5.011705,5.71063,0.698925
3,"pathway_HEMESYN2-PWY: heme b biosynthesis II (oxygen-independent)","pathway",6.96968,7.54805,0.57837
3,"pathway_HEXITOLDEGSUPER-PWY: superpathway of hexitol degradation (bacteria)","pathway",0,0,0
3,"pathway_HISDEG-PWY: L-histidine degradation I","pathway",123.08985,212.169,89.07915
3,"pathway_HISTSYN-PWY: L-histidine biosynthesis","pathway",599.057,646.481,47.424
3,"pathway_HOMOSER-METSYN-PWY: L-methionine biosynthesis I","pathway",3.39239,0.868719,-2.523671
3,"pathway_HSERMETANA-PWY: L-methionine biosynthesis III","pathway",446.8345,455.255,8.4205
3,"pathway_ILEUSYN-PWY: L-isoleucine biosynthesis I (from threonine)","pathway",753.4115,890.994,137.5825
3,"pathway_KETOGLUCONMET-PWY: ketogluconate metabolism","pathway",2.621615,0,-2.621615
3,"pathway_LACTOSECAT-PWY: lactose and galactose degradation I","pathway",140.4415,125.669,-14.7725
3,"pathway_MET-SAM-PWY: superpathway of S-adenosyl-L-methionine biosynthesis","pathway",6.69535,1.73523,-4.96012
3,"pathway_METH-ACETATE-PWY: methanogenesis from acetate","pathway",200.4535,163.177,-37.2765
3,"pathway_METHGLYUT-PWY: superpathway of methylglyoxal degradation","pathway",1.976785,0,-1.976785
3,"pathway_METSYN-PWY: superpathway of L-homoserine and L-methionine biosynthesis","pathway",5.89545,1.51904,-4.37641
3,"pathway_NAD-BIOSYNTHESIS-II: NAD salvage pathway III (to nicotinamide riboside)","pathway",5.051,0,-5.051
3,"pathway_NAGLIPASYN-PWY: lipid IVA biosynthesis (E. coli)","pathway",49.0926,99.6573,50.5647
3,"pathway_NONMEVIPP-PWY: methylerythritol phosphate pathway I","pathway",710.107,763.66,53.553
3,"pathway_NONOXIPENT-PWY: pentose phosphate pathway (non-oxidative branch) I","pathway",502.788,463.302,-39.486
3,"pathway_OANTIGEN-PWY: O-antigen building blocks biosynthesis (E. coli)","pathway",378.0505,408.718,30.6675
3,"pathway_ORNDEG-PWY: superpathway of ornithine degradation","pathway",0.802735,0,-0.802735
3,"pathway_P105-PWY: TCA cycle IV (2-oxoglutarate decarboxylase)","pathway",14.17845,0,-14.17845
3,"pathway_P108-PWY: pyruvate fermentation to propanoate I","pathway",0,0,0
3,"pathway_P122-PWY: heterolactic fermentation","pathway",9.88445,0,-9.88445
3,"pathway_P124-PWY: Bifidobacterium shunt","pathway",126.478,189.384,62.906
3,"pathway_P125-PWY: superpathway of (R,R)-butanediol biosynthesis","pathway",4.334155,0,-4.334155
3,"pathway_P161-PWY: acetylene degradation (anaerobic)","pathway",6.31767,16.3206,10.00293
3,"pathway_P164-PWY: purine nucleobases degradation I (anaerobic)","pathway",137.8693,146.406,8.5367
3,"pathway_P185-PWY: formaldehyde assimilation III (dihydroxyacetone cycle)","pathway",13.1964,7.21869,-5.97771
3,"pathway_P23-PWY: reductive TCA cycle I","pathway",0,0,0
3,"pathway_P4-PWY: superpathway of L-lysine, L-threonine and L-methionine biosynthesis I","pathway",12.81645,3.65932,-9.15713
3,"pathway_P41-PWY: pyruvate fermentation to acetate and (S)-lactate I","pathway",434.597,447.206,12.609
3,"pathway_P42-PWY: incomplete reductive TCA cycle","pathway",11.5268,21.7834,10.2566
3,"pathway_P441-PWY: superpathway of N-acetylneuraminate degradation","pathway",67.8523,94.1898,26.3375
3,"pathway_P461-PWY: hexitol fermentation to lactate, formate, ethanol and acetate","pathway",26.9815,19.2245,-7.757
3,"pathway_P621-PWY: nylon-6 oligomer degradation","pathway",3.274975,0,-3.274975
3,"pathway_PANTO-PWY: phosphopantothenate biosynthesis I","pathway",369.2405,453.931,84.6905
3,"pathway_PANTOSYN-PWY: superpathway of coenzyme A biosynthesis I (bacteria)","pathway",385.036,472.491,87.455
3,"pathway_PENTOSE-P-PWY: pentose phosphate pathway","pathway",202.9555,307.252,104.2965
3,"pathway_PEPTIDOGLYCANSYN-PWY: peptidoglycan biosynthesis I (meso-diaminopimelate containing)","pathway",702.335,731.108,28.7729999999999
3,"pathway_PHOSLIPSYN-PWY: superpathway of phospholipid biosynthesis I (bacteria)","pathway",185.865,213.49,27.625
3,"pathway_POLYAMINSYN3-PWY: superpathway of polyamine biosynthesis II","pathway",1.300775,0,-1.300775
3,"pathway_POLYAMSYN-PWY: superpathway of polyamine biosynthesis I","pathway",36.03195,56.8691,20.83715
3,"pathway_POLYISOPRENSYN-PWY: polyisoprenoid biosynthesis (E. coli)","pathway",29.2327,31.4345,2.2018
3,"pathway_PPGPPMET-PWY: ppGpp metabolism","pathway",44.14355,29.2351,-14.90845
3,"pathway_PROPFERM-PWY: superpathway of L-alanine fermentation (Stickland reaction)","pathway",11.0043,8.30615,-2.69815
3,"pathway_PWY-1042: glycolysis IV","pathway",964.3985,994.016,29.6174999999999
3,"pathway_PWY-1269: CMP-3-deoxy-D-manno-octulosonate biosynthesis","pathway",25.24455,40.6241,15.37955
3,"pathway_PWY-1861: formaldehyde assimilation II (assimilatory RuMP Cycle)","pathway",25.729,31.9294,6.2004
3,"pathway_PWY-241: C4 photosynthetic carbon assimilation cycle, NADP-ME type","pathway",124.3295,228.98,104.6505
3,"pathway_PWY-2941: L-lysine biosynthesis II","pathway",136.453,61.0093,-75.4437
3,"pathway_PWY-2942: L-lysine biosynthesis III","pathway",492.22,555.158,62.938
3,"pathway_PWY-3001: superpathway of L-isoleucine biosynthesis I","pathway",500.567,593.768,93.201
3,"pathway_PWY-3841: folate transformations II (plants)","pathway",496.1835,593.517,97.3335000000001
3,"pathway_PWY-4041: &gamma;-glutamyl cycle","pathway",91.52865,120.646,29.11735
3,"pathway_PWY-4984: urea cycle","pathway",77.7581,142.706,64.9479
3,"pathway_PWY-5004: superpathway of L-citrulline metabolism","pathway",0,0,0
3,"pathway_PWY-5005: biotin biosynthesis II","pathway",8.62357,5.26546,-3.35811
3,"pathway_PWY-5022: 4-aminobutanoate degradation V","pathway",31.44825,48.7777,17.32945
3,"pathway_PWY-5030: L-histidine degradation III","pathway",113.04965,195.11,82.06035
3,"pathway_PWY-5097: L-lysine biosynthesis VI","pathway",630.229,696.131,65.9019999999999
3,"pathway_PWY-5100: pyruvate fermentation to acetate and lactate II","pathway",434.597,447.206,12.609
3,"pathway_PWY-5103: L-isoleucine biosynthesis III","pathway",654.255,794.246,139.991
3,"pathway_PWY-5104: L-isoleucine biosynthesis IV","pathway",0,0,0
3,"pathway_PWY-5121: superpathway of geranylgeranyl diphosphate biosynthesis II (via MEP)","pathway",47.62625,74.1236,26.49735
3,"pathway_PWY-5130: 2-oxobutanoate degradation I","pathway",12.474735,9.05435,-3.420385
3,"pathway_PWY-5136: fatty acid &beta;-oxidation II (plant peroxisome)","pathway",20.5834,28.4709,7.8875
3,"pathway_PWY-5138: fatty acid &beta;-oxidation IV (unsaturated, even number)","pathway",0,0,0
3,"pathway_PWY-5154: L-arginine biosynthesis III (via N-acetyl-L-citrulline)","pathway",165.2667,260.492,95.2253
3,"pathway_PWY-5188: tetrapyrrole biosynthesis I (from glutamate)","pathway",199.2635,172.352,-26.9115
3,"pathway_PWY-5189: tetrapyrrole biosynthesis II (from glycine)","pathway",1.4392,0,-1.4392
3,"pathway_PWY-5345: superpathway of L-methionine biosynthesis (by sulfhydrylation)","pathway",44.54305,59.736,15.19295
3,"pathway_PWY-5347: superpathway of L-methionine biosynthesis (transsulfuration)","pathway",6.69915,1.73481,-4.96434
3,"pathway_PWY-5367: petroselinate biosynthesis","pathway",20.1893,8.5654,-11.6239
3,"pathway_PWY-5384: sucrose degradation IV (sucrose phosphorylase)","pathway",108.6785,230.55,121.8715
3,"pathway_PWY-5484: glycolysis II (from fructose 6-phosphate)","pathway",236.68,321.301,84.621
3,"pathway_PWY-5494: pyruvate fermentation to propanoate II (acrylate pathway)","pathway",6.451515,4.26698,-2.184535
3,"pathway_PWY-5497: purine nucleobases degradation II (anaerobic)","pathway",92.77865,134.952,42.17335
3,"pathway_PWY-5505: L-glutamate and L-glutamine biosynthesis","pathway",191.014,270.39,79.376
3,"pathway_PWY-561: superpathway of glyoxylate cycle and fatty acid degradation","pathway",0,0,0
3,"pathway_PWY-5656: mannosylglycerate biosynthesis I","pathway",0,0,0
3,"pathway_PWY-5659: GDP-mannose biosynthesis","pathway",215.5105,217.632,2.1215
3,"pathway_PWY-5667: CDP-diacylglycerol biosynthesis I","pathway",604.873,576.305,-28.5680000000001
3,"pathway_PWY-5675: nitrate reduction V (assimilatory)","pathway",0,0,0
3,"pathway_PWY-5676: acetyl-CoA fermentation to butanoate II","pathway",69.0709,76.9577,7.88680000000001
3,"pathway_PWY-5677: succinate fermentation to butanoate","pathway",3.209435,8.91936,5.709925
3,"pathway_PWY-5686: UMP biosynthesis I","pathway",803.374,855.687,52.313
3,"pathway_PWY-5690: TCA cycle II (plants and fungi)","pathway",34.91665,17.1268,-17.78985
3,"pathway_PWY-5695: inosine 5'-phosphate degradation","pathway",340.4255,429.374,88.9485
3,"pathway_PWY-5723: Rubisco shunt","pathway",0,0,0
3,"pathway_PWY-5837: 2-carboxy-1,4-naphthoquinol biosynthesis","pathway",2.17092,0,-2.17092
3,"pathway_PWY-5838: superpathway of menaquinol-8 biosynthesis I","pathway",6.4264,0,-6.4264
3,"pathway_PWY-5840: superpathway of menaquinol-7 biosynthesis","pathway",6.17875,0,-6.17875
3,"pathway_PWY-5845: superpathway of menaquinol-9 biosynthesis","pathway",6.4025,0,-6.4025
3,"pathway_PWY-5861: superpathway of demethylmenaquinol-8 biosynthesis I","pathway",4.52623,0,-4.52623
3,"pathway_PWY-5862: superpathway of demethylmenaquinol-9 biosynthesis","pathway",4.50846,0,-4.50846
3,"pathway_PWY-5897: superpathway of menaquinol-11 biosynthesis","pathway",5.929,0,-5.929
3,"pathway_PWY-5898: superpathway of menaquinol-12 biosynthesis","pathway",5.929,0,-5.929
3,"pathway_PWY-5899: superpathway of menaquinol-13 biosynthesis","pathway",5.929,0,-5.929
3,"pathway_PWY-5910: superpathway of geranylgeranyldiphosphate biosynthesis I (via mevalonate)","pathway",3.8023,0,-3.8023
3,"pathway_PWY-5913: partial TCA cycle (obligate autotrophs)","pathway",105.956,125.472,19.516
3,"pathway_PWY-5918: superpathway of heme b biosynthesis from glutamate","pathway",2.82327,0,-2.82327
3,"pathway_PWY-5920: superpathway of heme b biosynthesis from glycine","pathway",0,0,0
3,"pathway_PWY-5941: glycogen degradation II","pathway",1115.864,1084.4,-31.4639999999999
3,"pathway_PWY-5971: palmitate biosynthesis (type II fatty acid synthase)","pathway",50.5218,77.7067,27.1849
3,"pathway_PWY-5973: cis-vaccenate biosynthesis","pathway",141.3859,263.389,122.0031
3,"pathway_PWY-5981: CDP-diacylglycerol biosynthesis III","pathway",13.9704,0,-13.9704
3,"pathway_PWY-5989: stearate biosynthesis II (bacteria and plants)","pathway",45.3324,59.6675,14.3351
3,"pathway_PWY-5994: palmitate biosynthesis (type I fatty acid synthase)","pathway",8.95835,13.2957,4.33735
3,"pathway_PWY-6121: 5-aminoimidazole ribonucleotide biosynthesis I","pathway",765.221,758.402,-6.81899999999996
3,"pathway_PWY-6122: 5-aminoimidazole ribonucleotide biosynthesis II","pathway",797.053,818.622,21.569
3,"pathway_PWY-6123: inosine-5'-phosphate biosynthesis I","pathway",612.6725,602.453,-10.2195
3,"pathway_PWY-6124: inosine-5'-phosphate biosynthesis II","pathway",605.961,598.47,-7.49099999999999
3,"pathway_PWY-6125: superpathway of guanosine nucleotides de novo biosynthesis II","pathway",135.5225,119.256,-16.2665
3,"pathway_PWY-6126: superpathway of adenosine nucleotides de novo biosynthesis II","pathway",193.0975,171.722,-21.3755
3,"pathway_PWY-6147: 6-hydroxymethyl-dihydropterin diphosphate biosynthesis I","pathway",75.58545,139.688,64.10255
3,"pathway_PWY-6151: S-adenosyl-L-methionine salvage I","pathway",665.3305,655.102,-10.2285000000001
3,"pathway_PWY-6163: chorismate biosynthesis from 3-dehydroquinate","pathway",889.041,905.649,16.6080000000001
3,"pathway_PWY-6168: flavin biosynthesis III (fungi)","pathway",0,0,0
3,"pathway_PWY-621: sucrose degradation III (sucrose invertase)","pathway",87.0351,133.905,46.8699
3,"pathway_PWY-622: starch biosynthesis","pathway",142.6195,225.352,82.7325
3,"pathway_PWY-6270: isoprene biosynthesis I","pathway",371.731,289.314,-82.417
3,"pathway_PWY-6277: superpathway of 5-aminoimidazole ribonucleotide biosynthesis","pathway",797.053,818.622,21.569
3,"pathway_PWY-6282: palmitoleate biosynthesis I (from (5Z)-dodec-5-enoate)","pathway",38.69265,59.0675,20.37485
3,"pathway_PWY-6284: superpathway of unsaturated fatty acids biosynthesis (E. coli)","pathway",27.5312,22.9041,-4.6271
3,"pathway_PWY-6292: superpathway of L-cysteine biosynthesis (mammalian)","pathway",98.58485,159.985,61.40015
3,"pathway_PWY-6293: superpathway of L-cysteine biosynthesis (fungi)","pathway",3.959665,0,-3.959665
3,"pathway_PWY-6305: superpathway of putrescine biosynthesis","pathway",59.30225,105.383,46.08075
3,"pathway_PWY-6317: D-galactose degradation I (Leloir pathway)","pathway",517.006,444.109,-72.897
3,"pathway_PWY-6353: purine nucleotides degradation II (aerobic)","pathway",140.6955,166.162,25.4665
3,"pathway_PWY-6385: peptidoglycan biosynthesis III (mycobacteria)","pathway",698.3295,771.114,72.7845
3,"pathway_PWY-6386: UDP-N-acetylmuramoyl-pentapeptide biosynthesis II (lysine-containing)","pathway",806.822,829.02,22.198
3,"pathway_PWY-6387: UDP-N-acetylmuramoyl-pentapeptide biosynthesis I (meso-diaminopimelate containing)","pathway",790.4845,812.159,21.6745
3,"pathway_PWY-6435: 4-hydroxybenzoate biosynthesis III (plants)","pathway",12.147035,31.6251,19.478065
3,"pathway_PWY-6470: peptidoglycan biosynthesis V (&beta;-lactam resistance)","pathway",175.8045,228.808,53.0035
3,"pathway_PWY-6507: 4-deoxy-L-threo-hex-4-enopyranuronate degradation","pathway",195.9515,210.985,15.0335
3,"pathway_PWY-6519: 8-amino-7-oxononanoate biosynthesis I","pathway",41.9833,67.8082,25.8249
3,"pathway_PWY-6527: stachyose degradation","pathway",245.7165,221.42,-24.2965
3,"pathway_PWY-6531: mannitol cycle","pathway",15.9235,15.965,0.0414999999999992
3,"pathway_PWY-6545: pyrimidine deoxyribonucleotides de novo biosynthesis III","pathway",0,0,0
3,"pathway_PWY-6549: L-glutamine biosynthesis III","pathway",162.2955,154.475,-7.82050000000001
3,"pathway_PWY-6572: chondroitin sulfate degradation I (bacterial)","pathway",3.133665,7.21327,4.079605
3,"pathway_PWY-6588: pyruvate fermentation to acetone","pathway",8.98125,10.3499,1.36865
3,"pathway_PWY-6590: superpathway of Clostridium acetobutylicum acidogenic fermentation","pathway",130.9555,169.193,38.2375
3,"pathway_PWY-6595: superpathway of guanosine nucleotides degradation (plants)","pathway",15.66347,11.7969,-3.86657
3,"pathway_PWY-6606: guanosine nucleotides degradation II","pathway",86.94315,99.6071,12.66395
3,"pathway_PWY-6607: guanosine nucleotides degradation I","pathway",15.65965,11.8318,-3.82785
3,"pathway_PWY-6608: guanosine nucleotides degradation III","pathway",169.9495,162.743,-7.20650000000001
3,"pathway_PWY-6609: adenine and adenosine salvage III","pathway",645.847,636.973,-8.87400000000002
3,"pathway_PWY-6612: superpathway of tetrahydrofolate biosynthesis","pathway",10.33125,8.28145,-2.0498
3,"pathway_PWY-6628: superpathway of L-phenylalanine biosynthesis","pathway",331.7805,485.097,153.3165
3,"pathway_PWY-6629: superpathway of L-tryptophan biosynthesis","pathway",521.8075,556.613,34.8055000000001
3,"pathway_PWY-6630: superpathway of L-tyrosine biosynthesis","pathway",99.335,66.1961,-33.1389
3,"pathway_PWY-6700: queuosine biosynthesis I (de novo)","pathway",561.567,563.999,2.43200000000002
3,"pathway_PWY-6703: preQ0 biosynthesis","pathway",211.767,232.372,20.605
3,"pathway_PWY-6731: starch degradation III","pathway",192.788,202.592,9.804
3,"pathway_PWY-6803: phosphatidylcholine acyl editing","pathway",0,0,0
3,"pathway_PWY-6807: xyloglucan degradation II (exoglucanase)","pathway",31.6657,34.8856,3.2199
3,"pathway_PWY-6823: molybdopterin biosynthesis","pathway",452.8035,428.529,-24.2745
3,"pathway_PWY-6859: all-trans-farnesol biosynthesis","pathway",16.28683,17.5824,1.29557
3,"pathway_PWY-6876: isopropanol biosynthesis (engineered)","pathway",0,7.2218,7.2218
3,"pathway_PWY-6892: thiazole component of thiamine diphosphate biosynthesis I","pathway",382.2455,424.206,41.9605
3,"pathway_PWY-6895: superpathway of thiamine diphosphate biosynthesis II","pathway",4.65475,0,-4.65475
3,"pathway_PWY-6897: thiamine diphosphate salvage II","pathway",253.156,237.552,-15.604
3,"pathway_PWY-6901: superpathway of glucose and xylose degradation","pathway",233.8245,339.256,105.4315
3,"pathway_PWY-6902: chitin degradation II (Vibrio)","pathway",71.8009,174.939,103.1381
3,"pathway_PWY-6906: chitin derivatives degradation","pathway",23.45635,51.1109,27.65455
3,"pathway_PWY-6920: 6-gingerol analog biosynthesis (engineered)","pathway",7.43504,36.7261,29.29106
3,"pathway_PWY-6922: L-N&delta;-acetylornithine biosynthesis","pathway",0,2.51242,2.51242
3,"pathway_PWY-6936: seleno-amino acid biosynthesis (plants)","pathway",227.2215,339.869,112.6475
3,"pathway_PWY-6961: L-ascorbate degradation II (bacterial, aerobic)","pathway",0,0,0
3,"pathway_PWY-6969: TCA cycle V (2-oxoglutarate synthase)","pathway",92.2491,105.976,13.7269
3,"pathway_PWY-6992: 1,5-anhydrofructose degradation","pathway",0,0,0
3,"pathway_PWY-7013: (S)-propane-1,2-diol degradation","pathway",41.8145,26.773,-15.0415
3,"pathway_PWY-702: L-methionine biosynthesis II","pathway",131.643,168.703,37.06
3,"pathway_PWY-7111: pyruvate fermentation to isobutanol (engineered)","pathway",676.3,716.997,40.697
3,"pathway_PWY-7115: C4 photosynthetic carbon assimilation cycle, NAD-ME type","pathway",17.41455,22.8738,5.45925
3,"pathway_PWY-7117: C4 photosynthetic carbon assimilation cycle, PEPCK type","pathway",114.79325,218.095,103.30175
3,"pathway_PWY-7118: chitin deacetylation","pathway",0,0,0
3,"pathway_PWY-7184: pyrimidine deoxyribonucleotides de novo biosynthesis I","pathway",0,0,0
3,"pathway_PWY-7185: UTP and CTP dephosphorylation I","pathway",0,0,0
3,"pathway_PWY-7196: superpathway of pyrimidine ribonucleosides salvage","pathway",49.9091,55.2815,5.37240000000001
3,"pathway_PWY-7197: pyrimidine deoxyribonucleotide phosphorylation","pathway",80.1297,70.3457,-9.78400000000001
3,"pathway_PWY-7198: pyrimidine deoxyribonucleotides de novo biosynthesis IV","pathway",88.8618,100.571,11.7092
3,"pathway_PWY-7199: pyrimidine deoxyribonucleosides salvage","pathway",347.7785,346.572,-1.20650000000001
3,"pathway_PWY-7204: pyridoxal 5'-phosphate salvage II (plants)","pathway",0,0,0
3,"pathway_PWY-7208: superpathway of pyrimidine nucleobases salvage","pathway",122.4215,105.89,-16.5315
3,"pathway_PWY-7209: superpathway of pyrimidine ribonucleosides degradation","pathway",30.08055,17.1757,-12.90485
3,"pathway_PWY-7210: pyrimidine deoxyribonucleotides biosynthesis from CTP","pathway",0,0,0
3,"pathway_PWY-7211: superpathway of pyrimidine deoxyribonucleotides de novo biosynthesis","pathway",0,0,0
3,"pathway_PWY-7220: adenosine deoxyribonucleotides de novo biosynthesis II","pathway",92.6285,80.7253,-11.9032
3,"pathway_PWY-7221: guanosine ribonucleotides de novo biosynthesis","pathway",711.012,702.9,-8.11199999999997
3,"pathway_PWY-7222: guanosine deoxyribonucleotides de novo biosynthesis II","pathway",92.6285,80.7253,-11.9032
3,"pathway_PWY-7228: superpathway of guanosine nucleotides de novo biosynthesis I","pathway",162.88,145.677,-17.203
3,"pathway_PWY-7229: superpathway of adenosine nucleotides de novo biosynthesis I","pathway",280.0815,258.028,-22.0535
3,"pathway_PWY-7234: inosine-5'-phosphate biosynthesis III","pathway",170.846,241.442,70.596
3,"pathway_PWY-7237: myo-, chiro- and scyllo-inositol degradation","pathway",473.724,506.176,32.452
3,"pathway_PWY-7238: sucrose biosynthesis II","pathway",1337.705,1300.79,-36.915
3,"pathway_PWY-7242: D-fructuronate degradation","pathway",264.8325,268.427,3.59450000000004
3,"pathway_PWY-724: superpathway of L-lysine, L-threonine and L-methionine biosynthesis II","pathway",549.379,591.886,42.5069999999999
3,"pathway_PWY-7254: TCA cycle VII (acetate-producers)","pathway",0,0,0
3,"pathway_PWY-7282: 4-amino-2-methyl-5-diphosphomethylpyrimidine biosynthesis II","pathway",145.275,198.059,52.784
3,"pathway_PWY-7312: dTDP-&beta;-D-fucofuranose biosynthesis","pathway",10.827945,24.2249,13.396955
3,"pathway_PWY-7315: dTDP-N-acetylthomosamine biosynthesis","pathway",0,0,0
3,"pathway_PWY-7323: superpathway of GDP-mannose-derived O-antigen building blocks biosynthesis","pathway",121.053,155.105,34.052
3,"pathway_PWY-7328: superpathway of UDP-glucose-derived O-antigen building blocks biosynthesis","pathway",84.6446,59.2155,-25.4291
3,"pathway_PWY-7345: superpathway of anaerobic sucrose degradation","pathway",109.2551,150.63,41.3749
3,"pathway_PWY-7356: thiamine diphosphate salvage IV (yeast)","pathway",76.8728,147.094,70.2212
3,"pathway_PWY-7357: thiamine phosphate formation from pyrithiamine and oxythiamine (yeast)","pathway",461.7275,396.662,-65.0655
3,"pathway_PWY-7371: 1,4-dihydroxy-6-naphthoate biosynthesis II","pathway",0,0,0
3,"pathway_PWY-7383: anaerobic energy metabolism (invertebrates, cytosol)","pathway",131.6745,143.584,11.9095
3,"pathway_PWY-7385: 1,3-propanediol biosynthesis (engineered)","pathway",0,0,0
3,"pathway_PWY-7388: octanoyl-[acyl-carrier protein] biosynthesis (mitochondria, yeast)","pathway",6.20645,0,-6.20645
3,"pathway_PWY-7392: taxadiene biosynthesis (engineered)","pathway",33.64355,40.8052,7.16164999999999
3,"pathway_PWY-7400: L-arginine biosynthesis IV (archaebacteria)","pathway",328.527,334.807,6.28000000000003
3,"pathway_PWY-7456: &beta;-(1,4)-mannan degradation","pathway",153.5985,191.948,38.3495
3,"pathway_PWY-7560: methylerythritol phosphate pathway II","pathway",356.1895,269.41,-86.7794999999999
3,"pathway_PWY-7663: gondoate biosynthesis (anaerobic)","pathway",117.5211,223.1,105.5789
3,"pathway_PWY-7664: oleate biosynthesis IV (anaerobic)","pathway",42.2538,67.1963,24.9425
3,"pathway_PWY-7688: dTDP-&alpha;-D-ravidosamine and dTDP-4-acetyl-&alpha;-D-ravidosamine biosynthesis","pathway",0,0,0
3,"pathway_PWY-7761: NAD salvage pathway II (PNC IV cycle)","pathway",54.71685,118.376,63.65915
3,"pathway_PWY-7790: UMP biosynthesis II","pathway",803.374,855.687,52.313
3,"pathway_PWY-7791: UMP biosynthesis III","pathway",803.374,855.687,52.313
3,"pathway_PWY-7851: coenzyme A biosynthesis II (eukaryotic)","pathway",542.8345,588.434,45.5995
3,"pathway_PWY-7883: anhydromuropeptides recycling II","pathway",3.956485,6.11443,2.157945
3,"pathway_PWY-7942: 5-oxo-L-proline metabolism","pathway",0,0,0
3,"pathway_PWY-7953: UDP-N-acetylmuramoyl-pentapeptide biosynthesis III (meso-diaminopimelate containing)","pathway",674.8055,718.761,43.9555
3,"pathway_PWY-7977: L-methionine biosynthesis IV","pathway",558.9665,621.6,62.6335
3,"pathway_PWY-7992: superpathway of menaquinol-8 biosynthesis III","pathway",0,0,0
3,"pathway_PWY-8004: Entner-Doudoroff pathway I","pathway",151.562,230.285,78.723
3,"pathway_PWY-801: homocysteine and cysteine interconversion","pathway",2.39386,0,-2.39386
3,"pathway_PWY-8073: lipid IVA biosynthesis (P. putida)","pathway",49.0926,99.6573,50.5647
3,"pathway_PWY-8131: 5'-deoxyadenosine degradation II","pathway",29.1028,23.9973,-5.1055
3,"pathway_PWY-8178: pentose phosphate pathway (non-oxidative branch) II","pathway",627.4525,588.714,-38.7384999999999
3,"pathway_PWY-8187: L-arginine degradation XIII (reductive Stickland reaction)","pathway",384.625,300.559,-84.066
3,"pathway_PWY-8188: L-alanine degradation VI (reductive Stickland reaction)","pathway",11.0043,8.30615,-2.69815
3,"pathway_PWY-8189: L-alanine degradation V (oxidative Stickland reaction)","pathway",11.0043,8.30615,-2.69815
3,"pathway_PWY-821: superpathway of sulfur amino acid biosynthesis (Saccharomyces cerevisiae)","pathway",0,0,0
3,"pathway_PWY-822: fructan biosynthesis","pathway",0.645975,0,-0.645975
3,"pathway_PWY-841: superpathway of purine nucleotides de novo biosynthesis I","pathway",243.414,221.568,-21.846
3,"pathway_PWY-922: mevalonate pathway I (eukaryotes and bacteria)","pathway",3.031695,0,-3.031695
3,"pathway_PWY-I9: L-cysteine biosynthesis VI (from L-methionine)","pathway",165.1785,192.289,27.1105
3,"pathway_PWY0-1061: superpathway of L-alanine biosynthesis","pathway",16.4853,21.209,4.7237
3,"pathway_PWY0-1241: ADP-L-glycero-&beta;-D-manno-heptose biosynthesis","pathway",6.96636,3.31115,-3.65521
3,"pathway_PWY0-1261: anhydromuropeptides recycling I","pathway",26.32995,49.7824,23.45245
3,"pathway_PWY0-1296: purine ribonucleosides degradation","pathway",603.749,551.721,-52.028
3,"pathway_PWY0-1297: superpathway of purine deoxyribonucleosides degradation","pathway",72.1204,28.2838,-43.8366
3,"pathway_PWY0-1298: superpathway of pyrimidine deoxyribonucleosides degradation","pathway",38.14785,71.8665,33.71865
3,"pathway_PWY0-1319: CDP-diacylglycerol biosynthesis II","pathway",604.873,576.305,-28.5680000000001
3,"pathway_PWY0-1415: superpathway of heme b biosynthesis from uroporphyrinogen-III","pathway",0,0,0
3,"pathway_PWY0-1477: ethanolamine utilization","pathway",60.99425,100.126,39.13175
3,"pathway_PWY0-1479: tRNA processing","pathway",37.5151,16.7015,-20.8136
3,"pathway_PWY0-1586: peptidoglycan maturation (meso-diaminopimelate containing)","pathway",426.967,718.853,291.886
3,"pathway_PWY0-162: superpathway of pyrimidine ribonucleotides de novo biosynthesis","pathway",154.0685,180.829,26.7605
3,"pathway_PWY0-166: superpathway of pyrimidine deoxyribonucleotides de novo biosynthesis (E. coli)","pathway",0,0,0
3,"pathway_PWY0-301: L-ascorbate degradation I (bacterial, anaerobic)","pathway",0,0,0
3,"pathway_PWY0-42: 2-methylcitrate cycle I","pathway",0,0,0
3,"pathway_PWY0-781: aspartate superpathway","pathway",13.49405,3.87277,-9.62128
3,"pathway_PWY0-845: superpathway of pyridoxal 5'-phosphate biosynthesis and salvage","pathway",73.2176,130.116,56.8984
3,"pathway_PWY0-862: (5Z)-dodecenoate biosynthesis I","pathway",38.1963,60.0835,21.8872
3,"pathway_PWY1ZNC-1: assimilatory sulfate reduction IV","pathway",17.4503,23.4486,5.9983
3,"pathway_PWY3O-4107: NAD salvage pathway V (PNC V cycle)","pathway",11.227155,5.07222,-6.154935
3,"pathway_PWY490-3: nitrate reduction VI (assimilatory)","pathway",1.74992,0,-1.74992
3,"pathway_PWY4FS-7: phosphatidylglycerol biosynthesis I (plastidic)","pathway",129.717,156.114,26.397
3,"pathway_PWY4FS-8: phosphatidylglycerol biosynthesis II (non-plastidic)","pathway",129.717,156.114,26.397
3,"pathway_PWY4LZ-257: superpathway of fermentation (Chlamydomonas reinhardtii)","pathway",7.802875,20.0929,12.290025
3,"pathway_PWY66-389: phytol degradation","pathway",0,0,0
3,"pathway_PWY66-391: fatty acid &beta;-oxidation VI (mammalian peroxisome)","pathway",12.91487,26.211,13.29613
3,"pathway_PWY66-399: gluconeogenesis III","pathway",133.416,164.977,31.561
3,"pathway_PWY66-409: superpathway of purine nucleotide salvage","pathway",133.946,65.6084,-68.3376
3,"pathway_PWY66-429: fatty acid biosynthesis initiation (mitochondria)","pathway",634.7835,662.96,28.1765
3,"pathway_PWY66-430: myristate biosynthesis (mitochondria)","pathway",6.2818,0,-6.2818
3,"pathway_PYRIDNUCSAL-PWY: NAD salvage pathway I (PNC VI cycle)","pathway",12.735085,6.70218,-6.032905
3,"pathway_PYRIDNUCSYN-PWY: NAD de novo biosynthesis I (from aspartate)","pathway",254.202,309.958,55.756
3,"pathway_PYRIDOXSYN-PWY: pyridoxal 5'-phosphate biosynthesis I","pathway",56.43285,104.161,47.72815
3,"pathway_REDCITCYC: TCA cycle VI (Helicobacter)","pathway",0,0,0
3,"pathway_RHAMCAT-PWY: L-rhamnose degradation I","pathway",253.5995,242.185,-11.4145
3,"pathway_RIBOSYN2-PWY: flavin biosynthesis I (bacteria and plants)","pathway",435.09,430.011,-5.07900000000001
3,"pathway_RUMP-PWY: formaldehyde oxidation I","pathway",1.186065,1.45071,0.264645
3,"pathway_SALVADEHYPOX-PWY: adenosine nucleotides degradation II","pathway",90.32985,110.117,19.78715
3,"pathway_SER-GLYSYN-PWY: superpathway of L-serine and glycine biosynthesis I","pathway",427.1245,481.717,54.5925
3,"pathway_SO4ASSIM-PWY: assimilatory sulfate reduction I","pathway",17.4503,23.4486,5.9983
3,"pathway_SULFATE-CYS-PWY: superpathway of sulfate assimilation and cysteine biosynthesis","pathway",37.4535,49.8888,12.4353
3,"pathway_TCA-GLYOX-BYPASS: superpathway of glyoxylate bypass and TCA","pathway",0,0,0
3,"pathway_TCA: TCA cycle I (prokaryotic)","pathway",0,0,0
3,"pathway_THISYN-PWY: superpathway of thiamine diphosphate biosynthesis I","pathway",199.067,274.371,75.304
3,"pathway_THISYNARA-PWY: superpathway of thiamine diphosphate biosynthesis III (eukaryotes)","pathway",305.4325,279.477,-25.9555
3,"pathway_THRESYN-PWY: superpathway of L-threonine biosynthesis","pathway",464.8515,498.605,33.7535
3,"pathway_TRNA-CHARGING-PWY: tRNA charging","pathway",737.885,760.919,23.034
3,"pathway_TRPSYN-PWY: L-tryptophan biosynthesis","pathway",353.9245,382.699,28.7745
3,"pathway_UDPNAGSYN-PWY: UDP-N-acetyl-D-glucosamine biosynthesis I","pathway",289.577,318.86,29.283
3,"pathway_VALSYN-PWY: L-valine biosynthesis","pathway",960.202,1094.68,134.478
4,"pathway_1CMET2-PWY: folate transformations III (E. coli)","pathway",427.9895,359.482,-68.5075
4,"pathway_ALLANTOINDEG-PWY: superpathway of allantoin degradation in yeast","pathway",0.63596,0.807122,0.171162
4,"pathway_ANAEROFRUCAT-PWY: homolactic fermentation","pathway",355.843,274.097,-81.746
4,"pathway_ANAGLYCOLYSIS-PWY: glycolysis III (from glucose)","pathway",626.2445,722.268,96.0235
4,"pathway_ARG+POLYAMINE-SYN: superpathway of arginine and polyamine biosynthesis","pathway",22.4541,39.3645,16.9104
4,"pathway_ARGININE-SYN4-PWY: L-ornithine biosynthesis II","pathway",34.45975,14.3685,-20.09125
4,"pathway_ARGSYN-PWY: L-arginine biosynthesis I (via L-ornithine)","pathway",872.984,954.73,81.746
4,"pathway_ARGSYNBSUB-PWY: L-arginine biosynthesis II (acetyl cycle)","pathway",878.6995,982.78,104.0805
4,"pathway_ARO-PWY: chorismate biosynthesis I","pathway",784.9705,851.267,66.2965000000002
4,"pathway_ASPASN-PWY: superpathway of L-aspartate and L-asparagine biosynthesis","pathway",230.988,132.228,-98.76
4,"pathway_BIOTIN-BIOSYNTHESIS-PWY: biotin biosynthesis I","pathway",142.997,51.5273,-91.4697
4,"pathway_BRANCHED-CHAIN-AA-SYN-PWY: superpathway of branched chain amino acid biosynthesis","pathway",860.4865,872.16,11.6735
4,"pathway_CALVIN-PWY: Calvin-Benson-Bassham cycle","pathway",591.587,678.789,87.202
4,"pathway_CENTFERM-PWY: pyruvate fermentation to butanoate","pathway",84.23885,85.7456,1.50675
4,"pathway_CITRULBIO-PWY: L-citrulline biosynthesis","pathway",54.7033,57.5103,2.807
4,"pathway_COA-PWY-1: superpathway of coenzyme A biosynthesis III (mammals)","pathway",660.6535,642.269,-18.3845
4,"pathway_COA-PWY: coenzyme A biosynthesis I (prokaryotic)","pathway",621.4175,613.612,-7.80550000000005
4,"pathway_COBALSYN-PWY: superpathway of adenosylcobalamin salvage from cobinamide I","pathway",256.038,291.932,35.894
4,"pathway_COLANSYN-PWY: colanic acid building blocks biosynthesis","pathway",135.984,100.491,-35.493
4,"pathway_COMPLETE-ARO-PWY: superpathway of aromatic amino acid biosynthesis","pathway",730.636,855.754,125.118
4,"pathway_DAPLYSINESYN-PWY: L-lysine biosynthesis I","pathway",253.722,147.89,-105.832
4,"pathway_DTDPRHAMSYN-PWY: dTDP-&beta;-L-rhamnose biosynthesis","pathway",737.2425,769.889,32.6464999999999
4,"pathway_FAO-PWY: fatty acid &beta;-oxidation I (generic)","pathway",6.764945,8.11278,1.347835
4,"pathway_FASYN-ELONG-PWY: fatty acid elongation -- saturated","pathway",193.732,106.098,-87.634
4,"pathway_FASYN-INITIAL-PWY: superpathway of fatty acid biosynthesis initiation (E. coli)","pathway",28.6429,10.9465,-17.6964
4,"pathway_FERMENTATION-PWY: mixed acid fermentation","pathway",205.9615,234.166,28.2045
4,"pathway_FOLSYN-PWY: superpathway of tetrahydrofolate biosynthesis and salvage","pathway",7.80712,14.1762,6.36908
4,"pathway_FUC-RHAMCAT-PWY: superpathway of fucose and rhamnose degradation","pathway",25.3868,18.623,-6.7638
4,"pathway_FUCCAT-PWY: fucose degradation","pathway",52.7947,63.3422,10.5475
4,"pathway_GALACT-GLUCUROCAT-PWY: superpathway of hexuronide and hexuronate degradation","pathway",57.15215,23.1988,-33.95335
4,"pathway_GALACTARDEG-PWY: D-galactarate degradation I","pathway",1.8220795,7.35453,5.5324505
4,"pathway_GALACTITOLCAT-PWY: galactitol degradation","pathway",1.119635,0.83357,-0.286065
4,"pathway_GALACTUROCAT-PWY: D-galacturonate degradation I","pathway",142.452,117.773,-24.679
4,"pathway_GLCMANNANAUT-PWY: superpathway of N-acetylglucosamine, N-acetylmannosamine and N-acetylneuraminate degradation","pathway",177.97,205.516,27.546
4,"pathway_GLUCARDEG-PWY: D-glucarate degradation I","pathway",1.3251855,6.99105,5.6658645
4,"pathway_GLUCARGALACTSUPER-PWY: superpathway of D-glucarate and D-galactarate degradation","pathway",1.8220795,7.35453,5.5324505
4,"pathway_GLUCONEO-PWY: gluconeogenesis I","pathway",394.7915,316.763,-78.0285
4,"pathway_GLUCOSE1PMETAB-PWY: glucose and glucose-1-phosphate degradation","pathway",399.7375,417.037,17.2995
4,"pathway_GLUCUROCAT-PWY: superpathway of &beta;-D-glucuronosides degradation","pathway",151.891,135.713,-16.178
4,"pathway_GLUDEG-I-PWY: GABA shunt","pathway",13.55365,11.3052,-2.24845
4,"pathway_GLUTORN-PWY: L-ornithine biosynthesis I","pathway",706.507,799.97,93.463
4,"pathway_GLYCOCAT-PWY: glycogen degradation I","pathway",117.41145,49.9557,-67.45575
4,"pathway_GLYCOGENSYNTH-PWY: glycogen biosynthesis I (from ADP-D-Glucose)","pathway",716.482,932.638,216.156
4,"pathway_GLYCOLYSIS-E-D: superpathway of glycolysis and the Entner-Doudoroff pathway","pathway",183.623,39.6877,-143.9353
4,"pathway_GLYCOLYSIS: glycolysis I (from glucose 6-phosphate)","pathway",420.513,318.365,-102.148
4,"pathway_GLYOXYLATE-BYPASS: glyoxylate cycle","pathway",15.85835,13.5855,-2.27285
4,"pathway_GOLPDLCAT-PWY: superpathway of glycerol degradation to 1,3-propanediol","pathway",19.56425,50.7874,31.22315
4,"pathway_HEME-BIOSYNTHESIS-II-1: heme b biosynthesis V (aerobic)","pathway",3.401347,9.78481,6.383463
4,"pathway_HEME-BIOSYNTHESIS-II: heme b biosynthesis I (aerobic)","pathway",9.7884,9.78481,-0.00358999999999909
4,"pathway_HEMESYN2-PWY: heme b biosynthesis II (oxygen-independent)","pathway",22.9645,13.7378,-9.2267
4,"pathway_HEXITOLDEGSUPER-PWY: superpathway of hexitol degradation (bacteria)","pathway",3.77816,2.77342,-1.00474
4,"pathway_HISDEG-PWY: L-histidine degradation I","pathway",84.83445,36.6629,-48.17155
4,"pathway_HISTSYN-PWY: L-histidine biosynthesis","pathway",576.4505,586.999,10.5485000000001
4,"pathway_HOMOSER-METSYN-PWY: L-methionine biosynthesis I","pathway",9.587945,10.125,0.537054999999999
4,"pathway_HSERMETANA-PWY: L-methionine biosynthesis III","pathway",376.8845,458.029,81.1445
4,"pathway_ILEUSYN-PWY: L-isoleucine biosynthesis I (from threonine)","pathway",883.257,889.546,6.28899999999999
4,"pathway_KETOGLUCONMET-PWY: ketogluconate metabolism","pathway",1.808466,8.47448,6.666014
4,"pathway_LACTOSECAT-PWY: lactose and galactose degradation I","pathway",191.869,45.923,-145.946
4,"pathway_MET-SAM-PWY: superpathway of S-adenosyl-L-methionine biosynthesis","pathway",18.8731,19.9252,1.0521
4,"pathway_METH-ACETATE-PWY: methanogenesis from acetate","pathway",125.8712,218.894,93.0228
4,"pathway_METHGLYUT-PWY: superpathway of methylglyoxal degradation","pathway",0.65179,0.819456,0.167666
4,"pathway_METSYN-PWY: superpathway of L-homoserine and L-methionine biosynthesis","pathway",16.6212,17.5348,0.913599999999999
4,"pathway_NAD-BIOSYNTHESIS-II: NAD salvage pathway III (to nicotinamide riboside)","pathway",0.921017,0,-0.921017
4,"pathway_NAGLIPASYN-PWY: lipid IVA biosynthesis (E. coli)","pathway",34.33715,26.3718,-7.96535
4,"pathway_NONMEVIPP-PWY: methylerythritol phosphate pathway I","pathway",771.1255,747.019,-24.1065
4,"pathway_NONOXIPENT-PWY: pentose phosphate pathway (non-oxidative branch) I","pathway",344.5105,498.549,154.0385
4,"pathway_OANTIGEN-PWY: O-antigen building blocks biosynthesis (E. coli)","pathway",460.9145,320.727,-140.1875
4,"pathway_ORNDEG-PWY: superpathway of ornithine degradation","pathway",6.09916,9.84494,3.74578
4,"pathway_P105-PWY: TCA cycle IV (2-oxoglutarate decarboxylase)","pathway",7.02743,9.97556,2.94813
4,"pathway_P108-PWY: pyruvate fermentation to propanoate I","pathway",1.836915,5.68273,3.845815
4,"pathway_P122-PWY: heterolactic fermentation","pathway",1.23008,0,-1.23008
4,"pathway_P124-PWY: Bifidobacterium shunt","pathway",126.67735,67.5767,-59.10065
4,"pathway_P125-PWY: superpathway of (R,R)-butanediol biosynthesis","pathway",0,0,0
4,"pathway_P161-PWY: acetylene degradation (anaerobic)","pathway",16.88635,32.484,15.59765
4,"pathway_P164-PWY: purine nucleobases degradation I (anaerobic)","pathway",37.91115,106.88,68.96885
4,"pathway_P185-PWY: formaldehyde assimilation III (dihydroxyacetone cycle)","pathway",6.25175,16.3304,10.07865
4,"pathway_P23-PWY: reductive TCA cycle I","pathway",1.254925,3.416,2.161075
4,"pathway_P4-PWY: superpathway of L-lysine, L-threonine and L-methionine biosynthesis I","pathway",35.22035,35.212,-0.00835000000000008
4,"pathway_P41-PWY: pyruvate fermentation to acetate and (S)-lactate I","pathway",392.192,435.23,43.038
4,"pathway_P42-PWY: incomplete reductive TCA cycle","pathway",35.219815,12.1011,-23.118715
4,"pathway_P441-PWY: superpathway of N-acetylneuraminate degradation","pathway",59.53685,88.1337,28.59685
4,"pathway_P461-PWY: hexitol fermentation to lactate, formate, ethanol and acetate","pathway",22.91285,22.9543,0.0414500000000011
4,"pathway_P621-PWY: nylon-6 oligomer degradation","pathway",0,0,0
4,"pathway_PANTO-PWY: phosphopantothenate biosynthesis I","pathway",430.84,453.676,22.836
4,"pathway_PANTOSYN-PWY: superpathway of coenzyme A biosynthesis I (bacteria)","pathway",454.702,475.754,21.052
4,"pathway_PENTOSE-P-PWY: pentose phosphate pathway","pathway",219.469,141.408,-78.061
4,"pathway_PEPTIDOGLYCANSYN-PWY: peptidoglycan biosynthesis I (meso-diaminopimelate containing)","pathway",820.822,785.802,-35.02
4,"pathway_PHOSLIPSYN-PWY: superpathway of phospholipid biosynthesis I (bacteria)","pathway",139.51305,86.3514,-53.16165
4,"pathway_POLYAMINSYN3-PWY: superpathway of polyamine biosynthesis II","pathway",9.073115,15.394,6.320885
4,"pathway_POLYAMSYN-PWY: superpathway of polyamine biosynthesis I","pathway",11.6183,21.0328,9.4145
4,"pathway_POLYISOPRENSYN-PWY: polyisoprenoid biosynthesis (E. coli)","pathway",27.81545,18.3861,-9.42935
4,"pathway_PPGPPMET-PWY: ppGpp metabolism","pathway",18.619565,63.4011,44.781535
4,"pathway_PROPFERM-PWY: superpathway of L-alanine fermentation (Stickland reaction)","pathway",0,0,0
4,"pathway_PWY-1042: glycolysis IV","pathway",918.08,959.894,41.814
4,"pathway_PWY-1269: CMP-3-deoxy-D-manno-octulosonate biosynthesis","pathway",88.2675,51.2889,-36.9786
4,"pathway_PWY-1861: formaldehyde assimilation II (assimilatory RuMP Cycle)","pathway",16.57805,91.4756,74.89755
4,"pathway_PWY-241: C4 photosynthetic carbon assimilation cycle, NADP-ME type","pathway",205.157,114.855,-90.302
4,"pathway_PWY-2941: L-lysine biosynthesis II","pathway",86.1751,63.9314,-22.2437
4,"pathway_PWY-2942: L-lysine biosynthesis III","pathway",529.4525,499.658,-29.7945
4,"pathway_PWY-3001: superpathway of L-isoleucine biosynthesis I","pathway",488.4795,429.343,-59.1365
4,"pathway_PWY-3841: folate transformations II (plants)","pathway",658.5305,551.507,-107.0235
4,"pathway_PWY-4041: &gamma;-glutamyl cycle","pathway",139.193,123.877,-15.316
4,"pathway_PWY-4984: urea cycle","pathway",46.06215,48.4672,2.40505
4,"pathway_PWY-5004: superpathway of L-citrulline metabolism","pathway",5.985185,7.60532,1.620135
4,"pathway_PWY-5005: biotin biosynthesis II","pathway",90.8737,0,-90.8737
4,"pathway_PWY-5022: 4-aminobutanoate degradation V","pathway",4.368305,9.3069,4.938595
4,"pathway_PWY-5030: L-histidine degradation III","pathway",62.0037,13.6673,-48.3364
4,"pathway_PWY-5097: L-lysine biosynthesis VI","pathway",657.757,655.334,-2.42300000000012
4,"pathway_PWY-5100: pyruvate fermentation to acetate and lactate II","pathway",392.192,435.23,43.038
4,"pathway_PWY-5103: L-isoleucine biosynthesis III","pathway",841.326,810.055,-31.2710000000001
4,"pathway_PWY-5104: L-isoleucine biosynthesis IV","pathway",4.233415,6.55282,2.319405
4,"pathway_PWY-5121: superpathway of geranylgeranyl diphosphate biosynthesis II (via MEP)","pathway",69.24855,101.987,32.73845
4,"pathway_PWY-5130: 2-oxobutanoate degradation I","pathway",16.518675,0,-16.518675
4,"pathway_PWY-5136: fatty acid &beta;-oxidation II (plant peroxisome)","pathway",24.0947,23.2609,-0.8338
4,"pathway_PWY-5138: fatty acid &beta;-oxidation IV (unsaturated, even number)","pathway",2.150335,4.55439,2.404055
4,"pathway_PWY-5154: L-arginine biosynthesis III (via N-acetyl-L-citrulline)","pathway",300.872,112.035,-188.837
4,"pathway_PWY-5188: tetrapyrrole biosynthesis I (from glutamate)","pathway",181.98,201.694,19.714
4,"pathway_PWY-5189: tetrapyrrole biosynthesis II (from glycine)","pathway",0.96995,8.67856,7.70861
4,"pathway_PWY-5345: superpathway of L-methionine biosynthesis (by sulfhydrylation)","pathway",23.30935,35.4861,12.17675
4,"pathway_PWY-5347: superpathway of L-methionine biosynthesis (transsulfuration)","pathway",18.77925,19.6825,0.90325
4,"pathway_PWY-5367: petroselinate biosynthesis","pathway",0.856225,0,-0.856225
4,"pathway_PWY-5384: sucrose degradation IV (sucrose phosphorylase)","pathway",210.2175,117.659,-92.5585
4,"pathway_PWY-5484: glycolysis II (from fructose 6-phosphate)","pathway",368.053,241.03,-127.023
4,"pathway_PWY-5494: pyruvate fermentation to propanoate II (acrylate pathway)","pathway",0,0,0
4,"pathway_PWY-5497: purine nucleobases degradation II (anaerobic)","pathway",31.00315,15.2674,-15.73575
4,"pathway_PWY-5505: L-glutamate and L-glutamine biosynthesis","pathway",73.0047,32.9564,-40.0483
4,"pathway_PWY-561: superpathway of glyoxylate cycle and fatty acid degradation","pathway",13.0857,12.0547,-1.031
4,"pathway_PWY-5656: mannosylglycerate biosynthesis I","pathway",0.618772,0,-0.618772
4,"pathway_PWY-5659: GDP-mannose biosynthesis","pathway",135.1305,153.805,18.6745
4,"pathway_PWY-5667: CDP-diacylglycerol biosynthesis I","pathway",492.9635,607.365,114.4015
4,"pathway_PWY-5675: nitrate reduction V (assimilatory)","pathway",4.720285,0,-4.720285
4,"pathway_PWY-5676: acetyl-CoA fermentation to butanoate II","pathway",56.35165,48.7461,-7.60555
4,"pathway_PWY-5677: succinate fermentation to butanoate","pathway",0,3.55385,3.55385
4,"pathway_PWY-5686: UMP biosynthesis I","pathway",923.4955,873.569,-49.9265
4,"pathway_PWY-5690: TCA cycle II (plants and fungi)","pathway",3.35754,6.92239,3.56485
4,"pathway_PWY-5695: inosine 5'-phosphate degradation","pathway",415.634,293.467,-122.167
4,"pathway_PWY-5723: Rubisco shunt","pathway",4.11282,24.9671,20.85428
4,"pathway_PWY-5837: 2-carboxy-1,4-naphthoquinol biosynthesis","pathway",1.40824,0,-1.40824
4,"pathway_PWY-5838: superpathway of menaquinol-8 biosynthesis I","pathway",4.60285,0,-4.60285
4,"pathway_PWY-5840: superpathway of menaquinol-7 biosynthesis","pathway",4.49001,0,-4.49001
4,"pathway_PWY-5845: superpathway of menaquinol-9 biosynthesis","pathway",3.813145,0,-3.813145
4,"pathway_PWY-5861: superpathway of demethylmenaquinol-8 biosynthesis I","pathway",3.09814,0,-3.09814
4,"pathway_PWY-5862: superpathway of demethylmenaquinol-9 biosynthesis","pathway",2.56236,0,-2.56236
4,"pathway_PWY-5897: superpathway of menaquinol-11 biosynthesis","pathway",4.15185,0,-4.15185
4,"pathway_PWY-5898: superpathway of menaquinol-12 biosynthesis","pathway",4.15185,0,-4.15185
4,"pathway_PWY-5899: superpathway of menaquinol-13 biosynthesis","pathway",4.15185,0,-4.15185
4,"pathway_PWY-5910: superpathway of geranylgeranyldiphosphate biosynthesis I (via mevalonate)","pathway",0,0,0
4,"pathway_PWY-5913: partial TCA cycle (obligate autotrophs)","pathway",141.504,98.3238,-43.1802
4,"pathway_PWY-5918: superpathway of heme b biosynthesis from glutamate","pathway",3.92195,14.3272,10.40525
4,"pathway_PWY-5920: superpathway of heme b biosynthesis from glycine","pathway",1.318585,8.54162,7.223035
4,"pathway_PWY-5941: glycogen degradation II","pathway",853.755,935.45,81.6950000000001
4,"pathway_PWY-5971: palmitate biosynthesis (type II fatty acid synthase)","pathway",40.6049,0,-40.6049
4,"pathway_PWY-5973: cis-vaccenate biosynthesis","pathway",281.9475,140.176,-141.7715
4,"pathway_PWY-5981: CDP-diacylglycerol biosynthesis III","pathway",60.46115,41.9377,-18.52345
4,"pathway_PWY-5989: stearate biosynthesis II (bacteria and plants)","pathway",179.5685,100.767,-78.8015
4,"pathway_PWY-5994: palmitate biosynthesis (type I fatty acid synthase)","pathway",0,0,0
4,"pathway_PWY-6121: 5-aminoimidazole ribonucleotide biosynthesis I","pathway",763.4995,764.963,1.46349999999995
4,"pathway_PWY-6122: 5-aminoimidazole ribonucleotide biosynthesis II","pathway",780.319,797.596,17.277
4,"pathway_PWY-6123: inosine-5'-phosphate biosynthesis I","pathway",593.8305,519.084,-74.7465000000001
4,"pathway_PWY-6124: inosine-5'-phosphate biosynthesis II","pathway",581.293,504.149,-77.1439999999999
4,"pathway_PWY-6125: superpathway of guanosine nucleotides de novo biosynthesis II","pathway",161.906,113.855,-48.051
4,"pathway_PWY-6126: superpathway of adenosine nucleotides de novo biosynthesis II","pathway",226.716,161.31,-65.406
4,"pathway_PWY-6147: 6-hydroxymethyl-dihydropterin diphosphate biosynthesis I","pathway",129.6055,25.9849,-103.6206
4,"pathway_PWY-6151: S-adenosyl-L-methionine salvage I","pathway",620.707,651.627,30.92
4,"pathway_PWY-6163: chorismate biosynthesis from 3-dehydroquinate","pathway",779.327,855.378,76.051
4,"pathway_PWY-6168: flavin biosynthesis III (fungi)","pathway",10.095955,9.90291,-0.193045
4,"pathway_PWY-621: sucrose degradation III (sucrose invertase)","pathway",93.80775,98.8066,4.99885
4,"pathway_PWY-622: starch biosynthesis","pathway",241.29,54.1958,-187.0942
4,"pathway_PWY-6270: isoprene biosynthesis I","pathway",142.7285,305.246,162.5175
4,"pathway_PWY-6277: superpathway of 5-aminoimidazole ribonucleotide biosynthesis","pathway",780.319,797.596,17.277
4,"pathway_PWY-6282: palmitoleate biosynthesis I (from (5Z)-dodec-5-enoate)","pathway",174.1185,95.3694,-78.7491
4,"pathway_PWY-6284: superpathway of unsaturated fatty acids biosynthesis (E. coli)","pathway",2.777875,0,-2.777875
4,"pathway_PWY-6292: superpathway of L-cysteine biosynthesis (mammalian)","pathway",195.866,164.942,-30.924
4,"pathway_PWY-6293: superpathway of L-cysteine biosynthesis (fungi)","pathway",1.248705,0,-1.248705
4,"pathway_PWY-6305: superpathway of putrescine biosynthesis","pathway",35.07045,37.3756,2.30515
4,"pathway_PWY-6317: D-galactose degradation I (Leloir pathway)","pathway",395.3855,496.089,100.7035
4,"pathway_PWY-6353: purine nucleotides degradation II (aerobic)","pathway",79.9831,142.321,62.3379
4,"pathway_PWY-6385: peptidoglycan biosynthesis III (mycobacteria)","pathway",739.817,750.762,10.9449999999999
4,"pathway_PWY-6386: UDP-N-acetylmuramoyl-pentapeptide biosynthesis II (lysine-containing)","pathway",856.971,861.398,4.42700000000002
4,"pathway_PWY-6387: UDP-N-acetylmuramoyl-pentapeptide biosynthesis I (meso-diaminopimelate containing)","pathway",843.8565,846.117,2.26049999999998
4,"pathway_PWY-6435: 4-hydroxybenzoate biosynthesis III (plants)","pathway",0,0,0
4,"pathway_PWY-6470: peptidoglycan biosynthesis V (&beta;-lactam resistance)","pathway",50.9124,80.9326,30.0202
4,"pathway_PWY-6507: 4-deoxy-L-threo-hex-4-enopyranuronate degradation","pathway",131.6716,99.2537,-32.4179
4,"pathway_PWY-6519: 8-amino-7-oxononanoate biosynthesis I","pathway",146.092,44.7009,-101.3911
4,"pathway_PWY-6527: stachyose degradation","pathway",238.869,319.069,80.2
4,"pathway_PWY-6531: mannitol cycle","pathway",5.2259,5.7008,0.4749
4,"pathway_PWY-6545: pyrimidine deoxyribonucleotides de novo biosynthesis III","pathway",5.621005,59.6103,53.989295
4,"pathway_PWY-6549: L-glutamine biosynthesis III","pathway",182.6335,153.827,-28.8065
4,"pathway_PWY-6572: chondroitin sulfate degradation I (bacterial)","pathway",3.05511,0,-3.05511
4,"pathway_PWY-6588: pyruvate fermentation to acetone","pathway",24.6012,19.6845,-4.9167
4,"pathway_PWY-6590: superpathway of Clostridium acetobutylicum acidogenic fermentation","pathway",105.44225,107.742,2.29975
4,"pathway_PWY-6595: superpathway of guanosine nucleotides degradation (plants)","pathway",27.49695,24.2218,-3.27515
4,"pathway_PWY-6606: guanosine nucleotides degradation II","pathway",63.6284,81.6998,18.0714
4,"pathway_PWY-6607: guanosine nucleotides degradation I","pathway",51.5675,24.9439,-26.6236
4,"pathway_PWY-6608: guanosine nucleotides degradation III","pathway",119.215,130.574,11.359
4,"pathway_PWY-6609: adenine and adenosine salvage III","pathway",653.428,719.414,65.986
4,"pathway_PWY-6612: superpathway of tetrahydrofolate biosynthesis","pathway",5.227105,9.51821,4.291105
4,"pathway_PWY-6628: superpathway of L-phenylalanine biosynthesis","pathway",322.3775,266.848,-55.5295
4,"pathway_PWY-6629: superpathway of L-tryptophan biosynthesis","pathway",477.5005,544.882,67.3815
4,"pathway_PWY-6630: superpathway of L-tyrosine biosynthesis","pathway",195.485,36.0817,-159.4033
4,"pathway_PWY-6700: queuosine biosynthesis I (de novo)","pathway",535.8015,593.898,58.0965
4,"pathway_PWY-6703: preQ0 biosynthesis","pathway",321.7545,223.829,-97.9255
4,"pathway_PWY-6731: starch degradation III","pathway",90.95665,123.257,32.30035
4,"pathway_PWY-6803: phosphatidylcholine acyl editing","pathway",3.40951,7.74301,4.3335
4,"pathway_PWY-6807: xyloglucan degradation II (exoglucanase)","pathway",0,0,0
4,"pathway_PWY-6823: molybdopterin biosynthesis","pathway",303.26,499.374,196.114
4,"pathway_PWY-6859: all-trans-farnesol biosynthesis","pathway",2.24354,5.18243,2.93889
4,"pathway_PWY-6876: isopropanol biosynthesis (engineered)","pathway",1.76201,7.01163,5.24962
4,"pathway_PWY-6892: thiazole component of thiamine diphosphate biosynthesis I","pathway",182.873,277.473,94.6
4,"pathway_PWY-6895: superpathway of thiamine diphosphate biosynthesis II","pathway",41.1405,61.7726,20.6321
4,"pathway_PWY-6897: thiamine diphosphate salvage II","pathway",371.1945,382.764,11.5695000000001
4,"pathway_PWY-6901: superpathway of glucose and xylose degradation","pathway",265.196,184.967,-80.229
4,"pathway_PWY-6902: chitin degradation II (Vibrio)","pathway",39.5789,59.2402,19.6613
4,"pathway_PWY-6906: chitin derivatives degradation","pathway",1.97191,8.35153,6.37962
4,"pathway_PWY-6920: 6-gingerol analog biosynthesis (engineered)","pathway",0,0,0
4,"pathway_PWY-6922: L-N&delta;-acetylornithine biosynthesis","pathway",2.8822525,5.27672,2.3944675
4,"pathway_PWY-6936: seleno-amino acid biosynthesis (plants)","pathway",251.751,278.391,26.64
4,"pathway_PWY-6961: L-ascorbate degradation II (bacterial, aerobic)","pathway",2.832765,3.72483,0.892065
4,"pathway_PWY-6969: TCA cycle V (2-oxoglutarate synthase)","pathway",129.325,101.549,-27.776
4,"pathway_PWY-6992: 1,5-anhydrofructose degradation","pathway",0,0,0
4,"pathway_PWY-7013: (S)-propane-1,2-diol degradation","pathway",16.76565,7.06993,-9.69572
4,"pathway_PWY-702: L-methionine biosynthesis II","pathway",111.9492,102.882,-9.06719999999999
4,"pathway_PWY-7111: pyruvate fermentation to isobutanol (engineered)","pathway",520.7165,571.471,50.7545
4,"pathway_PWY-7115: C4 photosynthetic carbon assimilation cycle, NAD-ME type","pathway",118.50565,110.457,-8.04865000000001
4,"pathway_PWY-7117: C4 photosynthetic carbon assimilation cycle, PEPCK type","pathway",185.1465,99.0093,-86.1372
4,"pathway_PWY-7118: chitin deacetylation","pathway",3.51753,4.403,0.88547
4,"pathway_PWY-7184: pyrimidine deoxyribonucleotides de novo biosynthesis I","pathway",5.624385,59.1548,53.530415
4,"pathway_PWY-7185: UTP and CTP dephosphorylation I","pathway",3.870935,62.3759,58.504965
4,"pathway_PWY-7196: superpathway of pyrimidine ribonucleosides salvage","pathway",0,0,0
4,"pathway_PWY-7197: pyrimidine deoxyribonucleotide phosphorylation","pathway",103.385,71.8698,-31.5152
4,"pathway_PWY-7198: pyrimidine deoxyribonucleotides de novo biosynthesis IV","pathway",137.1305,82.4386,-54.6919
4,"pathway_PWY-7199: pyrimidine deoxyribonucleosides salvage","pathway",383.5365,378.522,-5.01450000000006
4,"pathway_PWY-7204: pyridoxal 5'-phosphate salvage II (plants)","pathway",1.5552355,0.941571,-0.6136645
4,"pathway_PWY-7208: superpathway of pyrimidine nucleobases salvage","pathway",150.132,107.878,-42.254
4,"pathway_PWY-7209: superpathway of pyrimidine ribonucleosides degradation","pathway",20.7416,56.6358,35.8942
4,"pathway_PWY-7210: pyrimidine deoxyribonucleotides biosynthesis from CTP","pathway",6.18978,58.8397,52.64992
4,"pathway_PWY-7211: superpathway of pyrimidine deoxyribonucleotides de novo biosynthesis","pathway",9.59218,72.7256,63.13342
4,"pathway_PWY-7220: adenosine deoxyribonucleotides de novo biosynthesis II","pathway",109.316,75.3615,-33.9545
4,"pathway_PWY-7221: guanosine ribonucleotides de novo biosynthesis","pathway",823.323,665.872,-157.451
4,"pathway_PWY-7222: guanosine deoxyribonucleotides de novo biosynthesis II","pathway",109.316,75.3615,-33.9545
4,"pathway_PWY-7228: superpathway of guanosine nucleotides de novo biosynthesis I","pathway",193.1725,136.009,-57.1635
4,"pathway_PWY-7229: superpathway of adenosine nucleotides de novo biosynthesis I","pathway",320.81,230.523,-90.287
4,"pathway_PWY-7234: inosine-5'-phosphate biosynthesis III","pathway",274.825,115.431,-159.394
4,"pathway_PWY-7237: myo-, chiro- and scyllo-inositol degradation","pathway",317.7755,398.298,80.5225
4,"pathway_PWY-7238: sucrose biosynthesis II","pathway",1097.745,1236.28,138.535
4,"pathway_PWY-7242: D-fructuronate degradation","pathway",149.5355,170.679,21.1435
4,"pathway_PWY-724: superpathway of L-lysine, L-threonine and L-methionine biosynthesis II","pathway",520.794,531.773,10.979
4,"pathway_PWY-7254: TCA cycle VII (acetate-producers)","pathway",8.93775,9.07909,0.141340000000001
4,"pathway_PWY-7282: 4-amino-2-methyl-5-diphosphomethylpyrimidine biosynthesis II","pathway",195.905,119.449,-76.456
4,"pathway_PWY-7312: dTDP-&beta;-D-fucofuranose biosynthesis","pathway",1.176945,0,-1.176945
4,"pathway_PWY-7315: dTDP-N-acetylthomosamine biosynthesis","pathway",3.164535,38.1002,34.935665
4,"pathway_PWY-7323: superpathway of GDP-mannose-derived O-antigen building blocks biosynthesis","pathway",64.66535,50.7559,-13.90945
4,"pathway_PWY-7328: superpathway of UDP-glucose-derived O-antigen building blocks biosynthesis","pathway",115.0613,62.5292,-52.5321
4,"pathway_PWY-7345: superpathway of anaerobic sucrose degradation","pathway",205.6555,61.8111,-143.8444
4,"pathway_PWY-7356: thiamine diphosphate salvage IV (yeast)","pathway",198.6465,107.814,-90.8325
4,"pathway_PWY-7357: thiamine phosphate formation from pyrithiamine and oxythiamine (yeast)","pathway",530.635,574.689,44.054
4,"pathway_PWY-7371: 1,4-dihydroxy-6-naphthoate biosynthesis II","pathway",3.213235,0,-3.213235
4,"pathway_PWY-7383: anaerobic energy metabolism (invertebrates, cytosol)","pathway",193.265,167.327,-25.938
4,"pathway_PWY-7385: 1,3-propanediol biosynthesis (engineered)","pathway",5.393765,3.81741,-1.576355
4,"pathway_PWY-7388: octanoyl-[acyl-carrier protein] biosynthesis (mitochondria, yeast)","pathway",0,0,0
4,"pathway_PWY-7392: taxadiene biosynthesis (engineered)","pathway",6.5176,14.6582,8.1406
4,"pathway_PWY-7400: L-arginine biosynthesis IV (archaebacteria)","pathway",318.929,291.911,-27.018
4,"pathway_PWY-7456: &beta;-(1,4)-mannan degradation","pathway",64.187,41.9567,-22.2303
4,"pathway_PWY-7560: methylerythritol phosphate pathway II","pathway",263.6115,286.967,23.3555
4,"pathway_PWY-7663: gondoate biosynthesis (anaerobic)","pathway",241.758,115.24,-126.518
4,"pathway_PWY-7664: oleate biosynthesis IV (anaerobic)","pathway",187.3115,104.853,-82.4585
4,"pathway_PWY-7688: dTDP-&alpha;-D-ravidosamine and dTDP-4-acetyl-&alpha;-D-ravidosamine biosynthesis","pathway",0,0,0
4,"pathway_PWY-7761: NAD salvage pathway II (PNC IV cycle)","pathway",202.808,167.909,-34.899
4,"pathway_PWY-7790: UMP biosynthesis II","pathway",923.4955,873.569,-49.9265
4,"pathway_PWY-7791: UMP biosynthesis III","pathway",923.4955,873.569,-49.9265
4,"pathway_PWY-7851: coenzyme A biosynthesis II (eukaryotic)","pathway",604.646,581.653,-22.9929999999999
4,"pathway_PWY-7883: anhydromuropeptides recycling II","pathway",10.321135,1.46187,-8.859265
4,"pathway_PWY-7942: 5-oxo-L-proline metabolism","pathway",1.46713,13.8954,12.42827
4,"pathway_PWY-7953: UDP-N-acetylmuramoyl-pentapeptide biosynthesis III (meso-diaminopimelate containing)","pathway",719.6435,743.497,23.8534999999999
4,"pathway_PWY-7977: L-methionine biosynthesis IV","pathway",516.9275,504.111,-12.8165
4,"pathway_PWY-7992: superpathway of menaquinol-8 biosynthesis III","pathway",7.715655,0,-7.715655
4,"pathway_PWY-8004: Entner-Doudoroff pathway I","pathway",192.2045,91.36,-100.8445
4,"pathway_PWY-801: homocysteine and cysteine interconversion","pathway",0.751465,0,-0.751465
4,"pathway_PWY-8073: lipid IVA biosynthesis (P. putida)","pathway",34.33715,26.3718,-7.96535
4,"pathway_PWY-8131: 5'-deoxyadenosine degradation II","pathway",14.60629,11.8139,-2.79239
4,"pathway_PWY-8178: pentose phosphate pathway (non-oxidative branch) II","pathway",448.3575,597.413,149.0555
4,"pathway_PWY-8187: L-arginine degradation XIII (reductive Stickland reaction)","pathway",326.269,259.279,-66.99
4,"pathway_PWY-8188: L-alanine degradation VI (reductive Stickland reaction)","pathway",0,0,0
4,"pathway_PWY-8189: L-alanine degradation V (oxidative Stickland reaction)","pathway",0,0,0
4,"pathway_PWY-821: superpathway of sulfur amino acid biosynthesis (Saccharomyces cerevisiae)","pathway",4.13061,16.052,11.92139
4,"pathway_PWY-822: fructan biosynthesis","pathway",0.84027,0,-0.84027
4,"pathway_PWY-841: superpathway of purine nucleotides de novo biosynthesis I","pathway",280.242,207.499,-72.743
4,"pathway_PWY-922: mevalonate pathway I (eukaryotes and bacteria)","pathway",0,0,0
4,"pathway_PWY-I9: L-cysteine biosynthesis VI (from L-methionine)","pathway",130.3232,110.131,-20.1922
4,"pathway_PWY0-1061: superpathway of L-alanine biosynthesis","pathway",149.927,226.11,76.183
4,"pathway_PWY0-1241: ADP-L-glycero-&beta;-D-manno-heptose biosynthesis","pathway",56.44925,30.7065,-25.74275
4,"pathway_PWY0-1261: anhydromuropeptides recycling I","pathway",33.7543,23.0966,-10.6577
4,"pathway_PWY0-1296: purine ribonucleosides degradation","pathway",474.5205,670.341,195.8205
4,"pathway_PWY0-1297: superpathway of purine deoxyribonucleosides degradation","pathway",25.15145,68.3061,43.15465
4,"pathway_PWY0-1298: superpathway of pyrimidine deoxyribonucleosides degradation","pathway",18.85129,28.6683,9.81701
4,"pathway_PWY0-1319: CDP-diacylglycerol biosynthesis II","pathway",492.9635,607.365,114.4015
4,"pathway_PWY0-1415: superpathway of heme b biosynthesis from uroporphyrinogen-III","pathway",2.96137,3.72555,0.76418
4,"pathway_PWY0-1477: ethanolamine utilization","pathway",57.42915,51.6877,-5.74145
4,"pathway_PWY0-1479: tRNA processing","pathway",63.15985,55.8663,-7.29355
4,"pathway_PWY0-1586: peptidoglycan maturation (meso-diaminopimelate containing)","pathway",410.5465,216.308,-194.2385
4,"pathway_PWY0-162: superpathway of pyrimidine ribonucleotides de novo biosynthesis","pathway",238.427,143.56,-94.867
4,"pathway_PWY0-166: superpathway of pyrimidine deoxyribonucleotides de novo biosynthesis (E. coli)","pathway",3.45466,0,-3.45466
4,"pathway_PWY0-301: L-ascorbate degradation I (bacterial, anaerobic)","pathway",2.89346,3.08933,0.19587
4,"pathway_PWY0-42: 2-methylcitrate cycle I","pathway",1.480329,1.93264,0.452311
4,"pathway_PWY0-781: aspartate superpathway","pathway",37.0842,37.107,0.0228000000000037
4,"pathway_PWY0-845: superpathway of pyridoxal 5'-phosphate biosynthesis and salvage","pathway",102.2796,53.128,-49.1516
4,"pathway_PWY0-862: (5Z)-dodecenoate biosynthesis I","pathway",179.394,103.236,-76.158
4,"pathway_PWY1ZNC-1: assimilatory sulfate reduction IV","pathway",4.936265,11.2449,6.308635
4,"pathway_PWY3O-4107: NAD salvage pathway V (PNC V cycle)","pathway",123.39985,62.7071,-60.69275
4,"pathway_PWY490-3: nitrate reduction VI (assimilatory)","pathway",2.47832,0,-2.47832
4,"pathway_PWY4FS-7: phosphatidylglycerol biosynthesis I (plastidic)","pathway",100.41435,55.4035,-45.01085
4,"pathway_PWY4FS-8: phosphatidylglycerol biosynthesis II (non-plastidic)","pathway",100.41435,55.4035,-45.01085
4,"pathway_PWY4LZ-257: superpathway of fermentation (Chlamydomonas reinhardtii)","pathway",20.69425,39.3117,18.61745
4,"pathway_PWY66-389: phytol degradation","pathway",0,0,0
4,"pathway_PWY66-391: fatty acid &beta;-oxidation VI (mammalian peroxisome)","pathway",0,9.07622,9.07622
4,"pathway_PWY66-399: gluconeogenesis III","pathway",218.6945,141.86,-76.8345
4,"pathway_PWY66-409: superpathway of purine nucleotide salvage","pathway",20.761125,123.215,102.453875
4,"pathway_PWY66-429: fatty acid biosynthesis initiation (mitochondria)","pathway",469.274,660.815,191.541
4,"pathway_PWY66-430: myristate biosynthesis (mitochondria)","pathway",0,0,0
4,"pathway_PYRIDNUCSAL-PWY: NAD salvage pathway I (PNC VI cycle)","pathway",129.1692,74.5622,-54.607
4,"pathway_PYRIDNUCSYN-PWY: NAD de novo biosynthesis I (from aspartate)","pathway",302.144,241.203,-60.941
4,"pathway_PYRIDOXSYN-PWY: pyridoxal 5'-phosphate biosynthesis I","pathway",78.4648,40.2137,-38.2511
4,"pathway_REDCITCYC: TCA cycle VI (Helicobacter)","pathway",6.0184,8.75827,2.73987
4,"pathway_RHAMCAT-PWY: L-rhamnose degradation I","pathway",99.88985,145.012,45.12215
4,"pathway_RIBOSYN2-PWY: flavin biosynthesis I (bacteria and plants)","pathway",354.1245,457.757,103.6325
4,"pathway_RUMP-PWY: formaldehyde oxidation I","pathway",0,13.5952,13.5952
4,"pathway_SALVADEHYPOX-PWY: adenosine nucleotides degradation II","pathway",104.648,117.415,12.767
4,"pathway_SER-GLYSYN-PWY: superpathway of L-serine and glycine biosynthesis I","pathway",437.196,322.028,-115.168
4,"pathway_SO4ASSIM-PWY: assimilatory sulfate reduction I","pathway",8.88059,13.6967,4.81611
4,"pathway_SULFATE-CYS-PWY: superpathway of sulfate assimilation and cysteine biosynthesis","pathway",19.25605,29.3555,10.09945
4,"pathway_TCA-GLYOX-BYPASS: superpathway of glyoxylate bypass and TCA","pathway",5.4273,11.1453,5.718
4,"pathway_TCA: TCA cycle I (prokaryotic)","pathway",15.50245,24.9155,9.41305
4,"pathway_THISYN-PWY: superpathway of thiamine diphosphate biosynthesis I","pathway",276.89,141.695,-135.195
4,"pathway_THISYNARA-PWY: superpathway of thiamine diphosphate biosynthesis III (eukaryotes)","pathway",175.738,321.73,145.992
4,"pathway_THRESYN-PWY: superpathway of L-threonine biosynthesis","pathway",391.778,380.556,-11.222
4,"pathway_TRNA-CHARGING-PWY: tRNA charging","pathway",847.6355,839.579,-8.05650000000003
4,"pathway_TRPSYN-PWY: L-tryptophan biosynthesis","pathway",330.6795,366.107,35.4275
4,"pathway_UDPNAGSYN-PWY: UDP-N-acetyl-D-glucosamine biosynthesis I","pathway",433.8235,245.932,-187.8915
4,"pathway_VALSYN-PWY: L-valine biosynthesis","pathway",941.219,1022.74,81.521
5,"pathway_1CMET2-PWY: folate transformations III (E. coli)","pathway",363.4425,480.705,117.2625
5,"pathway_ALLANTOINDEG-PWY: superpathway of allantoin degradation in yeast","pathway",9.6486,0,-9.6486
5,"pathway_ANAEROFRUCAT-PWY: homolactic fermentation","pathway",225.9335,282.126,56.1925
5,"pathway_ANAGLYCOLYSIS-PWY: glycolysis III (from glucose)","pathway",737.903,887.338,149.435
5,"pathway_ARG+POLYAMINE-SYN: superpathway of arginine and polyamine biosynthesis","pathway",58.96965,34.1131,-24.85655
5,"pathway_ARGININE-SYN4-PWY: L-ornithine biosynthesis II","pathway",127.93865,23.4082,-104.53045
5,"pathway_ARGSYN-PWY: L-arginine biosynthesis I (via L-ornithine)","pathway",931.294,1163.69,232.396
5,"pathway_ARGSYNBSUB-PWY: L-arginine biosynthesis II (acetyl cycle)","pathway",947.1045,1213.2,266.0955
5,"pathway_ARO-PWY: chorismate biosynthesis I","pathway",854.2025,1074.83,220.6275
5,"pathway_ASPASN-PWY: superpathway of L-aspartate and L-asparagine biosynthesis","pathway",224.444,260.16,35.716
5,"pathway_BIOTIN-BIOSYNTHESIS-PWY: biotin biosynthesis I","pathway",97.6055,32.4729,-65.1326
5,"pathway_BRANCHED-CHAIN-AA-SYN-PWY: superpathway of branched chain amino acid biosynthesis","pathway",782.5555,1027.26,244.7045
5,"pathway_CALVIN-PWY: Calvin-Benson-Bassham cycle","pathway",638.718,874.182,235.464
5,"pathway_CENTFERM-PWY: pyruvate fermentation to butanoate","pathway",76.2529,29.0923,-47.1606
5,"pathway_CITRULBIO-PWY: L-citrulline biosynthesis","pathway",131.02615,55.8187,-75.20745
5,"pathway_COA-PWY-1: superpathway of coenzyme A biosynthesis III (mammals)","pathway",644.9955,753.825,108.8295
5,"pathway_COA-PWY: coenzyme A biosynthesis I (prokaryotic)","pathway",606.822,683.566,76.744
5,"pathway_COBALSYN-PWY: superpathway of adenosylcobalamin salvage from cobinamide I","pathway",305.829,410.585,104.756
5,"pathway_COLANSYN-PWY: colanic acid building blocks biosynthesis","pathway",152.2025,228.643,76.4405
5,"pathway_COMPLETE-ARO-PWY: superpathway of aromatic amino acid biosynthesis","pathway",820.2085,1104.07,283.8615
5,"pathway_DAPLYSINESYN-PWY: L-lysine biosynthesis I","pathway",125.637,116.283,-9.354
5,"pathway_DTDPRHAMSYN-PWY: dTDP-&beta;-L-rhamnose biosynthesis","pathway",841.887,1077.02,235.133
5,"pathway_FAO-PWY: fatty acid &beta;-oxidation I (generic)","pathway",5.3395,0,-5.3395
5,"pathway_FASYN-ELONG-PWY: fatty acid elongation -- saturated","pathway",101.67855,31.6359,-70.04265
5,"pathway_FASYN-INITIAL-PWY: superpathway of fatty acid biosynthesis initiation (E. coli)","pathway",0,0,0
5,"pathway_FERMENTATION-PWY: mixed acid fermentation","pathway",226.145,173.834,-52.311
5,"pathway_FOLSYN-PWY: superpathway of tetrahydrofolate biosynthesis and salvage","pathway",13.44235,0,-13.44235
5,"pathway_FUC-RHAMCAT-PWY: superpathway of fucose and rhamnose degradation","pathway",41.23095,13.9741,-27.25685
5,"pathway_FUCCAT-PWY: fucose degradation","pathway",32.3217,15.8484,-16.4733
5,"pathway_GALACT-GLUCUROCAT-PWY: superpathway of hexuronide and hexuronate degradation","pathway",62.07405,23.0764,-38.99765
5,"pathway_GALACTARDEG-PWY: D-galactarate degradation I","pathway",1.512995,3.61578,2.102785
5,"pathway_GALACTITOLCAT-PWY: galactitol degradation","pathway",4.106645,3.00516,-1.101485
5,"pathway_GALACTUROCAT-PWY: D-galacturonate degradation I","pathway",226.944,83.2543,-143.6897
5,"pathway_GLCMANNANAUT-PWY: superpathway of N-acetylglucosamine, N-acetylmannosamine and N-acetylneuraminate degradation","pathway",311.062,187.006,-124.056
5,"pathway_GLUCARDEG-PWY: D-glucarate degradation I","pathway",1.161955,3.55486,2.392905
5,"pathway_GLUCARGALACTSUPER-PWY: superpathway of D-glucarate and D-galactarate degradation","pathway",1.512995,3.61578,2.102785
5,"pathway_GLUCONEO-PWY: gluconeogenesis I","pathway",266.487,374.288,107.801
5,"pathway_GLUCOSE1PMETAB-PWY: glucose and glucose-1-phosphate degradation","pathway",557.1905,636.11,78.9195000000001
5,"pathway_GLUCUROCAT-PWY: superpathway of &beta;-D-glucuronosides degradation","pathway",274.867,81.0817,-193.7853
5,"pathway_GLUDEG-I-PWY: GABA shunt","pathway",3.9872275,5.10398,1.1167525
5,"pathway_GLUTORN-PWY: L-ornithine biosynthesis I","pathway",799.3025,969.071,169.7685
5,"pathway_GLYCOCAT-PWY: glycogen degradation I","pathway",125.92245,47.3301,-78.59235
5,"pathway_GLYCOGENSYNTH-PWY: glycogen biosynthesis I (from ADP-D-Glucose)","pathway",1000.6175,1336.07,335.4525
5,"pathway_GLYCOLYSIS-E-D: superpathway of glycolysis and the Entner-Doudoroff pathway","pathway",103.05305,59.171,-43.88205
5,"pathway_GLYCOLYSIS: glycolysis I (from glucose 6-phosphate)","pathway",223.57,340.11,116.54
5,"pathway_GLYOXYLATE-BYPASS: glyoxylate cycle","pathway",1.72074,0,-1.72074
5,"pathway_GOLPDLCAT-PWY: superpathway of glycerol degradation to 1,3-propanediol","pathway",23.98435,16.0486,-7.93575
5,"pathway_HEME-BIOSYNTHESIS-II-1: heme b biosynthesis V (aerobic)","pathway",0.90212,0,-0.90212
5,"pathway_HEME-BIOSYNTHESIS-II: heme b biosynthesis I (aerobic)","pathway",14.0358,6.1343,-7.9015
5,"pathway_HEMESYN2-PWY: heme b biosynthesis II (oxygen-independent)","pathway",20.7776,13.4059,-7.3717
5,"pathway_HEXITOLDEGSUPER-PWY: superpathway of hexitol degradation (bacteria)","pathway",12.69305,8.88504,-3.80801
5,"pathway_HISDEG-PWY: L-histidine degradation I","pathway",164.203,38.4338,-125.7692
5,"pathway_HISTSYN-PWY: L-histidine biosynthesis","pathway",623.162,671.414,48.252
5,"pathway_HOMOSER-METSYN-PWY: L-methionine biosynthesis I","pathway",7.828605,4.6774,-3.151205
5,"pathway_HSERMETANA-PWY: L-methionine biosynthesis III","pathway",383.123,638.037,254.914
5,"pathway_ILEUSYN-PWY: L-isoleucine biosynthesis I (from threonine)","pathway",800.536,1071.45,270.914
5,"pathway_KETOGLUCONMET-PWY: ketogluconate metabolism","pathway",0.887525,0,-0.887525
5,"pathway_LACTOSECAT-PWY: lactose and galactose degradation I","pathway",86.491,330.956,244.465
5,"pathway_MET-SAM-PWY: superpathway of S-adenosyl-L-methionine biosynthesis","pathway",15.40277,9.25844,-6.14433
5,"pathway_METH-ACETATE-PWY: methanogenesis from acetate","pathway",197.5305,369.667,172.1365
5,"pathway_METHGLYUT-PWY: superpathway of methylglyoxal degradation","pathway",4.499105,2.87634,-1.622765
5,"pathway_METSYN-PWY: superpathway of L-homoserine and L-methionine biosynthesis","pathway",13.569485,8.14159,-5.427895
5,"pathway_NAD-BIOSYNTHESIS-II: NAD salvage pathway III (to nicotinamide riboside)","pathway",9.803745,11.0074,1.203655
5,"pathway_NAGLIPASYN-PWY: lipid IVA biosynthesis (E. coli)","pathway",70.5841,12.5037,-58.0804
5,"pathway_NONMEVIPP-PWY: methylerythritol phosphate pathway I","pathway",739.0955,830.052,90.9565000000001
5,"pathway_NONOXIPENT-PWY: pentose phosphate pathway (non-oxidative branch) I","pathway",417.0005,594.281,177.2805
5,"pathway_OANTIGEN-PWY: O-antigen building blocks biosynthesis (E. coli)","pathway",293.486,415.226,121.74
5,"pathway_ORNDEG-PWY: superpathway of ornithine degradation","pathway",8.73047,1.67046,-7.06001
5,"pathway_P105-PWY: TCA cycle IV (2-oxoglutarate decarboxylase)","pathway",5.56702,0,-5.56702
5,"pathway_P108-PWY: pyruvate fermentation to propanoate I","pathway",6.15758,10.5358,4.37822
5,"pathway_P122-PWY: heterolactic fermentation","pathway",0,0,0
5,"pathway_P124-PWY: Bifidobacterium shunt","pathway",71.74645,90.2512,18.50475
5,"pathway_P125-PWY: superpathway of (R,R)-butanediol biosynthesis","pathway",3.038005,2.57855,-0.459455
5,"pathway_P161-PWY: acetylene degradation (anaerobic)","pathway",14.17565,0,-14.17565
5,"pathway_P164-PWY: purine nucleobases degradation I (anaerobic)","pathway",87.6703,88.4765,0.806200000000004
5,"pathway_P185-PWY: formaldehyde assimilation III (dihydroxyacetone cycle)","pathway",11.349155,0,-11.349155
5,"pathway_P23-PWY: reductive TCA cycle I","pathway",2.310285,0,-2.310285
5,"pathway_P4-PWY: superpathway of L-lysine, L-threonine and L-methionine biosynthesis I","pathway",27.55455,17.929,-9.62555
5,"pathway_P41-PWY: pyruvate fermentation to acetate and (S)-lactate I","pathway",364.6575,596.342,231.6845
5,"pathway_P42-PWY: incomplete reductive TCA cycle","pathway",10.30826,5.7455,-4.56276
5,"pathway_P441-PWY: superpathway of N-acetylneuraminate degradation","pathway",107.5077,101.798,-5.7097
5,"pathway_P461-PWY: hexitol fermentation to lactate, formate, ethanol and acetate","pathway",34.40135,14.4455,-19.95585
5,"pathway_P621-PWY: nylon-6 oligomer degradation","pathway",6.359115,0,-6.359115
5,"pathway_PANTO-PWY: phosphopantothenate biosynthesis I","pathway",408.491,464.662,56.171
5,"pathway_PANTOSYN-PWY: superpathway of coenzyme A biosynthesis I (bacteria)","pathway",429.2385,501.372,72.1335
5,"pathway_PENTOSE-P-PWY: pentose phosphate pathway","pathway",184.8105,126.754,-58.0565
5,"pathway_PEPTIDOGLYCANSYN-PWY: peptidoglycan biosynthesis I (meso-diaminopimelate containing)","pathway",745.7345,846.187,100.4525
5,"pathway_PHOSLIPSYN-PWY: superpathway of phospholipid biosynthesis I (bacteria)","pathway",140.60915,51.1735,-89.43565
5,"pathway_POLYAMINSYN3-PWY: superpathway of polyamine biosynthesis II","pathway",16.93685,2.65378,-14.28307
5,"pathway_POLYAMSYN-PWY: superpathway of polyamine biosynthesis I","pathway",31.8192,18.0831,-13.7361
5,"pathway_POLYISOPRENSYN-PWY: polyisoprenoid biosynthesis (E. coli)","pathway",65.1772,37.7667,-27.4105
5,"pathway_PPGPPMET-PWY: ppGpp metabolism","pathway",35.2656,20.0009,-15.2647
5,"pathway_PROPFERM-PWY: superpathway of L-alanine fermentation (Stickland reaction)","pathway",0,0,0
5,"pathway_PWY-1042: glycolysis IV","pathway",1038.189,1148.72,110.531
5,"pathway_PWY-1269: CMP-3-deoxy-D-manno-octulosonate biosynthesis","pathway",70.2232,12.4529,-57.7703
5,"pathway_PWY-1861: formaldehyde assimilation II (assimilatory RuMP Cycle)","pathway",26.5219,75.3201,48.7982
5,"pathway_PWY-241: C4 photosynthetic carbon assimilation cycle, NADP-ME type","pathway",106.72425,102.54,-4.18425000000001
5,"pathway_PWY-2941: L-lysine biosynthesis II","pathway",109.814,170.07,60.256
5,"pathway_PWY-2942: L-lysine biosynthesis III","pathway",458.7555,572.91,114.1545
5,"pathway_PWY-3001: superpathway of L-isoleucine biosynthesis I","pathway",487.0215,537.598,50.5765
5,"pathway_PWY-3841: folate transformations II (plants)","pathway",550.7245,694.934,144.2095
5,"pathway_PWY-4041: &gamma;-glutamyl cycle","pathway",124.2285,155.74,31.5115
5,"pathway_PWY-4984: urea cycle","pathway",112.2967,47.0822,-65.2145
5,"pathway_PWY-5004: superpathway of L-citrulline metabolism","pathway",0,0,0
5,"pathway_PWY-5005: biotin biosynthesis II","pathway",0,0,0
5,"pathway_PWY-5022: 4-aminobutanoate degradation V","pathway",3.436425,4.84209,1.405665
5,"pathway_PWY-5030: L-histidine degradation III","pathway",123.6774,25.1351,-98.5423
5,"pathway_PWY-5097: L-lysine biosynthesis VI","pathway",676.5715,714.284,37.7125
5,"pathway_PWY-5100: pyruvate fermentation to acetate and lactate II","pathway",364.6575,596.342,231.6845
5,"pathway_PWY-5103: L-isoleucine biosynthesis III","pathway",692.3055,958.153,265.8475
5,"pathway_PWY-5104: L-isoleucine biosynthesis IV","pathway",0,0,0
5,"pathway_PWY-5121: superpathway of geranylgeranyl diphosphate biosynthesis II (via MEP)","pathway",147.261,91.7851,-55.4759
5,"pathway_PWY-5130: 2-oxobutanoate degradation I","pathway",31.19625,14.1851,-17.01115
5,"pathway_PWY-5136: fatty acid &beta;-oxidation II (plant peroxisome)","pathway",20.02335,27.3843,7.36095
5,"pathway_PWY-5138: fatty acid &beta;-oxidation IV (unsaturated, even number)","pathway",1.526085,0,-1.526085
5,"pathway_PWY-5154: L-arginine biosynthesis III (via N-acetyl-L-citrulline)","pathway",218.5585,40.4845,-178.074
5,"pathway_PWY-5188: tetrapyrrole biosynthesis I (from glutamate)","pathway",131.2378,379.561,248.3232
5,"pathway_PWY-5189: tetrapyrrole biosynthesis II (from glycine)","pathway",3.216935,7.11426,3.897325
5,"pathway_PWY-5345: superpathway of L-methionine biosynthesis (by sulfhydrylation)","pathway",27.43535,5.47623,-21.95912
5,"pathway_PWY-5347: superpathway of L-methionine biosynthesis (transsulfuration)","pathway",15.2582,9.24891,-6.00929
5,"pathway_PWY-5367: petroselinate biosynthesis","pathway",6.77194,0,-6.77194
5,"pathway_PWY-5384: sucrose degradation IV (sucrose phosphorylase)","pathway",140.215,65.519,-74.696
5,"pathway_PWY-5484: glycolysis II (from fructose 6-phosphate)","pathway",197.7745,241.441,43.6665
5,"pathway_PWY-5494: pyruvate fermentation to propanoate II (acrylate pathway)","pathway",0,0,0
5,"pathway_PWY-5497: purine nucleobases degradation II (anaerobic)","pathway",57.494,18.3508,-39.1432
5,"pathway_PWY-5505: L-glutamate and L-glutamine biosynthesis","pathway",138.779,50.2109,-88.5681
5,"pathway_PWY-561: superpathway of glyoxylate cycle and fatty acid degradation","pathway",0,0,0
5,"pathway_PWY-5656: mannosylglycerate biosynthesis I","pathway",0,0,0
5,"pathway_PWY-5659: GDP-mannose biosynthesis","pathway",194.5795,246.023,51.4435
5,"pathway_PWY-5667: CDP-diacylglycerol biosynthesis I","pathway",622.755,736.945,114.19
5,"pathway_PWY-5675: nitrate reduction V (assimilatory)","pathway",0.82357,0,-0.82357
5,"pathway_PWY-5676: acetyl-CoA fermentation to butanoate II","pathway",44.4583,54.2007,9.7424
5,"pathway_PWY-5677: succinate fermentation to butanoate","pathway",0,2.29347,2.29347
5,"pathway_PWY-5686: UMP biosynthesis I","pathway",938.539,983.263,44.724
5,"pathway_PWY-5690: TCA cycle II (plants and fungi)","pathway",7.774445,13.2102,5.435755
5,"pathway_PWY-5695: inosine 5'-phosphate degradation","pathway",456.1955,278.83,-177.3655
5,"pathway_PWY-5723: Rubisco shunt","pathway",5.6546,0,-5.6546
5,"pathway_PWY-5837: 2-carboxy-1,4-naphthoquinol biosynthesis","pathway",3.82179,0,-3.82179
5,"pathway_PWY-5838: superpathway of menaquinol-8 biosynthesis I","pathway",12.231735,0,-12.231735
5,"pathway_PWY-5840: superpathway of menaquinol-7 biosynthesis","pathway",10.274315,0,-10.274315
5,"pathway_PWY-5845: superpathway of menaquinol-9 biosynthesis","pathway",11.563975,0,-11.563975
5,"pathway_PWY-5861: superpathway of demethylmenaquinol-8 biosynthesis I","pathway",8.340225,0,-8.340225
5,"pathway_PWY-5862: superpathway of demethylmenaquinol-9 biosynthesis","pathway",7.874505,0,-7.874505
5,"pathway_PWY-5897: superpathway of menaquinol-11 biosynthesis","pathway",10.964745,0,-10.964745
5,"pathway_PWY-5898: superpathway of menaquinol-12 biosynthesis","pathway",10.964745,0,-10.964745
5,"pathway_PWY-5899: superpathway of menaquinol-13 biosynthesis","pathway",10.964745,0,-10.964745
5,"pathway_PWY-5910: superpathway of geranylgeranyldiphosphate biosynthesis I (via mevalonate)","pathway",10.71524,8.07651,-2.63873
5,"pathway_PWY-5913: partial TCA cycle (obligate autotrophs)","pathway",82.1658,92.7851,10.6193
5,"pathway_PWY-5918: superpathway of heme b biosynthesis from glutamate","pathway",6.60453,10.1831,3.57857
5,"pathway_PWY-5920: superpathway of heme b biosynthesis from glycine","pathway",0,0,0
5,"pathway_PWY-5941: glycogen degradation II","pathway",1119.472,1415.33,295.858
5,"pathway_PWY-5971: palmitate biosynthesis (type II fatty acid synthase)","pathway",89.8856,0,-89.8856
5,"pathway_PWY-5973: cis-vaccenate biosynthesis","pathway",187.4557,45.2258,-142.2299
5,"pathway_PWY-5981: CDP-diacylglycerol biosynthesis III","pathway",5.906665,17.0211,11.114435
5,"pathway_PWY-5989: stearate biosynthesis II (bacteria and plants)","pathway",88.0496,29.8086,-58.241
5,"pathway_PWY-5994: palmitate biosynthesis (type I fatty acid synthase)","pathway",15.75655,0,-15.75655
5,"pathway_PWY-6121: 5-aminoimidazole ribonucleotide biosynthesis I","pathway",813.999,876.577,62.578
5,"pathway_PWY-6122: 5-aminoimidazole ribonucleotide biosynthesis II","pathway",833.62,890.271,56.651
5,"pathway_PWY-6123: inosine-5'-phosphate biosynthesis I","pathway",617.7475,634.994,17.2465000000001
5,"pathway_PWY-6124: inosine-5'-phosphate biosynthesis II","pathway",602.9635,615.827,12.8634999999999
5,"pathway_PWY-6125: superpathway of guanosine nucleotides de novo biosynthesis II","pathway",135.4055,107.46,-27.9455
5,"pathway_PWY-6126: superpathway of adenosine nucleotides de novo biosynthesis II","pathway",195.9045,152.649,-43.2555
5,"pathway_PWY-6147: 6-hydroxymethyl-dihydropterin diphosphate biosynthesis I","pathway",126.54545,42.661,-83.88445
5,"pathway_PWY-6151: S-adenosyl-L-methionine salvage I","pathway",655.5895,749.069,93.4794999999999
5,"pathway_PWY-6163: chorismate biosynthesis from 3-dehydroquinate","pathway",888.3325,1070.13,181.7975
5,"pathway_PWY-6168: flavin biosynthesis III (fungi)","pathway",0,0,0
5,"pathway_PWY-621: sucrose degradation III (sucrose invertase)","pathway",132.8448,36.9332,-95.9116
5,"pathway_PWY-622: starch biosynthesis","pathway",110.5444,106.564,-3.9804
5,"pathway_PWY-6270: isoprene biosynthesis I","pathway",393.296,440.066,46.77
5,"pathway_PWY-6277: superpathway of 5-aminoimidazole ribonucleotide biosynthesis","pathway",833.62,890.271,56.651
5,"pathway_PWY-6282: palmitoleate biosynthesis I (from (5Z)-dodec-5-enoate)","pathway",87.14555,27.8524,-59.29315
5,"pathway_PWY-6284: superpathway of unsaturated fatty acids biosynthesis (E. coli)","pathway",18.23265,0,-18.23265
5,"pathway_PWY-6292: superpathway of L-cysteine biosynthesis (mammalian)","pathway",157.96115,57.295,-100.66615
5,"pathway_PWY-6293: superpathway of L-cysteine biosynthesis (fungi)","pathway",0,0,0
5,"pathway_PWY-6305: superpathway of putrescine biosynthesis","pathway",83.7277,36.3821,-47.3456
5,"pathway_PWY-6317: D-galactose degradation I (Leloir pathway)","pathway",607.055,687.681,80.626
5,"pathway_PWY-6353: purine nucleotides degradation II (aerobic)","pathway",143.304,90.1734,-53.1306
5,"pathway_PWY-6385: peptidoglycan biosynthesis III (mycobacteria)","pathway",717.0875,769.707,52.6194999999999
5,"pathway_PWY-6386: UDP-N-acetylmuramoyl-pentapeptide biosynthesis II (lysine-containing)","pathway",830.485,981.768,151.283
5,"pathway_PWY-6387: UDP-N-acetylmuramoyl-pentapeptide biosynthesis I (meso-diaminopimelate containing)","pathway",820.394,953.775,133.381
5,"pathway_PWY-6435: 4-hydroxybenzoate biosynthesis III (plants)","pathway",6.74159,6.37104,-0.370550000000001
5,"pathway_PWY-6470: peptidoglycan biosynthesis V (&beta;-lactam resistance)","pathway",193.181,136.245,-56.936
5,"pathway_PWY-6507: 4-deoxy-L-threo-hex-4-enopyranuronate degradation","pathway",203.2385,69.6777,-133.5608
5,"pathway_PWY-6519: 8-amino-7-oxononanoate biosynthesis I","pathway",91.917,26.6832,-65.2338
5,"pathway_PWY-6527: stachyose degradation","pathway",419.063,375.787,-43.276
5,"pathway_PWY-6531: mannitol cycle","pathway",4.005215,0,-4.005215
5,"pathway_PWY-6545: pyrimidine deoxyribonucleotides de novo biosynthesis III","pathway",55.28745,31.9636,-23.32385
5,"pathway_PWY-6549: L-glutamine biosynthesis III","pathway",133.798,124.474,-9.324
5,"pathway_PWY-6572: chondroitin sulfate degradation I (bacterial)","pathway",5.34035,0,-5.34035
5,"pathway_PWY-6588: pyruvate fermentation to acetone","pathway",10.724495,3.32603,-7.398465
5,"pathway_PWY-6590: superpathway of Clostridium acetobutylicum acidogenic fermentation","pathway",95.2207,38.2054,-57.0153
5,"pathway_PWY-6595: superpathway of guanosine nucleotides degradation (plants)","pathway",12.359895,7.1183,-5.241595
5,"pathway_PWY-6606: guanosine nucleotides degradation II","pathway",76.10505,46.3633,-29.74175
5,"pathway_PWY-6607: guanosine nucleotides degradation I","pathway",12.92603,6.99143,-5.9346
5,"pathway_PWY-6608: guanosine nucleotides degradation III","pathway",138.0285,202.963,64.9345
5,"pathway_PWY-6609: adenine and adenosine salvage III","pathway",815.327,774.193,-41.134
5,"pathway_PWY-6612: superpathway of tetrahydrofolate biosynthesis","pathway",9.08315,0,-9.08315
5,"pathway_PWY-6628: superpathway of L-phenylalanine biosynthesis","pathway",299.0415,232.392,-66.6495
5,"pathway_PWY-6629: superpathway of L-tryptophan biosynthesis","pathway",515.542,753.483,237.941
5,"pathway_PWY-6630: superpathway of L-tyrosine biosynthesis","pathway",89.47235,40.9716,-48.50075
5,"pathway_PWY-6700: queuosine biosynthesis I (de novo)","pathway",630.821,671.1,40.2790000000001
5,"pathway_PWY-6703: preQ0 biosynthesis","pathway",167.297,159.621,-7.67599999999999
5,"pathway_PWY-6731: starch degradation III","pathway",186.8425,176.152,-10.6905
5,"pathway_PWY-6803: phosphatidylcholine acyl editing","pathway",2.036675,0,-2.036675
5,"pathway_PWY-6807: xyloglucan degradation II (exoglucanase)","pathway",1.060705,0,-1.060705
5,"pathway_PWY-6823: molybdopterin biosynthesis","pathway",472.7765,578.76,105.9835
5,"pathway_PWY-6859: all-trans-farnesol biosynthesis","pathway",20.61705,13.131,-7.48605
5,"pathway_PWY-6876: isopropanol biosynthesis (engineered)","pathway",0,3.56526,3.56526
5,"pathway_PWY-6892: thiazole component of thiamine diphosphate biosynthesis I","pathway",229.2855,379.904,150.6185
5,"pathway_PWY-6895: superpathway of thiamine diphosphate biosynthesis II","pathway",110.5405,0,-110.5405
5,"pathway_PWY-6897: thiamine diphosphate salvage II","pathway",418.689,360.431,-58.258
5,"pathway_PWY-6901: superpathway of glucose and xylose degradation","pathway",197.4925,159.697,-37.7955
5,"pathway_PWY-6902: chitin degradation II (Vibrio)","pathway",139.2,28.4327,-110.7673
5,"pathway_PWY-6906: chitin derivatives degradation","pathway",44.91295,19.6764,-25.23655
5,"pathway_PWY-6920: 6-gingerol analog biosynthesis (engineered)","pathway",0,4.30991,4.30991
5,"pathway_PWY-6922: L-N&delta;-acetylornithine biosynthesis","pathway",1.79547,0,-1.79547
5,"pathway_PWY-6936: seleno-amino acid biosynthesis (plants)","pathway",252.473,202.137,-50.336
5,"pathway_PWY-6961: L-ascorbate degradation II (bacterial, aerobic)","pathway",1.03699,0,-1.03699
5,"pathway_PWY-6969: TCA cycle V (2-oxoglutarate synthase)","pathway",102.76495,50.0864,-52.67855
5,"pathway_PWY-6992: 1,5-anhydrofructose degradation","pathway",0.78841,0,-0.78841
5,"pathway_PWY-7013: (S)-propane-1,2-diol degradation","pathway",9.121395,3.63932,-5.482075
5,"pathway_PWY-702: L-methionine biosynthesis II","pathway",129.94855,89.2837,-40.66485
5,"pathway_PWY-7111: pyruvate fermentation to isobutanol (engineered)","pathway",661.477,632.042,-29.4349999999999
5,"pathway_PWY-7115: C4 photosynthetic carbon assimilation cycle, NAD-ME type","pathway",74.94495,106.88,31.93505
5,"pathway_PWY-7117: C4 photosynthetic carbon assimilation cycle, PEPCK type","pathway",98.3931,95.7651,-2.628
5,"pathway_PWY-7118: chitin deacetylation","pathway",0,0,0
5,"pathway_PWY-7184: pyrimidine deoxyribonucleotides de novo biosynthesis I","pathway",54.9859,31.9726,-23.0133
5,"pathway_PWY-7185: UTP and CTP dephosphorylation I","pathway",56.8691,27.0075,-29.8616
5,"pathway_PWY-7196: superpathway of pyrimidine ribonucleosides salvage","pathway",23.0583,31.8205,8.7622
5,"pathway_PWY-7197: pyrimidine deoxyribonucleotide phosphorylation","pathway",80.6812,65.685,-14.9962
5,"pathway_PWY-7198: pyrimidine deoxyribonucleotides de novo biosynthesis IV","pathway",67.83645,61.5675,-6.26895
5,"pathway_PWY-7199: pyrimidine deoxyribonucleosides salvage","pathway",401.4495,416.364,14.9145
5,"pathway_PWY-7204: pyridoxal 5'-phosphate salvage II (plants)","pathway",1.83683,0,-1.83683
5,"pathway_PWY-7208: superpathway of pyrimidine nucleobases salvage","pathway",121.1124,100.603,-20.5094
5,"pathway_PWY-7209: superpathway of pyrimidine ribonucleosides degradation","pathway",22.37845,30.652,8.27355
5,"pathway_PWY-7210: pyrimidine deoxyribonucleotides biosynthesis from CTP","pathway",54.6466,33.0552,-21.5914
5,"pathway_PWY-7211: superpathway of pyrimidine deoxyribonucleotides de novo biosynthesis","pathway",41.33305,46.3323,4.99925
5,"pathway_PWY-7220: adenosine deoxyribonucleotides de novo biosynthesis II","pathway",93.28095,70.0362,-23.24475
5,"pathway_PWY-7221: guanosine ribonucleotides de novo biosynthesis","pathway",665.7885,820.711,154.9225
5,"pathway_PWY-7222: guanosine deoxyribonucleotides de novo biosynthesis II","pathway",93.28095,70.0362,-23.24475
5,"pathway_PWY-7228: superpathway of guanosine nucleotides de novo biosynthesis I","pathway",163.4755,129.672,-33.8035
5,"pathway_PWY-7229: superpathway of adenosine nucleotides de novo biosynthesis I","pathway",289.3965,222.33,-67.0665
5,"pathway_PWY-7234: inosine-5'-phosphate biosynthesis III","pathway",169.6515,97.5483,-72.1032
5,"pathway_PWY-7237: myo-, chiro- and scyllo-inositol degradation","pathway",441.1235,419.788,-21.3355
5,"pathway_PWY-7238: sucrose biosynthesis II","pathway",1422.44,1847.18,424.74
5,"pathway_PWY-7242: D-fructuronate degradation","pathway",299.555,99.5926,-199.9624
5,"pathway_PWY-724: superpathway of L-lysine, L-threonine and L-methionine biosynthesis II","pathway",524.73,604.859,80.129
5,"pathway_PWY-7254: TCA cycle VII (acetate-producers)","pathway",0,0,0
5,"pathway_PWY-7282: 4-amino-2-methyl-5-diphosphomethylpyrimidine biosynthesis II","pathway",100.28725,14.6946,-85.59265
5,"pathway_PWY-7312: dTDP-&beta;-D-fucofuranose biosynthesis","pathway",8.00075,0,-8.00075
5,"pathway_PWY-7315: dTDP-N-acetylthomosamine biosynthesis","pathway",13.8529,65.5403,51.6874
5,"pathway_PWY-7323: superpathway of GDP-mannose-derived O-antigen building blocks biosynthesis","pathway",112.292,149.614,37.322
5,"pathway_PWY-7328: superpathway of UDP-glucose-derived O-antigen building blocks biosynthesis","pathway",64.64375,165.126,100.48225
5,"pathway_PWY-7345: superpathway of anaerobic sucrose degradation","pathway",128.4055,68.6398,-59.7657
5,"pathway_PWY-7356: thiamine diphosphate salvage IV (yeast)","pathway",92.6023,45.9418,-46.6605
5,"pathway_PWY-7357: thiamine phosphate formation from pyrithiamine and oxythiamine (yeast)","pathway",585.3625,663.16,77.7975
5,"pathway_PWY-7371: 1,4-dihydroxy-6-naphthoate biosynthesis II","pathway",1.911605,0,-1.911605
5,"pathway_PWY-7383: anaerobic energy metabolism (invertebrates, cytosol)","pathway",72.7143,118.404,45.6897
5,"pathway_PWY-7385: 1,3-propanediol biosynthesis (engineered)","pathway",0,0,0
5,"pathway_PWY-7388: octanoyl-[acyl-carrier protein] biosynthesis (mitochondria, yeast)","pathway",0,0,0
5,"pathway_PWY-7392: taxadiene biosynthesis (engineered)","pathway",52.6988,33.1862,-19.5126
5,"pathway_PWY-7400: L-arginine biosynthesis IV (archaebacteria)","pathway",428.2435,284.973,-143.2705
5,"pathway_PWY-7456: &beta;-(1,4)-mannan degradation","pathway",159.449,91.9057,-67.5433
5,"pathway_PWY-7560: methylerythritol phosphate pathway II","pathway",382.77,415.636,32.866
5,"pathway_PWY-7663: gondoate biosynthesis (anaerobic)","pathway",157.7382,36.4171,-121.3211
5,"pathway_PWY-7664: oleate biosynthesis IV (anaerobic)","pathway",96.88425,31.028,-65.85625
5,"pathway_PWY-7688: dTDP-&alpha;-D-ravidosamine and dTDP-4-acetyl-&alpha;-D-ravidosamine biosynthesis","pathway",21.56743,0,-21.56743
5,"pathway_PWY-7761: NAD salvage pathway II (PNC IV cycle)","pathway",85.736,49.6673,-36.0687
5,"pathway_PWY-7790: UMP biosynthesis II","pathway",938.539,983.263,44.724
5,"pathway_PWY-7791: UMP biosynthesis III","pathway",938.539,983.263,44.724
5,"pathway_PWY-7851: coenzyme A biosynthesis II (eukaryotic)","pathway",582.3205,680.53,98.2094999999999
5,"pathway_PWY-7883: anhydromuropeptides recycling II","pathway",4.62732,5.00898,0.38166
5,"pathway_PWY-7942: 5-oxo-L-proline metabolism","pathway",0,0,0
5,"pathway_PWY-7953: UDP-N-acetylmuramoyl-pentapeptide biosynthesis III (meso-diaminopimelate containing)","pathway",699.3455,746.979,47.6335
5,"pathway_PWY-7977: L-methionine biosynthesis IV","pathway",552.3495,493.192,-59.1575
5,"pathway_PWY-7992: superpathway of menaquinol-8 biosynthesis III","pathway",4.87703,0,-4.87703
5,"pathway_PWY-8004: Entner-Doudoroff pathway I","pathway",133.959,88.0441,-45.9149
5,"pathway_PWY-801: homocysteine and cysteine interconversion","pathway",0,0,0
5,"pathway_PWY-8073: lipid IVA biosynthesis (P. putida)","pathway",70.5841,12.5037,-58.0804
5,"pathway_PWY-8131: 5'-deoxyadenosine degradation II","pathway",18.4853,8.92412,-9.56118
5,"pathway_PWY-8178: pentose phosphate pathway (non-oxidative branch) II","pathway",540.361,681.701,141.34
5,"pathway_PWY-8187: L-arginine degradation XIII (reductive Stickland reaction)","pathway",162.2815,438.162,275.8805
5,"pathway_PWY-8188: L-alanine degradation VI (reductive Stickland reaction)","pathway",0,0,0
5,"pathway_PWY-8189: L-alanine degradation V (oxidative Stickland reaction)","pathway",0,0,0
5,"pathway_PWY-821: superpathway of sulfur amino acid biosynthesis (Saccharomyces cerevisiae)","pathway",10.72731,0,-10.72731
5,"pathway_PWY-822: fructan biosynthesis","pathway",1.912035,1.28665,-0.625385
5,"pathway_PWY-841: superpathway of purine nucleotides de novo biosynthesis I","pathway",246.625,202.31,-44.315
5,"pathway_PWY-922: mevalonate pathway I (eukaryotes and bacteria)","pathway",8.791185,6.7315,-2.059685
5,"pathway_PWY-I9: L-cysteine biosynthesis VI (from L-methionine)","pathway",173.6657,100.867,-72.7987
5,"pathway_PWY0-1061: superpathway of L-alanine biosynthesis","pathway",101.5471,206.844,105.2969
5,"pathway_PWY0-1241: ADP-L-glycero-&beta;-D-manno-heptose biosynthesis","pathway",12.47922,2.35223,-10.12699
5,"pathway_PWY0-1261: anhydromuropeptides recycling I","pathway",40.369,24.2807,-16.0883
5,"pathway_PWY0-1296: purine ribonucleosides degradation","pathway",740.6695,668.436,-72.2334999999999
5,"pathway_PWY0-1297: superpathway of purine deoxyribonucleosides degradation","pathway",41.19785,137.124,95.92615
5,"pathway_PWY0-1298: superpathway of pyrimidine deoxyribonucleosides degradation","pathway",19.42785,2.64528,-16.78257
5,"pathway_PWY0-1319: CDP-diacylglycerol biosynthesis II","pathway",622.755,736.945,114.19
5,"pathway_PWY0-1415: superpathway of heme b biosynthesis from uroporphyrinogen-III","pathway",0.91232,0,-0.91232
5,"pathway_PWY0-1477: ethanolamine utilization","pathway",40.2378,28.1062,-12.1316
5,"pathway_PWY0-1479: tRNA processing","pathway",67.58865,64.2187,-3.36995
5,"pathway_PWY0-1586: peptidoglycan maturation (meso-diaminopimelate containing)","pathway",314.4645,368.955,54.4904999999999
5,"pathway_PWY0-162: superpathway of pyrimidine ribonucleotides de novo biosynthesis","pathway",155.4425,113.383,-42.0595
5,"pathway_PWY0-166: superpathway of pyrimidine deoxyribonucleotides de novo biosynthesis (E. coli)","pathway",0,0,0
5,"pathway_PWY0-301: L-ascorbate degradation I (bacterial, anaerobic)","pathway",0.94082,1.37103,0.43021
5,"pathway_PWY0-42: 2-methylcitrate cycle I","pathway",0,0,0
5,"pathway_PWY0-781: aspartate superpathway","pathway",29.015,18.8981,-10.1169
5,"pathway_PWY0-845: superpathway of pyridoxal 5'-phosphate biosynthesis and salvage","pathway",48.32,5.90826,-42.41174
5,"pathway_PWY0-862: (5Z)-dodecenoate biosynthesis I","pathway",91.2045,30.253,-60.9515
5,"pathway_PWY1ZNC-1: assimilatory sulfate reduction IV","pathway",15.4131,12.6346,-2.7785
5,"pathway_PWY3O-4107: NAD salvage pathway V (PNC V cycle)","pathway",16.4478,8.84522,-7.60258
5,"pathway_PWY490-3: nitrate reduction VI (assimilatory)","pathway",2.434955,0,-2.434955
5,"pathway_PWY4FS-7: phosphatidylglycerol biosynthesis I (plastidic)","pathway",94.8712,31.6938,-63.1774
5,"pathway_PWY4FS-8: phosphatidylglycerol biosynthesis II (non-plastidic)","pathway",94.8712,31.6938,-63.1774
5,"pathway_PWY4LZ-257: superpathway of fermentation (Chlamydomonas reinhardtii)","pathway",17.37005,0,-17.37005
5,"pathway_PWY66-389: phytol degradation","pathway",2.031815,0,-2.031815
5,"pathway_PWY66-391: fatty acid &beta;-oxidation VI (mammalian peroxisome)","pathway",0,11.6686,11.6686
5,"pathway_PWY66-399: gluconeogenesis III","pathway",90.53215,100.834,10.30185
5,"pathway_PWY66-409: superpathway of purine nucleotide salvage","pathway",88.3937,180.001,91.6073
5,"pathway_PWY66-429: fatty acid biosynthesis initiation (mitochondria)","pathway",607.9145,891.551,283.6365
5,"pathway_PWY66-430: myristate biosynthesis (mitochondria)","pathway",0,0,0
5,"pathway_PYRIDNUCSAL-PWY: NAD salvage pathway I (PNC VI cycle)","pathway",20.75325,11.4026,-9.35065
5,"pathway_PYRIDNUCSYN-PWY: NAD de novo biosynthesis I (from aspartate)","pathway",264.305,321.014,56.709
5,"pathway_PYRIDOXSYN-PWY: pyridoxal 5'-phosphate biosynthesis I","pathway",39.99435,4.61025,-35.3841
5,"pathway_REDCITCYC: TCA cycle VI (Helicobacter)","pathway",2.16451,0,-2.16451
5,"pathway_RHAMCAT-PWY: L-rhamnose degradation I","pathway",279.2785,155.272,-124.0065
5,"pathway_RIBOSYN2-PWY: flavin biosynthesis I (bacteria and plants)","pathway",535.9185,505.563,-30.3555
5,"pathway_RUMP-PWY: formaldehyde oxidation I","pathway",7.59843,0,-7.59843
5,"pathway_SALVADEHYPOX-PWY: adenosine nucleotides degradation II","pathway",121.1225,49.9506,-71.1719
5,"pathway_SER-GLYSYN-PWY: superpathway of L-serine and glycine biosynthesis I","pathway",351.2235,661.801,310.5775
5,"pathway_SO4ASSIM-PWY: assimilatory sulfate reduction I","pathway",10.43055,2.00583,-8.42472
5,"pathway_SULFATE-CYS-PWY: superpathway of sulfate assimilation and cysteine biosynthesis","pathway",22.6178,4.4932,-18.1246
5,"pathway_TCA-GLYOX-BYPASS: superpathway of glyoxylate bypass and TCA","pathway",0,0,0
5,"pathway_TCA: TCA cycle I (prokaryotic)","pathway",0,0,0
5,"pathway_THISYN-PWY: superpathway of thiamine diphosphate biosynthesis I","pathway",222.1515,65.1253,-157.0262
5,"pathway_THISYNARA-PWY: superpathway of thiamine diphosphate biosynthesis III (eukaryotes)","pathway",394.4445,312.621,-81.8235
5,"pathway_THRESYN-PWY: superpathway of L-threonine biosynthesis","pathway",446.2265,471.175,24.9485
5,"pathway_TRNA-CHARGING-PWY: tRNA charging","pathway",868.6635,982.179,113.5155
5,"pathway_TRPSYN-PWY: L-tryptophan biosynthesis","pathway",345.465,535.324,189.859
5,"pathway_UDPNAGSYN-PWY: UDP-N-acetyl-D-glucosamine biosynthesis I","pathway",200.078,309.648,109.57
5,"pathway_VALSYN-PWY: L-valine biosynthesis","pathway",1046.41,1259.85,213.44
6,"pathway_1CMET2-PWY: folate transformations III (E. coli)","pathway",450.3275,431.101,-19.2265
6,"pathway_ALLANTOINDEG-PWY: superpathway of allantoin degradation in yeast","pathway",1.85199,0,-1.85199
6,"pathway_ANAEROFRUCAT-PWY: homolactic fermentation","pathway",448.2145,506.638,58.4235
6,"pathway_ANAGLYCOLYSIS-PWY: glycolysis III (from glucose)","pathway",769.1495,804.406,35.2565
6,"pathway_ARG+POLYAMINE-SYN: superpathway of arginine and polyamine biosynthesis","pathway",22.81645,8.484,-14.33245
6,"pathway_ARGININE-SYN4-PWY: L-ornithine biosynthesis II","pathway",119.51555,60.7989,-58.71665
6,"pathway_ARGSYN-PWY: L-arginine biosynthesis I (via L-ornithine)","pathway",895.9675,1014.86,118.8925
6,"pathway_ARGSYNBSUB-PWY: L-arginine biosynthesis II (acetyl cycle)","pathway",906.898,1004.11,97.2120000000001
6,"pathway_ARO-PWY: chorismate biosynthesis I","pathway",829.8195,961.158,131.3385
6,"pathway_ASPASN-PWY: superpathway of L-aspartate and L-asparagine biosynthesis","pathway",251.665,169.432,-82.233
6,"pathway_BIOTIN-BIOSYNTHESIS-PWY: biotin biosynthesis I","pathway",111.886,90.7042,-21.1818
6,"pathway_BRANCHED-CHAIN-AA-SYN-PWY: superpathway of branched chain amino acid biosynthesis","pathway",916.532,930.463,13.9309999999999
6,"pathway_CALVIN-PWY: Calvin-Benson-Bassham cycle","pathway",646.777,500.304,-146.473
6,"pathway_CENTFERM-PWY: pyruvate fermentation to butanoate","pathway",87.5357,75.6125,-11.9232
6,"pathway_CITRULBIO-PWY: L-citrulline biosynthesis","pathway",86.229,86.3146,0.0855999999999852
6,"pathway_COA-PWY-1: superpathway of coenzyme A biosynthesis III (mammals)","pathway",677.096,791.911,114.815
6,"pathway_COA-PWY: coenzyme A biosynthesis I (prokaryotic)","pathway",644.6345,755.159,110.5245
6,"pathway_COBALSYN-PWY: superpathway of adenosylcobalamin salvage from cobinamide I","pathway",263.8415,287.941,24.0995
6,"pathway_COLANSYN-PWY: colanic acid building blocks biosynthesis","pathway",128.0595,39.2238,-88.8357
6,"pathway_COMPLETE-ARO-PWY: superpathway of aromatic amino acid biosynthesis","pathway",826.9355,724.003,-102.9325
6,"pathway_DAPLYSINESYN-PWY: L-lysine biosynthesis I","pathway",372.787,430.549,57.7619999999999
6,"pathway_DTDPRHAMSYN-PWY: dTDP-&beta;-L-rhamnose biosynthesis","pathway",794.728,723.417,-71.311
6,"pathway_FAO-PWY: fatty acid &beta;-oxidation I (generic)","pathway",0,0,0
6,"pathway_FASYN-ELONG-PWY: fatty acid elongation -- saturated","pathway",132.7,144.242,11.542
6,"pathway_FASYN-INITIAL-PWY: superpathway of fatty acid biosynthesis initiation (E. coli)","pathway",63.8312,44.9937,-18.8375
6,"pathway_FERMENTATION-PWY: mixed acid fermentation","pathway",163.639,219.03,55.391
6,"pathway_FOLSYN-PWY: superpathway of tetrahydrofolate biosynthesis and salvage","pathway",32.03825,0,-32.03825
6,"pathway_FUC-RHAMCAT-PWY: superpathway of fucose and rhamnose degradation","pathway",32.13595,0,-32.13595
6,"pathway_FUCCAT-PWY: fucose degradation","pathway",35.32805,40.512,5.18395
6,"pathway_GALACT-GLUCUROCAT-PWY: superpathway of hexuronide and hexuronate degradation","pathway",23.8252,24.6455,0.8203
6,"pathway_GALACTARDEG-PWY: D-galactarate degradation I","pathway",2.056957,0,-2.056957
6,"pathway_GALACTITOLCAT-PWY: galactitol degradation","pathway",0,0,0
6,"pathway_GALACTUROCAT-PWY: D-galacturonate degradation I","pathway",171.301,233.614,62.313
6,"pathway_GLCMANNANAUT-PWY: superpathway of N-acetylglucosamine, N-acetylmannosamine and N-acetylneuraminate degradation","pathway",224.0525,290.198,66.1455
6,"pathway_GLUCARDEG-PWY: D-glucarate degradation I","pathway",1.974295,0,-1.974295
6,"pathway_GLUCARGALACTSUPER-PWY: superpathway of D-glucarate and D-galactarate degradation","pathway",2.056957,0,-2.056957
6,"pathway_GLUCONEO-PWY: gluconeogenesis I","pathway",383.8915,392.335,8.44349999999997
6,"pathway_GLUCOSE1PMETAB-PWY: glucose and glucose-1-phosphate degradation","pathway",0,0,0
6,"pathway_GLUCUROCAT-PWY: superpathway of &beta;-D-glucuronosides degradation","pathway",193.5825,251.066,57.4835
6,"pathway_GLUDEG-I-PWY: GABA shunt","pathway",22.46185,8.38998,-14.07187
6,"pathway_GLUTORN-PWY: L-ornithine biosynthesis I","pathway",785.6645,813.869,28.2045000000001
6,"pathway_GLYCOCAT-PWY: glycogen degradation I","pathway",173.535,188.907,15.372
6,"pathway_GLYCOGENSYNTH-PWY: glycogen biosynthesis I (from ADP-D-Glucose)","pathway",908.0495,882.111,-25.9385000000001
6,"pathway_GLYCOLYSIS-E-D: superpathway of glycolysis and the Entner-Doudoroff pathway","pathway",65.8042,32.7134,-33.0908
6,"pathway_GLYCOLYSIS: glycolysis I (from glucose 6-phosphate)","pathway",463.236,539.331,76.095
6,"pathway_GLYOXYLATE-BYPASS: glyoxylate cycle","pathway",0,2.3003,2.3003
6,"pathway_GOLPDLCAT-PWY: superpathway of glycerol degradation to 1,3-propanediol","pathway",40.57635,18.2833,-22.29305
6,"pathway_HEME-BIOSYNTHESIS-II-1: heme b biosynthesis V (aerobic)","pathway",0.506775,2.38186,1.875085
6,"pathway_HEME-BIOSYNTHESIS-II: heme b biosynthesis I (aerobic)","pathway",13.7022,5.28274,-8.41946
6,"pathway_HEMESYN2-PWY: heme b biosynthesis II (oxygen-independent)","pathway",16.31725,12.0241,-4.29315
6,"pathway_HEXITOLDEGSUPER-PWY: superpathway of hexitol degradation (bacteria)","pathway",0,0,0
6,"pathway_HISDEG-PWY: L-histidine degradation I","pathway",89.6756,74.5581,-15.1175
6,"pathway_HISTSYN-PWY: L-histidine biosynthesis","pathway",638.03,759.443,121.413
6,"pathway_HOMOSER-METSYN-PWY: L-methionine biosynthesis I","pathway",0.51681,0,-0.51681
6,"pathway_HSERMETANA-PWY: L-methionine biosynthesis III","pathway",436.7695,448.503,11.7335
6,"pathway_ILEUSYN-PWY: L-isoleucine biosynthesis I (from threonine)","pathway",942.508,958.463,15.9549999999999
6,"pathway_KETOGLUCONMET-PWY: ketogluconate metabolism","pathway",0,0,0
6,"pathway_LACTOSECAT-PWY: lactose and galactose degradation I","pathway",146.665,142.391,-4.274
6,"pathway_MET-SAM-PWY: superpathway of S-adenosyl-L-methionine biosynthesis","pathway",1.032165,0,-1.032165
6,"pathway_METH-ACETATE-PWY: methanogenesis from acetate","pathway",229.561,67.4387,-162.1223
6,"pathway_METHGLYUT-PWY: superpathway of methylglyoxal degradation","pathway",0.889315,0,-0.889315
6,"pathway_METSYN-PWY: superpathway of L-homoserine and L-methionine biosynthesis","pathway",0.9036,0,-0.9036
6,"pathway_NAD-BIOSYNTHESIS-II: NAD salvage pathway III (to nicotinamide riboside)","pathway",0,0,0
6,"pathway_NAGLIPASYN-PWY: lipid IVA biosynthesis (E. coli)","pathway",23.28275,21.9413,-1.34145
6,"pathway_NONMEVIPP-PWY: methylerythritol phosphate pathway I","pathway",774.2045,776.92,2.71549999999991
6,"pathway_NONOXIPENT-PWY: pentose phosphate pathway (non-oxidative branch) I","pathway",493.188,302.012,-191.176
6,"pathway_OANTIGEN-PWY: O-antigen building blocks biosynthesis (E. coli)","pathway",467.8035,492.632,24.8285
6,"pathway_ORNDEG-PWY: superpathway of ornithine degradation","pathway",0,2.0566,2.0566
6,"pathway_P105-PWY: TCA cycle IV (2-oxoglutarate decarboxylase)","pathway",0,3.22904,3.22904
6,"pathway_P108-PWY: pyruvate fermentation to propanoate I","pathway",0,0,0
6,"pathway_P122-PWY: heterolactic fermentation","pathway",18.63455,0,-18.63455
6,"pathway_P124-PWY: Bifidobacterium shunt","pathway",180.151,98.4162,-81.7348
6,"pathway_P125-PWY: superpathway of (R,R)-butanediol biosynthesis","pathway",0,0,0
6,"pathway_P161-PWY: acetylene degradation (anaerobic)","pathway",20.037765,13.8735,-6.164265
6,"pathway_P164-PWY: purine nucleobases degradation I (anaerobic)","pathway",97.95845,19.9161,-78.04235
6,"pathway_P185-PWY: formaldehyde assimilation III (dihydroxyacetone cycle)","pathway",13.85784,3.27395,-10.58389
6,"pathway_P23-PWY: reductive TCA cycle I","pathway",0,0,0
6,"pathway_P4-PWY: superpathway of L-lysine, L-threonine and L-methionine biosynthesis I","pathway",2.176515,0,-2.176515
6,"pathway_P41-PWY: pyruvate fermentation to acetate and (S)-lactate I","pathway",551.4575,459.384,-92.0735
6,"pathway_P42-PWY: incomplete reductive TCA cycle","pathway",25.3517,29.7702,4.4185
6,"pathway_P441-PWY: superpathway of N-acetylneuraminate degradation","pathway",107.69035,59.466,-48.22435
6,"pathway_P461-PWY: hexitol fermentation to lactate, formate, ethanol and acetate","pathway",27.4237,17.0924,-10.3313
6,"pathway_P621-PWY: nylon-6 oligomer degradation","pathway",1.16778,0,-1.16778
6,"pathway_PANTO-PWY: phosphopantothenate biosynthesis I","pathway",354.078,318.899,-35.179
6,"pathway_PANTOSYN-PWY: superpathway of coenzyme A biosynthesis I (bacteria)","pathway",392.533,363.889,-28.644
6,"pathway_PENTOSE-P-PWY: pentose phosphate pathway","pathway",313.14,284.853,-28.287
6,"pathway_PEPTIDOGLYCANSYN-PWY: peptidoglycan biosynthesis I (meso-diaminopimelate containing)","pathway",801.979,815.152,13.173
6,"pathway_PHOSLIPSYN-PWY: superpathway of phospholipid biosynthesis I (bacteria)","pathway",171.8435,71.4194,-100.4241
6,"pathway_POLYAMINSYN3-PWY: superpathway of polyamine biosynthesis II","pathway",0,3.35068,3.35068
6,"pathway_POLYAMSYN-PWY: superpathway of polyamine biosynthesis I","pathway",11.929585,4.29079,-7.638795
6,"pathway_POLYISOPRENSYN-PWY: polyisoprenoid biosynthesis (E. coli)","pathway",49.69215,4.99939,-44.69276
6,"pathway_PPGPPMET-PWY: ppGpp metabolism","pathway",37.0741,6.99163,-30.08247
6,"pathway_PROPFERM-PWY: superpathway of L-alanine fermentation (Stickland reaction)","pathway",12.714895,0,-12.714895
6,"pathway_PWY-1042: glycolysis IV","pathway",987.544,891.264,-96.2800000000001
6,"pathway_PWY-1269: CMP-3-deoxy-D-manno-octulosonate biosynthesis","pathway",42.67995,25.0725,-17.60745
6,"pathway_PWY-1861: formaldehyde assimilation II (assimilatory RuMP Cycle)","pathway",128.0975,44.0213,-84.0762
6,"pathway_PWY-241: C4 photosynthetic carbon assimilation cycle, NADP-ME type","pathway",293.269,323.888,30.619
6,"pathway_PWY-2941: L-lysine biosynthesis II","pathway",120.185,109.695,-10.49
6,"pathway_PWY-2942: L-lysine biosynthesis III","pathway",516.8205,441.368,-75.4525
6,"pathway_PWY-3001: superpathway of L-isoleucine biosynthesis I","pathway",584.1185,486.461,-97.6575
6,"pathway_PWY-3841: folate transformations II (plants)","pathway",623.174,648.237,25.063
6,"pathway_PWY-4041: &gamma;-glutamyl cycle","pathway",204.7195,199.182,-5.53749999999999
6,"pathway_PWY-4984: urea cycle","pathway",72.8647,72.9785,0.113799999999998
6,"pathway_PWY-5004: superpathway of L-citrulline metabolism","pathway",0,0,0
6,"pathway_PWY-5005: biotin biosynthesis II","pathway",6.28485,3.4962,-2.78865
6,"pathway_PWY-5022: 4-aminobutanoate degradation V","pathway",19.9486,7.73966,-12.20894
6,"pathway_PWY-5030: L-histidine degradation III","pathway",55.18905,62.241,7.05195000000001
6,"pathway_PWY-5097: L-lysine biosynthesis VI","pathway",702.428,730.391,27.963
6,"pathway_PWY-5100: pyruvate fermentation to acetate and lactate II","pathway",551.4575,459.384,-92.0735
6,"pathway_PWY-5103: L-isoleucine biosynthesis III","pathway",867.564,864.383,-3.18100000000004
6,"pathway_PWY-5104: L-isoleucine biosynthesis IV","pathway",2.389805,2.59779,0.207985
6,"pathway_PWY-5121: superpathway of geranylgeranyl diphosphate biosynthesis II (via MEP)","pathway",72.72055,50.9352,-21.78535
6,"pathway_PWY-5130: 2-oxobutanoate degradation I","pathway",14.98795,10.9955,-3.99245
6,"pathway_PWY-5136: fatty acid &beta;-oxidation II (plant peroxisome)","pathway",7.43698,7.66143,0.22445
6,"pathway_PWY-5138: fatty acid &beta;-oxidation IV (unsaturated, even number)","pathway",0,0,0
6,"pathway_PWY-5154: L-arginine biosynthesis III (via N-acetyl-L-citrulline)","pathway",123.8288,117.609,-6.21980000000001
6,"pathway_PWY-5188: tetrapyrrole biosynthesis I (from glutamate)","pathway",132.184,100.478,-31.706
6,"pathway_PWY-5189: tetrapyrrole biosynthesis II (from glycine)","pathway",6.32176,0,-6.32176
6,"pathway_PWY-5345: superpathway of L-methionine biosynthesis (by sulfhydrylation)","pathway",2.0186,9.08671,7.06811
6,"pathway_PWY-5347: superpathway of L-methionine biosynthesis (transsulfuration)","pathway",1.031465,0,-1.031465
6,"pathway_PWY-5367: petroselinate biosynthesis","pathway",28.942,6.04485,-22.89715
6,"pathway_PWY-5384: sucrose degradation IV (sucrose phosphorylase)","pathway",374.364,452.613,78.249
6,"pathway_PWY-5484: glycolysis II (from fructose 6-phosphate)","pathway",417.5755,479.651,62.0755
6,"pathway_PWY-5494: pyruvate fermentation to propanoate II (acrylate pathway)","pathway",6.14572,0,-6.14572
6,"pathway_PWY-5497: purine nucleobases degradation II (anaerobic)","pathway",36.1574,15.2343,-20.9231
6,"pathway_PWY-5505: L-glutamate and L-glutamine biosynthesis","pathway",145.1,102.843,-42.257
6,"pathway_PWY-561: superpathway of glyoxylate cycle and fatty acid degradation","pathway",0,0,0
6,"pathway_PWY-5656: mannosylglycerate biosynthesis I","pathway",0,1.29252,1.29252
6,"pathway_PWY-5659: GDP-mannose biosynthesis","pathway",94.7038,21.8529,-72.8509
6,"pathway_PWY-5667: CDP-diacylglycerol biosynthesis I","pathway",545.7965,507.73,-38.0665
6,"pathway_PWY-5675: nitrate reduction V (assimilatory)","pathway",0,0,0
6,"pathway_PWY-5676: acetyl-CoA fermentation to butanoate II","pathway",75.89245,24.4243,-51.46815
6,"pathway_PWY-5677: succinate fermentation to butanoate","pathway",2.8747,0,-2.8747
6,"pathway_PWY-5686: UMP biosynthesis I","pathway",918.4755,1016.91,98.4345
6,"pathway_PWY-5690: TCA cycle II (plants and fungi)","pathway",2.71423,0,-2.71423
6,"pathway_PWY-5695: inosine 5'-phosphate degradation","pathway",420.0955,350.785,-69.3105
6,"pathway_PWY-5723: Rubisco shunt","pathway",0,0,0
6,"pathway_PWY-5837: 2-carboxy-1,4-naphthoquinol biosynthesis","pathway",0,0,0
6,"pathway_PWY-5838: superpathway of menaquinol-8 biosynthesis I","pathway",0,0,0
6,"pathway_PWY-5840: superpathway of menaquinol-7 biosynthesis","pathway",0,0,0
6,"pathway_PWY-5845: superpathway of menaquinol-9 biosynthesis","pathway",0,0,0
6,"pathway_PWY-5861: superpathway of demethylmenaquinol-8 biosynthesis I","pathway",0,0,0
6,"pathway_PWY-5862: superpathway of demethylmenaquinol-9 biosynthesis","pathway",0,0,0
6,"pathway_PWY-5897: superpathway of menaquinol-11 biosynthesis","pathway",0,0,0
6,"pathway_PWY-5898: superpathway of menaquinol-12 biosynthesis","pathway",0,0,0
6,"pathway_PWY-5899: superpathway of menaquinol-13 biosynthesis","pathway",0,0,0
6,"pathway_PWY-5910: superpathway of geranylgeranyldiphosphate biosynthesis I (via mevalonate)","pathway",0,0,0
6,"pathway_PWY-5913: partial TCA cycle (obligate autotrophs)","pathway",140.58,186.887,46.307
6,"pathway_PWY-5918: superpathway of heme b biosynthesis from glutamate","pathway",11.7191,4.95214,-6.76696
6,"pathway_PWY-5920: superpathway of heme b biosynthesis from glycine","pathway",0.933225,0,-0.933225
6,"pathway_PWY-5941: glycogen degradation II","pathway",1137.1,1128.48,-8.61999999999989
6,"pathway_PWY-5971: palmitate biosynthesis (type II fatty acid synthase)","pathway",137.2215,122.75,-14.4715
6,"pathway_PWY-5973: cis-vaccenate biosynthesis","pathway",205.92,181.613,-24.307
6,"pathway_PWY-5981: CDP-diacylglycerol biosynthesis III","pathway",20.998,19.1824,-1.8156
6,"pathway_PWY-5989: stearate biosynthesis II (bacteria and plants)","pathway",123.6395,141.969,18.3295
6,"pathway_PWY-5994: palmitate biosynthesis (type I fatty acid synthase)","pathway",18.7075,3.16548,-15.54202
6,"pathway_PWY-6121: 5-aminoimidazole ribonucleotide biosynthesis I","pathway",744.588,786.908,42.3200000000001
6,"pathway_PWY-6122: 5-aminoimidazole ribonucleotide biosynthesis II","pathway",777.0185,843.079,66.0605
6,"pathway_PWY-6123: inosine-5'-phosphate biosynthesis I","pathway",608.0535,720.885,112.8315
6,"pathway_PWY-6124: inosine-5'-phosphate biosynthesis II","pathway",601.246,716.173,114.927
6,"pathway_PWY-6125: superpathway of guanosine nucleotides de novo biosynthesis II","pathway",112.225,151.196,38.971
6,"pathway_PWY-6126: superpathway of adenosine nucleotides de novo biosynthesis II","pathway",161.957,216.474,54.517
6,"pathway_PWY-6147: 6-hydroxymethyl-dihydropterin diphosphate biosynthesis I","pathway",91.15695,54.146,-37.01095
6,"pathway_PWY-6151: S-adenosyl-L-methionine salvage I","pathway",692.0705,727.235,35.1645
6,"pathway_PWY-6163: chorismate biosynthesis from 3-dehydroquinate","pathway",833.3255,968.04,134.7145
6,"pathway_PWY-6168: flavin biosynthesis III (fungi)","pathway",10.2405,0,-10.2405
6,"pathway_PWY-621: sucrose degradation III (sucrose invertase)","pathway",191.7145,304.838,113.1235
6,"pathway_PWY-622: starch biosynthesis","pathway",455.195,329.214,-125.981
6,"pathway_PWY-6270: isoprene biosynthesis I","pathway",408.402,193.172,-215.23
6,"pathway_PWY-6277: superpathway of 5-aminoimidazole ribonucleotide biosynthesis","pathway",777.0185,843.079,66.0605
6,"pathway_PWY-6282: palmitoleate biosynthesis I (from (5Z)-dodec-5-enoate)","pathway",117.0695,131.103,14.0335
6,"pathway_PWY-6284: superpathway of unsaturated fatty acids biosynthesis (E. coli)","pathway",63.7127,18.3455,-45.3672
6,"pathway_PWY-6292: superpathway of L-cysteine biosynthesis (mammalian)","pathway",196.8765,241.288,44.4115
6,"pathway_PWY-6293: superpathway of L-cysteine biosynthesis (fungi)","pathway",2.06169,0,-2.06169
6,"pathway_PWY-6305: superpathway of putrescine biosynthesis","pathway",53.5815,56.5455,2.964
6,"pathway_PWY-6317: D-galactose degradation I (Leloir pathway)","pathway",550.567,531.584,-18.9830000000001
6,"pathway_PWY-6353: purine nucleotides degradation II (aerobic)","pathway",109.7461,54.4452,-55.3009
6,"pathway_PWY-6385: peptidoglycan biosynthesis III (mycobacteria)","pathway",744.8165,840.399,95.5825
6,"pathway_PWY-6386: UDP-N-acetylmuramoyl-pentapeptide biosynthesis II (lysine-containing)","pathway",853.902,853.321,-0.581000000000017
6,"pathway_PWY-6387: UDP-N-acetylmuramoyl-pentapeptide biosynthesis I (meso-diaminopimelate containing)","pathway",839.5225,843.823,4.30049999999994
6,"pathway_PWY-6435: 4-hydroxybenzoate biosynthesis III (plants)","pathway",7.331165,7.8963,0.565135000000001
6,"pathway_PWY-6470: peptidoglycan biosynthesis V (&beta;-lactam resistance)","pathway",129.51,115.336,-14.174
6,"pathway_PWY-6507: 4-deoxy-L-threo-hex-4-enopyranuronate degradation","pathway",149.338,205.982,56.644
6,"pathway_PWY-6519: 8-amino-7-oxononanoate biosynthesis I","pathway",112.27,98.649,-13.621
6,"pathway_PWY-6527: stachyose degradation","pathway",378.583,310.082,-68.501
6,"pathway_PWY-6531: mannitol cycle","pathway",1.955065,11.2985,9.343435
6,"pathway_PWY-6545: pyrimidine deoxyribonucleotides de novo biosynthesis III","pathway",8.35163,28.9477,20.59607
6,"pathway_PWY-6549: L-glutamine biosynthesis III","pathway",136.763,169.761,32.998
6,"pathway_PWY-6572: chondroitin sulfate degradation I (bacterial)","pathway",3.97018,1.65406,-2.31612
6,"pathway_PWY-6588: pyruvate fermentation to acetone","pathway",5.698475,1.50596,-4.192515
6,"pathway_PWY-6590: superpathway of Clostridium acetobutylicum acidogenic fermentation","pathway",111.19675,96.1377,-15.05905
6,"pathway_PWY-6595: superpathway of guanosine nucleotides degradation (plants)","pathway",42.00395,18.797,-23.20695
6,"pathway_PWY-6606: guanosine nucleotides degradation II","pathway",62.50045,24.3846,-38.11585
6,"pathway_PWY-6607: guanosine nucleotides degradation I","pathway",43.36535,22.7022,-20.66315
6,"pathway_PWY-6608: guanosine nucleotides degradation III","pathway",103.7355,77.1319,-26.6036
6,"pathway_PWY-6609: adenine and adenosine salvage III","pathway",676.507,590.194,-86.3130000000001
6,"pathway_PWY-6612: superpathway of tetrahydrofolate biosynthesis","pathway",21.68495,0,-21.68495
6,"pathway_PWY-6628: superpathway of L-phenylalanine biosynthesis","pathway",470.6555,504.011,33.3555000000001
6,"pathway_PWY-6629: superpathway of L-tryptophan biosynthesis","pathway",594.8715,463.506,-131.3655
6,"pathway_PWY-6630: superpathway of L-tyrosine biosynthesis","pathway",165.0995,54.348,-110.7515
6,"pathway_PWY-6700: queuosine biosynthesis I (de novo)","pathway",525.039,568.593,43.554
6,"pathway_PWY-6703: preQ0 biosynthesis","pathway",195.8645,189.88,-5.98450000000003
6,"pathway_PWY-6731: starch degradation III","pathway",124.50225,58.9027,-65.59955
6,"pathway_PWY-6803: phosphatidylcholine acyl editing","pathway",0,0,0
6,"pathway_PWY-6807: xyloglucan degradation II (exoglucanase)","pathway",4.25786,9.54961,5.29175
6,"pathway_PWY-6823: molybdopterin biosynthesis","pathway",429.2615,419.272,-9.98949999999996
6,"pathway_PWY-6859: all-trans-farnesol biosynthesis","pathway",22.82085,0,-22.82085
6,"pathway_PWY-6876: isopropanol biosynthesis (engineered)","pathway",1.584545,0,-1.584545
6,"pathway_PWY-6892: thiazole component of thiamine diphosphate biosynthesis I","pathway",318.1025,340.159,22.0565
6,"pathway_PWY-6895: superpathway of thiamine diphosphate biosynthesis II","pathway",195.2175,242.438,47.2205
6,"pathway_PWY-6897: thiamine diphosphate salvage II","pathway",308.747,383.232,74.485
6,"pathway_PWY-6901: superpathway of glucose and xylose degradation","pathway",335.0905,329.419,-5.67150000000004
6,"pathway_PWY-6902: chitin degradation II (Vibrio)","pathway",120.5915,19.5698,-101.0217
6,"pathway_PWY-6906: chitin derivatives degradation","pathway",2.695975,0,-2.695975
6,"pathway_PWY-6920: 6-gingerol analog biosynthesis (engineered)","pathway",9.716845,17.6107,7.893855
6,"pathway_PWY-6922: L-N&delta;-acetylornithine biosynthesis","pathway",1.23893,0,-1.23893
6,"pathway_PWY-6936: seleno-amino acid biosynthesis (plants)","pathway",344.9315,397.524,52.5925
6,"pathway_PWY-6961: L-ascorbate degradation II (bacterial, aerobic)","pathway",1.3849185,0,-1.3849185
6,"pathway_PWY-6969: TCA cycle V (2-oxoglutarate synthase)","pathway",98.22155,118.502,20.28045
6,"pathway_PWY-6992: 1,5-anhydrofructose degradation","pathway",1.353455,0,-1.353455
6,"pathway_PWY-7013: (S)-propane-1,2-diol degradation","pathway",25.22165,10.2095,-15.01215
6,"pathway_PWY-702: L-methionine biosynthesis II","pathway",331.728,353.572,21.8440000000001
6,"pathway_PWY-7111: pyruvate fermentation to isobutanol (engineered)","pathway",727.468,775.893,48.425
6,"pathway_PWY-7115: C4 photosynthetic carbon assimilation cycle, NAD-ME type","pathway",153.9545,113.521,-40.4335
6,"pathway_PWY-7117: C4 photosynthetic carbon assimilation cycle, PEPCK type","pathway",271.7265,233.431,-38.2955
6,"pathway_PWY-7118: chitin deacetylation","pathway",0,0,0
6,"pathway_PWY-7184: pyrimidine deoxyribonucleotides de novo biosynthesis I","pathway",8.35079,28.9434,20.59261
6,"pathway_PWY-7185: UTP and CTP dephosphorylation I","pathway",5.939685,21.9654,16.025715
6,"pathway_PWY-7196: superpathway of pyrimidine ribonucleosides salvage","pathway",45.09985,8.73476,-36.36509
6,"pathway_PWY-7197: pyrimidine deoxyribonucleotide phosphorylation","pathway",68.4677,96.6631,28.1954
6,"pathway_PWY-7198: pyrimidine deoxyribonucleotides de novo biosynthesis IV","pathway",102.71875,141.21,38.49125
6,"pathway_PWY-7199: pyrimidine deoxyribonucleosides salvage","pathway",347.5925,430.593,83.0005
6,"pathway_PWY-7204: pyridoxal 5'-phosphate salvage II (plants)","pathway",0,0,0
6,"pathway_PWY-7208: superpathway of pyrimidine nucleobases salvage","pathway",99.92905,137.116,37.18695
6,"pathway_PWY-7209: superpathway of pyrimidine ribonucleosides degradation","pathway",40.62145,14.4447,-26.17675
6,"pathway_PWY-7210: pyrimidine deoxyribonucleotides biosynthesis from CTP","pathway",9.08603,30.9126,21.82657
6,"pathway_PWY-7211: superpathway of pyrimidine deoxyribonucleotides de novo biosynthesis","pathway",15.022725,18.535,3.512275
6,"pathway_PWY-7220: adenosine deoxyribonucleotides de novo biosynthesis II","pathway",75.6445,103.167,27.5225
6,"pathway_PWY-7221: guanosine ribonucleotides de novo biosynthesis","pathway",692.5475,706.642,14.0945
6,"pathway_PWY-7222: guanosine deoxyribonucleotides de novo biosynthesis II","pathway",75.6445,103.167,27.5225
6,"pathway_PWY-7228: superpathway of guanosine nucleotides de novo biosynthesis I","pathway",137.301,181.821,44.52
6,"pathway_PWY-7229: superpathway of adenosine nucleotides de novo biosynthesis I","pathway",244.494,315.153,70.659
6,"pathway_PWY-7234: inosine-5'-phosphate biosynthesis III","pathway",290.186,424.773,134.587
6,"pathway_PWY-7237: myo-, chiro- and scyllo-inositol degradation","pathway",343.2435,516.706,173.4625
6,"pathway_PWY-7238: sucrose biosynthesis II","pathway",1253.815,1304.96,51.145
6,"pathway_PWY-7242: D-fructuronate degradation","pathway",162.514,218.813,56.299
6,"pathway_PWY-724: superpathway of L-lysine, L-threonine and L-methionine biosynthesis II","pathway",607.244,663.329,56.0849999999999
6,"pathway_PWY-7254: TCA cycle VII (acetate-producers)","pathway",0,2.35918,2.35918
6,"pathway_PWY-7282: 4-amino-2-methyl-5-diphosphomethylpyrimidine biosynthesis II","pathway",125.4095,123.268,-2.14150000000001
6,"pathway_PWY-7312: dTDP-&beta;-D-fucofuranose biosynthesis","pathway",0.77743,0,-0.77743
6,"pathway_PWY-7315: dTDP-N-acetylthomosamine biosynthesis","pathway",11.925165,18.9897,7.064535
6,"pathway_PWY-7323: superpathway of GDP-mannose-derived O-antigen building blocks biosynthesis","pathway",63.4767,19.4163,-44.0604
6,"pathway_PWY-7328: superpathway of UDP-glucose-derived O-antigen building blocks biosynthesis","pathway",140.6635,83.1304,-57.5331
6,"pathway_PWY-7345: superpathway of anaerobic sucrose degradation","pathway",101.772,53.3418,-48.4302
6,"pathway_PWY-7356: thiamine diphosphate salvage IV (yeast)","pathway",256.804,292.948,36.144
6,"pathway_PWY-7357: thiamine phosphate formation from pyrithiamine and oxythiamine (yeast)","pathway",640.755,722.32,81.5650000000001
6,"pathway_PWY-7371: 1,4-dihydroxy-6-naphthoate biosynthesis II","pathway",0,0,0
6,"pathway_PWY-7383: anaerobic energy metabolism (invertebrates, cytosol)","pathway",130.719,136.133,5.41400000000002
6,"pathway_PWY-7385: 1,3-propanediol biosynthesis (engineered)","pathway",0,0,0
6,"pathway_PWY-7388: octanoyl-[acyl-carrier protein] biosynthesis (mitochondria, yeast)","pathway",23.4043,0,-23.4043
6,"pathway_PWY-7392: taxadiene biosynthesis (engineered)","pathway",48.48715,0,-48.48715
6,"pathway_PWY-7400: L-arginine biosynthesis IV (archaebacteria)","pathway",248.6815,356.434,107.7525
6,"pathway_PWY-7456: &beta;-(1,4)-mannan degradation","pathway",53.81185,20.8899,-32.92195
6,"pathway_PWY-7560: methylerythritol phosphate pathway II","pathway",391.9415,178.008,-213.9335
6,"pathway_PWY-7663: gondoate biosynthesis (anaerobic)","pathway",173.535,152.039,-21.496
6,"pathway_PWY-7664: oleate biosynthesis IV (anaerobic)","pathway",128.504,142.509,14.005
6,"pathway_PWY-7688: dTDP-&alpha;-D-ravidosamine and dTDP-4-acetyl-&alpha;-D-ravidosamine biosynthesis","pathway",2.086245,4.3474,2.261155
6,"pathway_PWY-7761: NAD salvage pathway II (PNC IV cycle)","pathway",120.9575,143.538,22.5805
6,"pathway_PWY-7790: UMP biosynthesis II","pathway",918.4755,1016.91,98.4345
6,"pathway_PWY-7791: UMP biosynthesis III","pathway",918.4755,1016.91,98.4345
6,"pathway_PWY-7851: coenzyme A biosynthesis II (eukaryotic)","pathway",620.245,730.843,110.598
6,"pathway_PWY-7883: anhydromuropeptides recycling II","pathway",1.049585,0,-1.049585
6,"pathway_PWY-7942: 5-oxo-L-proline metabolism","pathway",0,0,0
6,"pathway_PWY-7953: UDP-N-acetylmuramoyl-pentapeptide biosynthesis III (meso-diaminopimelate containing)","pathway",666.546,571.338,-95.2080000000001
6,"pathway_PWY-7977: L-methionine biosynthesis IV","pathway",680.044,595.717,-84.327
6,"pathway_PWY-7992: superpathway of menaquinol-8 biosynthesis III","pathway",0,0,0
6,"pathway_PWY-8004: Entner-Doudoroff pathway I","pathway",215.818,264.417,48.599
6,"pathway_PWY-801: homocysteine and cysteine interconversion","pathway",1.242185,0,-1.242185
6,"pathway_PWY-8073: lipid IVA biosynthesis (P. putida)","pathway",23.28275,21.9413,-1.34145
6,"pathway_PWY-8131: 5'-deoxyadenosine degradation II","pathway",15.86053,5.79212,-10.06841
6,"pathway_PWY-8178: pentose phosphate pathway (non-oxidative branch) II","pathway",576.3735,370.465,-205.9085
6,"pathway_PWY-8187: L-arginine degradation XIII (reductive Stickland reaction)","pathway",308.926,369.202,60.276
6,"pathway_PWY-8188: L-alanine degradation VI (reductive Stickland reaction)","pathway",12.714895,0,-12.714895
6,"pathway_PWY-8189: L-alanine degradation V (oxidative Stickland reaction)","pathway",12.714895,0,-12.714895
6,"pathway_PWY-821: superpathway of sulfur amino acid biosynthesis (Saccharomyces cerevisiae)","pathway",0,0,0
6,"pathway_PWY-822: fructan biosynthesis","pathway",1.48667,0,-1.48667
6,"pathway_PWY-841: superpathway of purine nucleotides de novo biosynthesis I","pathway",209.9875,273.554,63.5665
6,"pathway_PWY-922: mevalonate pathway I (eukaryotes and bacteria)","pathway",0,0,0
6,"pathway_PWY-I9: L-cysteine biosynthesis VI (from L-methionine)","pathway",527.114,440.534,-86.58
6,"pathway_PWY0-1061: superpathway of L-alanine biosynthesis","pathway",215.553,160.796,-54.757
6,"pathway_PWY0-1241: ADP-L-glycero-&beta;-D-manno-heptose biosynthesis","pathway",15.92205,23.7226,7.80055
6,"pathway_PWY0-1261: anhydromuropeptides recycling I","pathway",22.3428,29.443,7.1002
6,"pathway_PWY0-1296: purine ribonucleosides degradation","pathway",536.539,495.416,-41.123
6,"pathway_PWY0-1297: superpathway of purine deoxyribonucleosides degradation","pathway",48.2691,20.5122,-27.7569
6,"pathway_PWY0-1298: superpathway of pyrimidine deoxyribonucleosides degradation","pathway",20.2196,11.0695,-9.1501
6,"pathway_PWY0-1319: CDP-diacylglycerol biosynthesis II","pathway",545.7965,507.73,-38.0665
6,"pathway_PWY0-1415: superpathway of heme b biosynthesis from uroporphyrinogen-III","pathway",0,0,0
6,"pathway_PWY0-1477: ethanolamine utilization","pathway",35.02425,41.231,6.20675000000001
6,"pathway_PWY0-1479: tRNA processing","pathway",72.52735,49.817,-22.71035
6,"pathway_PWY0-1586: peptidoglycan maturation (meso-diaminopimelate containing)","pathway",730.205,953.943,223.738
6,"pathway_PWY0-162: superpathway of pyrimidine ribonucleotides de novo biosynthesis","pathway",187.989,249.797,61.808
6,"pathway_PWY0-166: superpathway of pyrimidine deoxyribonucleotides de novo biosynthesis (E. coli)","pathway",0,0,0
6,"pathway_PWY0-301: L-ascorbate degradation I (bacterial, anaerobic)","pathway",1.1539425,0,-1.1539425
6,"pathway_PWY0-42: 2-methylcitrate cycle I","pathway",0,0,0
6,"pathway_PWY0-781: aspartate superpathway","pathway",2.30339,0,-2.30339
6,"pathway_PWY0-845: superpathway of pyridoxal 5'-phosphate biosynthesis and salvage","pathway",60.64225,55.2943,-5.34795
6,"pathway_PWY0-862: (5Z)-dodecenoate biosynthesis I","pathway",123.4625,140.261,16.7985
6,"pathway_PWY1ZNC-1: assimilatory sulfate reduction IV","pathway",9.757715,0,-9.757715
6,"pathway_PWY3O-4107: NAD salvage pathway V (PNC V cycle)","pathway",0.92333,0,-0.92333
6,"pathway_PWY490-3: nitrate reduction VI (assimilatory)","pathway",0,0,0
6,"pathway_PWY4FS-7: phosphatidylglycerol biosynthesis I (plastidic)","pathway",119.28,45.344,-73.936
6,"pathway_PWY4FS-8: phosphatidylglycerol biosynthesis II (non-plastidic)","pathway",119.28,45.344,-73.936
6,"pathway_PWY4LZ-257: superpathway of fermentation (Chlamydomonas reinhardtii)","pathway",24.01075,16.8766,-7.13415
6,"pathway_PWY66-389: phytol degradation","pathway",1.60508,4.59881,2.99373
6,"pathway_PWY66-391: fatty acid &beta;-oxidation VI (mammalian peroxisome)","pathway",5.61417,5.97409,0.359920000000001
6,"pathway_PWY66-399: gluconeogenesis III","pathway",142.8925,122.984,-19.9085
6,"pathway_PWY66-409: superpathway of purine nucleotide salvage","pathway",77.22925,37.9653,-39.26395
6,"pathway_PWY66-429: fatty acid biosynthesis initiation (mitochondria)","pathway",572.7155,422.961,-149.7545
6,"pathway_PWY66-430: myristate biosynthesis (mitochondria)","pathway",23.34125,0,-23.34125
6,"pathway_PYRIDNUCSAL-PWY: NAD salvage pathway I (PNC VI cycle)","pathway",1.28237,0,-1.28237
6,"pathway_PYRIDNUCSYN-PWY: NAD de novo biosynthesis I (from aspartate)","pathway",328.839,254.065,-74.774
6,"pathway_PYRIDOXSYN-PWY: pyridoxal 5'-phosphate biosynthesis I","pathway",45.90345,41.5657,-4.33775
6,"pathway_REDCITCYC: TCA cycle VI (Helicobacter)","pathway",0,1.67459,1.67459
6,"pathway_RHAMCAT-PWY: L-rhamnose degradation I","pathway",192.7465,148.409,-44.3375
6,"pathway_RIBOSYN2-PWY: flavin biosynthesis I (bacteria and plants)","pathway",319.707,340.517,20.81
6,"pathway_RUMP-PWY: formaldehyde oxidation I","pathway",4.892255,0,-4.892255
6,"pathway_SALVADEHYPOX-PWY: adenosine nucleotides degradation II","pathway",69.2608,66.8833,-2.3775
6,"pathway_SER-GLYSYN-PWY: superpathway of L-serine and glycine biosynthesis I","pathway",496.785,528.65,31.865
6,"pathway_SO4ASSIM-PWY: assimilatory sulfate reduction I","pathway",0.73782,3.36267,2.62485
6,"pathway_SULFATE-CYS-PWY: superpathway of sulfate assimilation and cysteine biosynthesis","pathway",1.65319,7.49745,5.84426
6,"pathway_TCA-GLYOX-BYPASS: superpathway of glyoxylate bypass and TCA","pathway",0,0,0
6,"pathway_TCA: TCA cycle I (prokaryotic)","pathway",0,3.87375,3.87375
6,"pathway_THISYN-PWY: superpathway of thiamine diphosphate biosynthesis I","pathway",228.5735,256.069,27.4955
6,"pathway_THISYNARA-PWY: superpathway of thiamine diphosphate biosynthesis III (eukaryotes)","pathway",280.101,308.451,28.35
6,"pathway_THRESYN-PWY: superpathway of L-threonine biosynthesis","pathway",531.1115,535.374,4.26250000000005
6,"pathway_TRNA-CHARGING-PWY: tRNA charging","pathway",823.975,869.977,46.0020000000001
6,"pathway_TRPSYN-PWY: L-tryptophan biosynthesis","pathway",434.708,309.782,-124.926
6,"pathway_UDPNAGSYN-PWY: UDP-N-acetyl-D-glucosamine biosynthesis I","pathway",418.5785,474.042,55.4635
6,"pathway_VALSYN-PWY: L-valine biosynthesis","pathway",1053.705,1113.71,60.0050000000001
7,"pathway_1CMET2-PWY: folate transformations III (E. coli)","pathway",474.2865,432.11,-42.1765
7,"pathway_ALLANTOINDEG-PWY: superpathway of allantoin degradation in yeast","pathway",0,0,0
7,"pathway_ANAEROFRUCAT-PWY: homolactic fermentation","pathway",443.9955,354.852,-89.1435
7,"pathway_ANAGLYCOLYSIS-PWY: glycolysis III (from glucose)","pathway",655.7805,869.299,213.5185
7,"pathway_ARG+POLYAMINE-SYN: superpathway of arginine and polyamine biosynthesis","pathway",23.22175,54.5951,31.37335
7,"pathway_ARGININE-SYN4-PWY: L-ornithine biosynthesis II","pathway",87.588335,40.8095,-46.778835
7,"pathway_ARGSYN-PWY: L-arginine biosynthesis I (via L-ornithine)","pathway",785.608,937.153,151.545
7,"pathway_ARGSYNBSUB-PWY: L-arginine biosynthesis II (acetyl cycle)","pathway",815.0275,974.849,159.8215
7,"pathway_ARO-PWY: chorismate biosynthesis I","pathway",813.9185,899.696,85.7775
7,"pathway_ASPASN-PWY: superpathway of L-aspartate and L-asparagine biosynthesis","pathway",368.173,321.25,-46.923
7,"pathway_BIOTIN-BIOSYNTHESIS-PWY: biotin biosynthesis I","pathway",108.8459,77.6636,-31.1823
7,"pathway_BRANCHED-CHAIN-AA-SYN-PWY: superpathway of branched chain amino acid biosynthesis","pathway",815.9495,897.95,82.0005000000001
7,"pathway_CALVIN-PWY: Calvin-Benson-Bassham cycle","pathway",639.6805,844.302,204.6215
7,"pathway_CENTFERM-PWY: pyruvate fermentation to butanoate","pathway",29.71005,36.0038,6.29375
7,"pathway_CITRULBIO-PWY: L-citrulline biosynthesis","pathway",128.17653,60.4763,-67.70023
7,"pathway_COA-PWY-1: superpathway of coenzyme A biosynthesis III (mammals)","pathway",594.1415,610.231,16.0895
7,"pathway_COA-PWY: coenzyme A biosynthesis I (prokaryotic)","pathway",542.774,597.655,54.881
7,"pathway_COBALSYN-PWY: superpathway of adenosylcobalamin salvage from cobinamide I","pathway",222.18,390.759,168.579
7,"pathway_COLANSYN-PWY: colanic acid building blocks biosynthesis","pathway",152.2412,189.854,37.6128
7,"pathway_COMPLETE-ARO-PWY: superpathway of aromatic amino acid biosynthesis","pathway",817.3055,885.439,68.1335
7,"pathway_DAPLYSINESYN-PWY: L-lysine biosynthesis I","pathway",435.901,312.692,-123.209
7,"pathway_DTDPRHAMSYN-PWY: dTDP-&beta;-L-rhamnose biosynthesis","pathway",856.5605,1044.49,187.9295
7,"pathway_FAO-PWY: fatty acid &beta;-oxidation I (generic)","pathway",2.85078,21.3635,18.51272
7,"pathway_FASYN-ELONG-PWY: fatty acid elongation -- saturated","pathway",237.125,169.622,-67.503
7,"pathway_FASYN-INITIAL-PWY: superpathway of fatty acid biosynthesis initiation (E. coli)","pathway",150.791,123.678,-27.113
7,"pathway_FERMENTATION-PWY: mixed acid fermentation","pathway",134.16,172.705,38.545
7,"pathway_FOLSYN-PWY: superpathway of tetrahydrofolate biosynthesis and salvage","pathway",18.88855,39.5942,20.70565
7,"pathway_FUC-RHAMCAT-PWY: superpathway of fucose and rhamnose degradation","pathway",34.0061,43.2216,9.2155
7,"pathway_FUCCAT-PWY: fucose degradation","pathway",23.69545,31.4721,7.77665
7,"pathway_GALACT-GLUCUROCAT-PWY: superpathway of hexuronide and hexuronate degradation","pathway",21.46755,53.3742,31.90665
7,"pathway_GALACTARDEG-PWY: D-galactarate degradation I","pathway",3.20351,6.81236,3.60885
7,"pathway_GALACTITOLCAT-PWY: galactitol degradation","pathway",4.41745,5.28363,0.86618
7,"pathway_GALACTUROCAT-PWY: D-galacturonate degradation I","pathway",121.395,170.124,48.729
7,"pathway_GLCMANNANAUT-PWY: superpathway of N-acetylglucosamine, N-acetylmannosamine and N-acetylneuraminate degradation","pathway",263.978,233.762,-30.216
7,"pathway_GLUCARDEG-PWY: D-glucarate degradation I","pathway",1.764165,5.26126,3.497095
7,"pathway_GLUCARGALACTSUPER-PWY: superpathway of D-glucarate and D-galactarate degradation","pathway",3.20351,6.81236,3.60885
7,"pathway_GLUCONEO-PWY: gluconeogenesis I","pathway",324.989,255.551,-69.438
7,"pathway_GLUCOSE1PMETAB-PWY: glucose and glucose-1-phosphate degradation","pathway",767.982,935.511,167.529
7,"pathway_GLUCUROCAT-PWY: superpathway of &beta;-D-glucuronosides degradation","pathway",194.4455,224.159,29.7135
7,"pathway_GLUDEG-I-PWY: GABA shunt","pathway",2.0619525,4.08049,2.0185375
7,"pathway_GLUTORN-PWY: L-ornithine biosynthesis I","pathway",689.649,820.608,130.959
7,"pathway_GLYCOCAT-PWY: glycogen degradation I","pathway",145.90315,17.1157,-128.78745
7,"pathway_GLYCOGENSYNTH-PWY: glycogen biosynthesis I (from ADP-D-Glucose)","pathway",906.35,1123.32,216.97
7,"pathway_GLYCOLYSIS-E-D: superpathway of glycolysis and the Entner-Doudoroff pathway","pathway",43.979,55.0591,11.0801
7,"pathway_GLYCOLYSIS: glycolysis I (from glucose 6-phosphate)","pathway",472.55,348.187,-124.363
7,"pathway_GLYOXYLATE-BYPASS: glyoxylate cycle","pathway",3.921065,18.7557,14.834635
7,"pathway_GOLPDLCAT-PWY: superpathway of glycerol degradation to 1,3-propanediol","pathway",58.09125,32.4226,-25.66865
7,"pathway_HEME-BIOSYNTHESIS-II-1: heme b biosynthesis V (aerobic)","pathway",1.284945,20.3998,19.114855
7,"pathway_HEME-BIOSYNTHESIS-II: heme b biosynthesis I (aerobic)","pathway",25.5978,20.3998,-5.198
7,"pathway_HEMESYN2-PWY: heme b biosynthesis II (oxygen-independent)","pathway",29.3851,38.0207,8.6356
7,"pathway_HEXITOLDEGSUPER-PWY: superpathway of hexitol degradation (bacteria)","pathway",12.00345,15.2664,3.26295
7,"pathway_HISDEG-PWY: L-histidine degradation I","pathway",100.345075,35.3171,-65.027975
7,"pathway_HISTSYN-PWY: L-histidine biosynthesis","pathway",543.3425,594.9,51.5575
7,"pathway_HOMOSER-METSYN-PWY: L-methionine biosynthesis I","pathway",3.698095,18.248,14.549905
7,"pathway_HSERMETANA-PWY: L-methionine biosynthesis III","pathway",514.536,416.656,-97.8800000000001
7,"pathway_ILEUSYN-PWY: L-isoleucine biosynthesis I (from threonine)","pathway",854.678,956.35,101.672
7,"pathway_KETOGLUCONMET-PWY: ketogluconate metabolism","pathway",0.137856,1.98357,1.845714
7,"pathway_LACTOSECAT-PWY: lactose and galactose degradation I","pathway",6.253105,320.847,314.593895
7,"pathway_MET-SAM-PWY: superpathway of S-adenosyl-L-methionine biosynthesis","pathway",7.348025,35.5508,28.202775
7,"pathway_METH-ACETATE-PWY: methanogenesis from acetate","pathway",275.923,236.459,-39.464
7,"pathway_METHGLYUT-PWY: superpathway of methylglyoxal degradation","pathway",4.431605,2.59263,-1.838975
7,"pathway_METSYN-PWY: superpathway of L-homoserine and L-methionine biosynthesis","pathway",6.44393,31.391,24.94707
7,"pathway_NAD-BIOSYNTHESIS-II: NAD salvage pathway III (to nicotinamide riboside)","pathway",4.256025,15.8608,11.604775
7,"pathway_NAGLIPASYN-PWY: lipid IVA biosynthesis (E. coli)","pathway",14.8355,19.4902,4.6547
7,"pathway_NONMEVIPP-PWY: methylerythritol phosphate pathway I","pathway",703.754,755.884,52.1300000000001
7,"pathway_NONOXIPENT-PWY: pentose phosphate pathway (non-oxidative branch) I","pathway",486.018,767.577,281.559
7,"pathway_OANTIGEN-PWY: O-antigen building blocks biosynthesis (E. coli)","pathway",448.977,575.571,126.594
7,"pathway_ORNDEG-PWY: superpathway of ornithine degradation","pathway",6.14581,11.1733,5.02749
7,"pathway_P105-PWY: TCA cycle IV (2-oxoglutarate decarboxylase)","pathway",5.82845,16.4286,10.60015
7,"pathway_P108-PWY: pyruvate fermentation to propanoate I","pathway",1.78163,28.1008,26.31917
7,"pathway_P122-PWY: heterolactic fermentation","pathway",53.421,9.5991,-43.8219
7,"pathway_P124-PWY: Bifidobacterium shunt","pathway",327.749,230.456,-97.293
7,"pathway_P125-PWY: superpathway of (R,R)-butanediol biosynthesis","pathway",4.64806,7.21413,2.56607
7,"pathway_P161-PWY: acetylene degradation (anaerobic)","pathway",108.94895,22.7265,-86.22245
7,"pathway_P164-PWY: purine nucleobases degradation I (anaerobic)","pathway",92.94455,124.54,31.59545
7,"pathway_P185-PWY: formaldehyde assimilation III (dihydroxyacetone cycle)","pathway",18.4113,8.69097,-9.72033
7,"pathway_P23-PWY: reductive TCA cycle I","pathway",0,3.7336,3.7336
7,"pathway_P4-PWY: superpathway of L-lysine, L-threonine and L-methionine biosynthesis I","pathway",15.187955,65.7399,50.551945
7,"pathway_P41-PWY: pyruvate fermentation to acetate and (S)-lactate I","pathway",568.1915,683.839,115.6475
7,"pathway_P42-PWY: incomplete reductive TCA cycle","pathway",1.005645,15.4384,14.432755
7,"pathway_P441-PWY: superpathway of N-acetylneuraminate degradation","pathway",132.06445,100.025,-32.03945
7,"pathway_P461-PWY: hexitol fermentation to lactate, formate, ethanol and acetate","pathway",20.3349,42.4337,22.0988
7,"pathway_P621-PWY: nylon-6 oligomer degradation","pathway",9.850055,13.5737,3.723645
7,"pathway_PANTO-PWY: phosphopantothenate biosynthesis I","pathway",293.3285,384.98,91.6515
7,"pathway_PANTOSYN-PWY: superpathway of coenzyme A biosynthesis I (bacteria)","pathway",310.4225,403.617,93.1945
7,"pathway_PENTOSE-P-PWY: pentose phosphate pathway","pathway",403.6475,335.728,-67.9195
7,"pathway_PEPTIDOGLYCANSYN-PWY: peptidoglycan biosynthesis I (meso-diaminopimelate containing)","pathway",740.0095,765.876,25.8665
7,"pathway_PHOSLIPSYN-PWY: superpathway of phospholipid biosynthesis I (bacteria)","pathway",248.619,281.824,33.205
7,"pathway_POLYAMINSYN3-PWY: superpathway of polyamine biosynthesis II","pathway",8.122385,15.2916,7.169215
7,"pathway_POLYAMSYN-PWY: superpathway of polyamine biosynthesis I","pathway",12.35898,28.4654,16.10642
7,"pathway_POLYISOPRENSYN-PWY: polyisoprenoid biosynthesis (E. coli)","pathway",134.8361,58.7038,-76.1323
7,"pathway_PPGPPMET-PWY: ppGpp metabolism","pathway",48.01145,71.4288,23.41735
7,"pathway_PROPFERM-PWY: superpathway of L-alanine fermentation (Stickland reaction)","pathway",0,0,0
7,"pathway_PWY-1042: glycolysis IV","pathway",870.9665,1089,218.0335
7,"pathway_PWY-1269: CMP-3-deoxy-D-manno-octulosonate biosynthesis","pathway",18.003275,14.834,-3.169275
7,"pathway_PWY-1861: formaldehyde assimilation II (assimilatory RuMP Cycle)","pathway",20.35822,10.3918,-9.96642
7,"pathway_PWY-241: C4 photosynthetic carbon assimilation cycle, NADP-ME type","pathway",299.6835,297.898,-1.78549999999996
7,"pathway_PWY-2941: L-lysine biosynthesis II","pathway",89.2443,223.803,134.5587
7,"pathway_PWY-2942: L-lysine biosynthesis III","pathway",466.8285,391.626,-75.2025
7,"pathway_PWY-3001: superpathway of L-isoleucine biosynthesis I","pathway",616.5555,666.979,50.4235000000001
7,"pathway_PWY-3841: folate transformations II (plants)","pathway",595.011,580.019,-14.992
7,"pathway_PWY-4041: &gamma;-glutamyl cycle","pathway",271.731,191.983,-79.748
7,"pathway_PWY-4984: urea cycle","pathway",106.82684,31.119,-75.70784
7,"pathway_PWY-5004: superpathway of L-citrulline metabolism","pathway",2.273075,4.18279,1.909715
7,"pathway_PWY-5005: biotin biosynthesis II","pathway",1.995485,3.7674,1.771915
7,"pathway_PWY-5022: 4-aminobutanoate degradation V","pathway",3.28177,3.90684,0.62507
7,"pathway_PWY-5030: L-histidine degradation III","pathway",87.567545,30.9572,-56.610345
7,"pathway_PWY-5097: L-lysine biosynthesis VI","pathway",645.6515,684.842,39.1905
7,"pathway_PWY-5100: pyruvate fermentation to acetate and lactate II","pathway",568.1915,683.839,115.6475
7,"pathway_PWY-5103: L-isoleucine biosynthesis III","pathway",759.1305,901.575,142.4445
7,"pathway_PWY-5104: L-isoleucine biosynthesis IV","pathway",4.0688,10.369,6.3002
7,"pathway_PWY-5121: superpathway of geranylgeranyl diphosphate biosynthesis II (via MEP)","pathway",217.941,99.9028,-118.0382
7,"pathway_PWY-5130: 2-oxobutanoate degradation I","pathway",9.7787,3.15827,-6.62043
7,"pathway_PWY-5136: fatty acid &beta;-oxidation II (plant peroxisome)","pathway",11.37628,41.7937,30.41742
7,"pathway_PWY-5138: fatty acid &beta;-oxidation IV (unsaturated, even number)","pathway",1.531765,7.31456,5.782795
7,"pathway_PWY-5154: L-arginine biosynthesis III (via N-acetyl-L-citrulline)","pathway",135.2113,185.874,50.6627
7,"pathway_PWY-5188: tetrapyrrole biosynthesis I (from glutamate)","pathway",112,101.057,-10.943
7,"pathway_PWY-5189: tetrapyrrole biosynthesis II (from glycine)","pathway",1.143065,7.87796,6.734895
7,"pathway_PWY-5345: superpathway of L-methionine biosynthesis (by sulfhydrylation)","pathway",15.7795,49.9475,34.168
7,"pathway_PWY-5347: superpathway of L-methionine biosynthesis (transsulfuration)","pathway",7.346035,35.4655,28.119465
7,"pathway_PWY-5367: petroselinate biosynthesis","pathway",90.8535,0,-90.8535
7,"pathway_PWY-5384: sucrose degradation IV (sucrose phosphorylase)","pathway",334.322,213.737,-120.585
7,"pathway_PWY-5484: glycolysis II (from fructose 6-phosphate)","pathway",434.2535,300.937,-133.3165
7,"pathway_PWY-5494: pyruvate fermentation to propanoate II (acrylate pathway)","pathway",0,0,0
7,"pathway_PWY-5497: purine nucleobases degradation II (anaerobic)","pathway",21.595615,5.9636,-15.632015
7,"pathway_PWY-5505: L-glutamate and L-glutamine biosynthesis","pathway",91.03895,54.2276,-36.81135
7,"pathway_PWY-561: superpathway of glyoxylate cycle and fatty acid degradation","pathway",3.445335,23.7393,20.293965
7,"pathway_PWY-5656: mannosylglycerate biosynthesis I","pathway",0,6.39926,6.39926
7,"pathway_PWY-5659: GDP-mannose biosynthesis","pathway",242.527,233.979,-8.548
7,"pathway_PWY-5667: CDP-diacylglycerol biosynthesis I","pathway",474.3855,498.312,23.9265
7,"pathway_PWY-5675: nitrate reduction V (assimilatory)","pathway",1.617634,12.0685,10.450866
7,"pathway_PWY-5676: acetyl-CoA fermentation to butanoate II","pathway",62.40295,48.1199,-14.28305
7,"pathway_PWY-5677: succinate fermentation to butanoate","pathway",0.58283,0,-0.58283
7,"pathway_PWY-5686: UMP biosynthesis I","pathway",806.76,952.731,145.971
7,"pathway_PWY-5690: TCA cycle II (plants and fungi)","pathway",31.0892,16.5232,-14.566
7,"pathway_PWY-5695: inosine 5'-phosphate degradation","pathway",443.7595,446.385,2.62549999999999
7,"pathway_PWY-5723: Rubisco shunt","pathway",0,11.2072,11.2072
7,"pathway_PWY-5837: 2-carboxy-1,4-naphthoquinol biosynthesis","pathway",9.21361,17.7004,8.48679
7,"pathway_PWY-5838: superpathway of menaquinol-8 biosynthesis I","pathway",25.702235,44.1371,18.434865
7,"pathway_PWY-5840: superpathway of menaquinol-7 biosynthesis","pathway",4.74753,11.1226,6.37507
7,"pathway_PWY-5845: superpathway of menaquinol-9 biosynthesis","pathway",0,11.1226,11.1226
7,"pathway_PWY-5861: superpathway of demethylmenaquinol-8 biosynthesis I","pathway",18.50085,32.5859,14.08505
7,"pathway_PWY-5862: superpathway of demethylmenaquinol-9 biosynthesis","pathway",0,7.60089,7.60089
7,"pathway_PWY-5897: superpathway of menaquinol-11 biosynthesis","pathway",24.817455,43.4796,18.662145
7,"pathway_PWY-5898: superpathway of menaquinol-12 biosynthesis","pathway",24.817455,43.4796,18.662145
7,"pathway_PWY-5899: superpathway of menaquinol-13 biosynthesis","pathway",24.817455,43.4796,18.662145
7,"pathway_PWY-5910: superpathway of geranylgeranyldiphosphate biosynthesis I (via mevalonate)","pathway",2.108325,4.10486,1.996535
7,"pathway_PWY-5913: partial TCA cycle (obligate autotrophs)","pathway",124.481,142.573,18.092
7,"pathway_PWY-5918: superpathway of heme b biosynthesis from glutamate","pathway",3.01523,22.207,19.19177
7,"pathway_PWY-5920: superpathway of heme b biosynthesis from glycine","pathway",1.51728,10.3231,8.80582
7,"pathway_PWY-5941: glycogen degradation II","pathway",1108.265,1326.25,217.985
7,"pathway_PWY-5971: palmitate biosynthesis (type II fatty acid synthase)","pathway",94.86,0,-94.86
7,"pathway_PWY-5973: cis-vaccenate biosynthesis","pathway",293.62,178.855,-114.765
7,"pathway_PWY-5981: CDP-diacylglycerol biosynthesis III","pathway",11.96994,21.3615,9.39156
7,"pathway_PWY-5989: stearate biosynthesis II (bacteria and plants)","pathway",232.2695,151.255,-81.0145
7,"pathway_PWY-5994: palmitate biosynthesis (type I fatty acid synthase)","pathway",28.7073,0,-28.7073
7,"pathway_PWY-6121: 5-aminoimidazole ribonucleotide biosynthesis I","pathway",675.449,841.1,165.651
7,"pathway_PWY-6122: 5-aminoimidazole ribonucleotide biosynthesis II","pathway",739.226,853.082,113.856
7,"pathway_PWY-6123: inosine-5'-phosphate biosynthesis I","pathway",550.723,619.163,68.4400000000001
7,"pathway_PWY-6124: inosine-5'-phosphate biosynthesis II","pathway",563.7415,610.125,46.3835
7,"pathway_PWY-6125: superpathway of guanosine nucleotides de novo biosynthesis II","pathway",109.25415,168.259,59.00485
7,"pathway_PWY-6126: superpathway of adenosine nucleotides de novo biosynthesis II","pathway",154.32795,239.658,85.33005
7,"pathway_PWY-6147: 6-hydroxymethyl-dihydropterin diphosphate biosynthesis I","pathway",74.65005,51.0064,-23.64365
7,"pathway_PWY-6151: S-adenosyl-L-methionine salvage I","pathway",637.4195,795.044,157.6245
7,"pathway_PWY-6163: chorismate biosynthesis from 3-dehydroquinate","pathway",823.1645,902.683,79.5184999999999
7,"pathway_PWY-6168: flavin biosynthesis III (fungi)","pathway",5.3899,11.9878,6.5979
7,"pathway_PWY-621: sucrose degradation III (sucrose invertase)","pathway",202.6185,203.29,0.671500000000009
7,"pathway_PWY-622: starch biosynthesis","pathway",584.875,530.794,-54.081
7,"pathway_PWY-6270: isoprene biosynthesis I","pathway",403.548,421.617,18.069
7,"pathway_PWY-6277: superpathway of 5-aminoimidazole ribonucleotide biosynthesis","pathway",739.226,853.082,113.856
7,"pathway_PWY-6282: palmitoleate biosynthesis I (from (5Z)-dodec-5-enoate)","pathway",215.7065,151.841,-63.8655
7,"pathway_PWY-6284: superpathway of unsaturated fatty acids biosynthesis (E. coli)","pathway",85.5085,0,-85.5085
7,"pathway_PWY-6292: superpathway of L-cysteine biosynthesis (mammalian)","pathway",265.533,206.647,-58.886
7,"pathway_PWY-6293: superpathway of L-cysteine biosynthesis (fungi)","pathway",3.40296,0,-3.40296
7,"pathway_PWY-6305: superpathway of putrescine biosynthesis","pathway",70.670225,24.1716,-46.498625
7,"pathway_PWY-6317: D-galactose degradation I (Leloir pathway)","pathway",541.076,728.079,187.003
7,"pathway_PWY-6353: purine nucleotides degradation II (aerobic)","pathway",67.34,134.507,67.167
7,"pathway_PWY-6385: peptidoglycan biosynthesis III (mycobacteria)","pathway",685.2125,707.562,22.3495
7,"pathway_PWY-6386: UDP-N-acetylmuramoyl-pentapeptide biosynthesis II (lysine-containing)","pathway",801.691,902.787,101.096
7,"pathway_PWY-6387: UDP-N-acetylmuramoyl-pentapeptide biosynthesis I (meso-diaminopimelate containing)","pathway",777.202,841.531,64.329
7,"pathway_PWY-6435: 4-hydroxybenzoate biosynthesis III (plants)","pathway",0,0,0
7,"pathway_PWY-6470: peptidoglycan biosynthesis V (&beta;-lactam resistance)","pathway",131.18755,111.577,-19.61055
7,"pathway_PWY-6507: 4-deoxy-L-threo-hex-4-enopyranuronate degradation","pathway",105.72715,134.652,28.92485
7,"pathway_PWY-6519: 8-amino-7-oxononanoate biosynthesis I","pathway",109.149,74.5942,-34.5548
7,"pathway_PWY-6527: stachyose degradation","pathway",377.3105,503.521,126.2105
7,"pathway_PWY-6531: mannitol cycle","pathway",9.552535,11.8536,2.301065
7,"pathway_PWY-6545: pyrimidine deoxyribonucleotides de novo biosynthesis III","pathway",9.5961,9.6675,0.0714000000000006
7,"pathway_PWY-6549: L-glutamine biosynthesis III","pathway",121.4525,162.173,40.7205
7,"pathway_PWY-6572: chondroitin sulfate degradation I (bacterial)","pathway",1.17676,0,-1.17676
7,"pathway_PWY-6588: pyruvate fermentation to acetone","pathway",4.57027,5.21036,0.64009
7,"pathway_PWY-6590: superpathway of Clostridium acetobutylicum acidogenic fermentation","pathway",38.80195,47.2097,8.40775
7,"pathway_PWY-6595: superpathway of guanosine nucleotides degradation (plants)","pathway",27.32617,0,-27.32617
7,"pathway_PWY-6606: guanosine nucleotides degradation II","pathway",53.5598,76.4234,22.8636
7,"pathway_PWY-6607: guanosine nucleotides degradation I","pathway",24.520565,0,-24.520565
7,"pathway_PWY-6608: guanosine nucleotides degradation III","pathway",101.8283,123.369,21.5407
7,"pathway_PWY-6609: adenine and adenosine salvage III","pathway",562.272,725.42,163.148
7,"pathway_PWY-6612: superpathway of tetrahydrofolate biosynthesis","pathway",12.8508,26.8631,14.0123
7,"pathway_PWY-6628: superpathway of L-phenylalanine biosynthesis","pathway",529.1355,376.89,-152.2455
7,"pathway_PWY-6629: superpathway of L-tryptophan biosynthesis","pathway",599.935,612.746,12.811
7,"pathway_PWY-6630: superpathway of L-tyrosine biosynthesis","pathway",250.0631,89.7964,-160.2667
7,"pathway_PWY-6700: queuosine biosynthesis I (de novo)","pathway",404.5715,545.836,141.2645
7,"pathway_PWY-6703: preQ0 biosynthesis","pathway",107.93135,56.7899,-51.14145
7,"pathway_PWY-6731: starch degradation III","pathway",76.26725,82.5093,6.24204999999999
7,"pathway_PWY-6803: phosphatidylcholine acyl editing","pathway",1.630525,12.6733,11.042775
7,"pathway_PWY-6807: xyloglucan degradation II (exoglucanase)","pathway",18.91535,7.79353,-11.12182
7,"pathway_PWY-6823: molybdopterin biosynthesis","pathway",432.4245,572.636,140.2115
7,"pathway_PWY-6859: all-trans-farnesol biosynthesis","pathway",94.4028,20.4648,-73.938
7,"pathway_PWY-6876: isopropanol biosynthesis (engineered)","pathway",0,0,0
7,"pathway_PWY-6892: thiazole component of thiamine diphosphate biosynthesis I","pathway",223.563,249.072,25.509
7,"pathway_PWY-6895: superpathway of thiamine diphosphate biosynthesis II","pathway",93.634815,53.4217,-40.213115
7,"pathway_PWY-6897: thiamine diphosphate salvage II","pathway",264.48,414.478,149.998
7,"pathway_PWY-6901: superpathway of glucose and xylose degradation","pathway",365.516,267.692,-97.824
7,"pathway_PWY-6902: chitin degradation II (Vibrio)","pathway",177.583,166.494,-11.089
7,"pathway_PWY-6906: chitin derivatives degradation","pathway",1.818435,8.00973,6.191295
7,"pathway_PWY-6920: 6-gingerol analog biosynthesis (engineered)","pathway",0,0,0
7,"pathway_PWY-6922: L-N&delta;-acetylornithine biosynthesis","pathway",1.734734,4.21295,2.478216
7,"pathway_PWY-6936: seleno-amino acid biosynthesis (plants)","pathway",401.171,357.308,-43.8630000000001
7,"pathway_PWY-6961: L-ascorbate degradation II (bacterial, aerobic)","pathway",3.582625,10.6442,7.061575
7,"pathway_PWY-6969: TCA cycle V (2-oxoglutarate synthase)","pathway",78.30745,80.182,1.87455
7,"pathway_PWY-6992: 1,5-anhydrofructose degradation","pathway",0,2.48755,2.48755
7,"pathway_PWY-7013: (S)-propane-1,2-diol degradation","pathway",13.2274,17.1436,3.9162
7,"pathway_PWY-702: L-methionine biosynthesis II","pathway",387.557,291.144,-96.413
7,"pathway_PWY-7111: pyruvate fermentation to isobutanol (engineered)","pathway",831.3285,832.557,1.22849999999994
7,"pathway_PWY-7115: C4 photosynthetic carbon assimilation cycle, NAD-ME type","pathway",185.7595,118.609,-67.1505
7,"pathway_PWY-7117: C4 photosynthetic carbon assimilation cycle, PEPCK type","pathway",335.0755,285.741,-49.3345
7,"pathway_PWY-7118: chitin deacetylation","pathway",1.380405,8.14088,6.760475
7,"pathway_PWY-7184: pyrimidine deoxyribonucleotides de novo biosynthesis I","pathway",9.60301,9.67623,0.073220000000001
7,"pathway_PWY-7185: UTP and CTP dephosphorylation I","pathway",7.53424,6.71384,-0.8204
7,"pathway_PWY-7196: superpathway of pyrimidine ribonucleosides salvage","pathway",11.8852,0,-11.8852
7,"pathway_PWY-7197: pyrimidine deoxyribonucleotide phosphorylation","pathway",64.2495,102.59,38.3405
7,"pathway_PWY-7198: pyrimidine deoxyribonucleotides de novo biosynthesis IV","pathway",92.66655,132.336,39.66945
7,"pathway_PWY-7199: pyrimidine deoxyribonucleosides salvage","pathway",291.4445,331.83,40.3855
7,"pathway_PWY-7204: pyridoxal 5'-phosphate salvage II (plants)","pathway",0.935085,3.01766,2.082575
7,"pathway_PWY-7208: superpathway of pyrimidine nucleobases salvage","pathway",94.82525,152.825,57.99975
7,"pathway_PWY-7209: superpathway of pyrimidine ribonucleosides degradation","pathway",0,1.60138,1.60138
7,"pathway_PWY-7210: pyrimidine deoxyribonucleotides biosynthesis from CTP","pathway",10.181525,10.6079,0.426375
7,"pathway_PWY-7211: superpathway of pyrimidine deoxyribonucleotides de novo biosynthesis","pathway",16.6577,17.1341,0.476399999999998
7,"pathway_PWY-7220: adenosine deoxyribonucleotides de novo biosynthesis II","pathway",76.18925,116.296,40.10675
7,"pathway_PWY-7221: guanosine ribonucleotides de novo biosynthesis","pathway",677.8755,745.716,67.8405
7,"pathway_PWY-7222: guanosine deoxyribonucleotides de novo biosynthesis II","pathway",76.18925,116.296,40.10675
7,"pathway_PWY-7228: superpathway of guanosine nucleotides de novo biosynthesis I","pathway",132.69035,202.793,70.10265
7,"pathway_PWY-7229: superpathway of adenosine nucleotides de novo biosynthesis I","pathway",227.32145,348.988,121.66655
7,"pathway_PWY-7234: inosine-5'-phosphate biosynthesis III","pathway",183.7421,118.264,-65.4781
7,"pathway_PWY-7237: myo-, chiro- and scyllo-inositol degradation","pathway",270.2785,432.75,162.4715
7,"pathway_PWY-7238: sucrose biosynthesis II","pathway",1193.28,1406.21,212.93
7,"pathway_PWY-7242: D-fructuronate degradation","pathway",165.7955,181.471,15.6755
7,"pathway_PWY-724: superpathway of L-lysine, L-threonine and L-methionine biosynthesis II","pathway",607.829,627.044,19.215
7,"pathway_PWY-7254: TCA cycle VII (acetate-producers)","pathway",0,2.54789,2.54789
7,"pathway_PWY-7282: 4-amino-2-methyl-5-diphosphomethylpyrimidine biosynthesis II","pathway",80.5564,72.8074,-7.749
7,"pathway_PWY-7312: dTDP-&beta;-D-fucofuranose biosynthesis","pathway",0,0,0
7,"pathway_PWY-7315: dTDP-N-acetylthomosamine biosynthesis","pathway",4.48278,37.3408,32.85802
7,"pathway_PWY-7323: superpathway of GDP-mannose-derived O-antigen building blocks biosynthesis","pathway",106.354,163.391,57.037
7,"pathway_PWY-7328: superpathway of UDP-glucose-derived O-antigen building blocks biosynthesis","pathway",201.5345,155.122,-46.4125
7,"pathway_PWY-7345: superpathway of anaerobic sucrose degradation","pathway",69.32825,89.2077,19.87945
7,"pathway_PWY-7356: thiamine diphosphate salvage IV (yeast)","pathway",250.318,163.633,-86.685
7,"pathway_PWY-7357: thiamine phosphate formation from pyrithiamine and oxythiamine (yeast)","pathway",568.032,710.216,142.184
7,"pathway_PWY-7371: 1,4-dihydroxy-6-naphthoate biosynthesis II","pathway",0,0,0
7,"pathway_PWY-7383: anaerobic energy metabolism (invertebrates, cytosol)","pathway",25.79455,16.1846,-9.60995
7,"pathway_PWY-7385: 1,3-propanediol biosynthesis (engineered)","pathway",1.164736,26.3339,25.169164
7,"pathway_PWY-7388: octanoyl-[acyl-carrier protein] biosynthesis (mitochondria, yeast)","pathway",128.357,0,-128.357
7,"pathway_PWY-7392: taxadiene biosynthesis (engineered)","pathway",179.56025,48.5694,-130.99085
7,"pathway_PWY-7400: L-arginine biosynthesis IV (archaebacteria)","pathway",187.853,650.005,462.152
7,"pathway_PWY-7456: &beta;-(1,4)-mannan degradation","pathway",144.49865,41.9291,-102.56955
7,"pathway_PWY-7560: methylerythritol phosphate pathway II","pathway",389.146,407.524,18.378
7,"pathway_PWY-7663: gondoate biosynthesis (anaerobic)","pathway",401.342,196.834,-204.508
7,"pathway_PWY-7664: oleate biosynthesis IV (anaerobic)","pathway",225.498,165.172,-60.326
7,"pathway_PWY-7688: dTDP-&alpha;-D-ravidosamine and dTDP-4-acetyl-&alpha;-D-ravidosamine biosynthesis","pathway",0,0,0
7,"pathway_PWY-7761: NAD salvage pathway II (PNC IV cycle)","pathway",54.9082,45.4634,-9.4448
7,"pathway_PWY-7790: UMP biosynthesis II","pathway",806.76,952.731,145.971
7,"pathway_PWY-7791: UMP biosynthesis III","pathway",806.76,952.731,145.971
7,"pathway_PWY-7851: coenzyme A biosynthesis II (eukaryotic)","pathway",541.089,536.971,-4.11799999999994
7,"pathway_PWY-7883: anhydromuropeptides recycling II","pathway",7.072317,12.6977,5.625383
7,"pathway_PWY-7942: 5-oxo-L-proline metabolism","pathway",0.97726,10.7076,9.73034
7,"pathway_PWY-7953: UDP-N-acetylmuramoyl-pentapeptide biosynthesis III (meso-diaminopimelate containing)","pathway",668.791,691.147,22.3560000000001
7,"pathway_PWY-7977: L-methionine biosynthesis IV","pathway",629.7735,649.538,19.7645
7,"pathway_PWY-7992: superpathway of menaquinol-8 biosynthesis III","pathway",0,0,0
7,"pathway_PWY-8004: Entner-Doudoroff pathway I","pathway",240.1625,127.083,-113.0795
7,"pathway_PWY-801: homocysteine and cysteine interconversion","pathway",2.050335,0,-2.050335
7,"pathway_PWY-8073: lipid IVA biosynthesis (P. putida)","pathway",14.8355,19.4902,4.6547
7,"pathway_PWY-8131: 5'-deoxyadenosine degradation II","pathway",7.215935,27.6275,20.411565
7,"pathway_PWY-8178: pentose phosphate pathway (non-oxidative branch) II","pathway",572.463,809.147,236.684
7,"pathway_PWY-8187: L-arginine degradation XIII (reductive Stickland reaction)","pathway",84.65025,482.125,397.47475
7,"pathway_PWY-8188: L-alanine degradation VI (reductive Stickland reaction)","pathway",0,0,0
7,"pathway_PWY-8189: L-alanine degradation V (oxidative Stickland reaction)","pathway",0,0,0
7,"pathway_PWY-821: superpathway of sulfur amino acid biosynthesis (Saccharomyces cerevisiae)","pathway",5.851355,13.2053,7.353945
7,"pathway_PWY-822: fructan biosynthesis","pathway",2.167485,3.11685,0.949365
7,"pathway_PWY-841: superpathway of purine nucleotides de novo biosynthesis I","pathway",191.01005,295.194,104.18395
7,"pathway_PWY-922: mevalonate pathway I (eukaryotes and bacteria)","pathway",1.48641,3.04652,1.56011
7,"pathway_PWY-I9: L-cysteine biosynthesis VI (from L-methionine)","pathway",623.275,464.229,-159.046
7,"pathway_PWY0-1061: superpathway of L-alanine biosynthesis","pathway",341.991,410.598,68.607
7,"pathway_PWY0-1241: ADP-L-glycero-&beta;-D-manno-heptose biosynthesis","pathway",4.989555,9.79652,4.806965
7,"pathway_PWY0-1261: anhydromuropeptides recycling I","pathway",11.02424,26.7127,15.68846
7,"pathway_PWY0-1296: purine ribonucleosides degradation","pathway",516.43,677.792,161.362
7,"pathway_PWY0-1297: superpathway of purine deoxyribonucleosides degradation","pathway",136.30835,33.6322,-102.67615
7,"pathway_PWY0-1298: superpathway of pyrimidine deoxyribonucleosides degradation","pathway",41.88055,30.7094,-11.17115
7,"pathway_PWY0-1319: CDP-diacylglycerol biosynthesis II","pathway",474.3855,498.312,23.9265
7,"pathway_PWY0-1415: superpathway of heme b biosynthesis from uroporphyrinogen-III","pathway",0,3.8913,3.8913
7,"pathway_PWY0-1477: ethanolamine utilization","pathway",125.72195,47.427,-78.29495
7,"pathway_PWY0-1479: tRNA processing","pathway",156.365,143.882,-12.483
7,"pathway_PWY0-1586: peptidoglycan maturation (meso-diaminopimelate containing)","pathway",144.50495,359.005,214.50005
7,"pathway_PWY0-162: superpathway of pyrimidine ribonucleotides de novo biosynthesis","pathway",169.3173,239.844,70.5267
7,"pathway_PWY0-166: superpathway of pyrimidine deoxyribonucleotides de novo biosynthesis (E. coli)","pathway",0.683435,7.39476,6.711325
7,"pathway_PWY0-301: L-ascorbate degradation I (bacterial, anaerobic)","pathway",3.566665,10.3776,6.810935
7,"pathway_PWY0-42: 2-methylcitrate cycle I","pathway",0.796318,1.69128,0.894962
7,"pathway_PWY0-781: aspartate superpathway","pathway",16.04675,69.0631,53.01635
7,"pathway_PWY0-845: superpathway of pyridoxal 5'-phosphate biosynthesis and salvage","pathway",39.55401,28.0399,-11.51411
7,"pathway_PWY0-862: (5Z)-dodecenoate biosynthesis I","pathway",212.054,159.59,-52.464
7,"pathway_PWY1ZNC-1: assimilatory sulfate reduction IV","pathway",5.095585,22.4076,17.312015
7,"pathway_PWY3O-4107: NAD salvage pathway V (PNC V cycle)","pathway",23.08895,20.3627,-2.72625
7,"pathway_PWY490-3: nitrate reduction VI (assimilatory)","pathway",3.716695,3.51702,-0.199675
7,"pathway_PWY4FS-7: phosphatidylglycerol biosynthesis I (plastidic)","pathway",186.069,214.918,28.849
7,"pathway_PWY4FS-8: phosphatidylglycerol biosynthesis II (non-plastidic)","pathway",186.069,214.918,28.849
7,"pathway_PWY4LZ-257: superpathway of fermentation (Chlamydomonas reinhardtii)","pathway",26.58075,26.5127,-0.0680499999999995
7,"pathway_PWY66-389: phytol degradation","pathway",0.57099,0.113272,-0.457718
7,"pathway_PWY66-391: fatty acid &beta;-oxidation VI (mammalian peroxisome)","pathway",7.382325,10.6782,3.295875
7,"pathway_PWY66-399: gluconeogenesis III","pathway",31.06845,22.5676,-8.50085
7,"pathway_PWY66-409: superpathway of purine nucleotide salvage","pathway",52.35745,73.2397,20.88225
7,"pathway_PWY66-429: fatty acid biosynthesis initiation (mitochondria)","pathway",583.9305,550.228,-33.7025
7,"pathway_PWY66-430: myristate biosynthesis (mitochondria)","pathway",127.6465,0,-127.6465
7,"pathway_PYRIDNUCSAL-PWY: NAD salvage pathway I (PNC VI cycle)","pathway",26.7637,23.4987,-3.265
7,"pathway_PYRIDNUCSYN-PWY: NAD de novo biosynthesis I (from aspartate)","pathway",368.446,371.008,2.56199999999995
7,"pathway_PYRIDOXSYN-PWY: pyridoxal 5'-phosphate biosynthesis I","pathway",30.595565,20.11,-10.485565
7,"pathway_REDCITCYC: TCA cycle VI (Helicobacter)","pathway",0.525395,5.51261,4.987215
7,"pathway_RHAMCAT-PWY: L-rhamnose degradation I","pathway",121.6262,126.621,4.9948
7,"pathway_RIBOSYN2-PWY: flavin biosynthesis I (bacteria and plants)","pathway",376.4295,484.638,108.2085
7,"pathway_RUMP-PWY: formaldehyde oxidation I","pathway",1.120995,4.45708,3.336085
7,"pathway_SALVADEHYPOX-PWY: adenosine nucleotides degradation II","pathway",37.32265,86.9796,49.65695
7,"pathway_SER-GLYSYN-PWY: superpathway of L-serine and glycine biosynthesis I","pathway",476.346,630.766,154.42
7,"pathway_SO4ASSIM-PWY: assimilatory sulfate reduction I","pathway",5.850195,19.3634,13.513205
7,"pathway_SULFATE-CYS-PWY: superpathway of sulfate assimilation and cysteine biosynthesis","pathway",12.941295,41.3767,28.435405
7,"pathway_TCA-GLYOX-BYPASS: superpathway of glyoxylate bypass and TCA","pathway",3.37905,16.9007,13.52165
7,"pathway_TCA: TCA cycle I (prokaryotic)","pathway",8.3044,23.0623,14.7579
7,"pathway_THISYN-PWY: superpathway of thiamine diphosphate biosynthesis I","pathway",202.1325,182.372,-19.7605
7,"pathway_THISYNARA-PWY: superpathway of thiamine diphosphate biosynthesis III (eukaryotes)","pathway",284.303,397.997,113.694
7,"pathway_THRESYN-PWY: superpathway of L-threonine biosynthesis","pathway",580.335,563.09,-17.245
7,"pathway_TRNA-CHARGING-PWY: tRNA charging","pathway",728.2565,842.655,114.3985
7,"pathway_TRPSYN-PWY: L-tryptophan biosynthesis","pathway",447.7245,431.855,-15.8695
7,"pathway_UDPNAGSYN-PWY: UDP-N-acetyl-D-glucosamine biosynthesis I","pathway",426.899,514.304,87.405
7,"pathway_VALSYN-PWY: L-valine biosynthesis","pathway",1043.205,1015.06,-28.145
9,"pathway_1CMET2-PWY: folate transformations III (E. coli)","pathway",418.349,399.784,-18.565
9,"pathway_ALLANTOINDEG-PWY: superpathway of allantoin degradation in yeast","pathway",0,0,0
9,"pathway_ANAEROFRUCAT-PWY: homolactic fermentation","pathway",247.1055,352.025,104.9195
9,"pathway_ANAGLYCOLYSIS-PWY: glycolysis III (from glucose)","pathway",811.166,772.019,-39.1469999999999
9,"pathway_ARG+POLYAMINE-SYN: superpathway of arginine and polyamine biosynthesis","pathway",9.6604,13.6114,3.951
9,"pathway_ARGININE-SYN4-PWY: L-ornithine biosynthesis II","pathway",75.4897,42.248,-33.2417
9,"pathway_ARGSYN-PWY: L-arginine biosynthesis I (via L-ornithine)","pathway",986.67,941.246,-45.424
9,"pathway_ARGSYNBSUB-PWY: L-arginine biosynthesis II (acetyl cycle)","pathway",1035.015,999.021,-35.9939999999999
9,"pathway_ARO-PWY: chorismate biosynthesis I","pathway",926.0545,914.508,-11.5464999999999
9,"pathway_ASPASN-PWY: superpathway of L-aspartate and L-asparagine biosynthesis","pathway",265.4245,271.711,6.28650000000005
9,"pathway_BIOTIN-BIOSYNTHESIS-PWY: biotin biosynthesis I","pathway",47.70265,38.2889,-9.41375
9,"pathway_BRANCHED-CHAIN-AA-SYN-PWY: superpathway of branched chain amino acid biosynthesis","pathway",878.2945,905.046,26.7515000000001
9,"pathway_CALVIN-PWY: Calvin-Benson-Bassham cycle","pathway",789.142,780.12,-9.02200000000005
9,"pathway_CENTFERM-PWY: pyruvate fermentation to butanoate","pathway",50.6559,64.6575,14.0016
9,"pathway_CITRULBIO-PWY: L-citrulline biosynthesis","pathway",110.2295,42.4177,-67.8118
9,"pathway_COA-PWY-1: superpathway of coenzyme A biosynthesis III (mammals)","pathway",624.6735,583.856,-40.8175
9,"pathway_COA-PWY: coenzyme A biosynthesis I (prokaryotic)","pathway",622.7385,584.359,-38.3795
9,"pathway_COBALSYN-PWY: superpathway of adenosylcobalamin salvage from cobinamide I","pathway",368.729,309.424,-59.305
9,"pathway_COLANSYN-PWY: colanic acid building blocks biosynthesis","pathway",174.437,273.207,98.77
9,"pathway_COMPLETE-ARO-PWY: superpathway of aromatic amino acid biosynthesis","pathway",952.469,920.106,-32.3630000000001
9,"pathway_DAPLYSINESYN-PWY: L-lysine biosynthesis I","pathway",50.6021,113.924,63.3219
9,"pathway_DTDPRHAMSYN-PWY: dTDP-&beta;-L-rhamnose biosynthesis","pathway",874.2975,962.9,88.6025
9,"pathway_FAO-PWY: fatty acid &beta;-oxidation I (generic)","pathway",0,0,0
9,"pathway_FASYN-ELONG-PWY: fatty acid elongation -- saturated","pathway",45.3125,40.2227,-5.0898
9,"pathway_FASYN-INITIAL-PWY: superpathway of fatty acid biosynthesis initiation (E. coli)","pathway",0,30.5973,30.5973
9,"pathway_FERMENTATION-PWY: mixed acid fermentation","pathway",191.248,159.792,-31.456
9,"pathway_FOLSYN-PWY: superpathway of tetrahydrofolate biosynthesis and salvage","pathway",21.32346,4.30996,-17.0135
9,"pathway_FUC-RHAMCAT-PWY: superpathway of fucose and rhamnose degradation","pathway",62.1791,31.8739,-30.3052
9,"pathway_FUCCAT-PWY: fucose degradation","pathway",53.70515,25.8819,-27.82325
9,"pathway_GALACT-GLUCUROCAT-PWY: superpathway of hexuronide and hexuronate degradation","pathway",16.762935,3.45297,-13.309965
9,"pathway_GALACTARDEG-PWY: D-galactarate degradation I","pathway",0,0,0
9,"pathway_GALACTITOLCAT-PWY: galactitol degradation","pathway",0,0,0
9,"pathway_GALACTUROCAT-PWY: D-galacturonate degradation I","pathway",137.0115,85.2044,-51.8071
9,"pathway_GLCMANNANAUT-PWY: superpathway of N-acetylglucosamine, N-acetylmannosamine and N-acetylneuraminate degradation","pathway",248.8165,265.545,16.7285
9,"pathway_GLUCARDEG-PWY: D-glucarate degradation I","pathway",0,0,0
9,"pathway_GLUCARGALACTSUPER-PWY: superpathway of D-glucarate and D-galactarate degradation","pathway",0,0,0
9,"pathway_GLUCONEO-PWY: gluconeogenesis I","pathway",285.177,359.401,74.224
9,"pathway_GLUCOSE1PMETAB-PWY: glucose and glucose-1-phosphate degradation","pathway",427.9075,0,-427.9075
9,"pathway_GLUCUROCAT-PWY: superpathway of &beta;-D-glucuronosides degradation","pathway",191.616,185.364,-6.25200000000001
9,"pathway_GLUDEG-I-PWY: GABA shunt","pathway",11.4954,3.50222,-7.99318
9,"pathway_GLUTORN-PWY: L-ornithine biosynthesis I","pathway",849.966,825.781,-24.1850000000001
9,"pathway_GLYCOCAT-PWY: glycogen degradation I","pathway",18.56855,11.5681,-7.00045
9,"pathway_GLYCOGENSYNTH-PWY: glycogen biosynthesis I (from ADP-D-Glucose)","pathway",1078.205,1046.57,-31.635
9,"pathway_GLYCOLYSIS-E-D: superpathway of glycolysis and the Entner-Doudoroff pathway","pathway",49.09915,38.5186,-10.58055
9,"pathway_GLYCOLYSIS: glycolysis I (from glucose 6-phosphate)","pathway",250.624,407.994,157.37
9,"pathway_GLYOXYLATE-BYPASS: glyoxylate cycle","pathway",0,0,0
9,"pathway_GOLPDLCAT-PWY: superpathway of glycerol degradation to 1,3-propanediol","pathway",78.0183,69.6049,-8.4134
9,"pathway_HEME-BIOSYNTHESIS-II-1: heme b biosynthesis V (aerobic)","pathway",0,0,0
9,"pathway_HEME-BIOSYNTHESIS-II: heme b biosynthesis I (aerobic)","pathway",5.056245,2.34391,-2.712335
9,"pathway_HEMESYN2-PWY: heme b biosynthesis II (oxygen-independent)","pathway",23.38685,22.8676,-0.51925
9,"pathway_HEXITOLDEGSUPER-PWY: superpathway of hexitol degradation (bacteria)","pathway",0,0,0
9,"pathway_HISDEG-PWY: L-histidine degradation I","pathway",83.8949,38.1965,-45.6984
9,"pathway_HISTSYN-PWY: L-histidine biosynthesis","pathway",565.181,624.541,59.36
9,"pathway_HOMOSER-METSYN-PWY: L-methionine biosynthesis I","pathway",16.322815,3.9932,-12.329615
9,"pathway_HSERMETANA-PWY: L-methionine biosynthesis III","pathway",515.4645,474.989,-40.4755000000001
9,"pathway_ILEUSYN-PWY: L-isoleucine biosynthesis I (from threonine)","pathway",913.871,949.512,35.6409999999998
9,"pathway_KETOGLUCONMET-PWY: ketogluconate metabolism","pathway",0,0,0
9,"pathway_LACTOSECAT-PWY: lactose and galactose degradation I","pathway",106.996,82.8963,-24.0997
9,"pathway_MET-SAM-PWY: superpathway of S-adenosyl-L-methionine biosynthesis","pathway",31.51815,7.94228,-23.57587
9,"pathway_METH-ACETATE-PWY: methanogenesis from acetate","pathway",370.8425,372.187,1.34450000000004
9,"pathway_METHGLYUT-PWY: superpathway of methylglyoxal degradation","pathway",0.821765,1.61266,0.790895
9,"pathway_METSYN-PWY: superpathway of L-homoserine and L-methionine biosynthesis","pathway",27.92085,6.96133,-20.95952
9,"pathway_NAD-BIOSYNTHESIS-II: NAD salvage pathway III (to nicotinamide riboside)","pathway",4.03769,5.05774,1.02005
9,"pathway_NAGLIPASYN-PWY: lipid IVA biosynthesis (E. coli)","pathway",16.509955,2.77417,-13.735785
9,"pathway_NONMEVIPP-PWY: methylerythritol phosphate pathway I","pathway",757.982,690.035,-67.947
9,"pathway_NONOXIPENT-PWY: pentose phosphate pathway (non-oxidative branch) I","pathway",638.998,638.928,-0.07000000000005
9,"pathway_OANTIGEN-PWY: O-antigen building blocks biosynthesis (E. coli)","pathway",292.609,439.067,146.458
9,"pathway_ORNDEG-PWY: superpathway of ornithine degradation","pathway",0,0,0
9,"pathway_P105-PWY: TCA cycle IV (2-oxoglutarate decarboxylase)","pathway",0,0,0
9,"pathway_P108-PWY: pyruvate fermentation to propanoate I","pathway",0,0,0
9,"pathway_P122-PWY: heterolactic fermentation","pathway",3.778765,0,-3.778765
9,"pathway_P124-PWY: Bifidobacterium shunt","pathway",3.94382,72.7635,68.81968
9,"pathway_P125-PWY: superpathway of (R,R)-butanediol biosynthesis","pathway",10.3135,35.7572,25.4437
9,"pathway_P161-PWY: acetylene degradation (anaerobic)","pathway",16.81475,16.8312,0.016449999999999
9,"pathway_P164-PWY: purine nucleobases degradation I (anaerobic)","pathway",218.324,115.15,-103.174
9,"pathway_P185-PWY: formaldehyde assimilation III (dihydroxyacetone cycle)","pathway",10.29426,5.01688,-5.27738
9,"pathway_P23-PWY: reductive TCA cycle I","pathway",0,0,0
9,"pathway_P4-PWY: superpathway of L-lysine, L-threonine and L-methionine biosynthesis I","pathway",36.93985,15.4826,-21.45725
9,"pathway_P41-PWY: pyruvate fermentation to acetate and (S)-lactate I","pathway",514.8095,532.851,18.0415
9,"pathway_P42-PWY: incomplete reductive TCA cycle","pathway",13.12897,0,-13.12897
9,"pathway_P441-PWY: superpathway of N-acetylneuraminate degradation","pathway",82.385,55.8515,-26.5335
9,"pathway_P461-PWY: hexitol fermentation to lactate, formate, ethanol and acetate","pathway",36.15135,16.2956,-19.85575
9,"pathway_P621-PWY: nylon-6 oligomer degradation","pathway",3.8214,21.2154,17.394
9,"pathway_PANTO-PWY: phosphopantothenate biosynthesis I","pathway",477.1755,379.827,-97.3485
9,"pathway_PANTOSYN-PWY: superpathway of coenzyme A biosynthesis I (bacteria)","pathway",453.352,391.947,-61.405
9,"pathway_PENTOSE-P-PWY: pentose phosphate pathway","pathway",141.467,113.775,-27.692
9,"pathway_PEPTIDOGLYCANSYN-PWY: peptidoglycan biosynthesis I (meso-diaminopimelate containing)","pathway",840.5005,806.249,-34.2515
9,"pathway_PHOSLIPSYN-PWY: superpathway of phospholipid biosynthesis I (bacteria)","pathway",260.528,250.957,-9.57100000000003
9,"pathway_POLYAMINSYN3-PWY: superpathway of polyamine biosynthesis II","pathway",0,0,0
9,"pathway_POLYAMSYN-PWY: superpathway of polyamine biosynthesis I","pathway",5.02955,8.25753,3.22798
9,"pathway_POLYISOPRENSYN-PWY: polyisoprenoid biosynthesis (E. coli)","pathway",76.2796,19.6132,-56.6664
9,"pathway_PPGPPMET-PWY: ppGpp metabolism","pathway",56.0564,21.5503,-34.5061
9,"pathway_PROPFERM-PWY: superpathway of L-alanine fermentation (Stickland reaction)","pathway",14.93458,0,-14.93458
9,"pathway_PWY-1042: glycolysis IV","pathway",1052.959,1079.28,26.3209999999999
9,"pathway_PWY-1269: CMP-3-deoxy-D-manno-octulosonate biosynthesis","pathway",37.38825,22.9737,-14.41455
9,"pathway_PWY-1861: formaldehyde assimilation II (assimilatory RuMP Cycle)","pathway",98.3967,48.524,-49.8727
9,"pathway_PWY-241: C4 photosynthetic carbon assimilation cycle, NADP-ME type","pathway",55.9619,99.7389,43.777
9,"pathway_PWY-2941: L-lysine biosynthesis II","pathway",109.54055,269.537,159.99645
9,"pathway_PWY-2942: L-lysine biosynthesis III","pathway",579.224,537.66,-41.5640000000001
9,"pathway_PWY-3001: superpathway of L-isoleucine biosynthesis I","pathway",505.903,570.648,64.745
9,"pathway_PWY-3841: folate transformations II (plants)","pathway",621.5775,558.566,-63.0115000000001
9,"pathway_PWY-4041: &gamma;-glutamyl cycle","pathway",126.6055,196.938,70.3325
9,"pathway_PWY-4984: urea cycle","pathway",69.5257,35.5184,-34.0073
9,"pathway_PWY-5004: superpathway of L-citrulline metabolism","pathway",0,0,0
9,"pathway_PWY-5005: biotin biosynthesis II","pathway",2.13387,0,-2.13387
9,"pathway_PWY-5022: 4-aminobutanoate degradation V","pathway",10.039075,3.16699,-6.872085
9,"pathway_PWY-5030: L-histidine degradation III","pathway",61.96835,36.7939,-25.17445
9,"pathway_PWY-5097: L-lysine biosynthesis VI","pathway",690.718,668.291,-22.427
9,"pathway_PWY-5100: pyruvate fermentation to acetate and lactate II","pathway",514.8095,532.851,18.0415
9,"pathway_PWY-5103: L-isoleucine biosynthesis III","pathway",809.3405,852.744,43.4035
9,"pathway_PWY-5104: L-isoleucine biosynthesis IV","pathway",0,0,0
9,"pathway_PWY-5121: superpathway of geranylgeranyl diphosphate biosynthesis II (via MEP)","pathway",167.0695,38.0648,-129.0047
9,"pathway_PWY-5130: 2-oxobutanoate degradation I","pathway",7.058495,3.95247,-3.106025
9,"pathway_PWY-5136: fatty acid &beta;-oxidation II (plant peroxisome)","pathway",4.159365,1.77879,-2.380575
9,"pathway_PWY-5138: fatty acid &beta;-oxidation IV (unsaturated, even number)","pathway",0,0,0
9,"pathway_PWY-5154: L-arginine biosynthesis III (via N-acetyl-L-citrulline)","pathway",113.7455,84.7192,-29.0263
9,"pathway_PWY-5188: tetrapyrrole biosynthesis I (from glutamate)","pathway",256.798,220.847,-35.951
9,"pathway_PWY-5189: tetrapyrrole biosynthesis II (from glycine)","pathway",2.530185,4.44629,1.916105
9,"pathway_PWY-5345: superpathway of L-methionine biosynthesis (by sulfhydrylation)","pathway",9.33455,0,-9.33455
9,"pathway_PWY-5347: superpathway of L-methionine biosynthesis (transsulfuration)","pathway",31.16965,7.92006,-23.24959
9,"pathway_PWY-5367: petroselinate biosynthesis","pathway",13.298255,0,-13.298255
9,"pathway_PWY-5384: sucrose degradation IV (sucrose phosphorylase)","pathway",251.6825,458.128,206.4455
9,"pathway_PWY-5484: glycolysis II (from fructose 6-phosphate)","pathway",206.9655,318.201,111.2355
9,"pathway_PWY-5494: pyruvate fermentation to propanoate II (acrylate pathway)","pathway",7.26809,0,-7.26809
9,"pathway_PWY-5497: purine nucleobases degradation II (anaerobic)","pathway",56.184,15.4317,-40.7523
9,"pathway_PWY-5505: L-glutamate and L-glutamine biosynthesis","pathway",129.267,78.9378,-50.3292
9,"pathway_PWY-561: superpathway of glyoxylate cycle and fatty acid degradation","pathway",0,0,0
9,"pathway_PWY-5656: mannosylglycerate biosynthesis I","pathway",0,0,0
9,"pathway_PWY-5659: GDP-mannose biosynthesis","pathway",185.7255,271.765,86.0395
9,"pathway_PWY-5667: CDP-diacylglycerol biosynthesis I","pathway",709.2555,716.302,7.04650000000004
9,"pathway_PWY-5675: nitrate reduction V (assimilatory)","pathway",0,0,0
9,"pathway_PWY-5676: acetyl-CoA fermentation to butanoate II","pathway",89.16405,145.149,55.98495
9,"pathway_PWY-5677: succinate fermentation to butanoate","pathway",2.696675,0,-2.696675
9,"pathway_PWY-5686: UMP biosynthesis I","pathway",918.343,886.124,-32.2190000000001
9,"pathway_PWY-5690: TCA cycle II (plants and fungi)","pathway",2.458525,0,-2.458525
9,"pathway_PWY-5695: inosine 5'-phosphate degradation","pathway",442.429,280.062,-162.367
9,"pathway_PWY-5723: Rubisco shunt","pathway",0,0,0
9,"pathway_PWY-5837: 2-carboxy-1,4-naphthoquinol biosynthesis","pathway",0,0,0
9,"pathway_PWY-5838: superpathway of menaquinol-8 biosynthesis I","pathway",0,0,0
9,"pathway_PWY-5840: superpathway of menaquinol-7 biosynthesis","pathway",0,0,0
9,"pathway_PWY-5845: superpathway of menaquinol-9 biosynthesis","pathway",0,0,0
9,"pathway_PWY-5861: superpathway of demethylmenaquinol-8 biosynthesis I","pathway",0,0,0
9,"pathway_PWY-5862: superpathway of demethylmenaquinol-9 biosynthesis","pathway",0,0,0
9,"pathway_PWY-5897: superpathway of menaquinol-11 biosynthesis","pathway",0,0,0
9,"pathway_PWY-5898: superpathway of menaquinol-12 biosynthesis","pathway",0,0,0
9,"pathway_PWY-5899: superpathway of menaquinol-13 biosynthesis","pathway",0,0,0
9,"pathway_PWY-5910: superpathway of geranylgeranyldiphosphate biosynthesis I (via mevalonate)","pathway",0,0,0
9,"pathway_PWY-5913: partial TCA cycle (obligate autotrophs)","pathway",43.6963,72.5566,28.8603
9,"pathway_PWY-5918: superpathway of heme b biosynthesis from glutamate","pathway",4.19486,4.60226,0.4074
9,"pathway_PWY-5920: superpathway of heme b biosynthesis from glycine","pathway",0,0,0
9,"pathway_PWY-5941: glycogen degradation II","pathway",1263.17,1279.98,16.8099999999999
9,"pathway_PWY-5971: palmitate biosynthesis (type II fatty acid synthase)","pathway",48.86715,0,-48.86715
9,"pathway_PWY-5973: cis-vaccenate biosynthesis","pathway",130.4255,79.477,-50.9485
9,"pathway_PWY-5981: CDP-diacylglycerol biosynthesis III","pathway",29.20445,122.986,93.78155
9,"pathway_PWY-5989: stearate biosynthesis II (bacteria and plants)","pathway",37.5244,35.3105,-2.2139
9,"pathway_PWY-5994: palmitate biosynthesis (type I fatty acid synthase)","pathway",4.20612,0,-4.20612
9,"pathway_PWY-6121: 5-aminoimidazole ribonucleotide biosynthesis I","pathway",859.506,924.631,65.1249999999999
9,"pathway_PWY-6122: 5-aminoimidazole ribonucleotide biosynthesis II","pathway",857.0625,918.765,61.7025
9,"pathway_PWY-6123: inosine-5'-phosphate biosynthesis I","pathway",564.9835,647.475,82.4915
9,"pathway_PWY-6124: inosine-5'-phosphate biosynthesis II","pathway",535.944,625.041,89.0970000000001
9,"pathway_PWY-6125: superpathway of guanosine nucleotides de novo biosynthesis II","pathway",145.4235,167.261,21.8375
9,"pathway_PWY-6126: superpathway of adenosine nucleotides de novo biosynthesis II","pathway",201.488,236.571,35.083
9,"pathway_PWY-6147: 6-hydroxymethyl-dihydropterin diphosphate biosynthesis I","pathway",95.115,81.186,-13.929
9,"pathway_PWY-6151: S-adenosyl-L-methionine salvage I","pathway",638.881,672.531,33.6499999999999
9,"pathway_PWY-6163: chorismate biosynthesis from 3-dehydroquinate","pathway",990.714,969.022,-21.6919999999999
9,"pathway_PWY-6168: flavin biosynthesis III (fungi)","pathway",0,53.472,53.472
9,"pathway_PWY-621: sucrose degradation III (sucrose invertase)","pathway",232.4935,376.551,144.0575
9,"pathway_PWY-622: starch biosynthesis","pathway",12.8895,156.483,143.5935
9,"pathway_PWY-6270: isoprene biosynthesis I","pathway",565.0445,587.59,22.5455000000001
9,"pathway_PWY-6277: superpathway of 5-aminoimidazole ribonucleotide biosynthesis","pathway",857.0625,918.765,61.7025
9,"pathway_PWY-6282: palmitoleate biosynthesis I (from (5Z)-dodec-5-enoate)","pathway",36.7785,33.8169,-2.9616
9,"pathway_PWY-6284: superpathway of unsaturated fatty acids biosynthesis (E. coli)","pathway",23.9575,0,-23.9575
9,"pathway_PWY-6292: superpathway of L-cysteine biosynthesis (mammalian)","pathway",151.977,132.256,-19.721
9,"pathway_PWY-6293: superpathway of L-cysteine biosynthesis (fungi)","pathway",21.49815,145.231,123.73285
9,"pathway_PWY-6305: superpathway of putrescine biosynthesis","pathway",52.4966,27.9315,-24.5651
9,"pathway_PWY-6317: D-galactose degradation I (Leloir pathway)","pathway",638.9325,654.074,15.1415
9,"pathway_PWY-6353: purine nucleotides degradation II (aerobic)","pathway",148.9015,94.4932,-54.4083
9,"pathway_PWY-6385: peptidoglycan biosynthesis III (mycobacteria)","pathway",825.135,760.258,-64.877
9,"pathway_PWY-6386: UDP-N-acetylmuramoyl-pentapeptide biosynthesis II (lysine-containing)","pathway",908.205,892.141,-16.064
9,"pathway_PWY-6387: UDP-N-acetylmuramoyl-pentapeptide biosynthesis I (meso-diaminopimelate containing)","pathway",885.7515,866.458,-19.2935
9,"pathway_PWY-6435: 4-hydroxybenzoate biosynthesis III (plants)","pathway",0,0,0
9,"pathway_PWY-6470: peptidoglycan biosynthesis V (&beta;-lactam resistance)","pathway",150.396,69.3159,-81.0801
9,"pathway_PWY-6507: 4-deoxy-L-threo-hex-4-enopyranuronate degradation","pathway",118.9185,70.9887,-47.9298
9,"pathway_PWY-6519: 8-amino-7-oxononanoate biosynthesis I","pathway",39.6691,32.3235,-7.3456
9,"pathway_PWY-6527: stachyose degradation","pathway",521.757,454.66,-67.097
9,"pathway_PWY-6531: mannitol cycle","pathway",10.25266,0,-10.25266
9,"pathway_PWY-6545: pyrimidine deoxyribonucleotides de novo biosynthesis III","pathway",2.601515,14.7296,12.128085
9,"pathway_PWY-6549: L-glutamine biosynthesis III","pathway",90.20875,106.725,16.51625
9,"pathway_PWY-6572: chondroitin sulfate degradation I (bacterial)","pathway",0,0,0
9,"pathway_PWY-6588: pyruvate fermentation to acetone","pathway",3.48241,0,-3.48241
9,"pathway_PWY-6590: superpathway of Clostridium acetobutylicum acidogenic fermentation","pathway",65.4572,82.9944,17.5372
9,"pathway_PWY-6595: superpathway of guanosine nucleotides degradation (plants)","pathway",15.1723,12.9648,-2.2075
9,"pathway_PWY-6606: guanosine nucleotides degradation II","pathway",89.2044,49.1428,-40.0616
9,"pathway_PWY-6607: guanosine nucleotides degradation I","pathway",15.0667,12.7876,-2.2791
9,"pathway_PWY-6608: guanosine nucleotides degradation III","pathway",208.187,126.283,-81.904
9,"pathway_PWY-6609: adenine and adenosine salvage III","pathway",841.629,784.038,-57.5909999999999
9,"pathway_PWY-6612: superpathway of tetrahydrofolate biosynthesis","pathway",14.38952,2.87821,-11.51131
9,"pathway_PWY-6628: superpathway of L-phenylalanine biosynthesis","pathway",322.8725,337.33,14.4575
9,"pathway_PWY-6629: superpathway of L-tryptophan biosynthesis","pathway",737.394,752.788,15.394
9,"pathway_PWY-6630: superpathway of L-tyrosine biosynthesis","pathway",92.00595,235.369,143.36305
9,"pathway_PWY-6700: queuosine biosynthesis I (de novo)","pathway",594.814,561.555,-33.2590000000001
9,"pathway_PWY-6703: preQ0 biosynthesis","pathway",210.7495,222.946,12.1965
9,"pathway_PWY-6731: starch degradation III","pathway",198.346,129.314,-69.032
9,"pathway_PWY-6803: phosphatidylcholine acyl editing","pathway",0,0,0
9,"pathway_PWY-6807: xyloglucan degradation II (exoglucanase)","pathway",4.592575,0,-4.592575
9,"pathway_PWY-6823: molybdopterin biosynthesis","pathway",651.2155,628.281,-22.9345000000001
9,"pathway_PWY-6859: all-trans-farnesol biosynthesis","pathway",29.75525,10.0727,-19.68255
9,"pathway_PWY-6876: isopropanol biosynthesis (engineered)","pathway",3.81884,0,-3.81884
9,"pathway_PWY-6892: thiazole component of thiamine diphosphate biosynthesis I","pathway",396.899,349.432,-47.467
9,"pathway_PWY-6895: superpathway of thiamine diphosphate biosynthesis II","pathway",137.304,59.4693,-77.8347
9,"pathway_PWY-6897: thiamine diphosphate salvage II","pathway",406.443,386.144,-20.299
9,"pathway_PWY-6901: superpathway of glucose and xylose degradation","pathway",174.4045,146.399,-28.0055
9,"pathway_PWY-6902: chitin degradation II (Vibrio)","pathway",168.57,172.394,3.82400000000001
9,"pathway_PWY-6906: chitin derivatives degradation","pathway",14.4906,0,-14.4906
9,"pathway_PWY-6920: 6-gingerol analog biosynthesis (engineered)","pathway",0,0,0
9,"pathway_PWY-6922: L-N&delta;-acetylornithine biosynthesis","pathway",0,2.73128,2.73128
9,"pathway_PWY-6936: seleno-amino acid biosynthesis (plants)","pathway",293.9755,440.425,146.4495
9,"pathway_PWY-6961: L-ascorbate degradation II (bacterial, aerobic)","pathway",0,0,0
9,"pathway_PWY-6969: TCA cycle V (2-oxoglutarate synthase)","pathway",51.02625,62.3715,11.34525
9,"pathway_PWY-6992: 1,5-anhydrofructose degradation","pathway",1.88968,0,-1.88968
9,"pathway_PWY-7013: (S)-propane-1,2-diol degradation","pathway",17.97497,16.0668,-1.90817
9,"pathway_PWY-702: L-methionine biosynthesis II","pathway",119.7079,298.685,178.9771
9,"pathway_PWY-7111: pyruvate fermentation to isobutanol (engineered)","pathway",664.98,773.317,108.337
9,"pathway_PWY-7115: C4 photosynthetic carbon assimilation cycle, NAD-ME type","pathway",57.30065,74.0129,16.71225
9,"pathway_PWY-7117: C4 photosynthetic carbon assimilation cycle, PEPCK type","pathway",55.7672,92.8258,37.0586
9,"pathway_PWY-7118: chitin deacetylation","pathway",0,0,0
9,"pathway_PWY-7184: pyrimidine deoxyribonucleotides de novo biosynthesis I","pathway",2.60136,14.6899,12.08854
9,"pathway_PWY-7185: UTP and CTP dephosphorylation I","pathway",1.78688,10.4211,8.63422
9,"pathway_PWY-7196: superpathway of pyrimidine ribonucleosides salvage","pathway",5.67015,0,-5.67015
9,"pathway_PWY-7197: pyrimidine deoxyribonucleotide phosphorylation","pathway",88.97075,100.776,11.80525
9,"pathway_PWY-7198: pyrimidine deoxyribonucleotides de novo biosynthesis IV","pathway",19.1891,46.9076,27.7185
9,"pathway_PWY-7199: pyrimidine deoxyribonucleosides salvage","pathway",388.504,375.539,-12.965
9,"pathway_PWY-7204: pyridoxal 5'-phosphate salvage II (plants)","pathway",0,0,0
9,"pathway_PWY-7208: superpathway of pyrimidine nucleobases salvage","pathway",139.691,160.511,20.82
9,"pathway_PWY-7209: superpathway of pyrimidine ribonucleosides degradation","pathway",0,0,0
9,"pathway_PWY-7210: pyrimidine deoxyribonucleotides biosynthesis from CTP","pathway",2.861345,15.9675,13.106155
9,"pathway_PWY-7211: superpathway of pyrimidine deoxyribonucleotides de novo biosynthesis","pathway",4.78084,24.8003,20.01946
9,"pathway_PWY-7220: adenosine deoxyribonucleotides de novo biosynthesis II","pathway",96.15975,114.257,18.09725
9,"pathway_PWY-7221: guanosine ribonucleotides de novo biosynthesis","pathway",748.903,655.764,-93.139
9,"pathway_PWY-7222: guanosine deoxyribonucleotides de novo biosynthesis II","pathway",96.15975,114.257,18.09725
9,"pathway_PWY-7228: superpathway of guanosine nucleotides de novo biosynthesis I","pathway",171.3245,196.109,24.7845
9,"pathway_PWY-7229: superpathway of adenosine nucleotides de novo biosynthesis I","pathway",277.461,327.265,49.804
9,"pathway_PWY-7234: inosine-5'-phosphate biosynthesis III","pathway",138.0285,364.799,226.7705
9,"pathway_PWY-7237: myo-, chiro- and scyllo-inositol degradation","pathway",424.6805,432.266,7.58550000000002
9,"pathway_PWY-7238: sucrose biosynthesis II","pathway",1360.195,1398.55,38.355
9,"pathway_PWY-7242: D-fructuronate degradation","pathway",175.466,189.635,14.169
9,"pathway_PWY-724: superpathway of L-lysine, L-threonine and L-methionine biosynthesis II","pathway",572.914,614.329,41.415
9,"pathway_PWY-7254: TCA cycle VII (acetate-producers)","pathway",0,0,0
9,"pathway_PWY-7282: 4-amino-2-methyl-5-diphosphomethylpyrimidine biosynthesis II","pathway",76.2037,17.5473,-58.6564
9,"pathway_PWY-7312: dTDP-&beta;-D-fucofuranose biosynthesis","pathway",6.3407,0,-6.3407
9,"pathway_PWY-7315: dTDP-N-acetylthomosamine biosynthesis","pathway",56.7639,49.753,-7.0109
9,"pathway_PWY-7323: superpathway of GDP-mannose-derived O-antigen building blocks biosynthesis","pathway",130.502,199.873,69.371
9,"pathway_PWY-7328: superpathway of UDP-glucose-derived O-antigen building blocks biosynthesis","pathway",108.42045,205.242,96.82155
9,"pathway_PWY-7345: superpathway of anaerobic sucrose degradation","pathway",79.94475,68.0674,-11.87735
9,"pathway_PWY-7356: thiamine diphosphate salvage IV (yeast)","pathway",27.22095,26.8229,-0.398050000000001
9,"pathway_PWY-7357: thiamine phosphate formation from pyrithiamine and oxythiamine (yeast)","pathway",690.827,601.549,-89.278
9,"pathway_PWY-7371: 1,4-dihydroxy-6-naphthoate biosynthesis II","pathway",0,0,0
9,"pathway_PWY-7383: anaerobic energy metabolism (invertebrates, cytosol)","pathway",128.8675,76.2994,-52.5681
9,"pathway_PWY-7385: 1,3-propanediol biosynthesis (engineered)","pathway",0,0,0
9,"pathway_PWY-7388: octanoyl-[acyl-carrier protein] biosynthesis (mitochondria, yeast)","pathway",5.1162,0,-5.1162
9,"pathway_PWY-7392: taxadiene biosynthesis (engineered)","pathway",71.4239,22.1237,-49.3002
9,"pathway_PWY-7400: L-arginine biosynthesis IV (archaebacteria)","pathway",309.4935,50.5203,-258.9732
9,"pathway_PWY-7456: &beta;-(1,4)-mannan degradation","pathway",74.43855,26.4142,-48.02435
9,"pathway_PWY-7560: methylerythritol phosphate pathway II","pathway",550.9105,593.347,42.4365
9,"pathway_PWY-7663: gondoate biosynthesis (anaerobic)","pathway",106.63295,64.5178,-42.11515
9,"pathway_PWY-7664: oleate biosynthesis IV (anaerobic)","pathway",41.867,38.1642,-3.7028
9,"pathway_PWY-7688: dTDP-&alpha;-D-ravidosamine and dTDP-4-acetyl-&alpha;-D-ravidosamine biosynthesis","pathway",0,0,0
9,"pathway_PWY-7761: NAD salvage pathway II (PNC IV cycle)","pathway",103.2721,149.48,46.2079
9,"pathway_PWY-7790: UMP biosynthesis II","pathway",918.343,886.124,-32.2190000000001
9,"pathway_PWY-7791: UMP biosynthesis III","pathway",918.343,886.124,-32.2190000000001
9,"pathway_PWY-7851: coenzyme A biosynthesis II (eukaryotic)","pathway",563.555,522.774,-40.7810000000001
9,"pathway_PWY-7883: anhydromuropeptides recycling II","pathway",0,0,0
9,"pathway_PWY-7942: 5-oxo-L-proline metabolism","pathway",0,0,0
9,"pathway_PWY-7953: UDP-N-acetylmuramoyl-pentapeptide biosynthesis III (meso-diaminopimelate containing)","pathway",825.586,763.09,-62.496
9,"pathway_PWY-7977: L-methionine biosynthesis IV","pathway",600.6875,629.513,28.8255
9,"pathway_PWY-7992: superpathway of menaquinol-8 biosynthesis III","pathway",0,0,0
9,"pathway_PWY-8004: Entner-Doudoroff pathway I","pathway",94.1411,85.4465,-8.69459999999999
9,"pathway_PWY-801: homocysteine and cysteine interconversion","pathway",13.4112,101.849,88.4378
9,"pathway_PWY-8073: lipid IVA biosynthesis (P. putida)","pathway",16.509955,2.77417,-13.735785
9,"pathway_PWY-8131: 5'-deoxyadenosine degradation II","pathway",8.65688,10.7673,2.11042
9,"pathway_PWY-8178: pentose phosphate pathway (non-oxidative branch) II","pathway",783.717,789.953,6.23599999999999
9,"pathway_PWY-8187: L-arginine degradation XIII (reductive Stickland reaction)","pathway",184.5945,119.504,-65.0905
9,"pathway_PWY-8188: L-alanine degradation VI (reductive Stickland reaction)","pathway",14.93458,0,-14.93458
9,"pathway_PWY-8189: L-alanine degradation V (oxidative Stickland reaction)","pathway",14.93458,0,-14.93458
9,"pathway_PWY-821: superpathway of sulfur amino acid biosynthesis (Saccharomyces cerevisiae)","pathway",0,0,0
9,"pathway_PWY-822: fructan biosynthesis","pathway",4.89168,13.4576,8.56592
9,"pathway_PWY-841: superpathway of purine nucleotides de novo biosynthesis I","pathway",253.926,292.223,38.297
9,"pathway_PWY-922: mevalonate pathway I (eukaryotes and bacteria)","pathway",0,0,0
9,"pathway_PWY-I9: L-cysteine biosynthesis VI (from L-methionine)","pathway",136.72625,378.065,241.33875
9,"pathway_PWY0-1061: superpathway of L-alanine biosynthesis","pathway",103.68855,101.315,-2.37354999999999
9,"pathway_PWY0-1241: ADP-L-glycero-&beta;-D-manno-heptose biosynthesis","pathway",1.62666,0,-1.62666
9,"pathway_PWY0-1261: anhydromuropeptides recycling I","pathway",20.2083,5.2228,-14.9855
9,"pathway_PWY0-1296: purine ribonucleosides degradation","pathway",787.715,743.763,-43.9519999999999
9,"pathway_PWY0-1297: superpathway of purine deoxyribonucleosides degradation","pathway",82.3216,143.075,60.7534
9,"pathway_PWY0-1298: superpathway of pyrimidine deoxyribonucleosides degradation","pathway",23.929,19.7582,-4.1708
9,"pathway_PWY0-1319: CDP-diacylglycerol biosynthesis II","pathway",709.2555,716.302,7.04650000000004
9,"pathway_PWY0-1415: superpathway of heme b biosynthesis from uroporphyrinogen-III","pathway",0,0,0
9,"pathway_PWY0-1477: ethanolamine utilization","pathway",58.08415,18.5286,-39.55555
9,"pathway_PWY0-1479: tRNA processing","pathway",36.18685,72.668,36.48115
9,"pathway_PWY0-1586: peptidoglycan maturation (meso-diaminopimelate containing)","pathway",211.0255,101.82,-109.2055
9,"pathway_PWY0-162: superpathway of pyrimidine ribonucleotides de novo biosynthesis","pathway",73.27715,125.355,52.07785
9,"pathway_PWY0-166: superpathway of pyrimidine deoxyribonucleotides de novo biosynthesis (E. coli)","pathway",0,0,0
9,"pathway_PWY0-301: L-ascorbate degradation I (bacterial, anaerobic)","pathway",0,0,0
9,"pathway_PWY0-42: 2-methylcitrate cycle I","pathway",0,0,0
9,"pathway_PWY0-781: aspartate superpathway","pathway",38.86265,16.3677,-22.49495
9,"pathway_PWY0-845: superpathway of pyridoxal 5'-phosphate biosynthesis and salvage","pathway",33.39125,7.17225,-26.219
9,"pathway_PWY0-862: (5Z)-dodecenoate biosynthesis I","pathway",38.01465,35.7264,-2.28825000000001
9,"pathway_PWY1ZNC-1: assimilatory sulfate reduction IV","pathway",21.7103,4.36755,-17.34275
9,"pathway_PWY3O-4107: NAD salvage pathway V (PNC V cycle)","pathway",39.6612,130.839,91.1778
9,"pathway_PWY490-3: nitrate reduction VI (assimilatory)","pathway",0,0,0
9,"pathway_PWY4FS-7: phosphatidylglycerol biosynthesis I (plastidic)","pathway",194.995,179.086,-15.909
9,"pathway_PWY4FS-8: phosphatidylglycerol biosynthesis II (non-plastidic)","pathway",194.995,179.086,-15.909
9,"pathway_PWY4LZ-257: superpathway of fermentation (Chlamydomonas reinhardtii)","pathway",20.74895,20.551,-0.197950000000002
9,"pathway_PWY66-389: phytol degradation","pathway",0,0,0
9,"pathway_PWY66-391: fatty acid &beta;-oxidation VI (mammalian peroxisome)","pathway",3.347655,0,-3.347655
9,"pathway_PWY66-399: gluconeogenesis III","pathway",121.4977,80.4572,-41.0405
9,"pathway_PWY66-409: superpathway of purine nucleotide salvage","pathway",133.09745,216.842,83.74455
9,"pathway_PWY66-429: fatty acid biosynthesis initiation (mitochondria)","pathway",965.9105,874.941,-90.9694999999999
9,"pathway_PWY66-430: myristate biosynthesis (mitochondria)","pathway",5.0802,0,-5.0802
9,"pathway_PYRIDNUCSAL-PWY: NAD salvage pathway I (PNC VI cycle)","pathway",45.254,127.903,82.649
9,"pathway_PYRIDNUCSYN-PWY: NAD de novo biosynthesis I (from aspartate)","pathway",295.9025,254.971,-40.9315
9,"pathway_PYRIDOXSYN-PWY: pyridoxal 5'-phosphate biosynthesis I","pathway",26.25725,5.66563,-20.59162
9,"pathway_REDCITCYC: TCA cycle VI (Helicobacter)","pathway",0,0,0
9,"pathway_RHAMCAT-PWY: L-rhamnose degradation I","pathway",212.785,203.911,-8.874
9,"pathway_RIBOSYN2-PWY: flavin biosynthesis I (bacteria and plants)","pathway",504.6885,524.388,19.6995000000001
9,"pathway_RUMP-PWY: formaldehyde oxidation I","pathway",15.56659,2.48921,-13.07738
9,"pathway_SALVADEHYPOX-PWY: adenosine nucleotides degradation II","pathway",89.4347,56.4244,-33.0103
9,"pathway_SER-GLYSYN-PWY: superpathway of L-serine and glycine biosynthesis I","pathway",520.5645,439.114,-81.4505
9,"pathway_SO4ASSIM-PWY: assimilatory sulfate reduction I","pathway",3.445355,0,-3.445355
9,"pathway_SULFATE-CYS-PWY: superpathway of sulfate assimilation and cysteine biosynthesis","pathway",7.672515,0,-7.672515
9,"pathway_TCA-GLYOX-BYPASS: superpathway of glyoxylate bypass and TCA","pathway",0,0,0
9,"pathway_TCA: TCA cycle I (prokaryotic)","pathway",0,0,0
9,"pathway_THISYN-PWY: superpathway of thiamine diphosphate biosynthesis I","pathway",209.4555,152.303,-57.1525
9,"pathway_THISYNARA-PWY: superpathway of thiamine diphosphate biosynthesis III (eukaryotes)","pathway",349.796,358.552,8.75599999999997
9,"pathway_THRESYN-PWY: superpathway of L-threonine biosynthesis","pathway",433.1075,522.079,88.9715
9,"pathway_TRNA-CHARGING-PWY: tRNA charging","pathway",858.483,833.594,-24.8889999999999
9,"pathway_TRPSYN-PWY: L-tryptophan biosynthesis","pathway",583.978,627.302,43.324
9,"pathway_UDPNAGSYN-PWY: UDP-N-acetyl-D-glucosamine biosynthesis I","pathway",196.864,368.601,171.737
9,"pathway_VALSYN-PWY: L-valine biosynthesis","pathway",1074.945,1069,-5.94500000000016
15,"pathway_1CMET2-PWY: folate transformations III (E. coli)","pathway",327.513,306.388,-21.1250000000001
15,"pathway_ALLANTOINDEG-PWY: superpathway of allantoin degradation in yeast","pathway",2.16685,1.61455,-0.5523
15,"pathway_ANAEROFRUCAT-PWY: homolactic fermentation","pathway",280.254,208.813,-71.441
15,"pathway_ANAGLYCOLYSIS-PWY: glycolysis III (from glucose)","pathway",720.404,706.195,-14.2089999999999
15,"pathway_ARG+POLYAMINE-SYN: superpathway of arginine and polyamine biosynthesis","pathway",35.5059,15.5426,-19.9633
15,"pathway_ARGININE-SYN4-PWY: L-ornithine biosynthesis II","pathway",37.7404,14.2132,-23.5272
15,"pathway_ARGSYN-PWY: L-arginine biosynthesis I (via L-ornithine)","pathway",951.2215,996.194,44.9725
15,"pathway_ARGSYNBSUB-PWY: L-arginine biosynthesis II (acetyl cycle)","pathway",984.825,1004.01,19.1850000000001
15,"pathway_ARO-PWY: chorismate biosynthesis I","pathway",818.293,825.514,7.221
15,"pathway_ASPASN-PWY: superpathway of L-aspartate and L-asparagine biosynthesis","pathway",150.8845,130.31,-20.5745
15,"pathway_BIOTIN-BIOSYNTHESIS-PWY: biotin biosynthesis I","pathway",81.55925,60.8173,-20.74195
15,"pathway_BRANCHED-CHAIN-AA-SYN-PWY: superpathway of branched chain amino acid biosynthesis","pathway",749.3345,684.94,-64.3945
15,"pathway_CALVIN-PWY: Calvin-Benson-Bassham cycle","pathway",608.097,485.447,-122.65
15,"pathway_CENTFERM-PWY: pyruvate fermentation to butanoate","pathway",70.23885,67.1182,-3.12065
15,"pathway_CITRULBIO-PWY: L-citrulline biosynthesis","pathway",41.05485,38.2653,-2.78955
15,"pathway_COA-PWY-1: superpathway of coenzyme A biosynthesis III (mammals)","pathway",629.5465,692.465,62.9185000000001
15,"pathway_COA-PWY: coenzyme A biosynthesis I (prokaryotic)","pathway",585.2415,622.887,37.6454999999999
15,"pathway_COBALSYN-PWY: superpathway of adenosylcobalamin salvage from cobinamide I","pathway",237.4515,185.481,-51.9705
15,"pathway_COLANSYN-PWY: colanic acid building blocks biosynthesis","pathway",137.324,85.7645,-51.5595
15,"pathway_COMPLETE-ARO-PWY: superpathway of aromatic amino acid biosynthesis","pathway",765.265,705.67,-59.595
15,"pathway_DAPLYSINESYN-PWY: L-lysine biosynthesis I","pathway",143.284,90.7095,-52.5745
15,"pathway_DTDPRHAMSYN-PWY: dTDP-&beta;-L-rhamnose biosynthesis","pathway",710.221,721.534,11.313
15,"pathway_FAO-PWY: fatty acid &beta;-oxidation I (generic)","pathway",2.201215,0,-2.201215
15,"pathway_FASYN-ELONG-PWY: fatty acid elongation -- saturated","pathway",90.0384,64.7576,-25.2808
15,"pathway_FASYN-INITIAL-PWY: superpathway of fatty acid biosynthesis initiation (E. coli)","pathway",45.57815,24.4245,-21.15365
15,"pathway_FERMENTATION-PWY: mixed acid fermentation","pathway",182.665,167.62,-15.045
15,"pathway_FOLSYN-PWY: superpathway of tetrahydrofolate biosynthesis and salvage","pathway",25.70575,4.43205,-21.2737
15,"pathway_FUC-RHAMCAT-PWY: superpathway of fucose and rhamnose degradation","pathway",24.9501,17.4115,-7.5386
15,"pathway_FUCCAT-PWY: fucose degradation","pathway",37.05065,14.0063,-23.04435
15,"pathway_GALACT-GLUCUROCAT-PWY: superpathway of hexuronide and hexuronate degradation","pathway",45.2885,39.3328,-5.9557
15,"pathway_GALACTARDEG-PWY: D-galactarate degradation I","pathway",1.4371,5.13762,3.70052
15,"pathway_GALACTITOLCAT-PWY: galactitol degradation","pathway",0,0,0
15,"pathway_GALACTUROCAT-PWY: D-galacturonate degradation I","pathway",235.0335,274.883,39.8495
15,"pathway_GLCMANNANAUT-PWY: superpathway of N-acetylglucosamine, N-acetylmannosamine and N-acetylneuraminate degradation","pathway",253.62,269.542,15.922
15,"pathway_GLUCARDEG-PWY: D-glucarate degradation I","pathway",1.36391,4.26607,2.90216
15,"pathway_GLUCARGALACTSUPER-PWY: superpathway of D-glucarate and D-galactarate degradation","pathway",1.4371,5.13762,3.70052
15,"pathway_GLUCONEO-PWY: gluconeogenesis I","pathway",315.804,251.954,-63.85
15,"pathway_GLUCOSE1PMETAB-PWY: glucose and glucose-1-phosphate degradation","pathway",502.3485,404.67,-97.6784999999999
15,"pathway_GLUCUROCAT-PWY: superpathway of &beta;-D-glucuronosides degradation","pathway",229.217,319.661,90.444
15,"pathway_GLUDEG-I-PWY: GABA shunt","pathway",21.4308,5.4577,-15.9731
15,"pathway_GLUTORN-PWY: L-ornithine biosynthesis I","pathway",761.191,789.143,27.952
15,"pathway_GLYCOCAT-PWY: glycogen degradation I","pathway",91.65845,81.1945,-10.46395
15,"pathway_GLYCOGENSYNTH-PWY: glycogen biosynthesis I (from ADP-D-Glucose)","pathway",989.87,1053,63.13
15,"pathway_GLYCOLYSIS-E-D: superpathway of glycolysis and the Entner-Doudoroff pathway","pathway",139.0625,83.0312,-56.0313
15,"pathway_GLYCOLYSIS: glycolysis I (from glucose 6-phosphate)","pathway",302.4105,215.565,-86.8455
15,"pathway_GLYOXYLATE-BYPASS: glyoxylate cycle","pathway",4.47154,0,-4.47154
15,"pathway_GOLPDLCAT-PWY: superpathway of glycerol degradation to 1,3-propanediol","pathway",16.00065,13.3529,-2.64775
15,"pathway_HEME-BIOSYNTHESIS-II-1: heme b biosynthesis V (aerobic)","pathway",4.93105,1.2809,-3.65015
15,"pathway_HEME-BIOSYNTHESIS-II: heme b biosynthesis I (aerobic)","pathway",5.406885,0,-5.406885
15,"pathway_HEMESYN2-PWY: heme b biosynthesis II (oxygen-independent)","pathway",27.6298,9.87871,-17.75109
15,"pathway_HEXITOLDEGSUPER-PWY: superpathway of hexitol degradation (bacteria)","pathway",0,0,0
15,"pathway_HISDEG-PWY: L-histidine degradation I","pathway",74.0864,88.409,14.3226
15,"pathway_HISTSYN-PWY: L-histidine biosynthesis","pathway",588.617,661.929,73.312
15,"pathway_HOMOSER-METSYN-PWY: L-methionine biosynthesis I","pathway",2.39489,1.61127,-0.78362
15,"pathway_HSERMETANA-PWY: L-methionine biosynthesis III","pathway",379.5615,228.827,-150.7345
15,"pathway_ILEUSYN-PWY: L-isoleucine biosynthesis I (from threonine)","pathway",766.127,703.098,-63.029
15,"pathway_KETOGLUCONMET-PWY: ketogluconate metabolism","pathway",0.5161,0.572892,0.056792
15,"pathway_LACTOSECAT-PWY: lactose and galactose degradation I","pathway",130.482,104.004,-26.478
15,"pathway_MET-SAM-PWY: superpathway of S-adenosyl-L-methionine biosynthesis","pathway",4.76867,3.21106,-1.55761
15,"pathway_METH-ACETATE-PWY: methanogenesis from acetate","pathway",165.3225,89.176,-76.1465
15,"pathway_METHGLYUT-PWY: superpathway of methylglyoxal degradation","pathway",0.1905745,0,-0.1905745
15,"pathway_METSYN-PWY: superpathway of L-homoserine and L-methionine biosynthesis","pathway",4.18039,2.81517,-1.36522
15,"pathway_NAD-BIOSYNTHESIS-II: NAD salvage pathway III (to nicotinamide riboside)","pathway",1.7204895,0,-1.7204895
15,"pathway_NAGLIPASYN-PWY: lipid IVA biosynthesis (E. coli)","pathway",41.912,24.478,-17.434
15,"pathway_NONMEVIPP-PWY: methylerythritol phosphate pathway I","pathway",699.8465,713.965,14.1185
15,"pathway_NONOXIPENT-PWY: pentose phosphate pathway (non-oxidative branch) I","pathway",377.698,256.804,-120.894
15,"pathway_OANTIGEN-PWY: O-antigen building blocks biosynthesis (E. coli)","pathway",412.2405,328.88,-83.3605
15,"pathway_ORNDEG-PWY: superpathway of ornithine degradation","pathway",2.58453,0.945281,-1.639249
15,"pathway_P105-PWY: TCA cycle IV (2-oxoglutarate decarboxylase)","pathway",11.88707,2.13627,-9.7508
15,"pathway_P108-PWY: pyruvate fermentation to propanoate I","pathway",5.928375,3.96581,-1.962565
15,"pathway_P122-PWY: heterolactic fermentation","pathway",0,0,0
15,"pathway_P124-PWY: Bifidobacterium shunt","pathway",100.75475,62.8484,-37.90635
15,"pathway_P125-PWY: superpathway of (R,R)-butanediol biosynthesis","pathway",3.06879,0,-3.06879
15,"pathway_P161-PWY: acetylene degradation (anaerobic)","pathway",21.3999,14.3094,-7.0905
15,"pathway_P164-PWY: purine nucleobases degradation I (anaerobic)","pathway",41.08765,19.0832,-22.00445
15,"pathway_P185-PWY: formaldehyde assimilation III (dihydroxyacetone cycle)","pathway",3.738565,0,-3.738565
15,"pathway_P23-PWY: reductive TCA cycle I","pathway",3.24014,2.62702,-0.61312
15,"pathway_P4-PWY: superpathway of L-lysine, L-threonine and L-methionine biosynthesis I","pathway",9.71798,6.5396,-3.17838
15,"pathway_P41-PWY: pyruvate fermentation to acetate and (S)-lactate I","pathway",392.76,282.846,-109.914
15,"pathway_P42-PWY: incomplete reductive TCA cycle","pathway",6.439525,24.1937,17.754175
15,"pathway_P441-PWY: superpathway of N-acetylneuraminate degradation","pathway",94.88855,50.6268,-44.26175
15,"pathway_P461-PWY: hexitol fermentation to lactate, formate, ethanol and acetate","pathway",22.10185,18.1037,-3.99815
15,"pathway_P621-PWY: nylon-6 oligomer degradation","pathway",18.68465,1.5004,-17.18425
15,"pathway_PANTO-PWY: phosphopantothenate biosynthesis I","pathway",283.5115,225.117,-58.3945
15,"pathway_PANTOSYN-PWY: superpathway of coenzyme A biosynthesis I (bacteria)","pathway",325.2865,278.044,-47.2425000000001
15,"pathway_PENTOSE-P-PWY: pentose phosphate pathway","pathway",155.9095,92.5857,-63.3238
15,"pathway_PEPTIDOGLYCANSYN-PWY: peptidoglycan biosynthesis I (meso-diaminopimelate containing)","pathway",739.7795,735.338,-4.44150000000002
15,"pathway_PHOSLIPSYN-PWY: superpathway of phospholipid biosynthesis I (bacteria)","pathway",134.654,114.926,-19.728
15,"pathway_POLYAMINSYN3-PWY: superpathway of polyamine biosynthesis II","pathway",3.84538,1.56231,-2.28307
15,"pathway_POLYAMSYN-PWY: superpathway of polyamine biosynthesis I","pathway",18.99195,8.10643,-10.88552
15,"pathway_POLYISOPRENSYN-PWY: polyisoprenoid biosynthesis (E. coli)","pathway",35.15845,36.5708,1.41235
15,"pathway_PPGPPMET-PWY: ppGpp metabolism","pathway",18.506205,7.40225,-11.103955
15,"pathway_PROPFERM-PWY: superpathway of L-alanine fermentation (Stickland reaction)","pathway",0,0,0
15,"pathway_PWY-1042: glycolysis IV","pathway",904.934,878.265,-26.669
15,"pathway_PWY-1269: CMP-3-deoxy-D-manno-octulosonate biosynthesis","pathway",43.52775,51.0562,7.52845
15,"pathway_PWY-1861: formaldehyde assimilation II (assimilatory RuMP Cycle)","pathway",12.01633,0,-12.01633
15,"pathway_PWY-241: C4 photosynthetic carbon assimilation cycle, NADP-ME type","pathway",128.6415,73.5467,-55.0948
15,"pathway_PWY-2941: L-lysine biosynthesis II","pathway",66.8559,68.7976,1.9417
15,"pathway_PWY-2942: L-lysine biosynthesis III","pathway",352.4215,284.567,-67.8545
15,"pathway_PWY-3001: superpathway of L-isoleucine biosynthesis I","pathway",449.497,427.779,-21.718
15,"pathway_PWY-3841: folate transformations II (plants)","pathway",577.7225,604.229,26.5065
15,"pathway_PWY-4041: &gamma;-glutamyl cycle","pathway",119.6655,99.2835,-20.382
15,"pathway_PWY-4984: urea cycle","pathway",34.55035,32.1463,-2.40405000000001
15,"pathway_PWY-5004: superpathway of L-citrulline metabolism","pathway",7.37417,6.06328,-1.31089
15,"pathway_PWY-5005: biotin biosynthesis II","pathway",65.30405,53.489,-11.81505
15,"pathway_PWY-5022: 4-aminobutanoate degradation V","pathway",11.3798,0,-11.3798
15,"pathway_PWY-5030: L-histidine degradation III","pathway",79.80515,99.3441,19.53895
15,"pathway_PWY-5097: L-lysine biosynthesis VI","pathway",612.556,646.7,34.144
15,"pathway_PWY-5100: pyruvate fermentation to acetate and lactate II","pathway",392.76,282.846,-109.914
15,"pathway_PWY-5103: L-isoleucine biosynthesis III","pathway",668.1455,597.799,-70.3465000000001
15,"pathway_PWY-5104: L-isoleucine biosynthesis IV","pathway",2.747775,0,-2.747775
15,"pathway_PWY-5121: superpathway of geranylgeranyl diphosphate biosynthesis II (via MEP)","pathway",78.7486,38.0372,-40.7114
15,"pathway_PWY-5130: 2-oxobutanoate degradation I","pathway",15.876175,16.3577,0.481525000000001
15,"pathway_PWY-5136: fatty acid &beta;-oxidation II (plant peroxisome)","pathway",13.52785,4.05032,-9.47753
15,"pathway_PWY-5138: fatty acid &beta;-oxidation IV (unsaturated, even number)","pathway",0,0,0
15,"pathway_PWY-5154: L-arginine biosynthesis III (via N-acetyl-L-citrulline)","pathway",71.6011,84.1415,12.5404
15,"pathway_PWY-5188: tetrapyrrole biosynthesis I (from glutamate)","pathway",179.9925,114.904,-65.0885
15,"pathway_PWY-5189: tetrapyrrole biosynthesis II (from glycine)","pathway",22.70765,24.3142,1.60655
15,"pathway_PWY-5345: superpathway of L-methionine biosynthesis (by sulfhydrylation)","pathway",27.664,0,-27.664
15,"pathway_PWY-5347: superpathway of L-methionine biosynthesis (transsulfuration)","pathway",4.76097,3.20865,-1.55232
15,"pathway_PWY-5367: petroselinate biosynthesis","pathway",0,0,0
15,"pathway_PWY-5384: sucrose degradation IV (sucrose phosphorylase)","pathway",235.0145,338.68,103.6655
15,"pathway_PWY-5484: glycolysis II (from fructose 6-phosphate)","pathway",245.5775,175.991,-69.5865
15,"pathway_PWY-5494: pyruvate fermentation to propanoate II (acrylate pathway)","pathway",0,0,0
15,"pathway_PWY-5497: purine nucleobases degradation II (anaerobic)","pathway",40.6866,31.7054,-8.9812
15,"pathway_PWY-5505: L-glutamate and L-glutamine biosynthesis","pathway",65.02365,32.2114,-32.81225
15,"pathway_PWY-561: superpathway of glyoxylate cycle and fatty acid degradation","pathway",4.228415,0,-4.228415
15,"pathway_PWY-5656: mannosylglycerate biosynthesis I","pathway",0.614585,0,-0.614585
15,"pathway_PWY-5659: GDP-mannose biosynthesis","pathway",98.9837,55.2012,-43.7825
15,"pathway_PWY-5667: CDP-diacylglycerol biosynthesis I","pathway",614.168,649.492,35.3240000000001
15,"pathway_PWY-5675: nitrate reduction V (assimilatory)","pathway",0,0,0
15,"pathway_PWY-5676: acetyl-CoA fermentation to butanoate II","pathway",33.2605,3.83103,-29.42947
15,"pathway_PWY-5677: succinate fermentation to butanoate","pathway",0,0,0
15,"pathway_PWY-5686: UMP biosynthesis I","pathway",877.7205,934.574,56.8535000000001
15,"pathway_PWY-5690: TCA cycle II (plants and fungi)","pathway",11.515135,10.3772,-1.137935
15,"pathway_PWY-5695: inosine 5'-phosphate degradation","pathway",304.1035,241.699,-62.4045
15,"pathway_PWY-5723: Rubisco shunt","pathway",0,0,0
15,"pathway_PWY-5837: 2-carboxy-1,4-naphthoquinol biosynthesis","pathway",3.178095,0,-3.178095
15,"pathway_PWY-5838: superpathway of menaquinol-8 biosynthesis I","pathway",9.800395,0,-9.800395
15,"pathway_PWY-5840: superpathway of menaquinol-7 biosynthesis","pathway",8.87317,0,-8.87317
15,"pathway_PWY-5845: superpathway of menaquinol-9 biosynthesis","pathway",0,0,0
15,"pathway_PWY-5861: superpathway of demethylmenaquinol-8 biosynthesis I","pathway",6.760755,0,-6.760755
15,"pathway_PWY-5862: superpathway of demethylmenaquinol-9 biosynthesis","pathway",0,0,0
15,"pathway_PWY-5897: superpathway of menaquinol-11 biosynthesis","pathway",8.95205,0,-8.95205
15,"pathway_PWY-5898: superpathway of menaquinol-12 biosynthesis","pathway",8.95205,0,-8.95205
15,"pathway_PWY-5899: superpathway of menaquinol-13 biosynthesis","pathway",8.95205,0,-8.95205
15,"pathway_PWY-5910: superpathway of geranylgeranyldiphosphate biosynthesis I (via mevalonate)","pathway",0,0,0
15,"pathway_PWY-5913: partial TCA cycle (obligate autotrophs)","pathway",92.037,62.0455,-29.9915
15,"pathway_PWY-5918: superpathway of heme b biosynthesis from glutamate","pathway",11.57084,0,-11.57084
15,"pathway_PWY-5920: superpathway of heme b biosynthesis from glycine","pathway",1.13098,0,-1.13098
15,"pathway_PWY-5941: glycogen degradation II","pathway",1040.0225,1014.37,-25.6525
15,"pathway_PWY-5971: palmitate biosynthesis (type II fatty acid synthase)","pathway",0,0,0
15,"pathway_PWY-5973: cis-vaccenate biosynthesis","pathway",131.674,89.4917,-42.1823
15,"pathway_PWY-5981: CDP-diacylglycerol biosynthesis III","pathway",31.706835,6.60256,-25.104275
15,"pathway_PWY-5989: stearate biosynthesis II (bacteria and plants)","pathway",82.56035,60.2411,-22.31925
15,"pathway_PWY-5994: palmitate biosynthesis (type I fatty acid synthase)","pathway",0,0,0
15,"pathway_PWY-6121: 5-aminoimidazole ribonucleotide biosynthesis I","pathway",768.5755,768.597,0.0214999999999463
15,"pathway_PWY-6122: 5-aminoimidazole ribonucleotide biosynthesis II","pathway",784.023,799.146,15.1229999999999
15,"pathway_PWY-6123: inosine-5'-phosphate biosynthesis I","pathway",520.7045,530.923,10.2184999999999
15,"pathway_PWY-6124: inosine-5'-phosphate biosynthesis II","pathway",510.359,518.897,8.53800000000007
15,"pathway_PWY-6125: superpathway of guanosine nucleotides de novo biosynthesis II","pathway",117.712,79.6539,-38.0581
15,"pathway_PWY-6126: superpathway of adenosine nucleotides de novo biosynthesis II","pathway",171.46,117.817,-53.643
15,"pathway_PWY-6147: 6-hydroxymethyl-dihydropterin diphosphate biosynthesis I","pathway",86.6065,56.5405,-30.066
15,"pathway_PWY-6151: S-adenosyl-L-methionine salvage I","pathway",606.4145,657.151,50.7365
15,"pathway_PWY-6163: chorismate biosynthesis from 3-dehydroquinate","pathway",831.11,849.768,18.6580000000001
15,"pathway_PWY-6168: flavin biosynthesis III (fungi)","pathway",2.293695,0,-2.293695
15,"pathway_PWY-621: sucrose degradation III (sucrose invertase)","pathway",224.2185,327.951,103.7325
15,"pathway_PWY-622: starch biosynthesis","pathway",174.49,115.696,-58.794
15,"pathway_PWY-6270: isoprene biosynthesis I","pathway",298.512,195.586,-102.926
15,"pathway_PWY-6277: superpathway of 5-aminoimidazole ribonucleotide biosynthesis","pathway",784.023,799.146,15.1229999999999
15,"pathway_PWY-6282: palmitoleate biosynthesis I (from (5Z)-dodec-5-enoate)","pathway",79.7127,57.5328,-22.1799
15,"pathway_PWY-6284: superpathway of unsaturated fatty acids biosynthesis (E. coli)","pathway",0,0,0
15,"pathway_PWY-6292: superpathway of L-cysteine biosynthesis (mammalian)","pathway",202.157,146.902,-55.255
15,"pathway_PWY-6293: superpathway of L-cysteine biosynthesis (fungi)","pathway",11.057045,0,-11.057045
15,"pathway_PWY-6305: superpathway of putrescine biosynthesis","pathway",26.689,25.1496,-1.5394
15,"pathway_PWY-6317: D-galactose degradation I (Leloir pathway)","pathway",557.219,574.25,17.0310000000001
15,"pathway_PWY-6353: purine nucleotides degradation II (aerobic)","pathway",100.5264,58.368,-42.1584
15,"pathway_PWY-6385: peptidoglycan biosynthesis III (mycobacteria)","pathway",678.593,671.7,-6.89299999999992
15,"pathway_PWY-6386: UDP-N-acetylmuramoyl-pentapeptide biosynthesis II (lysine-containing)","pathway",821.2525,806.611,-14.6415000000001
15,"pathway_PWY-6387: UDP-N-acetylmuramoyl-pentapeptide biosynthesis I (meso-diaminopimelate containing)","pathway",806.868,795.797,-11.0709999999999
15,"pathway_PWY-6435: 4-hydroxybenzoate biosynthesis III (plants)","pathway",0,0,0
15,"pathway_PWY-6470: peptidoglycan biosynthesis V (&beta;-lactam resistance)","pathway",77.173,40.0803,-37.0927
15,"pathway_PWY-6507: 4-deoxy-L-threo-hex-4-enopyranuronate degradation","pathway",205.8965,245.003,39.1065
15,"pathway_PWY-6519: 8-amino-7-oxononanoate biosynthesis I","pathway",79.99315,59.1027,-20.89045
15,"pathway_PWY-6527: stachyose degradation","pathway",319.722,192.643,-127.079
15,"pathway_PWY-6531: mannitol cycle","pathway",6.315645,3.23275,-3.082895
15,"pathway_PWY-6545: pyrimidine deoxyribonucleotides de novo biosynthesis III","pathway",14.9977,8.64653,-6.35117
15,"pathway_PWY-6549: L-glutamine biosynthesis III","pathway",130.4225,107.141,-23.2815
15,"pathway_PWY-6572: chondroitin sulfate degradation I (bacterial)","pathway",0,0,0
15,"pathway_PWY-6588: pyruvate fermentation to acetone","pathway",14.436105,3.98717,-10.448935
15,"pathway_PWY-6590: superpathway of Clostridium acetobutylicum acidogenic fermentation","pathway",88.74695,83.3548,-5.39215
15,"pathway_PWY-6595: superpathway of guanosine nucleotides degradation (plants)","pathway",38.69695,22.9255,-15.77145
15,"pathway_PWY-6606: guanosine nucleotides degradation II","pathway",58.98555,29.0314,-29.95415
15,"pathway_PWY-6607: guanosine nucleotides degradation I","pathway",46.7777,29.0314,-17.7463
15,"pathway_PWY-6608: guanosine nucleotides degradation III","pathway",106.0065,85.3439,-20.6626
15,"pathway_PWY-6609: adenine and adenosine salvage III","pathway",736.714,856.078,119.364
15,"pathway_PWY-6612: superpathway of tetrahydrofolate biosynthesis","pathway",17.3468,2.96061,-14.38619
15,"pathway_PWY-6628: superpathway of L-phenylalanine biosynthesis","pathway",277.705,283.21,5.50499999999994
15,"pathway_PWY-6629: superpathway of L-tryptophan biosynthesis","pathway",490.557,367.406,-123.151
15,"pathway_PWY-6630: superpathway of L-tyrosine biosynthesis","pathway",181.26,158.014,-23.246
15,"pathway_PWY-6700: queuosine biosynthesis I (de novo)","pathway",571.6815,642.513,70.8315
15,"pathway_PWY-6703: preQ0 biosynthesis","pathway",158.699,114.015,-44.684
15,"pathway_PWY-6731: starch degradation III","pathway",101.01975,49.2756,-51.74415
15,"pathway_PWY-6803: phosphatidylcholine acyl editing","pathway",1.59503,0,-1.59503
15,"pathway_PWY-6807: xyloglucan degradation II (exoglucanase)","pathway",0,0,0
15,"pathway_PWY-6823: molybdopterin biosynthesis","pathway",426.59,440.802,14.212
15,"pathway_PWY-6859: all-trans-farnesol biosynthesis","pathway",7.19516,4.40776,-2.7874
15,"pathway_PWY-6876: isopropanol biosynthesis (engineered)","pathway",0,0,0
15,"pathway_PWY-6892: thiazole component of thiamine diphosphate biosynthesis I","pathway",208.4735,98.8728,-109.6007
15,"pathway_PWY-6895: superpathway of thiamine diphosphate biosynthesis II","pathway",112.933,91.1299,-21.8031
15,"pathway_PWY-6897: thiamine diphosphate salvage II","pathway",280.0145,219.113,-60.9015
15,"pathway_PWY-6901: superpathway of glucose and xylose degradation","pathway",194.6035,126.489,-68.1145
15,"pathway_PWY-6902: chitin degradation II (Vibrio)","pathway",74.63475,69.6326,-5.00215
15,"pathway_PWY-6906: chitin derivatives degradation","pathway",3.557615,2.6292,-0.928415
15,"pathway_PWY-6920: 6-gingerol analog biosynthesis (engineered)","pathway",0,0,0
15,"pathway_PWY-6922: L-N&delta;-acetylornithine biosynthesis","pathway",3.755085,2.85888,-0.896205
15,"pathway_PWY-6936: seleno-amino acid biosynthesis (plants)","pathway",224.783,136.284,-88.499
15,"pathway_PWY-6961: L-ascorbate degradation II (bacterial, aerobic)","pathway",2.277845,0,-2.277845
15,"pathway_PWY-6969: TCA cycle V (2-oxoglutarate synthase)","pathway",88.24025,76.846,-11.39425
15,"pathway_PWY-6992: 1,5-anhydrofructose degradation","pathway",0,1.12233,1.12233
15,"pathway_PWY-7013: (S)-propane-1,2-diol degradation","pathway",10.62405,7.98431,-2.63974
15,"pathway_PWY-702: L-methionine biosynthesis II","pathway",92.56275,101.886,9.32325
15,"pathway_PWY-7111: pyruvate fermentation to isobutanol (engineered)","pathway",596.0215,590.448,-5.57350000000008
15,"pathway_PWY-7115: C4 photosynthetic carbon assimilation cycle, NAD-ME type","pathway",92.33155,70.596,-21.73555
15,"pathway_PWY-7117: C4 photosynthetic carbon assimilation cycle, PEPCK type","pathway",113.075,64.3968,-48.6782
15,"pathway_PWY-7118: chitin deacetylation","pathway",1.881795,0,-1.881795
15,"pathway_PWY-7184: pyrimidine deoxyribonucleotides de novo biosynthesis I","pathway",14.97465,8.6397,-6.33495
15,"pathway_PWY-7185: UTP and CTP dephosphorylation I","pathway",10.961825,6.20917,-4.752655
15,"pathway_PWY-7196: superpathway of pyrimidine ribonucleosides salvage","pathway",0,0,0
15,"pathway_PWY-7197: pyrimidine deoxyribonucleotide phosphorylation","pathway",71.2487,46.9231,-24.3256
15,"pathway_PWY-7198: pyrimidine deoxyribonucleotides de novo biosynthesis IV","pathway",89.9545,65.0433,-24.9112
15,"pathway_PWY-7199: pyrimidine deoxyribonucleosides salvage","pathway",381.5425,461.759,80.2165
15,"pathway_PWY-7204: pyridoxal 5'-phosphate salvage II (plants)","pathway",0,0,0
15,"pathway_PWY-7208: superpathway of pyrimidine nucleobases salvage","pathway",106.58785,70.146,-36.44185
15,"pathway_PWY-7209: superpathway of pyrimidine ribonucleosides degradation","pathway",16.32835,13.1032,-3.22515
15,"pathway_PWY-7210: pyrimidine deoxyribonucleotides biosynthesis from CTP","pathway",16.13405,9.34753,-6.78652
15,"pathway_PWY-7211: superpathway of pyrimidine deoxyribonucleotides de novo biosynthesis","pathway",24.8404,14.1966,-10.6438
15,"pathway_PWY-7220: adenosine deoxyribonucleotides de novo biosynthesis II","pathway",80.14045,53.4467,-26.69375
15,"pathway_PWY-7221: guanosine ribonucleotides de novo biosynthesis","pathway",629.1595,630.504,1.34450000000004
15,"pathway_PWY-7222: guanosine deoxyribonucleotides de novo biosynthesis II","pathway",80.14045,53.4467,-26.69375
15,"pathway_PWY-7228: superpathway of guanosine nucleotides de novo biosynthesis I","pathway",143.0775,98.8919,-44.1856
15,"pathway_PWY-7229: superpathway of adenosine nucleotides de novo biosynthesis I","pathway",257.641,186.299,-71.342
15,"pathway_PWY-7234: inosine-5'-phosphate biosynthesis III","pathway",140.9605,152.877,11.9165
15,"pathway_PWY-7237: myo-, chiro- and scyllo-inositol degradation","pathway",342.3415,382.021,39.6795
15,"pathway_PWY-7238: sucrose biosynthesis II","pathway",1308.61,1456.97,148.36
15,"pathway_PWY-7242: D-fructuronate degradation","pathway",216.3475,297.796,81.4485
15,"pathway_PWY-724: superpathway of L-lysine, L-threonine and L-methionine biosynthesis II","pathway",474.7745,461.07,-13.7045
15,"pathway_PWY-7254: TCA cycle VII (acetate-producers)","pathway",2.63239,3.33887,0.70648
15,"pathway_PWY-7282: 4-amino-2-methyl-5-diphosphomethylpyrimidine biosynthesis II","pathway",102.9796,65.3941,-37.5855
15,"pathway_PWY-7312: dTDP-&beta;-D-fucofuranose biosynthesis","pathway",0,0,0
15,"pathway_PWY-7315: dTDP-N-acetylthomosamine biosynthesis","pathway",15.074915,20.2178,5.142885
15,"pathway_PWY-7323: superpathway of GDP-mannose-derived O-antigen building blocks biosynthesis","pathway",62.5216,30.618,-31.9036
15,"pathway_PWY-7328: superpathway of UDP-glucose-derived O-antigen building blocks biosynthesis","pathway",136.341,92.1141,-44.2269
15,"pathway_PWY-7345: superpathway of anaerobic sucrose degradation","pathway",202.4355,188.071,-14.3645
15,"pathway_PWY-7356: thiamine diphosphate salvage IV (yeast)","pathway",102.13905,101.182,-0.957049999999995
15,"pathway_PWY-7357: thiamine phosphate formation from pyrithiamine and oxythiamine (yeast)","pathway",469.6305,373.043,-96.5875
15,"pathway_PWY-7371: 1,4-dihydroxy-6-naphthoate biosynthesis II","pathway",2.696495,6.07044,3.373945
15,"pathway_PWY-7383: anaerobic energy metabolism (invertebrates, cytosol)","pathway",171.7025,140.98,-30.7225
15,"pathway_PWY-7385: 1,3-propanediol biosynthesis (engineered)","pathway",2.82791,0,-2.82791
15,"pathway_PWY-7388: octanoyl-[acyl-carrier protein] biosynthesis (mitochondria, yeast)","pathway",0,0,0
15,"pathway_PWY-7392: taxadiene biosynthesis (engineered)","pathway",17.41985,11.5502,-5.86965
15,"pathway_PWY-7400: L-arginine biosynthesis IV (archaebacteria)","pathway",270.6345,177.535,-93.0995
15,"pathway_PWY-7456: &beta;-(1,4)-mannan degradation","pathway",83.66955,42.3352,-41.33435
15,"pathway_PWY-7560: methylerythritol phosphate pathway II","pathway",282.902,181.117,-101.785
15,"pathway_PWY-7663: gondoate biosynthesis (anaerobic)","pathway",110.11025,73.158,-36.95225
15,"pathway_PWY-7664: oleate biosynthesis IV (anaerobic)","pathway",87.928,63.6646,-24.2634
15,"pathway_PWY-7688: dTDP-&alpha;-D-ravidosamine and dTDP-4-acetyl-&alpha;-D-ravidosamine biosynthesis","pathway",4.29095,1.34838,-2.94257
15,"pathway_PWY-7761: NAD salvage pathway II (PNC IV cycle)","pathway",162.311,170.959,8.648
15,"pathway_PWY-7790: UMP biosynthesis II","pathway",877.7205,934.574,56.8535000000001
15,"pathway_PWY-7791: UMP biosynthesis III","pathway",877.7205,934.574,56.8535000000001
15,"pathway_PWY-7851: coenzyme A biosynthesis II (eukaryotic)","pathway",565.0665,622.887,57.8204999999999
15,"pathway_PWY-7883: anhydromuropeptides recycling II","pathway",7.379255,11.1346,3.755345
15,"pathway_PWY-7942: 5-oxo-L-proline metabolism","pathway",4.315795,1.9986,-2.317195
15,"pathway_PWY-7953: UDP-N-acetylmuramoyl-pentapeptide biosynthesis III (meso-diaminopimelate containing)","pathway",660.045,640.097,-19.9480000000001
15,"pathway_PWY-7977: L-methionine biosynthesis IV","pathway",453.8045,310.512,-143.2925
15,"pathway_PWY-7992: superpathway of menaquinol-8 biosynthesis III","pathway",6.680735,13.4043,6.723565
15,"pathway_PWY-8004: Entner-Doudoroff pathway I","pathway",123.045,64.6446,-58.4004
15,"pathway_PWY-801: homocysteine and cysteine interconversion","pathway",6.763505,0,-6.763505
15,"pathway_PWY-8073: lipid IVA biosynthesis (P. putida)","pathway",41.912,24.478,-17.434
15,"pathway_PWY-8131: 5'-deoxyadenosine degradation II","pathway",9.774785,21.8621,12.087315
15,"pathway_PWY-8178: pentose phosphate pathway (non-oxidative branch) II","pathway",495.527,338.372,-157.155
15,"pathway_PWY-8187: L-arginine degradation XIII (reductive Stickland reaction)","pathway",181.854,256.792,74.938
15,"pathway_PWY-8188: L-alanine degradation VI (reductive Stickland reaction)","pathway",0,0,0
15,"pathway_PWY-8189: L-alanine degradation V (oxidative Stickland reaction)","pathway",0,0,0
15,"pathway_PWY-821: superpathway of sulfur amino acid biosynthesis (Saccharomyces cerevisiae)","pathway",0,0,0
15,"pathway_PWY-822: fructan biosynthesis","pathway",1.172535,0,-1.172535
15,"pathway_PWY-841: superpathway of purine nucleotides de novo biosynthesis I","pathway",216.3365,156.881,-59.4555
15,"pathway_PWY-922: mevalonate pathway I (eukaryotes and bacteria)","pathway",0,0,0
15,"pathway_PWY-I9: L-cysteine biosynthesis VI (from L-methionine)","pathway",103.27505,158.129,54.85395
15,"pathway_PWY0-1061: superpathway of L-alanine biosynthesis","pathway",129.1375,117.509,-11.6285
15,"pathway_PWY0-1241: ADP-L-glycero-&beta;-D-manno-heptose biosynthesis","pathway",21.43385,9.80617,-11.62768
15,"pathway_PWY0-1261: anhydromuropeptides recycling I","pathway",47.0313,31.9263,-15.105
15,"pathway_PWY0-1296: purine ribonucleosides degradation","pathway",670.208,771.47,101.262
15,"pathway_PWY0-1297: superpathway of purine deoxyribonucleosides degradation","pathway",36.50585,21.4926,-15.01325
15,"pathway_PWY0-1298: superpathway of pyrimidine deoxyribonucleosides degradation","pathway",23.7006,15.5764,-8.1242
15,"pathway_PWY0-1319: CDP-diacylglycerol biosynthesis II","pathway",614.168,649.492,35.3240000000001
15,"pathway_PWY0-1415: superpathway of heme b biosynthesis from uroporphyrinogen-III","pathway",2.09991,1.30872,-0.79119
15,"pathway_PWY0-1477: ethanolamine utilization","pathway",56.89325,57.4999,0.606649999999995
15,"pathway_PWY0-1479: tRNA processing","pathway",59.53055,36.5403,-22.99025
15,"pathway_PWY0-1586: peptidoglycan maturation (meso-diaminopimelate containing)","pathway",412.941,416.732,3.791
15,"pathway_PWY0-162: superpathway of pyrimidine ribonucleotides de novo biosynthesis","pathway",158.5665,113.137,-45.4295
15,"pathway_PWY0-166: superpathway of pyrimidine deoxyribonucleotides de novo biosynthesis (E. coli)","pathway",2.956075,0,-2.956075
15,"pathway_PWY0-301: L-ascorbate degradation I (bacterial, anaerobic)","pathway",1.974825,0,-1.974825
15,"pathway_PWY0-42: 2-methylcitrate cycle I","pathway",1.04177,0,-1.04177
15,"pathway_PWY0-781: aspartate superpathway","pathway",10.27125,6.91136,-3.35989
15,"pathway_PWY0-845: superpathway of pyridoxal 5'-phosphate biosynthesis and salvage","pathway",47.12675,28.9695,-18.15725
15,"pathway_PWY0-862: (5Z)-dodecenoate biosynthesis I","pathway",85.3588,62.2633,-23.0955
15,"pathway_PWY1ZNC-1: assimilatory sulfate reduction IV","pathway",5.5454,3.31635,-2.22905
15,"pathway_PWY3O-4107: NAD salvage pathway V (PNC V cycle)","pathway",13.76901,4.70134,-9.06767
15,"pathway_PWY490-3: nitrate reduction VI (assimilatory)","pathway",1.15602,0,-1.15602
15,"pathway_PWY4FS-7: phosphatidylglycerol biosynthesis I (plastidic)","pathway",90.8616,74.7929,-16.0687
15,"pathway_PWY4FS-8: phosphatidylglycerol biosynthesis II (non-plastidic)","pathway",90.8616,74.7929,-16.0687
15,"pathway_PWY4LZ-257: superpathway of fermentation (Chlamydomonas reinhardtii)","pathway",25.8589,17.2275,-8.6314
15,"pathway_PWY66-389: phytol degradation","pathway",0,0,0
15,"pathway_PWY66-391: fatty acid &beta;-oxidation VI (mammalian peroxisome)","pathway",0,0,0
15,"pathway_PWY66-399: gluconeogenesis III","pathway",156.365,128.854,-27.511
15,"pathway_PWY66-409: superpathway of purine nucleotide salvage","pathway",79.9917,32.9242,-47.0675
15,"pathway_PWY66-429: fatty acid biosynthesis initiation (mitochondria)","pathway",481.2025,377.864,-103.3385
15,"pathway_PWY66-430: myristate biosynthesis (mitochondria)","pathway",0,0,0
15,"pathway_PYRIDNUCSAL-PWY: NAD salvage pathway I (PNC VI cycle)","pathway",18.16862,6.48295,-11.68567
15,"pathway_PYRIDNUCSYN-PWY: NAD de novo biosynthesis I (from aspartate)","pathway",245.9985,216.593,-29.4055
15,"pathway_PYRIDOXSYN-PWY: pyridoxal 5'-phosphate biosynthesis I","pathway",35.55675,22.0822,-13.47455
15,"pathway_REDCITCYC: TCA cycle VI (Helicobacter)","pathway",4.54957,2.39042,-2.15915
15,"pathway_RHAMCAT-PWY: L-rhamnose degradation I","pathway",126.8665,105.147,-21.7195
15,"pathway_RIBOSYN2-PWY: flavin biosynthesis I (bacteria and plants)","pathway",412.2105,488.838,76.6275
15,"pathway_RUMP-PWY: formaldehyde oxidation I","pathway",0,0,0
15,"pathway_SALVADEHYPOX-PWY: adenosine nucleotides degradation II","pathway",93.72985,75.4356,-18.29425
15,"pathway_SER-GLYSYN-PWY: superpathway of L-serine and glycine biosynthesis I","pathway",344.629,241.587,-103.042
15,"pathway_SO4ASSIM-PWY: assimilatory sulfate reduction I","pathway",10.60338,0,-10.60338
15,"pathway_SULFATE-CYS-PWY: superpathway of sulfate assimilation and cysteine biosynthesis","pathway",22.7675,0,-22.7675
15,"pathway_TCA-GLYOX-BYPASS: superpathway of glyoxylate bypass and TCA","pathway",4.1148,0,-4.1148
15,"pathway_TCA: TCA cycle I (prokaryotic)","pathway",15.89225,5.54939,-10.34286
15,"pathway_THISYN-PWY: superpathway of thiamine diphosphate biosynthesis I","pathway",160.672,135.868,-24.804
15,"pathway_THISYNARA-PWY: superpathway of thiamine diphosphate biosynthesis III (eukaryotes)","pathway",180.0915,115.782,-64.3095
15,"pathway_THRESYN-PWY: superpathway of L-threonine biosynthesis","pathway",401.0445,390.184,-10.8604999999999
15,"pathway_TRNA-CHARGING-PWY: tRNA charging","pathway",865.2865,871.973,6.68650000000002
15,"pathway_TRPSYN-PWY: L-tryptophan biosynthesis","pathway",329.309,218.768,-110.541
15,"pathway_UDPNAGSYN-PWY: UDP-N-acetyl-D-glucosamine biosynthesis I","pathway",356.9115,255.886,-101.0255
15,"pathway_VALSYN-PWY: L-valine biosynthesis","pathway",970.0185,956.065,-13.9534999999998
16,"pathway_1CMET2-PWY: folate transformations III (E. coli)","pathway",258.1915,338.808,80.6165
16,"pathway_ALLANTOINDEG-PWY: superpathway of allantoin degradation in yeast","pathway",0,0,0
16,"pathway_ANAEROFRUCAT-PWY: homolactic fermentation","pathway",194.7285,219.809,25.0805
16,"pathway_ANAGLYCOLYSIS-PWY: glycolysis III (from glucose)","pathway",753.2825,774.673,21.3905
16,"pathway_ARG+POLYAMINE-SYN: superpathway of arginine and polyamine biosynthesis","pathway",45.991,9.51713,-36.47387
16,"pathway_ARGININE-SYN4-PWY: L-ornithine biosynthesis II","pathway",60.2492,173.784,113.5348
16,"pathway_ARGSYN-PWY: L-arginine biosynthesis I (via L-ornithine)","pathway",1113.65,882.993,-230.657
16,"pathway_ARGSYNBSUB-PWY: L-arginine biosynthesis II (acetyl cycle)","pathway",1130.94,897.111,-233.829
16,"pathway_ARO-PWY: chorismate biosynthesis I","pathway",967.312,848.142,-119.17
16,"pathway_ASPASN-PWY: superpathway of L-aspartate and L-asparagine biosynthesis","pathway",238.8985,291.093,52.1945
16,"pathway_BIOTIN-BIOSYNTHESIS-PWY: biotin biosynthesis I","pathway",12.353,0,-12.353
16,"pathway_BRANCHED-CHAIN-AA-SYN-PWY: superpathway of branched chain amino acid biosynthesis","pathway",841.883,867.686,25.803
16,"pathway_CALVIN-PWY: Calvin-Benson-Bassham cycle","pathway",800.392,797.675,-2.7170000000001
16,"pathway_CENTFERM-PWY: pyruvate fermentation to butanoate","pathway",88.81655,92.056,3.23944999999999
16,"pathway_CITRULBIO-PWY: L-citrulline biosynthesis","pathway",37.36765,123.832,86.46435
16,"pathway_COA-PWY-1: superpathway of coenzyme A biosynthesis III (mammals)","pathway",712.353,602.105,-110.248
16,"pathway_COA-PWY: coenzyme A biosynthesis I (prokaryotic)","pathway",686.0785,600.212,-85.8665000000001
16,"pathway_COBALSYN-PWY: superpathway of adenosylcobalamin salvage from cobinamide I","pathway",574.217,443.878,-130.339
16,"pathway_COLANSYN-PWY: colanic acid building blocks biosynthesis","pathway",101.1885,107.833,6.64449999999999
16,"pathway_COMPLETE-ARO-PWY: superpathway of aromatic amino acid biosynthesis","pathway",845.692,859.297,13.605
16,"pathway_DAPLYSINESYN-PWY: L-lysine biosynthesis I","pathway",68.4139,54.2102,-14.2037
16,"pathway_DTDPRHAMSYN-PWY: dTDP-&beta;-L-rhamnose biosynthesis","pathway",767.8495,913.895,146.0455
16,"pathway_FAO-PWY: fatty acid &beta;-oxidation I (generic)","pathway",0,0,0
16,"pathway_FASYN-ELONG-PWY: fatty acid elongation -- saturated","pathway",11.2414,0,-11.2414
16,"pathway_FASYN-INITIAL-PWY: superpathway of fatty acid biosynthesis initiation (E. coli)","pathway",0,0,0
16,"pathway_FERMENTATION-PWY: mixed acid fermentation","pathway",272.1765,150.676,-121.5005
16,"pathway_FOLSYN-PWY: superpathway of tetrahydrofolate biosynthesis and salvage","pathway",0,0,0
16,"pathway_FUC-RHAMCAT-PWY: superpathway of fucose and rhamnose degradation","pathway",16.662335,47.6062,30.943865
16,"pathway_FUCCAT-PWY: fucose degradation","pathway",22.101445,26.1252,4.023755
16,"pathway_GALACT-GLUCUROCAT-PWY: superpathway of hexuronide and hexuronate degradation","pathway",64.68215,17.9839,-46.69825
16,"pathway_GALACTARDEG-PWY: D-galactarate degradation I","pathway",0.581615,1.20977,0.628155
16,"pathway_GALACTITOLCAT-PWY: galactitol degradation","pathway",0,0,0
16,"pathway_GALACTUROCAT-PWY: D-galacturonate degradation I","pathway",257.0275,181.604,-75.4235
16,"pathway_GLCMANNANAUT-PWY: superpathway of N-acetylglucosamine, N-acetylmannosamine and N-acetylneuraminate degradation","pathway",345.342,244.695,-100.647
16,"pathway_GLUCARDEG-PWY: D-glucarate degradation I","pathway",0,1.12567,1.12567
16,"pathway_GLUCARGALACTSUPER-PWY: superpathway of D-glucarate and D-galactarate degradation","pathway",0.581615,1.20977,0.628155
16,"pathway_GLUCONEO-PWY: gluconeogenesis I","pathway",223.8045,263.528,39.7235
16,"pathway_GLUCOSE1PMETAB-PWY: glucose and glucose-1-phosphate degradation","pathway",0,0,0
16,"pathway_GLUCUROCAT-PWY: superpathway of &beta;-D-glucuronosides degradation","pathway",193.5215,197.669,4.14750000000001
16,"pathway_GLUDEG-I-PWY: GABA shunt","pathway",7.5723,34.9584,27.3861
16,"pathway_GLUTORN-PWY: L-ornithine biosynthesis I","pathway",949.225,742.431,-206.794
16,"pathway_GLYCOCAT-PWY: glycogen degradation I","pathway",36.31355,83.4436,47.13005
16,"pathway_GLYCOGENSYNTH-PWY: glycogen biosynthesis I (from ADP-D-Glucose)","pathway",858.27,850.317,-7.95299999999997
16,"pathway_GLYCOLYSIS-E-D: superpathway of glycolysis and the Entner-Doudoroff pathway","pathway",58.2293,132.301,74.0717
16,"pathway_GLYCOLYSIS: glycolysis I (from glucose 6-phosphate)","pathway",171.94,196.782,24.842
16,"pathway_GLYOXYLATE-BYPASS: glyoxylate cycle","pathway",3.46472,0,-3.46472
16,"pathway_GOLPDLCAT-PWY: superpathway of glycerol degradation to 1,3-propanediol","pathway",36.08165,53.0551,16.97345
16,"pathway_HEME-BIOSYNTHESIS-II-1: heme b biosynthesis V (aerobic)","pathway",1.027315,0,-1.027315
16,"pathway_HEME-BIOSYNTHESIS-II: heme b biosynthesis I (aerobic)","pathway",15.44347,5.38933,-10.05414
16,"pathway_HEMESYN2-PWY: heme b biosynthesis II (oxygen-independent)","pathway",73.2245,25.3088,-47.9157
16,"pathway_HEXITOLDEGSUPER-PWY: superpathway of hexitol degradation (bacteria)","pathway",0,0,0
16,"pathway_HISDEG-PWY: L-histidine degradation I","pathway",108.22265,153.513,45.29035
16,"pathway_HISTSYN-PWY: L-histidine biosynthesis","pathway",763.7635,590.714,-173.0495
16,"pathway_HOMOSER-METSYN-PWY: L-methionine biosynthesis I","pathway",0.80429,0,-0.80429
16,"pathway_HSERMETANA-PWY: L-methionine biosynthesis III","pathway",430.625,418.936,-11.689
16,"pathway_ILEUSYN-PWY: L-isoleucine biosynthesis I (from threonine)","pathway",860.0255,891.024,30.9985
16,"pathway_KETOGLUCONMET-PWY: ketogluconate metabolism","pathway",0,0,0
16,"pathway_LACTOSECAT-PWY: lactose and galactose degradation I","pathway",370.0495,178.122,-191.9275
16,"pathway_MET-SAM-PWY: superpathway of S-adenosyl-L-methionine biosynthesis","pathway",1.602265,0,-1.602265
16,"pathway_METH-ACETATE-PWY: methanogenesis from acetate","pathway",92.6343,269.684,177.0497
16,"pathway_METHGLYUT-PWY: superpathway of methylglyoxal degradation","pathway",0,0,0
16,"pathway_METSYN-PWY: superpathway of L-homoserine and L-methionine biosynthesis","pathway",1.40575,0,-1.40575
16,"pathway_NAD-BIOSYNTHESIS-II: NAD salvage pathway III (to nicotinamide riboside)","pathway",0,0,0
16,"pathway_NAGLIPASYN-PWY: lipid IVA biosynthesis (E. coli)","pathway",54.92855,84.4319,29.50335
16,"pathway_NONMEVIPP-PWY: methylerythritol phosphate pathway I","pathway",838.2365,745.49,-92.7465
16,"pathway_NONOXIPENT-PWY: pentose phosphate pathway (non-oxidative branch) I","pathway",653.8815,608.034,-45.8475
16,"pathway_OANTIGEN-PWY: O-antigen building blocks biosynthesis (E. coli)","pathway",540.01,406.274,-133.736
16,"pathway_ORNDEG-PWY: superpathway of ornithine degradation","pathway",32.4162,2.10621,-30.30999
16,"pathway_P105-PWY: TCA cycle IV (2-oxoglutarate decarboxylase)","pathway",2.30006,0,-2.30006
16,"pathway_P108-PWY: pyruvate fermentation to propanoate I","pathway",5.3116,0,-5.3116
16,"pathway_P122-PWY: heterolactic fermentation","pathway",4.949295,0,-4.949295
16,"pathway_P124-PWY: Bifidobacterium shunt","pathway",280.2355,134.39,-145.8455
16,"pathway_P125-PWY: superpathway of (R,R)-butanediol biosynthesis","pathway",0.880835,0,-0.880835
16,"pathway_P161-PWY: acetylene degradation (anaerobic)","pathway",10.01024,6.95258,-3.05766
16,"pathway_P164-PWY: purine nucleobases degradation I (anaerobic)","pathway",54.82625,142.357,87.53075
16,"pathway_P185-PWY: formaldehyde assimilation III (dihydroxyacetone cycle)","pathway",13.13448,14.0773,0.942819999999999
16,"pathway_P23-PWY: reductive TCA cycle I","pathway",3.956615,0,-3.956615
16,"pathway_P4-PWY: superpathway of L-lysine, L-threonine and L-methionine biosynthesis I","pathway",0,0,0
16,"pathway_P41-PWY: pyruvate fermentation to acetate and (S)-lactate I","pathway",545.7055,523.022,-22.6835
16,"pathway_P42-PWY: incomplete reductive TCA cycle","pathway",16.67015,17.6476,0.977450000000001
16,"pathway_P441-PWY: superpathway of N-acetylneuraminate degradation","pathway",71.03345,89.9998,18.96635
16,"pathway_P461-PWY: hexitol fermentation to lactate, formate, ethanol and acetate","pathway",9.218345,16.5859,7.367555
16,"pathway_P621-PWY: nylon-6 oligomer degradation","pathway",1.278225,0,-1.278225
16,"pathway_PANTO-PWY: phosphopantothenate biosynthesis I","pathway",473.53,485.636,12.1060000000001
16,"pathway_PANTOSYN-PWY: superpathway of coenzyme A biosynthesis I (bacteria)","pathway",472.6465,488.587,15.9405
16,"pathway_PENTOSE-P-PWY: pentose phosphate pathway","pathway",83.7212,222.931,139.2098
16,"pathway_PEPTIDOGLYCANSYN-PWY: peptidoglycan biosynthesis I (meso-diaminopimelate containing)","pathway",853.1015,733.97,-119.1315
16,"pathway_PHOSLIPSYN-PWY: superpathway of phospholipid biosynthesis I (bacteria)","pathway",72.93455,141.598,68.66345
16,"pathway_POLYAMINSYN3-PWY: superpathway of polyamine biosynthesis II","pathway",22.6643,3.48381,-19.18049
16,"pathway_POLYAMSYN-PWY: superpathway of polyamine biosynthesis I","pathway",31.73605,4.82171,-26.91434
16,"pathway_POLYISOPRENSYN-PWY: polyisoprenoid biosynthesis (E. coli)","pathway",41.90785,138.234,96.32615
16,"pathway_PPGPPMET-PWY: ppGpp metabolism","pathway",23.605485,44.3588,20.753315
16,"pathway_PROPFERM-PWY: superpathway of L-alanine fermentation (Stickland reaction)","pathway",0,9.52558,9.52558
16,"pathway_PWY-1042: glycolysis IV","pathway",925.84,1006.15,80.3100000000001
16,"pathway_PWY-1269: CMP-3-deoxy-D-manno-octulosonate biosynthesis","pathway",24.796975,27.5137,2.716725
16,"pathway_PWY-1861: formaldehyde assimilation II (assimilatory RuMP Cycle)","pathway",7.77736,33.2552,25.47784
16,"pathway_PWY-241: C4 photosynthetic carbon assimilation cycle, NADP-ME type","pathway",160.617,134.727,-25.89
16,"pathway_PWY-2941: L-lysine biosynthesis II","pathway",227.844,100.8,-127.044
16,"pathway_PWY-2942: L-lysine biosynthesis III","pathway",487.927,536.599,48.672
16,"pathway_PWY-3001: superpathway of L-isoleucine biosynthesis I","pathway",560.027,547.644,-12.383
16,"pathway_PWY-3841: folate transformations II (plants)","pathway",562.3335,600.069,37.7355
16,"pathway_PWY-4041: &gamma;-glutamyl cycle","pathway",136.6165,115.787,-20.8295
16,"pathway_PWY-4984: urea cycle","pathway",31.2422,104.798,73.5558
16,"pathway_PWY-5004: superpathway of L-citrulline metabolism","pathway",0,0,0
16,"pathway_PWY-5005: biotin biosynthesis II","pathway",20.4488,8.165,-12.2838
16,"pathway_PWY-5022: 4-aminobutanoate degradation V","pathway",11.52655,32.9905,21.46395
16,"pathway_PWY-5030: L-histidine degradation III","pathway",79.9236,132.817,52.8934
16,"pathway_PWY-5097: L-lysine biosynthesis VI","pathway",685.937,677.151,-8.78600000000006
16,"pathway_PWY-5100: pyruvate fermentation to acetate and lactate II","pathway",545.7055,523.022,-22.6835
16,"pathway_PWY-5103: L-isoleucine biosynthesis III","pathway",809.637,836.769,27.1320000000001
16,"pathway_PWY-5104: L-isoleucine biosynthesis IV","pathway",0,0,0
16,"pathway_PWY-5121: superpathway of geranylgeranyl diphosphate biosynthesis II (via MEP)","pathway",248.5065,215.709,-32.7975
16,"pathway_PWY-5130: 2-oxobutanoate degradation I","pathway",5.12752,0,-5.12752
16,"pathway_PWY-5136: fatty acid &beta;-oxidation II (plant peroxisome)","pathway",26.1259,15.5918,-10.5341
16,"pathway_PWY-5138: fatty acid &beta;-oxidation IV (unsaturated, even number)","pathway",0,0,0
16,"pathway_PWY-5154: L-arginine biosynthesis III (via N-acetyl-L-citrulline)","pathway",106.17305,226.225,120.05195
16,"pathway_PWY-5188: tetrapyrrole biosynthesis I (from glutamate)","pathway",112.72065,178.41,65.68935
16,"pathway_PWY-5189: tetrapyrrole biosynthesis II (from glycine)","pathway",1.73885,0,-1.73885
16,"pathway_PWY-5345: superpathway of L-methionine biosynthesis (by sulfhydrylation)","pathway",22.40395,7.4147,-14.98925
16,"pathway_PWY-5347: superpathway of L-methionine biosynthesis (transsulfuration)","pathway",1.603435,0,-1.603435
16,"pathway_PWY-5367: petroselinate biosynthesis","pathway",3.941255,0,-3.941255
16,"pathway_PWY-5384: sucrose degradation IV (sucrose phosphorylase)","pathway",35.429,74.0025,38.5735
16,"pathway_PWY-5484: glycolysis II (from fructose 6-phosphate)","pathway",162.314,184.035,21.721
16,"pathway_PWY-5494: pyruvate fermentation to propanoate II (acrylate pathway)","pathway",0,4.43506,4.43506
16,"pathway_PWY-5497: purine nucleobases degradation II (anaerobic)","pathway",57.96215,103.005,45.04285
16,"pathway_PWY-5505: L-glutamate and L-glutamine biosynthesis","pathway",117.7032,220.126,102.4228
16,"pathway_PWY-561: superpathway of glyoxylate cycle and fatty acid degradation","pathway",0,0,0
16,"pathway_PWY-5656: mannosylglycerate biosynthesis I","pathway",0,0,0
16,"pathway_PWY-5659: GDP-mannose biosynthesis","pathway",163.1115,84.6245,-78.487
16,"pathway_PWY-5667: CDP-diacylglycerol biosynthesis I","pathway",479.396,573.535,94.139
16,"pathway_PWY-5675: nitrate reduction V (assimilatory)","pathway",0.54362,0,-0.54362
16,"pathway_PWY-5676: acetyl-CoA fermentation to butanoate II","pathway",57.4545,59.4809,2.0264
16,"pathway_PWY-5677: succinate fermentation to butanoate","pathway",5.56112,9.07592,3.5148
16,"pathway_PWY-5686: UMP biosynthesis I","pathway",1053.352,927.764,-125.588
16,"pathway_PWY-5690: TCA cycle II (plants and fungi)","pathway",4.408045,9.85415,5.446105
16,"pathway_PWY-5695: inosine 5'-phosphate degradation","pathway",438.4645,490.77,52.3055
16,"pathway_PWY-5723: Rubisco shunt","pathway",0,0,0
16,"pathway_PWY-5837: 2-carboxy-1,4-naphthoquinol biosynthesis","pathway",0,0,0
16,"pathway_PWY-5838: superpathway of menaquinol-8 biosynthesis I","pathway",0,0,0
16,"pathway_PWY-5840: superpathway of menaquinol-7 biosynthesis","pathway",0,0,0
16,"pathway_PWY-5845: superpathway of menaquinol-9 biosynthesis","pathway",0,0,0
16,"pathway_PWY-5861: superpathway of demethylmenaquinol-8 biosynthesis I","pathway",0,0,0
16,"pathway_PWY-5862: superpathway of demethylmenaquinol-9 biosynthesis","pathway",0,0,0
16,"pathway_PWY-5897: superpathway of menaquinol-11 biosynthesis","pathway",0,0,0
16,"pathway_PWY-5898: superpathway of menaquinol-12 biosynthesis","pathway",0,0,0
16,"pathway_PWY-5899: superpathway of menaquinol-13 biosynthesis","pathway",0,0,0
16,"pathway_PWY-5910: superpathway of geranylgeranyldiphosphate biosynthesis I (via mevalonate)","pathway",0,0,0
16,"pathway_PWY-5913: partial TCA cycle (obligate autotrophs)","pathway",136.9425,77.2653,-59.6772
16,"pathway_PWY-5918: superpathway of heme b biosynthesis from glutamate","pathway",5.94104,0,-5.94104
16,"pathway_PWY-5920: superpathway of heme b biosynthesis from glycine","pathway",0,0,0
16,"pathway_PWY-5941: glycogen degradation II","pathway",948.1555,1046.02,97.8644999999999
16,"pathway_PWY-5971: palmitate biosynthesis (type II fatty acid synthase)","pathway",12.9556,0,-12.9556
16,"pathway_PWY-5973: cis-vaccenate biosynthesis","pathway",119.4,244.883,125.483
16,"pathway_PWY-5981: CDP-diacylglycerol biosynthesis III","pathway",5.74935,3.99669,-1.75266
16,"pathway_PWY-5989: stearate biosynthesis II (bacteria and plants)","pathway",8.69545,0,-8.69545
16,"pathway_PWY-5994: palmitate biosynthesis (type I fatty acid synthase)","pathway",2.766345,0,-2.766345
16,"pathway_PWY-6121: 5-aminoimidazole ribonucleotide biosynthesis I","pathway",958.649,751.122,-207.527
16,"pathway_PWY-6122: 5-aminoimidazole ribonucleotide biosynthesis II","pathway",1015.1345,762.972,-252.1625
16,"pathway_PWY-6123: inosine-5'-phosphate biosynthesis I","pathway",768.9435,568.049,-200.8945
16,"pathway_PWY-6124: inosine-5'-phosphate biosynthesis II","pathway",749.422,544.414,-205.008
16,"pathway_PWY-6125: superpathway of guanosine nucleotides de novo biosynthesis II","pathway",318.6315,164.51,-154.1215
16,"pathway_PWY-6126: superpathway of adenosine nucleotides de novo biosynthesis II","pathway",429.0835,233.609,-195.4745
16,"pathway_PWY-6147: 6-hydroxymethyl-dihydropterin diphosphate biosynthesis I","pathway",61.66775,130.501,68.83325
16,"pathway_PWY-6151: S-adenosyl-L-methionine salvage I","pathway",764.8265,655.443,-109.3835
16,"pathway_PWY-6163: chorismate biosynthesis from 3-dehydroquinate","pathway",999.6945,876.883,-122.8115
16,"pathway_PWY-6168: flavin biosynthesis III (fungi)","pathway",0,0,0
16,"pathway_PWY-621: sucrose degradation III (sucrose invertase)","pathway",35.16535,72.5945,37.42915
16,"pathway_PWY-622: starch biosynthesis","pathway",0,78.3462,78.3462
16,"pathway_PWY-6270: isoprene biosynthesis I","pathway",495.0365,462.388,-32.6485
16,"pathway_PWY-6277: superpathway of 5-aminoimidazole ribonucleotide biosynthesis","pathway",1015.1345,762.972,-252.1625
16,"pathway_PWY-6282: palmitoleate biosynthesis I (from (5Z)-dodec-5-enoate)","pathway",8.6768,0,-8.6768
16,"pathway_PWY-6284: superpathway of unsaturated fatty acids biosynthesis (E. coli)","pathway",7.63255,0,-7.63255
16,"pathway_PWY-6292: superpathway of L-cysteine biosynthesis (mammalian)","pathway",172.96185,101.926,-71.03585
16,"pathway_PWY-6293: superpathway of L-cysteine biosynthesis (fungi)","pathway",10.6898,0,-10.6898
16,"pathway_PWY-6305: superpathway of putrescine biosynthesis","pathway",40.96895,75.9054,34.93645
16,"pathway_PWY-6317: D-galactose degradation I (Leloir pathway)","pathway",525.646,523.653,-1.99299999999994
16,"pathway_PWY-6353: purine nucleotides degradation II (aerobic)","pathway",136.225,162.435,26.21
16,"pathway_PWY-6385: peptidoglycan biosynthesis III (mycobacteria)","pathway",769.992,709.516,-60.476
16,"pathway_PWY-6386: UDP-N-acetylmuramoyl-pentapeptide biosynthesis II (lysine-containing)","pathway",958.4415,839.942,-118.4995
16,"pathway_PWY-6387: UDP-N-acetylmuramoyl-pentapeptide biosynthesis I (meso-diaminopimelate containing)","pathway",937.0165,814.309,-122.7075
16,"pathway_PWY-6435: 4-hydroxybenzoate biosynthesis III (plants)","pathway",0,0,0
16,"pathway_PWY-6470: peptidoglycan biosynthesis V (&beta;-lactam resistance)","pathway",64.268,37.1304,-27.1376
16,"pathway_PWY-6507: 4-deoxy-L-threo-hex-4-enopyranuronate degradation","pathway",235.7965,168.209,-67.5875
16,"pathway_PWY-6519: 8-amino-7-oxononanoate biosynthesis I","pathway",10.24075,0,-10.24075
16,"pathway_PWY-6527: stachyose degradation","pathway",293.709,404.221,110.512
16,"pathway_PWY-6531: mannitol cycle","pathway",0.91707,7.58315,6.66608
16,"pathway_PWY-6545: pyrimidine deoxyribonucleotides de novo biosynthesis III","pathway",1.529105,0,-1.529105
16,"pathway_PWY-6549: L-glutamine biosynthesis III","pathway",206.095,117.319,-88.776
16,"pathway_PWY-6572: chondroitin sulfate degradation I (bacterial)","pathway",0,5.46628,5.46628
16,"pathway_PWY-6588: pyruvate fermentation to acetone","pathway",12.33175,4.49089,-7.84086
16,"pathway_PWY-6590: superpathway of Clostridium acetobutylicum acidogenic fermentation","pathway",112.5337,116.455,3.9213
16,"pathway_PWY-6595: superpathway of guanosine nucleotides degradation (plants)","pathway",27.85865,10.7055,-17.15315
16,"pathway_PWY-6606: guanosine nucleotides degradation II","pathway",80.1336,93.7664,13.6328
16,"pathway_PWY-6607: guanosine nucleotides degradation I","pathway",38.0031,10.7565,-27.2466
16,"pathway_PWY-6608: guanosine nucleotides degradation III","pathway",162.072,151.161,-10.911
16,"pathway_PWY-6609: adenine and adenosine salvage III","pathway",764.4695,749.259,-15.2104999999999
16,"pathway_PWY-6612: superpathway of tetrahydrofolate biosynthesis","pathway",0,0,0
16,"pathway_PWY-6628: superpathway of L-phenylalanine biosynthesis","pathway",172.7265,198.736,26.0095
16,"pathway_PWY-6629: superpathway of L-tryptophan biosynthesis","pathway",385.893,607.307,221.414
16,"pathway_PWY-6630: superpathway of L-tyrosine biosynthesis","pathway",112.23305,104.162,-8.07104999999999
16,"pathway_PWY-6700: queuosine biosynthesis I (de novo)","pathway",727.8895,661.737,-66.1525
16,"pathway_PWY-6703: preQ0 biosynthesis","pathway",209.4005,240.058,30.6575
16,"pathway_PWY-6731: starch degradation III","pathway",102.55185,280.145,177.59315
16,"pathway_PWY-6803: phosphatidylcholine acyl editing","pathway",0.64348,0,-0.64348
16,"pathway_PWY-6807: xyloglucan degradation II (exoglucanase)","pathway",0,2.06287,2.06287
16,"pathway_PWY-6823: molybdopterin biosynthesis","pathway",549.1315,518.549,-30.5825
16,"pathway_PWY-6859: all-trans-farnesol biosynthesis","pathway",8.483775,34.4552,25.971425
16,"pathway_PWY-6876: isopropanol biosynthesis (engineered)","pathway",0,0,0
16,"pathway_PWY-6892: thiazole component of thiamine diphosphate biosynthesis I","pathway",196.9805,376.506,179.5255
16,"pathway_PWY-6895: superpathway of thiamine diphosphate biosynthesis II","pathway",0,168.139,168.139
16,"pathway_PWY-6897: thiamine diphosphate salvage II","pathway",433.17,406.566,-26.604
16,"pathway_PWY-6901: superpathway of glucose and xylose degradation","pathway",106.73835,209.922,103.18365
16,"pathway_PWY-6902: chitin degradation II (Vibrio)","pathway",23.290825,102.662,79.371175
16,"pathway_PWY-6906: chitin derivatives degradation","pathway",15.91605,77.0029,61.08685
16,"pathway_PWY-6920: 6-gingerol analog biosynthesis (engineered)","pathway",0,0,0
16,"pathway_PWY-6922: L-N&delta;-acetylornithine biosynthesis","pathway",2.834635,3.97365,1.139015
16,"pathway_PWY-6936: seleno-amino acid biosynthesis (plants)","pathway",148.672,115.75,-32.922
16,"pathway_PWY-6961: L-ascorbate degradation II (bacterial, aerobic)","pathway",0,0,0
16,"pathway_PWY-6969: TCA cycle V (2-oxoglutarate synthase)","pathway",71.1868,79.7913,8.6045
16,"pathway_PWY-6992: 1,5-anhydrofructose degradation","pathway",0,0,0
16,"pathway_PWY-7013: (S)-propane-1,2-diol degradation","pathway",32.38575,50.1521,17.76635
16,"pathway_PWY-702: L-methionine biosynthesis II","pathway",67.9195,71.5436,3.6241
16,"pathway_PWY-7111: pyruvate fermentation to isobutanol (engineered)","pathway",615.0095,552.325,-62.6845
16,"pathway_PWY-7115: C4 photosynthetic carbon assimilation cycle, NAD-ME type","pathway",59.07055,128.283,69.21245
16,"pathway_PWY-7117: C4 photosynthetic carbon assimilation cycle, PEPCK type","pathway",142.3745,136.524,-5.85050000000001
16,"pathway_PWY-7118: chitin deacetylation","pathway",0,0,0
16,"pathway_PWY-7184: pyrimidine deoxyribonucleotides de novo biosynthesis I","pathway",1.528285,0,-1.528285
16,"pathway_PWY-7185: UTP and CTP dephosphorylation I","pathway",1.023735,0,-1.023735
16,"pathway_PWY-7196: superpathway of pyrimidine ribonucleosides salvage","pathway",0,0,0
16,"pathway_PWY-7197: pyrimidine deoxyribonucleotide phosphorylation","pathway",239.0485,100.446,-138.6025
16,"pathway_PWY-7198: pyrimidine deoxyribonucleotides de novo biosynthesis IV","pathway",63.5127,80.0193,16.5066
16,"pathway_PWY-7199: pyrimidine deoxyribonucleosides salvage","pathway",345.453,362.202,16.749
16,"pathway_PWY-7204: pyridoxal 5'-phosphate salvage II (plants)","pathway",2.80015,0,-2.80015
16,"pathway_PWY-7208: superpathway of pyrimidine nucleobases salvage","pathway",332.8025,151.421,-181.3815
16,"pathway_PWY-7209: superpathway of pyrimidine ribonucleosides degradation","pathway",0,35.4407,35.4407
16,"pathway_PWY-7210: pyrimidine deoxyribonucleotides biosynthesis from CTP","pathway",1.69704,0,-1.69704
16,"pathway_PWY-7211: superpathway of pyrimidine deoxyribonucleotides de novo biosynthesis","pathway",2.974315,0,-2.974315
16,"pathway_PWY-7220: adenosine deoxyribonucleotides de novo biosynthesis II","pathway",229.839,113.81,-116.029
16,"pathway_PWY-7221: guanosine ribonucleotides de novo biosynthesis","pathway",697.146,658.735,-38.4109999999999
16,"pathway_PWY-7222: guanosine deoxyribonucleotides de novo biosynthesis II","pathway",229.839,113.81,-116.029
16,"pathway_PWY-7228: superpathway of guanosine nucleotides de novo biosynthesis I","pathway",352.936,196.364,-156.572
16,"pathway_PWY-7229: superpathway of adenosine nucleotides de novo biosynthesis I","pathway",532.3255,333.899,-198.4265
16,"pathway_PWY-7234: inosine-5'-phosphate biosynthesis III","pathway",128.80695,95.7219,-33.08505
16,"pathway_PWY-7237: myo-, chiro- and scyllo-inositol degradation","pathway",303.609,393.418,89.809
16,"pathway_PWY-7238: sucrose biosynthesis II","pathway",1205.99,1194.59,-11.4000000000001
16,"pathway_PWY-7242: D-fructuronate degradation","pathway",227.9925,174.451,-53.5415
16,"pathway_PWY-724: superpathway of L-lysine, L-threonine and L-methionine biosynthesis II","pathway",612.117,574.833,-37.284
16,"pathway_PWY-7254: TCA cycle VII (acetate-producers)","pathway",0,0,0
16,"pathway_PWY-7282: 4-amino-2-methyl-5-diphosphomethylpyrimidine biosynthesis II","pathway",76.62225,173.257,96.63475
16,"pathway_PWY-7312: dTDP-&beta;-D-fucofuranose biosynthesis","pathway",6.167265,34.6383,28.471035
16,"pathway_PWY-7315: dTDP-N-acetylthomosamine biosynthesis","pathway",30.17245,6.92796,-23.24449
16,"pathway_PWY-7323: superpathway of GDP-mannose-derived O-antigen building blocks biosynthesis","pathway",14.87145,77.7822,62.91075
16,"pathway_PWY-7328: superpathway of UDP-glucose-derived O-antigen building blocks biosynthesis","pathway",62.693,65.8535,3.1605
16,"pathway_PWY-7345: superpathway of anaerobic sucrose degradation","pathway",86.92615,137.381,50.45485
16,"pathway_PWY-7356: thiamine diphosphate salvage IV (yeast)","pathway",39.8307,51.0049,11.1742
16,"pathway_PWY-7357: thiamine phosphate formation from pyrithiamine and oxythiamine (yeast)","pathway",670.2595,615.262,-54.9975000000001
16,"pathway_PWY-7371: 1,4-dihydroxy-6-naphthoate biosynthesis II","pathway",1.88355,0,-1.88355
16,"pathway_PWY-7383: anaerobic energy metabolism (invertebrates, cytosol)","pathway",196.119,135.483,-60.636
16,"pathway_PWY-7385: 1,3-propanediol biosynthesis (engineered)","pathway",0.570035,0,-0.570035
16,"pathway_PWY-7388: octanoyl-[acyl-carrier protein] biosynthesis (mitochondria, yeast)","pathway",4.408145,0,-4.408145
16,"pathway_PWY-7392: taxadiene biosynthesis (engineered)","pathway",24.40445,85.4919,61.08745
16,"pathway_PWY-7400: L-arginine biosynthesis IV (archaebacteria)","pathway",152.0235,348.115,196.0915
16,"pathway_PWY-7456: &beta;-(1,4)-mannan degradation","pathway",58.93075,73.3003,14.36955
16,"pathway_PWY-7560: methylerythritol phosphate pathway II","pathway",482.9745,444.046,-38.9285
16,"pathway_PWY-7663: gondoate biosynthesis (anaerobic)","pathway",97.5944,205.142,107.5476
16,"pathway_PWY-7664: oleate biosynthesis IV (anaerobic)","pathway",10.0245,0,-10.0245
16,"pathway_PWY-7688: dTDP-&alpha;-D-ravidosamine and dTDP-4-acetyl-&alpha;-D-ravidosamine biosynthesis","pathway",0,3.02615,3.02615
16,"pathway_PWY-7761: NAD salvage pathway II (PNC IV cycle)","pathway",88.4065,75.3545,-13.052
16,"pathway_PWY-7790: UMP biosynthesis II","pathway",1053.352,927.764,-125.588
16,"pathway_PWY-7791: UMP biosynthesis III","pathway",1053.352,927.764,-125.588
16,"pathway_PWY-7851: coenzyme A biosynthesis II (eukaryotic)","pathway",634.5735,544.424,-90.1495
16,"pathway_PWY-7883: anhydromuropeptides recycling II","pathway",0.935235,0,-0.935235
16,"pathway_PWY-7942: 5-oxo-L-proline metabolism","pathway",0.80752,0,-0.80752
16,"pathway_PWY-7953: UDP-N-acetylmuramoyl-pentapeptide biosynthesis III (meso-diaminopimelate containing)","pathway",728.9,692.155,-36.745
16,"pathway_PWY-7977: L-methionine biosynthesis IV","pathway",559.6425,627.539,67.8965000000001
16,"pathway_PWY-7992: superpathway of menaquinol-8 biosynthesis III","pathway",4.485565,0,-4.485565
16,"pathway_PWY-8004: Entner-Doudoroff pathway I","pathway",46.64625,123.816,77.16975
16,"pathway_PWY-801: homocysteine and cysteine interconversion","pathway",6.55485,0,-6.55485
16,"pathway_PWY-8073: lipid IVA biosynthesis (P. putida)","pathway",54.92855,84.4319,29.50335
16,"pathway_PWY-8131: 5'-deoxyadenosine degradation II","pathway",19.7379,29.8859,10.148
16,"pathway_PWY-8178: pentose phosphate pathway (non-oxidative branch) II","pathway",717.292,746.231,28.939
16,"pathway_PWY-8187: L-arginine degradation XIII (reductive Stickland reaction)","pathway",874.1825,510.279,-363.9035
16,"pathway_PWY-8188: L-alanine degradation VI (reductive Stickland reaction)","pathway",0,9.52558,9.52558
16,"pathway_PWY-8189: L-alanine degradation V (oxidative Stickland reaction)","pathway",0,9.52558,9.52558
16,"pathway_PWY-821: superpathway of sulfur amino acid biosynthesis (Saccharomyces cerevisiae)","pathway",2.79337,0,-2.79337
16,"pathway_PWY-822: fructan biosynthesis","pathway",1.90429,0,-1.90429
16,"pathway_PWY-841: superpathway of purine nucleotides de novo biosynthesis I","pathway",481.261,284.768,-196.493
16,"pathway_PWY-922: mevalonate pathway I (eukaryotes and bacteria)","pathway",0,0,0
16,"pathway_PWY-I9: L-cysteine biosynthesis VI (from L-methionine)","pathway",84.04895,102.455,18.40605
16,"pathway_PWY0-1061: superpathway of L-alanine biosynthesis","pathway",68.70285,185.223,116.52015
16,"pathway_PWY0-1241: ADP-L-glycero-&beta;-D-manno-heptose biosynthesis","pathway",5.249745,7.63977,2.390025
16,"pathway_PWY0-1261: anhydromuropeptides recycling I","pathway",41.1834,90.9103,49.7269
16,"pathway_PWY0-1296: purine ribonucleosides degradation","pathway",662.6295,669.397,6.76750000000004
16,"pathway_PWY0-1297: superpathway of purine deoxyribonucleosides degradation","pathway",27.50145,16.7082,-10.79325
16,"pathway_PWY0-1298: superpathway of pyrimidine deoxyribonucleosides degradation","pathway",23.05985,10.501,-12.55885
16,"pathway_PWY0-1319: CDP-diacylglycerol biosynthesis II","pathway",479.396,573.535,94.139
16,"pathway_PWY0-1415: superpathway of heme b biosynthesis from uroporphyrinogen-III","pathway",0,0,0
16,"pathway_PWY0-1477: ethanolamine utilization","pathway",94.04785,53.217,-40.83085
16,"pathway_PWY0-1479: tRNA processing","pathway",30.16315,21.5178,-8.64535
16,"pathway_PWY0-1586: peptidoglycan maturation (meso-diaminopimelate containing)","pathway",358.079,453.365,95.2860000000001
16,"pathway_PWY0-162: superpathway of pyrimidine ribonucleotides de novo biosynthesis","pathway",172.0165,136.892,-35.1245
16,"pathway_PWY0-166: superpathway of pyrimidine deoxyribonucleotides de novo biosynthesis (E. coli)","pathway",0,0,0
16,"pathway_PWY0-301: L-ascorbate degradation I (bacterial, anaerobic)","pathway",0,0,0
16,"pathway_PWY0-42: 2-methylcitrate cycle I","pathway",0,0,0
16,"pathway_PWY0-781: aspartate superpathway","pathway",0,0,0
16,"pathway_PWY0-845: superpathway of pyridoxal 5'-phosphate biosynthesis and salvage","pathway",32.5328,87.004,54.4712
16,"pathway_PWY0-862: (5Z)-dodecenoate biosynthesis I","pathway",8.76005,0,-8.76005
16,"pathway_PWY1ZNC-1: assimilatory sulfate reduction IV","pathway",7.25976,10.185,2.92524
16,"pathway_PWY3O-4107: NAD salvage pathway V (PNC V cycle)","pathway",11.8136,36.1601,24.3465
16,"pathway_PWY490-3: nitrate reduction VI (assimilatory)","pathway",2.663775,2.88178,0.218005
16,"pathway_PWY4FS-7: phosphatidylglycerol biosynthesis I (plastidic)","pathway",46.9215,96.4199,49.4984
16,"pathway_PWY4FS-8: phosphatidylglycerol biosynthesis II (non-plastidic)","pathway",46.9215,96.4199,49.4984
16,"pathway_PWY4LZ-257: superpathway of fermentation (Chlamydomonas reinhardtii)","pathway",12.11572,8.62644,-3.48928
16,"pathway_PWY66-389: phytol degradation","pathway",6.65036,6.03122,-0.61914
16,"pathway_PWY66-391: fatty acid &beta;-oxidation VI (mammalian peroxisome)","pathway",23.61305,10.9482,-12.66485
16,"pathway_PWY66-399: gluconeogenesis III","pathway",132.87,122.293,-10.577
16,"pathway_PWY66-409: superpathway of purine nucleotide salvage","pathway",35.1782,43.0312,7.853
16,"pathway_PWY66-429: fatty acid biosynthesis initiation (mitochondria)","pathway",681.5705,741.679,60.1084999999999
16,"pathway_PWY66-430: myristate biosynthesis (mitochondria)","pathway",4.28699,0,-4.28699
16,"pathway_PYRIDNUCSAL-PWY: NAD salvage pathway I (PNC VI cycle)","pathway",14.7152,40.842,26.1268
16,"pathway_PYRIDNUCSYN-PWY: NAD de novo biosynthesis I (from aspartate)","pathway",361.4455,342.967,-18.4785
16,"pathway_PYRIDOXSYN-PWY: pyridoxal 5'-phosphate biosynthesis I","pathway",24.92305,69.0908,44.16775
16,"pathway_REDCITCYC: TCA cycle VI (Helicobacter)","pathway",3.20727,0,-3.20727
16,"pathway_RHAMCAT-PWY: L-rhamnose degradation I","pathway",155.565,219.152,63.587
16,"pathway_RIBOSYN2-PWY: flavin biosynthesis I (bacteria and plants)","pathway",405.3365,459.77,54.4335
16,"pathway_RUMP-PWY: formaldehyde oxidation I","pathway",0,3.53738,3.53738
16,"pathway_SALVADEHYPOX-PWY: adenosine nucleotides degradation II","pathway",144.4555,106.211,-38.2445
16,"pathway_SER-GLYSYN-PWY: superpathway of L-serine and glycine biosynthesis I","pathway",545.0905,442.936,-102.1545
16,"pathway_SO4ASSIM-PWY: assimilatory sulfate reduction I","pathway",8.481545,2.72274,-5.758805
16,"pathway_SULFATE-CYS-PWY: superpathway of sulfate assimilation and cysteine biosynthesis","pathway",18.5745,6.08052,-12.49398
16,"pathway_TCA-GLYOX-BYPASS: superpathway of glyoxylate bypass and TCA","pathway",0,0,0
16,"pathway_TCA: TCA cycle I (prokaryotic)","pathway",0,0,0
16,"pathway_THISYN-PWY: superpathway of thiamine diphosphate biosynthesis I","pathway",152.637,281.383,128.746
16,"pathway_THISYNARA-PWY: superpathway of thiamine diphosphate biosynthesis III (eukaryotes)","pathway",302.9195,385.11,82.1905
16,"pathway_THRESYN-PWY: superpathway of L-threonine biosynthesis","pathway",569.727,457.735,-111.992
16,"pathway_TRNA-CHARGING-PWY: tRNA charging","pathway",921.0115,837.172,-83.8395
16,"pathway_TRPSYN-PWY: L-tryptophan biosynthesis","pathway",235.571,445.217,209.646
16,"pathway_UDPNAGSYN-PWY: UDP-N-acetyl-D-glucosamine biosynthesis I","pathway",571.7225,307.877,-263.8455
16,"pathway_VALSYN-PWY: L-valine biosynthesis","pathway",898.268,937.016,38.7479999999999
18,"pathway_1CMET2-PWY: folate transformations III (E. coli)","pathway",464.628,468.316,3.68799999999993
18,"pathway_ALLANTOINDEG-PWY: superpathway of allantoin degradation in yeast","pathway",0,0,0
18,"pathway_ANAEROFRUCAT-PWY: homolactic fermentation","pathway",436.7035,560.905,124.2015
18,"pathway_ANAGLYCOLYSIS-PWY: glycolysis III (from glucose)","pathway",858.7485,731.506,-127.2425
18,"pathway_ARG+POLYAMINE-SYN: superpathway of arginine and polyamine biosynthesis","pathway",13.767225,13.2294,-0.537825
18,"pathway_ARGININE-SYN4-PWY: L-ornithine biosynthesis II","pathway",13.33455,39.4583,26.12375
18,"pathway_ARGSYN-PWY: L-arginine biosynthesis I (via L-ornithine)","pathway",1032.9755,865.571,-167.4045
18,"pathway_ARGSYNBSUB-PWY: L-arginine biosynthesis II (acetyl cycle)","pathway",1084.645,889.526,-195.119
18,"pathway_ARO-PWY: chorismate biosynthesis I","pathway",985.2095,807.915,-177.2945
18,"pathway_ASPASN-PWY: superpathway of L-aspartate and L-asparagine biosynthesis","pathway",238.978,272.014,33.036
18,"pathway_BIOTIN-BIOSYNTHESIS-PWY: biotin biosynthesis I","pathway",46.6066,101.817,55.2104
18,"pathway_BRANCHED-CHAIN-AA-SYN-PWY: superpathway of branched chain amino acid biosynthesis","pathway",949.3585,986.475,37.1165
18,"pathway_CALVIN-PWY: Calvin-Benson-Bassham cycle","pathway",732.244,578.626,-153.618
18,"pathway_CENTFERM-PWY: pyruvate fermentation to butanoate","pathway",35.85445,69.9768,34.12235
18,"pathway_CITRULBIO-PWY: L-citrulline biosynthesis","pathway",4.59335,34.1699,29.57655
18,"pathway_COA-PWY-1: superpathway of coenzyme A biosynthesis III (mammals)","pathway",708.607,687.832,-20.775
18,"pathway_COA-PWY: coenzyme A biosynthesis I (prokaryotic)","pathway",700.9645,643.981,-56.9835
18,"pathway_COBALSYN-PWY: superpathway of adenosylcobalamin salvage from cobinamide I","pathway",289.173,167.288,-121.885
18,"pathway_COLANSYN-PWY: colanic acid building blocks biosynthesis","pathway",192.897,198.46,5.56300000000002
18,"pathway_COMPLETE-ARO-PWY: superpathway of aromatic amino acid biosynthesis","pathway",924.7945,818.3,-106.4945
18,"pathway_DAPLYSINESYN-PWY: L-lysine biosynthesis I","pathway",380.375,500.236,119.861
18,"pathway_DTDPRHAMSYN-PWY: dTDP-&beta;-L-rhamnose biosynthesis","pathway",961.088,832.735,-128.353
18,"pathway_FAO-PWY: fatty acid &beta;-oxidation I (generic)","pathway",0,0,0
18,"pathway_FASYN-ELONG-PWY: fatty acid elongation -- saturated","pathway",78.08295,182.571,104.48805
18,"pathway_FASYN-INITIAL-PWY: superpathway of fatty acid biosynthesis initiation (E. coli)","pathway",74.01125,94.2769,20.26565
18,"pathway_FERMENTATION-PWY: mixed acid fermentation","pathway",196.4215,143.148,-53.2735
18,"pathway_FOLSYN-PWY: superpathway of tetrahydrofolate biosynthesis and salvage","pathway",40.7354,80.1257,39.3903
18,"pathway_FUC-RHAMCAT-PWY: superpathway of fucose and rhamnose degradation","pathway",11.182415,34.6364,23.453985
18,"pathway_FUCCAT-PWY: fucose degradation","pathway",23.34195,28.9002,5.55825
18,"pathway_GALACT-GLUCUROCAT-PWY: superpathway of hexuronide and hexuronate degradation","pathway",4.25046,23.5892,19.33874
18,"pathway_GALACTARDEG-PWY: D-galactarate degradation I","pathway",0,2.30255,2.30255
18,"pathway_GALACTITOLCAT-PWY: galactitol degradation","pathway",0,0,0
18,"pathway_GALACTUROCAT-PWY: D-galacturonate degradation I","pathway",206.2835,85.8408,-120.4427
18,"pathway_GLCMANNANAUT-PWY: superpathway of N-acetylglucosamine, N-acetylmannosamine and N-acetylneuraminate degradation","pathway",289.6325,143.763,-145.8695
18,"pathway_GLUCARDEG-PWY: D-glucarate degradation I","pathway",0,0,0
18,"pathway_GLUCARGALACTSUPER-PWY: superpathway of D-glucarate and D-galactarate degradation","pathway",0,2.30255,2.30255
18,"pathway_GLUCONEO-PWY: gluconeogenesis I","pathway",338.022,392.156,54.134
18,"pathway_GLUCOSE1PMETAB-PWY: glucose and glucose-1-phosphate degradation","pathway",0,662.929,662.929
18,"pathway_GLUCUROCAT-PWY: superpathway of &beta;-D-glucuronosides degradation","pathway",225.164,138.268,-86.896
18,"pathway_GLUDEG-I-PWY: GABA shunt","pathway",8.122745,22.2824,14.159655
18,"pathway_GLUTORN-PWY: L-ornithine biosynthesis I","pathway",895.717,771.864,-123.853
18,"pathway_GLYCOCAT-PWY: glycogen degradation I","pathway",127.7925,288.166,160.3735
18,"pathway_GLYCOGENSYNTH-PWY: glycogen biosynthesis I (from ADP-D-Glucose)","pathway",1164.52,843.062,-321.458
18,"pathway_GLYCOLYSIS-E-D: superpathway of glycolysis and the Entner-Doudoroff pathway","pathway",68.2073,78.89,10.6827
18,"pathway_GLYCOLYSIS: glycolysis I (from glucose 6-phosphate)","pathway",471.561,595.979,124.418
18,"pathway_GLYOXYLATE-BYPASS: glyoxylate cycle","pathway",0,1.17001,1.17001
18,"pathway_GOLPDLCAT-PWY: superpathway of glycerol degradation to 1,3-propanediol","pathway",45.15015,13.9273,-31.22285
18,"pathway_HEME-BIOSYNTHESIS-II-1: heme b biosynthesis V (aerobic)","pathway",1.495795,0,-1.495795
18,"pathway_HEME-BIOSYNTHESIS-II: heme b biosynthesis I (aerobic)","pathway",5.934465,12.1647,6.230235
18,"pathway_HEMESYN2-PWY: heme b biosynthesis II (oxygen-independent)","pathway",15.0974,13.4153,-1.6821
18,"pathway_HEXITOLDEGSUPER-PWY: superpathway of hexitol degradation (bacteria)","pathway",0,0,0
18,"pathway_HISDEG-PWY: L-histidine degradation I","pathway",18.076135,99.7738,81.697665
18,"pathway_HISTSYN-PWY: L-histidine biosynthesis","pathway",690.2355,644.051,-46.1845
18,"pathway_HOMOSER-METSYN-PWY: L-methionine biosynthesis I","pathway",10.0674,20.5027,10.4353
18,"pathway_HSERMETANA-PWY: L-methionine biosynthesis III","pathway",455.2835,452.656,-2.6275
18,"pathway_ILEUSYN-PWY: L-isoleucine biosynthesis I (from threonine)","pathway",990.725,1033.03,42.3049999999999
18,"pathway_KETOGLUCONMET-PWY: ketogluconate metabolism","pathway",0,0.693915,0.693915
18,"pathway_LACTOSECAT-PWY: lactose and galactose degradation I","pathway",139.3425,114.987,-24.3555
18,"pathway_MET-SAM-PWY: superpathway of S-adenosyl-L-methionine biosynthesis","pathway",19.74819,40.1237,20.37551
18,"pathway_METH-ACETATE-PWY: methanogenesis from acetate","pathway",275.985,201.119,-74.866
18,"pathway_METHGLYUT-PWY: superpathway of methylglyoxal degradation","pathway",0.931175,3.52795,2.596775
18,"pathway_METSYN-PWY: superpathway of L-homoserine and L-methionine biosynthesis","pathway",17.389265,35.2706,17.881335
18,"pathway_NAD-BIOSYNTHESIS-II: NAD salvage pathway III (to nicotinamide riboside)","pathway",7.455475,27.274,19.818525
18,"pathway_NAGLIPASYN-PWY: lipid IVA biosynthesis (E. coli)","pathway",3.626305,37.3924,33.766095
18,"pathway_NONMEVIPP-PWY: methylerythritol phosphate pathway I","pathway",794.5415,749.751,-44.7905000000001
18,"pathway_NONOXIPENT-PWY: pentose phosphate pathway (non-oxidative branch) I","pathway",559.3205,423.054,-136.2665
18,"pathway_OANTIGEN-PWY: O-antigen building blocks biosynthesis (E. coli)","pathway",474.4515,545.635,71.1835
18,"pathway_ORNDEG-PWY: superpathway of ornithine degradation","pathway",0,3.44009,3.44009
18,"pathway_P105-PWY: TCA cycle IV (2-oxoglutarate decarboxylase)","pathway",3.2701,11.1362,7.8661
18,"pathway_P108-PWY: pyruvate fermentation to propanoate I","pathway",3.09292,0,-3.09292
18,"pathway_P122-PWY: heterolactic fermentation","pathway",1.839765,41.849,40.009235
18,"pathway_P124-PWY: Bifidobacterium shunt","pathway",145.4615,312.007,166.5455
18,"pathway_P125-PWY: superpathway of (R,R)-butanediol biosynthesis","pathway",8.12715,21.6764,13.54925
18,"pathway_P161-PWY: acetylene degradation (anaerobic)","pathway",6.8333,42.4119,35.5786
18,"pathway_P164-PWY: purine nucleobases degradation I (anaerobic)","pathway",109.88315,60.4491,-49.43405
18,"pathway_P185-PWY: formaldehyde assimilation III (dihydroxyacetone cycle)","pathway",14.916265,15.3413,0.425034999999999
18,"pathway_P23-PWY: reductive TCA cycle I","pathway",0,0,0
18,"pathway_P4-PWY: superpathway of L-lysine, L-threonine and L-methionine biosynthesis I","pathway",37.00475,76.134,39.12925
18,"pathway_P41-PWY: pyruvate fermentation to acetate and (S)-lactate I","pathway",612,562.833,-49.167
18,"pathway_P42-PWY: incomplete reductive TCA cycle","pathway",1.79386,27.7539,25.96004
18,"pathway_P441-PWY: superpathway of N-acetylneuraminate degradation","pathway",78.141,99.1002,20.9592
18,"pathway_P461-PWY: hexitol fermentation to lactate, formate, ethanol and acetate","pathway",24.178335,42.9789,18.800565
18,"pathway_P621-PWY: nylon-6 oligomer degradation","pathway",5.1921,30.5508,25.3587
18,"pathway_PANTO-PWY: phosphopantothenate biosynthesis I","pathway",284.849,252.451,-32.3980000000001
18,"pathway_PANTOSYN-PWY: superpathway of coenzyme A biosynthesis I (bacteria)","pathway",309.293,312.072,2.779
18,"pathway_PENTOSE-P-PWY: pentose phosphate pathway","pathway",279.329,377.349,98.02
18,"pathway_PEPTIDOGLYCANSYN-PWY: peptidoglycan biosynthesis I (meso-diaminopimelate containing)","pathway",839.65,801.733,-37.917
18,"pathway_PHOSLIPSYN-PWY: superpathway of phospholipid biosynthesis I (bacteria)","pathway",264.3395,176.618,-87.7215
18,"pathway_POLYAMINSYN3-PWY: superpathway of polyamine biosynthesis II","pathway",0,5.27662,5.27662
18,"pathway_POLYAMSYN-PWY: superpathway of polyamine biosynthesis I","pathway",7.00982,6.71607,-0.29375
18,"pathway_POLYISOPRENSYN-PWY: polyisoprenoid biosynthesis (E. coli)","pathway",18.015905,75.4189,57.402995
18,"pathway_PPGPPMET-PWY: ppGpp metabolism","pathway",43.6766,49.653,5.9764
18,"pathway_PROPFERM-PWY: superpathway of L-alanine fermentation (Stickland reaction)","pathway",0,0,0
18,"pathway_PWY-1042: glycolysis IV","pathway",1070.1205,891.547,-178.5735
18,"pathway_PWY-1269: CMP-3-deoxy-D-manno-octulosonate biosynthesis","pathway",12.8895,44.9031,32.0136
18,"pathway_PWY-1861: formaldehyde assimilation II (assimilatory RuMP Cycle)","pathway",15.05955,13.5365,-1.52305
18,"pathway_PWY-241: C4 photosynthetic carbon assimilation cycle, NADP-ME type","pathway",295.1755,313.886,18.7105
18,"pathway_PWY-2941: L-lysine biosynthesis II","pathway",128.577,188.131,59.554
18,"pathway_PWY-2942: L-lysine biosynthesis III","pathway",441.542,426.237,-15.305
18,"pathway_PWY-3001: superpathway of L-isoleucine biosynthesis I","pathway",568.962,620.587,51.625
18,"pathway_PWY-3841: folate transformations II (plants)","pathway",635.717,628.883,-6.83399999999995
18,"pathway_PWY-4041: &gamma;-glutamyl cycle","pathway",200.1695,262.509,62.3395
18,"pathway_PWY-4984: urea cycle","pathway",3.661595,28.615,24.953405
18,"pathway_PWY-5004: superpathway of L-citrulline metabolism","pathway",0,0,0
18,"pathway_PWY-5005: biotin biosynthesis II","pathway",21.6423,9.91366,-11.72864
18,"pathway_PWY-5022: 4-aminobutanoate degradation V","pathway",0,14.2779,14.2779
18,"pathway_PWY-5030: L-histidine degradation III","pathway",16.443875,61.3332,44.889325
18,"pathway_PWY-5097: L-lysine biosynthesis VI","pathway",735.9025,702.615,-33.2874999999999
18,"pathway_PWY-5100: pyruvate fermentation to acetate and lactate II","pathway",612,562.833,-49.167
18,"pathway_PWY-5103: L-isoleucine biosynthesis III","pathway",871.646,939.542,67.8960000000001
18,"pathway_PWY-5104: L-isoleucine biosynthesis IV","pathway",0,0,0
18,"pathway_PWY-5121: superpathway of geranylgeranyl diphosphate biosynthesis II (via MEP)","pathway",96.42555,134.103,37.67745
18,"pathway_PWY-5130: 2-oxobutanoate degradation I","pathway",4.064865,6.84843,2.783565
18,"pathway_PWY-5136: fatty acid &beta;-oxidation II (plant peroxisome)","pathway",10.168945,10.9541,0.785155
18,"pathway_PWY-5138: fatty acid &beta;-oxidation IV (unsaturated, even number)","pathway",0,0,0
18,"pathway_PWY-5154: L-arginine biosynthesis III (via N-acetyl-L-citrulline)","pathway",74.9611,87.395,12.4339
18,"pathway_PWY-5188: tetrapyrrole biosynthesis I (from glutamate)","pathway",160.109,147.551,-12.558
18,"pathway_PWY-5189: tetrapyrrole biosynthesis II (from glycine)","pathway",14.8606,14.9276,0.0669999999999984
18,"pathway_PWY-5345: superpathway of L-methionine biosynthesis (by sulfhydrylation)","pathway",1.89455,16.2182,14.32365
18,"pathway_PWY-5347: superpathway of L-methionine biosynthesis (transsulfuration)","pathway",19.57766,39.4602,19.88254
18,"pathway_PWY-5367: petroselinate biosynthesis","pathway",28.41665,27.3347,-1.08195
18,"pathway_PWY-5384: sucrose degradation IV (sucrose phosphorylase)","pathway",342.291,492.718,150.427
18,"pathway_PWY-5484: glycolysis II (from fructose 6-phosphate)","pathway",389.8535,545.702,155.8485
18,"pathway_PWY-5494: pyruvate fermentation to propanoate II (acrylate pathway)","pathway",0,0,0
18,"pathway_PWY-5497: purine nucleobases degradation II (anaerobic)","pathway",3.393365,30.4184,27.025035
18,"pathway_PWY-5505: L-glutamate and L-glutamine biosynthesis","pathway",29.55455,66.2196,36.66505
18,"pathway_PWY-561: superpathway of glyoxylate cycle and fatty acid degradation","pathway",0,0,0
18,"pathway_PWY-5656: mannosylglycerate biosynthesis I","pathway",0,0,0
18,"pathway_PWY-5659: GDP-mannose biosynthesis","pathway",176.417,172.696,-3.721
18,"pathway_PWY-5667: CDP-diacylglycerol biosynthesis I","pathway",640.9585,488.769,-152.1895
18,"pathway_PWY-5675: nitrate reduction V (assimilatory)","pathway",0,2.02169,2.02169
18,"pathway_PWY-5676: acetyl-CoA fermentation to butanoate II","pathway",94.34915,114.671,20.32185
18,"pathway_PWY-5677: succinate fermentation to butanoate","pathway",0,0,0
18,"pathway_PWY-5686: UMP biosynthesis I","pathway",1006.1015,887.737,-118.3645
18,"pathway_PWY-5690: TCA cycle II (plants and fungi)","pathway",5.414665,0,-5.414665
18,"pathway_PWY-5695: inosine 5'-phosphate degradation","pathway",393.8025,431.921,38.1185
18,"pathway_PWY-5723: Rubisco shunt","pathway",0.86647,0,-0.86647
18,"pathway_PWY-5837: 2-carboxy-1,4-naphthoquinol biosynthesis","pathway",3.838335,6.91499,3.076655
18,"pathway_PWY-5838: superpathway of menaquinol-8 biosynthesis I","pathway",6.7505,20.5413,13.7908
18,"pathway_PWY-5840: superpathway of menaquinol-7 biosynthesis","pathway",9.3569,20.4304,11.0735
18,"pathway_PWY-5845: superpathway of menaquinol-9 biosynthesis","pathway",0,0,0
18,"pathway_PWY-5861: superpathway of demethylmenaquinol-8 biosynthesis I","pathway",4.72887,14.5241,9.79523
18,"pathway_PWY-5862: superpathway of demethylmenaquinol-9 biosynthesis","pathway",0,0,0
18,"pathway_PWY-5897: superpathway of menaquinol-11 biosynthesis","pathway",9.8941,19.2346,9.3405
18,"pathway_PWY-5898: superpathway of menaquinol-12 biosynthesis","pathway",9.8941,19.2346,9.3405
18,"pathway_PWY-5899: superpathway of menaquinol-13 biosynthesis","pathway",9.8941,19.2346,9.3405
18,"pathway_PWY-5910: superpathway of geranylgeranyldiphosphate biosynthesis I (via mevalonate)","pathway",5.5378,22.8015,17.2637
18,"pathway_PWY-5913: partial TCA cycle (obligate autotrophs)","pathway",155.3365,134.99,-20.3465
18,"pathway_PWY-5918: superpathway of heme b biosynthesis from glutamate","pathway",11.98226,20.2904,8.30814
18,"pathway_PWY-5920: superpathway of heme b biosynthesis from glycine","pathway",0,0,0
18,"pathway_PWY-5941: glycogen degradation II","pathway",1440.66,1173.97,-266.69
18,"pathway_PWY-5971: palmitate biosynthesis (type II fatty acid synthase)","pathway",74.1223,178.014,103.8917
18,"pathway_PWY-5973: cis-vaccenate biosynthesis","pathway",95.96995,196.176,100.20605
18,"pathway_PWY-5981: CDP-diacylglycerol biosynthesis III","pathway",14.06597,34.5111,20.44513
18,"pathway_PWY-5989: stearate biosynthesis II (bacteria and plants)","pathway",73.58285,175.99,102.40715
18,"pathway_PWY-5994: palmitate biosynthesis (type I fatty acid synthase)","pathway",3.736555,15.1618,11.425245
18,"pathway_PWY-6121: 5-aminoimidazole ribonucleotide biosynthesis I","pathway",845.6695,760.332,-85.3375
18,"pathway_PWY-6122: 5-aminoimidazole ribonucleotide biosynthesis II","pathway",873.646,815.845,-57.8009999999999
18,"pathway_PWY-6123: inosine-5'-phosphate biosynthesis I","pathway",634.021,590.805,-43.216
18,"pathway_PWY-6124: inosine-5'-phosphate biosynthesis II","pathway",619.8645,583.523,-36.3415
18,"pathway_PWY-6125: superpathway of guanosine nucleotides de novo biosynthesis II","pathway",108.2223,119.334,11.1117
18,"pathway_PWY-6126: superpathway of adenosine nucleotides de novo biosynthesis II","pathway",157.7125,172.577,14.8645
18,"pathway_PWY-6147: 6-hydroxymethyl-dihydropterin diphosphate biosynthesis I","pathway",48.49775,90.6861,42.18835
18,"pathway_PWY-6151: S-adenosyl-L-methionine salvage I","pathway",805.7045,749.447,-56.2575000000001
18,"pathway_PWY-6163: chorismate biosynthesis from 3-dehydroquinate","pathway",1011.19,815.664,-195.526
18,"pathway_PWY-6168: flavin biosynthesis III (fungi)","pathway",0,0,0
18,"pathway_PWY-621: sucrose degradation III (sucrose invertase)","pathway",233.424,201.415,-32.009
18,"pathway_PWY-622: starch biosynthesis","pathway",328.556,422.248,93.692
18,"pathway_PWY-6270: isoprene biosynthesis I","pathway",488.9815,444.567,-44.4145
18,"pathway_PWY-6277: superpathway of 5-aminoimidazole ribonucleotide biosynthesis","pathway",873.646,815.845,-57.8009999999999
18,"pathway_PWY-6282: palmitoleate biosynthesis I (from (5Z)-dodec-5-enoate)","pathway",68.66035,165.34,96.67965
18,"pathway_PWY-6284: superpathway of unsaturated fatty acids biosynthesis (E. coli)","pathway",36.22895,66.9335,30.70455
18,"pathway_PWY-6292: superpathway of L-cysteine biosynthesis (mammalian)","pathway",136.2155,209.89,73.6745
18,"pathway_PWY-6293: superpathway of L-cysteine biosynthesis (fungi)","pathway",9.75745,2.49166,-7.26579
18,"pathway_PWY-6305: superpathway of putrescine biosynthesis","pathway",2.91728,22.19,19.27272
18,"pathway_PWY-6317: D-galactose degradation I (Leloir pathway)","pathway",682.891,496.386,-186.505
18,"pathway_PWY-6353: purine nucleotides degradation II (aerobic)","pathway",156.99325,99.6879,-57.30535
18,"pathway_PWY-6385: peptidoglycan biosynthesis III (mycobacteria)","pathway",843.352,789.731,-53.621
18,"pathway_PWY-6386: UDP-N-acetylmuramoyl-pentapeptide biosynthesis II (lysine-containing)","pathway",949.1625,859.953,-89.2094999999999
18,"pathway_PWY-6387: UDP-N-acetylmuramoyl-pentapeptide biosynthesis I (meso-diaminopimelate containing)","pathway",914.751,836.256,-78.495
18,"pathway_PWY-6435: 4-hydroxybenzoate biosynthesis III (plants)","pathway",9.40259,11.3867,1.98411
18,"pathway_PWY-6470: peptidoglycan biosynthesis V (&beta;-lactam resistance)","pathway",107.885,72.6685,-35.2165
18,"pathway_PWY-6507: 4-deoxy-L-threo-hex-4-enopyranuronate degradation","pathway",181.238,73.2169,-108.0211
18,"pathway_PWY-6519: 8-amino-7-oxononanoate biosynthesis I","pathway",40.9431,105.891,64.9479
18,"pathway_PWY-6527: stachyose degradation","pathway",445.968,310.683,-135.285
18,"pathway_PWY-6531: mannitol cycle","pathway",0,2.48799,2.48799
18,"pathway_PWY-6545: pyrimidine deoxyribonucleotides de novo biosynthesis III","pathway",46.6401,49.9853,3.3452
18,"pathway_PWY-6549: L-glutamine biosynthesis III","pathway",154.8865,111.848,-43.0385
18,"pathway_PWY-6572: chondroitin sulfate degradation I (bacterial)","pathway",0,3.52793,3.52793
18,"pathway_PWY-6588: pyruvate fermentation to acetone","pathway",9.993705,15.726,5.732295
18,"pathway_PWY-6590: superpathway of Clostridium acetobutylicum acidogenic fermentation","pathway",46.8193,89.7669,42.9476
18,"pathway_PWY-6595: superpathway of guanosine nucleotides degradation (plants)","pathway",13.0652,43.6714,30.6062
18,"pathway_PWY-6606: guanosine nucleotides degradation II","pathway",91.45875,55.8052,-35.65355
18,"pathway_PWY-6607: guanosine nucleotides degradation I","pathway",13.4481,44.166,30.7179
18,"pathway_PWY-6608: guanosine nucleotides degradation III","pathway",144.58295,107.499,-37.08395
18,"pathway_PWY-6609: adenine and adenosine salvage III","pathway",788.095,647.952,-140.143
18,"pathway_PWY-6612: superpathway of tetrahydrofolate biosynthesis","pathway",27.69105,55.6754,27.98435
18,"pathway_PWY-6628: superpathway of L-phenylalanine biosynthesis","pathway",488.8685,580.608,91.7395
18,"pathway_PWY-6629: superpathway of L-tryptophan biosynthesis","pathway",663.94,626.505,-37.4350000000001
18,"pathway_PWY-6630: superpathway of L-tyrosine biosynthesis","pathway",62.30455,166.083,103.77845
18,"pathway_PWY-6700: queuosine biosynthesis I (de novo)","pathway",526.5785,455.145,-71.4335000000001
18,"pathway_PWY-6703: preQ0 biosynthesis","pathway",135.1834,158.475,23.2916
18,"pathway_PWY-6731: starch degradation III","pathway",114.8085,94.6617,-20.1468
18,"pathway_PWY-6803: phosphatidylcholine acyl editing","pathway",0,0,0
18,"pathway_PWY-6807: xyloglucan degradation II (exoglucanase)","pathway",0,0,0
18,"pathway_PWY-6823: molybdopterin biosynthesis","pathway",610.6625,310.032,-300.6305
18,"pathway_PWY-6859: all-trans-farnesol biosynthesis","pathway",9.35651,44.9028,35.54629
18,"pathway_PWY-6876: isopropanol biosynthesis (engineered)","pathway",0,0,0
18,"pathway_PWY-6892: thiazole component of thiamine diphosphate biosynthesis I","pathway",263.3865,242.412,-20.9745
18,"pathway_PWY-6895: superpathway of thiamine diphosphate biosynthesis II","pathway",50.5269,133.808,83.2811
18,"pathway_PWY-6897: thiamine diphosphate salvage II","pathway",307.017,286.372,-20.645
18,"pathway_PWY-6901: superpathway of glucose and xylose degradation","pathway",284.688,408.977,124.289
18,"pathway_PWY-6902: chitin degradation II (Vibrio)","pathway",165.86125,103.909,-61.95225
18,"pathway_PWY-6906: chitin derivatives degradation","pathway",2.48723,31.3328,28.84557
18,"pathway_PWY-6920: 6-gingerol analog biosynthesis (engineered)","pathway",0,0,0
18,"pathway_PWY-6922: L-N&delta;-acetylornithine biosynthesis","pathway",0,0,0
18,"pathway_PWY-6936: seleno-amino acid biosynthesis (plants)","pathway",427.777,440.822,13.045
18,"pathway_PWY-6961: L-ascorbate degradation II (bacterial, aerobic)","pathway",0,0,0
18,"pathway_PWY-6969: TCA cycle V (2-oxoglutarate synthase)","pathway",82.68825,84.7102,2.02194999999999
18,"pathway_PWY-6992: 1,5-anhydrofructose degradation","pathway",0,0,0
18,"pathway_PWY-7013: (S)-propane-1,2-diol degradation","pathway",8.79932,7.10654,-1.69278
18,"pathway_PWY-702: L-methionine biosynthesis II","pathway",213.229,350.404,137.175
18,"pathway_PWY-7111: pyruvate fermentation to isobutanol (engineered)","pathway",819.411,819.153,-0.258000000000038
18,"pathway_PWY-7115: C4 photosynthetic carbon assimilation cycle, NAD-ME type","pathway",127.8155,189.002,61.1865
18,"pathway_PWY-7117: C4 photosynthetic carbon assimilation cycle, PEPCK type","pathway",244.1335,349.326,105.1925
18,"pathway_PWY-7118: chitin deacetylation","pathway",0,0.921414,0.921414
18,"pathway_PWY-7184: pyrimidine deoxyribonucleotides de novo biosynthesis I","pathway",46.52755,50.2666,3.73904999999999
18,"pathway_PWY-7185: UTP and CTP dephosphorylation I","pathway",44.9108,47.1658,2.255
18,"pathway_PWY-7196: superpathway of pyrimidine ribonucleosides salvage","pathway",42.70655,33.2227,-9.48385
18,"pathway_PWY-7197: pyrimidine deoxyribonucleotide phosphorylation","pathway",64.47165,72.3128,7.84115
18,"pathway_PWY-7198: pyrimidine deoxyribonucleotides de novo biosynthesis IV","pathway",95.7071,111.858,16.1509
18,"pathway_PWY-7199: pyrimidine deoxyribonucleosides salvage","pathway",371.081,317.55,-53.531
18,"pathway_PWY-7204: pyridoxal 5'-phosphate salvage II (plants)","pathway",0,0,0
18,"pathway_PWY-7208: superpathway of pyrimidine nucleobases salvage","pathway",96.0825,106.154,10.0715
18,"pathway_PWY-7209: superpathway of pyrimidine ribonucleosides degradation","pathway",31.929,18.2744,-13.6546
18,"pathway_PWY-7210: pyrimidine deoxyribonucleotides biosynthesis from CTP","pathway",46.72655,50.7332,4.00664999999999
18,"pathway_PWY-7211: superpathway of pyrimidine deoxyribonucleotides de novo biosynthesis","pathway",60.02665,56.7081,-3.31855
18,"pathway_PWY-7220: adenosine deoxyribonucleotides de novo biosynthesis II","pathway",72.83825,81.2644,8.42614999999999
18,"pathway_PWY-7221: guanosine ribonucleotides de novo biosynthesis","pathway",759.2565,688.268,-70.9884999999999
18,"pathway_PWY-7222: guanosine deoxyribonucleotides de novo biosynthesis II","pathway",72.83825,81.2644,8.42614999999999
18,"pathway_PWY-7228: superpathway of guanosine nucleotides de novo biosynthesis I","pathway",133.1735,146.249,13.0755
18,"pathway_PWY-7229: superpathway of adenosine nucleotides de novo biosynthesis I","pathway",242.348,261.678,19.33
18,"pathway_PWY-7234: inosine-5'-phosphate biosynthesis III","pathway",272.0205,450.033,178.0125
18,"pathway_PWY-7237: myo-, chiro- and scyllo-inositol degradation","pathway",544.946,351.68,-193.266
18,"pathway_PWY-7238: sucrose biosynthesis II","pathway",1604.535,1389.48,-215.055
18,"pathway_PWY-7242: D-fructuronate degradation","pathway",195.944,117.199,-78.745
18,"pathway_PWY-724: superpathway of L-lysine, L-threonine and L-methionine biosynthesis II","pathway",642.3975,664.481,22.0835
18,"pathway_PWY-7254: TCA cycle VII (acetate-producers)","pathway",0,2.89754,2.89754
18,"pathway_PWY-7282: 4-amino-2-methyl-5-diphosphomethylpyrimidine biosynthesis II","pathway",34.3181,86.1221,51.804
18,"pathway_PWY-7312: dTDP-&beta;-D-fucofuranose biosynthesis","pathway",0,0,0
18,"pathway_PWY-7315: dTDP-N-acetylthomosamine biosynthesis","pathway",7.08362,7.14062,0.0570000000000004
18,"pathway_PWY-7323: superpathway of GDP-mannose-derived O-antigen building blocks biosynthesis","pathway",136.78305,121.863,-14.92005
18,"pathway_PWY-7328: superpathway of UDP-glucose-derived O-antigen building blocks biosynthesis","pathway",144.7595,183.332,38.5725
18,"pathway_PWY-7345: superpathway of anaerobic sucrose degradation","pathway",108.7651,121.079,12.3139
18,"pathway_PWY-7356: thiamine diphosphate salvage IV (yeast)","pathway",201.481,292.564,91.083
18,"pathway_PWY-7357: thiamine phosphate formation from pyrithiamine and oxythiamine (yeast)","pathway",647.6005,515.725,-131.8755
18,"pathway_PWY-7371: 1,4-dihydroxy-6-naphthoate biosynthesis II","pathway",0,2.5666,2.5666
18,"pathway_PWY-7383: anaerobic energy metabolism (invertebrates, cytosol)","pathway",50.70115,132.357,81.65585
18,"pathway_PWY-7385: 1,3-propanediol biosynthesis (engineered)","pathway",0,1.39351,1.39351
18,"pathway_PWY-7388: octanoyl-[acyl-carrier protein] biosynthesis (mitochondria, yeast)","pathway",0,38.3895,38.3895
18,"pathway_PWY-7392: taxadiene biosynthesis (engineered)","pathway",23.755265,94.139,70.383735
18,"pathway_PWY-7400: L-arginine biosynthesis IV (archaebacteria)","pathway",381.651,422.511,40.86
18,"pathway_PWY-7456: &beta;-(1,4)-mannan degradation","pathway",67.19615,142.928,75.73185
18,"pathway_PWY-7560: methylerythritol phosphate pathway II","pathway",481.8675,426.725,-55.1425
18,"pathway_PWY-7663: gondoate biosynthesis (anaerobic)","pathway",95.18975,204.803,109.61325
18,"pathway_PWY-7664: oleate biosynthesis IV (anaerobic)","pathway",76.00335,178.621,102.61765
18,"pathway_PWY-7688: dTDP-&alpha;-D-ravidosamine and dTDP-4-acetyl-&alpha;-D-ravidosamine biosynthesis","pathway",0,6.67176,6.67176
18,"pathway_PWY-7761: NAD salvage pathway II (PNC IV cycle)","pathway",129.59985,128.062,-1.53784999999999
18,"pathway_PWY-7790: UMP biosynthesis II","pathway",1006.1015,887.737,-118.3645
18,"pathway_PWY-7791: UMP biosynthesis III","pathway",1006.1015,887.737,-118.3645
18,"pathway_PWY-7851: coenzyme A biosynthesis II (eukaryotic)","pathway",639.511,641.307,1.79600000000005
18,"pathway_PWY-7883: anhydromuropeptides recycling II","pathway",1.229115,3.9888,2.759685
18,"pathway_PWY-7942: 5-oxo-L-proline metabolism","pathway",0,0,0
18,"pathway_PWY-7953: UDP-N-acetylmuramoyl-pentapeptide biosynthesis III (meso-diaminopimelate containing)","pathway",665.3165,678.414,13.0975
18,"pathway_PWY-7977: L-methionine biosynthesis IV","pathway",590.095,521.849,-68.246
18,"pathway_PWY-7992: superpathway of menaquinol-8 biosynthesis III","pathway",0,6.31172,6.31172
18,"pathway_PWY-8004: Entner-Doudoroff pathway I","pathway",144.31,276.716,132.406
18,"pathway_PWY-801: homocysteine and cysteine interconversion","pathway",5.968,1.49815,-4.46985
18,"pathway_PWY-8073: lipid IVA biosynthesis (P. putida)","pathway",3.626305,37.3924,33.766095
18,"pathway_PWY-8131: 5'-deoxyadenosine degradation II","pathway",2.768085,2.53897,-0.229115
18,"pathway_PWY-8178: pentose phosphate pathway (non-oxidative branch) II","pathway",677.5405,479,-198.5405
18,"pathway_PWY-8187: L-arginine degradation XIII (reductive Stickland reaction)","pathway",233.1175,200.359,-32.7585
18,"pathway_PWY-8188: L-alanine degradation VI (reductive Stickland reaction)","pathway",0,0,0
18,"pathway_PWY-8189: L-alanine degradation V (oxidative Stickland reaction)","pathway",0,0,0
18,"pathway_PWY-821: superpathway of sulfur amino acid biosynthesis (Saccharomyces cerevisiae)","pathway",0.92158,6.6492,5.72762
18,"pathway_PWY-822: fructan biosynthesis","pathway",2.404175,7.38462,4.980445
18,"pathway_PWY-841: superpathway of purine nucleotides de novo biosynthesis I","pathway",206.7805,222.115,15.3345
18,"pathway_PWY-922: mevalonate pathway I (eukaryotes and bacteria)","pathway",4.729305,19.1079,14.378595
18,"pathway_PWY-I9: L-cysteine biosynthesis VI (from L-methionine)","pathway",254.7115,414.472,159.7605
18,"pathway_PWY0-1061: superpathway of L-alanine biosynthesis","pathway",238.129,327.124,88.995
18,"pathway_PWY0-1241: ADP-L-glycero-&beta;-D-manno-heptose biosynthesis","pathway",3.979705,2.86352,-1.116185
18,"pathway_PWY0-1261: anhydromuropeptides recycling I","pathway",6.459765,41.9326,35.472835
18,"pathway_PWY0-1296: purine ribonucleosides degradation","pathway",751.968,513.627,-238.341
18,"pathway_PWY0-1297: superpathway of purine deoxyribonucleosides degradation","pathway",89.63985,61.1522,-28.48765
18,"pathway_PWY0-1298: superpathway of pyrimidine deoxyribonucleosides degradation","pathway",9.80165,38.509,28.70735
18,"pathway_PWY0-1319: CDP-diacylglycerol biosynthesis II","pathway",640.9585,488.769,-152.1895
18,"pathway_PWY0-1415: superpathway of heme b biosynthesis from uroporphyrinogen-III","pathway",1.55456,0,-1.55456
18,"pathway_PWY0-1477: ethanolamine utilization","pathway",14.048525,42.4119,28.363375
18,"pathway_PWY0-1479: tRNA processing","pathway",99.2508,97.3852,-1.8656
18,"pathway_PWY0-1586: peptidoglycan maturation (meso-diaminopimelate containing)","pathway",677.0865,737.734,60.6475
18,"pathway_PWY0-162: superpathway of pyrimidine ribonucleotides de novo biosynthesis","pathway",175.147,196.257,21.11
18,"pathway_PWY0-166: superpathway of pyrimidine deoxyribonucleotides de novo biosynthesis (E. coli)","pathway",0,0,0
18,"pathway_PWY0-301: L-ascorbate degradation I (bacterial, anaerobic)","pathway",0,0,0
18,"pathway_PWY0-42: 2-methylcitrate cycle I","pathway",0,0,0
18,"pathway_PWY0-781: aspartate superpathway","pathway",38.9729,80.2824,41.3095
18,"pathway_PWY0-845: superpathway of pyridoxal 5'-phosphate biosynthesis and salvage","pathway",13.058705,38.5603,25.501595
18,"pathway_PWY0-862: (5Z)-dodecenoate biosynthesis I","pathway",73.3975,173.612,100.2145
18,"pathway_PWY1ZNC-1: assimilatory sulfate reduction IV","pathway",22.351395,3.54369,-18.807705
18,"pathway_PWY3O-4107: NAD salvage pathway V (PNC V cycle)","pathway",47.1983,178.791,131.5927
18,"pathway_PWY490-3: nitrate reduction VI (assimilatory)","pathway",1.838175,0,-1.838175
18,"pathway_PWY4FS-7: phosphatidylglycerol biosynthesis I (plastidic)","pathway",193.92,124.949,-68.971
18,"pathway_PWY4FS-8: phosphatidylglycerol biosynthesis II (non-plastidic)","pathway",193.92,124.949,-68.971
18,"pathway_PWY4LZ-257: superpathway of fermentation (Chlamydomonas reinhardtii)","pathway",8.35785,48.9887,40.63085
18,"pathway_PWY66-389: phytol degradation","pathway",0,2.13196,2.13196
18,"pathway_PWY66-391: fatty acid &beta;-oxidation VI (mammalian peroxisome)","pathway",0,0,0
18,"pathway_PWY66-399: gluconeogenesis III","pathway",34.58436,102.217,67.63264
18,"pathway_PWY66-409: superpathway of purine nucleotide salvage","pathway",121.853,118.075,-3.77799999999999
18,"pathway_PWY66-429: fatty acid biosynthesis initiation (mitochondria)","pathway",611.796,525.065,-86.731
18,"pathway_PWY66-430: myristate biosynthesis (mitochondria)","pathway",0,38.6762,38.6762
18,"pathway_PYRIDNUCSAL-PWY: NAD salvage pathway I (PNC VI cycle)","pathway",25.8814,132.122,106.2406
18,"pathway_PYRIDNUCSYN-PWY: NAD de novo biosynthesis I (from aspartate)","pathway",335.21,330.659,-4.55099999999999
18,"pathway_PYRIDOXSYN-PWY: pyridoxal 5'-phosphate biosynthesis I","pathway",9.3671,29.456,20.0889
18,"pathway_REDCITCYC: TCA cycle VI (Helicobacter)","pathway",0,2.32857,2.32857
18,"pathway_RHAMCAT-PWY: L-rhamnose degradation I","pathway",147.849,129.482,-18.367
18,"pathway_RIBOSYN2-PWY: flavin biosynthesis I (bacteria and plants)","pathway",350.5965,240.46,-110.1365
18,"pathway_RUMP-PWY: formaldehyde oxidation I","pathway",1.2294,0,-1.2294
18,"pathway_SALVADEHYPOX-PWY: adenosine nucleotides degradation II","pathway",122.759,60.0577,-62.7013
18,"pathway_SER-GLYSYN-PWY: superpathway of L-serine and glycine biosynthesis I","pathway",561.127,537.733,-23.394
18,"pathway_SO4ASSIM-PWY: assimilatory sulfate reduction I","pathway",0.693245,6.02613,5.332885
18,"pathway_SULFATE-CYS-PWY: superpathway of sulfate assimilation and cysteine biosynthesis","pathway",1.55414,13.3422,11.78806
18,"pathway_TCA-GLYOX-BYPASS: superpathway of glyoxylate bypass and TCA","pathway",0,0,0
18,"pathway_TCA: TCA cycle I (prokaryotic)","pathway",0,4.80581,4.80581
18,"pathway_THISYN-PWY: superpathway of thiamine diphosphate biosynthesis I","pathway",165.784,174.119,8.33500000000001
18,"pathway_THISYNARA-PWY: superpathway of thiamine diphosphate biosynthesis III (eukaryotes)","pathway",305.1815,279.295,-25.8865
18,"pathway_THRESYN-PWY: superpathway of L-threonine biosynthesis","pathway",534.276,558.962,24.6859999999999
18,"pathway_TRNA-CHARGING-PWY: tRNA charging","pathway",880.0405,817.957,-62.0835
18,"pathway_TRPSYN-PWY: L-tryptophan biosynthesis","pathway",488.8455,488.674,-0.171500000000037
18,"pathway_UDPNAGSYN-PWY: UDP-N-acetyl-D-glucosamine biosynthesis I","pathway",375.1735,534.023,158.8495
18,"pathway_VALSYN-PWY: L-valine biosynthesis","pathway",1245.085,1192.91,-52.175
21,"pathway_1CMET2-PWY: folate transformations III (E. coli)","pathway",422.9785,250.628,-172.3505
21,"pathway_ALLANTOINDEG-PWY: superpathway of allantoin degradation in yeast","pathway",8.75391,0,-8.75391
21,"pathway_ANAEROFRUCAT-PWY: homolactic fermentation","pathway",329.6155,404.935,75.3195
21,"pathway_ANAGLYCOLYSIS-PWY: glycolysis III (from glucose)","pathway",703.9095,764.29,60.3805
21,"pathway_ARG+POLYAMINE-SYN: superpathway of arginine and polyamine biosynthesis","pathway",55.1284,0,-55.1284
21,"pathway_ARGININE-SYN4-PWY: L-ornithine biosynthesis II","pathway",113.2075,0,-113.2075
21,"pathway_ARGSYN-PWY: L-arginine biosynthesis I (via L-ornithine)","pathway",792.1345,1268.64,476.5055
21,"pathway_ARGSYNBSUB-PWY: L-arginine biosynthesis II (acetyl cycle)","pathway",822.403,1291.99,469.587
21,"pathway_ARO-PWY: chorismate biosynthesis I","pathway",731.797,1188.26,456.463
21,"pathway_ASPASN-PWY: superpathway of L-aspartate and L-asparagine biosynthesis","pathway",223.914,153.788,-70.126
21,"pathway_BIOTIN-BIOSYNTHESIS-PWY: biotin biosynthesis I","pathway",106.22335,25.4149,-80.80845
21,"pathway_BRANCHED-CHAIN-AA-SYN-PWY: superpathway of branched chain amino acid biosynthesis","pathway",812.411,1002.89,190.479
21,"pathway_CALVIN-PWY: Calvin-Benson-Bassham cycle","pathway",653.0575,510.998,-142.0595
21,"pathway_CENTFERM-PWY: pyruvate fermentation to butanoate","pathway",84.65355,86.6659,2.01235
21,"pathway_CITRULBIO-PWY: L-citrulline biosynthesis","pathway",99.37405,10.4323,-88.94175
21,"pathway_COA-PWY-1: superpathway of coenzyme A biosynthesis III (mammals)","pathway",583.6785,871.043,287.3645
21,"pathway_COA-PWY: coenzyme A biosynthesis I (prokaryotic)","pathway",555.328,796.749,241.421
21,"pathway_COBALSYN-PWY: superpathway of adenosylcobalamin salvage from cobinamide I","pathway",253.8545,353.171,99.3165
21,"pathway_COLANSYN-PWY: colanic acid building blocks biosynthesis","pathway",158.2275,59.5703,-98.6572
21,"pathway_COMPLETE-ARO-PWY: superpathway of aromatic amino acid biosynthesis","pathway",755.358,683.242,-72.116
21,"pathway_DAPLYSINESYN-PWY: L-lysine biosynthesis I","pathway",187.3825,353.624,166.2415
21,"pathway_DTDPRHAMSYN-PWY: dTDP-&beta;-L-rhamnose biosynthesis","pathway",816.9485,786.192,-30.7565
21,"pathway_FAO-PWY: fatty acid &beta;-oxidation I (generic)","pathway",7.540615,0,-7.540615
21,"pathway_FASYN-ELONG-PWY: fatty acid elongation -- saturated","pathway",119.62885,157.649,38.02015
21,"pathway_FASYN-INITIAL-PWY: superpathway of fatty acid biosynthesis initiation (E. coli)","pathway",38.76465,134.823,96.05835
21,"pathway_FERMENTATION-PWY: mixed acid fermentation","pathway",225.9155,332.435,106.5195
21,"pathway_FOLSYN-PWY: superpathway of tetrahydrofolate biosynthesis and salvage","pathway",31.0586,0,-31.0586
21,"pathway_FUC-RHAMCAT-PWY: superpathway of fucose and rhamnose degradation","pathway",37.49315,0,-37.49315
21,"pathway_FUCCAT-PWY: fucose degradation","pathway",52.91175,0,-52.91175
21,"pathway_GALACT-GLUCUROCAT-PWY: superpathway of hexuronide and hexuronate degradation","pathway",49.45285,23.2704,-26.18245
21,"pathway_GALACTARDEG-PWY: D-galactarate degradation I","pathway",4.57594,0,-4.57594
21,"pathway_GALACTITOLCAT-PWY: galactitol degradation","pathway",7.038865,0,-7.038865
21,"pathway_GALACTUROCAT-PWY: D-galacturonate degradation I","pathway",86.6972,275.218,188.5208
21,"pathway_GLCMANNANAUT-PWY: superpathway of N-acetylglucosamine, N-acetylmannosamine and N-acetylneuraminate degradation","pathway",161.2565,370.669,209.4125
21,"pathway_GLUCARDEG-PWY: D-glucarate degradation I","pathway",3.14898,0,-3.14898
21,"pathway_GLUCARGALACTSUPER-PWY: superpathway of D-glucarate and D-galactarate degradation","pathway",4.57594,0,-4.57594
21,"pathway_GLUCONEO-PWY: gluconeogenesis I","pathway",343.289,303.319,-39.97
21,"pathway_GLUCOSE1PMETAB-PWY: glucose and glucose-1-phosphate degradation","pathway",401.8715,0,-401.8715
21,"pathway_GLUCUROCAT-PWY: superpathway of &beta;-D-glucuronosides degradation","pathway",98.25485,268.234,169.97915
21,"pathway_GLUDEG-I-PWY: GABA shunt","pathway",12.450335,0,-12.450335
21,"pathway_GLUTORN-PWY: L-ornithine biosynthesis I","pathway",654.871,1090.47,435.599
21,"pathway_GLYCOCAT-PWY: glycogen degradation I","pathway",301.462,178.163,-123.299
21,"pathway_GLYCOGENSYNTH-PWY: glycogen biosynthesis I (from ADP-D-Glucose)","pathway",796.4275,994.705,198.2775
21,"pathway_GLYCOLYSIS-E-D: superpathway of glycolysis and the Entner-Doudoroff pathway","pathway",108.6805,41.7793,-66.9012
21,"pathway_GLYCOLYSIS: glycolysis I (from glucose 6-phosphate)","pathway",341.2435,488.46,147.2165
21,"pathway_GLYOXYLATE-BYPASS: glyoxylate cycle","pathway",20.793735,0,-20.793735
21,"pathway_GOLPDLCAT-PWY: superpathway of glycerol degradation to 1,3-propanediol","pathway",22.3074,0,-22.3074
21,"pathway_HEME-BIOSYNTHESIS-II-1: heme b biosynthesis V (aerobic)","pathway",7.842235,0,-7.842235
21,"pathway_HEME-BIOSYNTHESIS-II: heme b biosynthesis I (aerobic)","pathway",7.842235,0,-7.842235
21,"pathway_HEMESYN2-PWY: heme b biosynthesis II (oxygen-independent)","pathway",21.8414,12.4983,-9.3431
21,"pathway_HEXITOLDEGSUPER-PWY: superpathway of hexitol degradation (bacteria)","pathway",20.60435,0,-20.60435
21,"pathway_HISDEG-PWY: L-histidine degradation I","pathway",165.5005,64.5294,-100.9711
21,"pathway_HISTSYN-PWY: L-histidine biosynthesis","pathway",506.5475,937.999,431.4515
21,"pathway_HOMOSER-METSYN-PWY: L-methionine biosynthesis I","pathway",11.74882,0,-11.74882
21,"pathway_HSERMETANA-PWY: L-methionine biosynthesis III","pathway",467.448,331.502,-135.946
21,"pathway_ILEUSYN-PWY: L-isoleucine biosynthesis I (from threonine)","pathway",826.0755,1025.03,198.9545
21,"pathway_KETOGLUCONMET-PWY: ketogluconate metabolism","pathway",10.865808,0,-10.865808
21,"pathway_LACTOSECAT-PWY: lactose and galactose degradation I","pathway",132.865,151.028,18.163
21,"pathway_MET-SAM-PWY: superpathway of S-adenosyl-L-methionine biosynthesis","pathway",22.9478,0,-22.9478
21,"pathway_METH-ACETATE-PWY: methanogenesis from acetate","pathway",180.6325,33.5235,-147.109
21,"pathway_METHGLYUT-PWY: superpathway of methylglyoxal degradation","pathway",5.63355,0,-5.63355
21,"pathway_METSYN-PWY: superpathway of L-homoserine and L-methionine biosynthesis","pathway",20.269,0,-20.269
21,"pathway_NAD-BIOSYNTHESIS-II: NAD salvage pathway III (to nicotinamide riboside)","pathway",0.608574,0,-0.608574
21,"pathway_NAGLIPASYN-PWY: lipid IVA biosynthesis (E. coli)","pathway",70.4095,21.9786,-48.4309
21,"pathway_NONMEVIPP-PWY: methylerythritol phosphate pathway I","pathway",741.299,952.844,211.545
21,"pathway_NONOXIPENT-PWY: pentose phosphate pathway (non-oxidative branch) I","pathway",479.781,268.327,-211.454
21,"pathway_OANTIGEN-PWY: O-antigen building blocks biosynthesis (E. coli)","pathway",484.8355,612.927,128.0915
21,"pathway_ORNDEG-PWY: superpathway of ornithine degradation","pathway",11.7295,0,-11.7295
21,"pathway_P105-PWY: TCA cycle IV (2-oxoglutarate decarboxylase)","pathway",9.86589,16.0343,6.16841
21,"pathway_P108-PWY: pyruvate fermentation to propanoate I","pathway",6.38046,0,-6.38046
21,"pathway_P122-PWY: heterolactic fermentation","pathway",11.1433,0,-11.1433
21,"pathway_P124-PWY: Bifidobacterium shunt","pathway",111.2276,341.543,230.3154
21,"pathway_P125-PWY: superpathway of (R,R)-butanediol biosynthesis","pathway",0,0,0
21,"pathway_P161-PWY: acetylene degradation (anaerobic)","pathway",29.3253,5.65985,-23.66545
21,"pathway_P164-PWY: purine nucleobases degradation I (anaerobic)","pathway",103.682,0,-103.682
21,"pathway_P185-PWY: formaldehyde assimilation III (dihydroxyacetone cycle)","pathway",20.88335,0,-20.88335
21,"pathway_P23-PWY: reductive TCA cycle I","pathway",4.18811,0,-4.18811
21,"pathway_P4-PWY: superpathway of L-lysine, L-threonine and L-methionine biosynthesis I","pathway",41.05945,0,-41.05945
21,"pathway_P41-PWY: pyruvate fermentation to acetate and (S)-lactate I","pathway",474.074,407.418,-66.6559999999999
21,"pathway_P42-PWY: incomplete reductive TCA cycle","pathway",33.4635,0,-33.4635
21,"pathway_P441-PWY: superpathway of N-acetylneuraminate degradation","pathway",89.10635,22.0564,-67.04995
21,"pathway_P461-PWY: hexitol fermentation to lactate, formate, ethanol and acetate","pathway",42.13725,6.74728,-35.38997
21,"pathway_P621-PWY: nylon-6 oligomer degradation","pathway",0,0,0
21,"pathway_PANTO-PWY: phosphopantothenate biosynthesis I","pathway",381.074,165.015,-216.059
21,"pathway_PANTOSYN-PWY: superpathway of coenzyme A biosynthesis I (bacteria)","pathway",427.5975,217.488,-210.1095
21,"pathway_PENTOSE-P-PWY: pentose phosphate pathway","pathway",203.5045,233.505,30.0005
21,"pathway_PEPTIDOGLYCANSYN-PWY: peptidoglycan biosynthesis I (meso-diaminopimelate containing)","pathway",745.6535,977.195,231.5415
21,"pathway_PHOSLIPSYN-PWY: superpathway of phospholipid biosynthesis I (bacteria)","pathway",139.9015,55.2698,-84.6317
21,"pathway_POLYAMINSYN3-PWY: superpathway of polyamine biosynthesis II","pathway",19.574,0,-19.574
21,"pathway_POLYAMSYN-PWY: superpathway of polyamine biosynthesis I","pathway",29.6,0,-29.6
21,"pathway_POLYISOPRENSYN-PWY: polyisoprenoid biosynthesis (E. coli)","pathway",37.9906,0,-37.9906
21,"pathway_PPGPPMET-PWY: ppGpp metabolism","pathway",33.0503,0,-33.0503
21,"pathway_PROPFERM-PWY: superpathway of L-alanine fermentation (Stickland reaction)","pathway",0,0,0
21,"pathway_PWY-1042: glycolysis IV","pathway",881.4645,1025.33,143.8655
21,"pathway_PWY-1269: CMP-3-deoxy-D-manno-octulosonate biosynthesis","pathway",74.76815,29.6364,-45.13175
21,"pathway_PWY-1861: formaldehyde assimilation II (assimilatory RuMP Cycle)","pathway",109.4565,142.02,32.5635
21,"pathway_PWY-241: C4 photosynthetic carbon assimilation cycle, NADP-ME type","pathway",146.2625,217.863,71.6005
21,"pathway_PWY-2941: L-lysine biosynthesis II","pathway",101.5604,41.4969,-60.0635
21,"pathway_PWY-2942: L-lysine biosynthesis III","pathway",463.4625,191.935,-271.5275
21,"pathway_PWY-3001: superpathway of L-isoleucine biosynthesis I","pathway",491.2805,508.675,17.3945000000001
21,"pathway_PWY-3841: folate transformations II (plants)","pathway",622.4905,528.592,-93.8985
21,"pathway_PWY-4041: &gamma;-glutamyl cycle","pathway",115.51915,198.2,82.68085
21,"pathway_PWY-4984: urea cycle","pathway",84.68355,8.70471,-75.97884
21,"pathway_PWY-5004: superpathway of L-citrulline metabolism","pathway",4.50422,0,-4.50422
21,"pathway_PWY-5005: biotin biosynthesis II","pathway",7.086055,0,-7.086055
21,"pathway_PWY-5022: 4-aminobutanoate degradation V","pathway",12.643035,0,-12.643035
21,"pathway_PWY-5030: L-histidine degradation III","pathway",115.259,55.4784,-59.7806
21,"pathway_PWY-5097: L-lysine biosynthesis VI","pathway",645.1385,776.399,131.2605
21,"pathway_PWY-5100: pyruvate fermentation to acetate and lactate II","pathway",474.074,407.418,-66.6559999999999
21,"pathway_PWY-5103: L-isoleucine biosynthesis III","pathway",766.925,883.289,116.364
21,"pathway_PWY-5104: L-isoleucine biosynthesis IV","pathway",9.87968,0,-9.87968
21,"pathway_PWY-5121: superpathway of geranylgeranyl diphosphate biosynthesis II (via MEP)","pathway",101.9087,77.2322,-24.6765
21,"pathway_PWY-5130: 2-oxobutanoate degradation I","pathway",13.8794,0,-13.8794
21,"pathway_PWY-5136: fatty acid &beta;-oxidation II (plant peroxisome)","pathway",27.44315,0,-27.44315
21,"pathway_PWY-5138: fatty acid &beta;-oxidation IV (unsaturated, even number)","pathway",4.923695,0,-4.923695
21,"pathway_PWY-5154: L-arginine biosynthesis III (via N-acetyl-L-citrulline)","pathway",206.6465,62.5962,-144.0503
21,"pathway_PWY-5188: tetrapyrrole biosynthesis I (from glutamate)","pathway",222.292,35.8171,-186.4749
21,"pathway_PWY-5189: tetrapyrrole biosynthesis II (from glycine)","pathway",10.61892,0,-10.61892
21,"pathway_PWY-5345: superpathway of L-methionine biosynthesis (by sulfhydrylation)","pathway",20.4238,0,-20.4238
21,"pathway_PWY-5347: superpathway of L-methionine biosynthesis (transsulfuration)","pathway",22.8752,0,-22.8752
21,"pathway_PWY-5367: petroselinate biosynthesis","pathway",10.88083,0,-10.88083
21,"pathway_PWY-5384: sucrose degradation IV (sucrose phosphorylase)","pathway",206.8185,329.336,122.5175
21,"pathway_PWY-5484: glycolysis II (from fructose 6-phosphate)","pathway",300.1565,396.934,96.7775
21,"pathway_PWY-5494: pyruvate fermentation to propanoate II (acrylate pathway)","pathway",0,0,0
21,"pathway_PWY-5497: purine nucleobases degradation II (anaerobic)","pathway",77.75565,29.8747,-47.88095
21,"pathway_PWY-5505: L-glutamate and L-glutamine biosynthesis","pathway",119.082,0,-119.082
21,"pathway_PWY-561: superpathway of glyoxylate cycle and fatty acid degradation","pathway",21.24225,0,-21.24225
21,"pathway_PWY-5656: mannosylglycerate biosynthesis I","pathway",2.96535,0,-2.96535
21,"pathway_PWY-5659: GDP-mannose biosynthesis","pathway",132.72065,38.2248,-94.49585
21,"pathway_PWY-5667: CDP-diacylglycerol biosynthesis I","pathway",472.5705,593.761,121.1905
21,"pathway_PWY-5675: nitrate reduction V (assimilatory)","pathway",10.361165,0,-10.361165
21,"pathway_PWY-5676: acetyl-CoA fermentation to butanoate II","pathway",74.67235,79.6902,5.01785000000001
21,"pathway_PWY-5677: succinate fermentation to butanoate","pathway",5.47634,0,-5.47634
21,"pathway_PWY-5686: UMP biosynthesis I","pathway",840.4535,1183.22,342.7665
21,"pathway_PWY-5690: TCA cycle II (plants and fungi)","pathway",1.991045,0,-1.991045
21,"pathway_PWY-5695: inosine 5'-phosphate degradation","pathway",477.669,337.814,-139.855
21,"pathway_PWY-5723: Rubisco shunt","pathway",6.213735,0,-6.213735
21,"pathway_PWY-5837: 2-carboxy-1,4-naphthoquinol biosynthesis","pathway",1.68383,0,-1.68383
21,"pathway_PWY-5838: superpathway of menaquinol-8 biosynthesis I","pathway",5.66093,0,-5.66093
21,"pathway_PWY-5840: superpathway of menaquinol-7 biosynthesis","pathway",5.647755,0,-5.647755
21,"pathway_PWY-5845: superpathway of menaquinol-9 biosynthesis","pathway",5.523785,0,-5.523785
21,"pathway_PWY-5861: superpathway of demethylmenaquinol-8 biosynthesis I","pathway",3.80157,0,-3.80157
21,"pathway_PWY-5862: superpathway of demethylmenaquinol-9 biosynthesis","pathway",3.70881,0,-3.70881
21,"pathway_PWY-5897: superpathway of menaquinol-11 biosynthesis","pathway",4.987905,0,-4.987905
21,"pathway_PWY-5898: superpathway of menaquinol-12 biosynthesis","pathway",4.987905,0,-4.987905
21,"pathway_PWY-5899: superpathway of menaquinol-13 biosynthesis","pathway",4.987905,0,-4.987905
21,"pathway_PWY-5910: superpathway of geranylgeranyldiphosphate biosynthesis I (via mevalonate)","pathway",0,0,0
21,"pathway_PWY-5913: partial TCA cycle (obligate autotrophs)","pathway",115.738,234.317,118.579
21,"pathway_PWY-5918: superpathway of heme b biosynthesis from glutamate","pathway",13.12566,0,-13.12566
21,"pathway_PWY-5920: superpathway of heme b biosynthesis from glycine","pathway",6.95695,0,-6.95695
21,"pathway_PWY-5941: glycogen degradation II","pathway",877.7775,1210.97,333.1925
21,"pathway_PWY-5971: palmitate biosynthesis (type II fatty acid synthase)","pathway",114.6676,0,-114.6676
21,"pathway_PWY-5973: cis-vaccenate biosynthesis","pathway",253.983,151.712,-102.271
21,"pathway_PWY-5981: CDP-diacylglycerol biosynthesis III","pathway",36.60405,0,-36.60405
21,"pathway_PWY-5989: stearate biosynthesis II (bacteria and plants)","pathway",101.7142,140.251,38.5368
21,"pathway_PWY-5994: palmitate biosynthesis (type I fatty acid synthase)","pathway",19.0676,0,-19.0676
21,"pathway_PWY-6121: 5-aminoimidazole ribonucleotide biosynthesis I","pathway",724.467,998.85,274.383
21,"pathway_PWY-6122: 5-aminoimidazole ribonucleotide biosynthesis II","pathway",748.4905,991.227,242.7365
21,"pathway_PWY-6123: inosine-5'-phosphate biosynthesis I","pathway",507.774,747.04,239.266
21,"pathway_PWY-6124: inosine-5'-phosphate biosynthesis II","pathway",493.3845,750.57,257.1855
21,"pathway_PWY-6125: superpathway of guanosine nucleotides de novo biosynthesis II","pathway",103.3995,156.959,53.5595
21,"pathway_PWY-6126: superpathway of adenosine nucleotides de novo biosynthesis II","pathway",148.3895,227.579,79.1895
21,"pathway_PWY-6147: 6-hydroxymethyl-dihydropterin diphosphate biosynthesis I","pathway",106.9075,29.4115,-77.496
21,"pathway_PWY-6151: S-adenosyl-L-methionine salvage I","pathway",596.827,964.111,367.284
21,"pathway_PWY-6163: chorismate biosynthesis from 3-dehydroquinate","pathway",757.0335,1296.56,539.5265
21,"pathway_PWY-6168: flavin biosynthesis III (fungi)","pathway",9.2926,0,-9.2926
21,"pathway_PWY-621: sucrose degradation III (sucrose invertase)","pathway",199.709,287.66,87.951
21,"pathway_PWY-622: starch biosynthesis","pathway",221.886,411.524,189.638
21,"pathway_PWY-6270: isoprene biosynthesis I","pathway",355.242,316.251,-38.991
21,"pathway_PWY-6277: superpathway of 5-aminoimidazole ribonucleotide biosynthesis","pathway",748.4905,991.227,242.7365
21,"pathway_PWY-6282: palmitoleate biosynthesis I (from (5Z)-dodec-5-enoate)","pathway",101.34835,137.938,36.58965
21,"pathway_PWY-6284: superpathway of unsaturated fatty acids biosynthesis (E. coli)","pathway",29.1951,0,-29.1951
21,"pathway_PWY-6292: superpathway of L-cysteine biosynthesis (mammalian)","pathway",138.295,268.795,130.5
21,"pathway_PWY-6293: superpathway of L-cysteine biosynthesis (fungi)","pathway",2.792597,0,-2.792597
21,"pathway_PWY-6305: superpathway of putrescine biosynthesis","pathway",58.343,6.91544,-51.42756
21,"pathway_PWY-6317: D-galactose degradation I (Leloir pathway)","pathway",465.2495,618.698,153.4485
21,"pathway_PWY-6353: purine nucleotides degradation II (aerobic)","pathway",143.4225,28.5307,-114.8918
21,"pathway_PWY-6385: peptidoglycan biosynthesis III (mycobacteria)","pathway",729.434,733.087,3.65300000000002
21,"pathway_PWY-6386: UDP-N-acetylmuramoyl-pentapeptide biosynthesis II (lysine-containing)","pathway",802.225,1045.77,243.545
21,"pathway_PWY-6387: UDP-N-acetylmuramoyl-pentapeptide biosynthesis I (meso-diaminopimelate containing)","pathway",780.4675,1028.35,247.8825
21,"pathway_PWY-6435: 4-hydroxybenzoate biosynthesis III (plants)","pathway",1.58063,0,-1.58063
21,"pathway_PWY-6470: peptidoglycan biosynthesis V (&beta;-lactam resistance)","pathway",39.0103,0,-39.0103
21,"pathway_PWY-6507: 4-deoxy-L-threo-hex-4-enopyranuronate degradation","pathway",77.30955,238.324,161.01445
21,"pathway_PWY-6519: 8-amino-7-oxononanoate biosynthesis I","pathway",100.14905,42.4937,-57.65535
21,"pathway_PWY-6527: stachyose degradation","pathway",344.534,143.008,-201.526
21,"pathway_PWY-6531: mannitol cycle","pathway",5.0409,0,-5.0409
21,"pathway_PWY-6545: pyrimidine deoxyribonucleotides de novo biosynthesis III","pathway",34.43155,0,-34.43155
21,"pathway_PWY-6549: L-glutamine biosynthesis III","pathway",135.175,255.252,120.077
21,"pathway_PWY-6572: chondroitin sulfate degradation I (bacterial)","pathway",7.251125,0,-7.251125
21,"pathway_PWY-6588: pyruvate fermentation to acetone","pathway",18.6894,0,-18.6894
21,"pathway_PWY-6590: superpathway of Clostridium acetobutylicum acidogenic fermentation","pathway",106.782,108.698,1.91599999999998
21,"pathway_PWY-6595: superpathway of guanosine nucleotides degradation (plants)","pathway",48.31445,20.0101,-28.30435
21,"pathway_PWY-6606: guanosine nucleotides degradation II","pathway",83.32965,64.7845,-18.54515
21,"pathway_PWY-6607: guanosine nucleotides degradation I","pathway",48.55935,15.0094,-33.54995
21,"pathway_PWY-6608: guanosine nucleotides degradation III","pathway",164.953,160.512,-4.441
21,"pathway_PWY-6609: adenine and adenosine salvage III","pathway",680.204,842.056,161.852
21,"pathway_PWY-6612: superpathway of tetrahydrofolate biosynthesis","pathway",21.025,0,-21.025
21,"pathway_PWY-6628: superpathway of L-phenylalanine biosynthesis","pathway",203.1595,470.395,267.2355
21,"pathway_PWY-6629: superpathway of L-tryptophan biosynthesis","pathway",564.7965,427.233,-137.5635
21,"pathway_PWY-6630: superpathway of L-tyrosine biosynthesis","pathway",134.3285,56.3127,-78.0158
21,"pathway_PWY-6700: queuosine biosynthesis I (de novo)","pathway",536.3665,573.891,37.5244999999999
21,"pathway_PWY-6703: preQ0 biosynthesis","pathway",243.5895,84.6062,-158.9833
21,"pathway_PWY-6731: starch degradation III","pathway",167.299,17.0125,-150.2865
21,"pathway_PWY-6803: phosphatidylcholine acyl editing","pathway",3.46659,0,-3.46659
21,"pathway_PWY-6807: xyloglucan degradation II (exoglucanase)","pathway",0,0,0
21,"pathway_PWY-6823: molybdopterin biosynthesis","pathway",269.9195,521.164,251.2445
21,"pathway_PWY-6859: all-trans-farnesol biosynthesis","pathway",17.7709,0,-17.7709
21,"pathway_PWY-6876: isopropanol biosynthesis (engineered)","pathway",7.77468,0,-7.77468
21,"pathway_PWY-6892: thiazole component of thiamine diphosphate biosynthesis I","pathway",265.896,41.4117,-224.4843
21,"pathway_PWY-6895: superpathway of thiamine diphosphate biosynthesis II","pathway",136.9625,86.2951,-50.6674
21,"pathway_PWY-6897: thiamine diphosphate salvage II","pathway",305.2415,305.562,0.320500000000038
21,"pathway_PWY-6901: superpathway of glucose and xylose degradation","pathway",252.853,279.052,26.199
21,"pathway_PWY-6902: chitin degradation II (Vibrio)","pathway",93.64235,85.3994,-8.24294999999999
21,"pathway_PWY-6906: chitin derivatives degradation","pathway",16.3819,0,-16.3819
21,"pathway_PWY-6920: 6-gingerol analog biosynthesis (engineered)","pathway",1.18606,0,-1.18606
21,"pathway_PWY-6922: L-N&delta;-acetylornithine biosynthesis","pathway",4.138555,0,-4.138555
21,"pathway_PWY-6936: seleno-amino acid biosynthesis (plants)","pathway",272.102,361.448,89.3459999999999
21,"pathway_PWY-6961: L-ascorbate degradation II (bacterial, aerobic)","pathway",3.05656,0,-3.05656
21,"pathway_PWY-6969: TCA cycle V (2-oxoglutarate synthase)","pathway",136.3805,113.256,-23.1245
21,"pathway_PWY-6992: 1,5-anhydrofructose degradation","pathway",2.492425,0,-2.492425
21,"pathway_PWY-7013: (S)-propane-1,2-diol degradation","pathway",62.4329,0,-62.4329
21,"pathway_PWY-702: L-methionine biosynthesis II","pathway",140.8615,335.564,194.7025
21,"pathway_PWY-7111: pyruvate fermentation to isobutanol (engineered)","pathway",604.166,833.467,229.301
21,"pathway_PWY-7115: C4 photosynthetic carbon assimilation cycle, NAD-ME type","pathway",126.1435,100.761,-25.3825
21,"pathway_PWY-7117: C4 photosynthetic carbon assimilation cycle, PEPCK type","pathway",139.538,186.164,46.626
21,"pathway_PWY-7118: chitin deacetylation","pathway",8.225265,0,-8.225265
21,"pathway_PWY-7184: pyrimidine deoxyribonucleotides de novo biosynthesis I","pathway",34.3555,0,-34.3555
21,"pathway_PWY-7185: UTP and CTP dephosphorylation I","pathway",33.2092,0,-33.2092
21,"pathway_PWY-7196: superpathway of pyrimidine ribonucleosides salvage","pathway",5.407,0,-5.407
21,"pathway_PWY-7197: pyrimidine deoxyribonucleotide phosphorylation","pathway",62.2663,99.8791,37.6128
21,"pathway_PWY-7198: pyrimidine deoxyribonucleotides de novo biosynthesis IV","pathway",79.57395,130.935,51.36105
21,"pathway_PWY-7199: pyrimidine deoxyribonucleosides salvage","pathway",312.189,433.456,121.267
21,"pathway_PWY-7204: pyridoxal 5'-phosphate salvage II (plants)","pathway",2.279005,0,-2.279005
21,"pathway_PWY-7208: superpathway of pyrimidine nucleobases salvage","pathway",92.95245,146.655,53.70255
21,"pathway_PWY-7209: superpathway of pyrimidine ribonucleosides degradation","pathway",26.45185,0,-26.45185
21,"pathway_PWY-7210: pyrimidine deoxyribonucleotides biosynthesis from CTP","pathway",34.81575,0,-34.81575
21,"pathway_PWY-7211: superpathway of pyrimidine deoxyribonucleotides de novo biosynthesis","pathway",41.96665,0,-41.96665
21,"pathway_PWY-7220: adenosine deoxyribonucleotides de novo biosynthesis II","pathway",69.3068,107.571,38.2642
21,"pathway_PWY-7221: guanosine ribonucleotides de novo biosynthesis","pathway",694.447,706.762,12.3149999999999
21,"pathway_PWY-7222: guanosine deoxyribonucleotides de novo biosynthesis II","pathway",69.3068,107.571,38.2642
21,"pathway_PWY-7228: superpathway of guanosine nucleotides de novo biosynthesis I","pathway",126.6755,187.023,60.3475
21,"pathway_PWY-7229: superpathway of adenosine nucleotides de novo biosynthesis I","pathway",223.5555,328.904,105.3485
21,"pathway_PWY-7234: inosine-5'-phosphate biosynthesis III","pathway",199.0165,302.968,103.9515
21,"pathway_PWY-7237: myo-, chiro- and scyllo-inositol degradation","pathway",209.682,344.531,134.849
21,"pathway_PWY-7238: sucrose biosynthesis II","pathway",1118.648,1667.77,549.122
21,"pathway_PWY-7242: D-fructuronate degradation","pathway",83.088,335.755,252.667
21,"pathway_PWY-724: superpathway of L-lysine, L-threonine and L-methionine biosynthesis II","pathway",531.64,624.378,92.7380000000001
21,"pathway_PWY-7254: TCA cycle VII (acetate-producers)","pathway",11.178455,0,-11.178455
21,"pathway_PWY-7282: 4-amino-2-methyl-5-diphosphomethylpyrimidine biosynthesis II","pathway",190.919,0,-190.919
21,"pathway_PWY-7312: dTDP-&beta;-D-fucofuranose biosynthesis","pathway",0,0,0
21,"pathway_PWY-7315: dTDP-N-acetylthomosamine biosynthesis","pathway",2.62223,0,-2.62223
21,"pathway_PWY-7323: superpathway of GDP-mannose-derived O-antigen building blocks biosynthesis","pathway",95.1499,21.6226,-73.5273
21,"pathway_PWY-7328: superpathway of UDP-glucose-derived O-antigen building blocks biosynthesis","pathway",150.7805,60.4405,-90.34
21,"pathway_PWY-7345: superpathway of anaerobic sucrose degradation","pathway",168.7835,67.1311,-101.6524
21,"pathway_PWY-7356: thiamine diphosphate salvage IV (yeast)","pathway",118.339,238.88,120.541
21,"pathway_PWY-7357: thiamine phosphate formation from pyrithiamine and oxythiamine (yeast)","pathway",464.507,507.606,43.099
21,"pathway_PWY-7371: 1,4-dihydroxy-6-naphthoate biosynthesis II","pathway",4.72312,0,-4.72312
21,"pathway_PWY-7383: anaerobic energy metabolism (invertebrates, cytosol)","pathway",192.3625,122.526,-69.8365
21,"pathway_PWY-7385: 1,3-propanediol biosynthesis (engineered)","pathway",4.259195,0,-4.259195
21,"pathway_PWY-7388: octanoyl-[acyl-carrier protein] biosynthesis (mitochondria, yeast)","pathway",7.83135,0,-7.83135
21,"pathway_PWY-7392: taxadiene biosynthesis (engineered)","pathway",42.8189,0,-42.8189
21,"pathway_PWY-7400: L-arginine biosynthesis IV (archaebacteria)","pathway",408.118,151.775,-256.343
21,"pathway_PWY-7456: &beta;-(1,4)-mannan degradation","pathway",83.69275,35.6407,-48.05205
21,"pathway_PWY-7560: methylerythritol phosphate pathway II","pathway",333.701,296.297,-37.404
21,"pathway_PWY-7663: gondoate biosynthesis (anaerobic)","pathway",215.162,213.87,-1.29199999999997
21,"pathway_PWY-7664: oleate biosynthesis IV (anaerobic)","pathway",111.97945,151.371,39.39155
21,"pathway_PWY-7688: dTDP-&alpha;-D-ravidosamine and dTDP-4-acetyl-&alpha;-D-ravidosamine biosynthesis","pathway",1.267965,0,-1.267965
21,"pathway_PWY-7761: NAD salvage pathway II (PNC IV cycle)","pathway",149.1805,117.865,-31.3155
21,"pathway_PWY-7790: UMP biosynthesis II","pathway",840.4535,1183.22,342.7665
21,"pathway_PWY-7791: UMP biosynthesis III","pathway",840.4535,1183.22,342.7665
21,"pathway_PWY-7851: coenzyme A biosynthesis II (eukaryotic)","pathway",535.807,790.727,254.92
21,"pathway_PWY-7883: anhydromuropeptides recycling II","pathway",6.924575,0,-6.924575
21,"pathway_PWY-7942: 5-oxo-L-proline metabolism","pathway",7.101,0,-7.101
21,"pathway_PWY-7953: UDP-N-acetylmuramoyl-pentapeptide biosynthesis III (meso-diaminopimelate containing)","pathway",739.5375,601.06,-138.4775
21,"pathway_PWY-7977: L-methionine biosynthesis IV","pathway",560.3895,281.437,-278.9525
21,"pathway_PWY-7992: superpathway of menaquinol-8 biosynthesis III","pathway",11.3817,0,-11.3817
21,"pathway_PWY-8004: Entner-Doudoroff pathway I","pathway",137.788,221.322,83.534
21,"pathway_PWY-801: homocysteine and cysteine interconversion","pathway",1.682489,0,-1.682489
21,"pathway_PWY-8073: lipid IVA biosynthesis (P. putida)","pathway",70.4095,21.9786,-48.4309
21,"pathway_PWY-8131: 5'-deoxyadenosine degradation II","pathway",28.4662,0,-28.4662
21,"pathway_PWY-8178: pentose phosphate pathway (non-oxidative branch) II","pathway",543.699,326.161,-217.538
21,"pathway_PWY-8187: L-arginine degradation XIII (reductive Stickland reaction)","pathway",386.3215,432.719,46.3975
21,"pathway_PWY-8188: L-alanine degradation VI (reductive Stickland reaction)","pathway",0,0,0
21,"pathway_PWY-8189: L-alanine degradation V (oxidative Stickland reaction)","pathway",0,0,0
21,"pathway_PWY-821: superpathway of sulfur amino acid biosynthesis (Saccharomyces cerevisiae)","pathway",6.6909,0,-6.6909
21,"pathway_PWY-822: fructan biosynthesis","pathway",0,0,0
21,"pathway_PWY-841: superpathway of purine nucleotides de novo biosynthesis I","pathway",192.28,287.634,95.354
21,"pathway_PWY-922: mevalonate pathway I (eukaryotes and bacteria)","pathway",0,0,0
21,"pathway_PWY-I9: L-cysteine biosynthesis VI (from L-methionine)","pathway",191.345,543.841,352.496
21,"pathway_PWY0-1061: superpathway of L-alanine biosynthesis","pathway",197.941,195.782,-2.15899999999996
21,"pathway_PWY0-1241: ADP-L-glycero-&beta;-D-manno-heptose biosynthesis","pathway",42.4098,0,-42.4098
21,"pathway_PWY0-1261: anhydromuropeptides recycling I","pathway",80.75935,0,-80.75935
21,"pathway_PWY0-1296: purine ribonucleosides degradation","pathway",522.031,750.401,228.37
21,"pathway_PWY0-1297: superpathway of purine deoxyribonucleosides degradation","pathway",43.20785,8.47355,-34.7343
21,"pathway_PWY0-1298: superpathway of pyrimidine deoxyribonucleosides degradation","pathway",27.45455,8.42888,-19.02567
21,"pathway_PWY0-1319: CDP-diacylglycerol biosynthesis II","pathway",472.5705,593.761,121.1905
21,"pathway_PWY0-1415: superpathway of heme b biosynthesis from uroporphyrinogen-III","pathway",2.14918,0,-2.14918
21,"pathway_PWY0-1477: ethanolamine utilization","pathway",72.2377,27.504,-44.7337
21,"pathway_PWY0-1479: tRNA processing","pathway",100.9015,125.563,24.6615
21,"pathway_PWY0-1586: peptidoglycan maturation (meso-diaminopimelate containing)","pathway",369.848,364.211,-5.637
21,"pathway_PWY0-162: superpathway of pyrimidine ribonucleotides de novo biosynthesis","pathway",156.719,265.359,108.64
21,"pathway_PWY0-166: superpathway of pyrimidine deoxyribonucleotides de novo biosynthesis (E. coli)","pathway",4.74124,0,-4.74124
21,"pathway_PWY0-301: L-ascorbate degradation I (bacterial, anaerobic)","pathway",3.98545,0,-3.98545
21,"pathway_PWY0-42: 2-methylcitrate cycle I","pathway",2.545146,0,-2.545146
21,"pathway_PWY0-781: aspartate superpathway","pathway",43.14445,0,-43.14445
21,"pathway_PWY0-845: superpathway of pyridoxal 5'-phosphate biosynthesis and salvage","pathway",124.802,0,-124.802
21,"pathway_PWY0-862: (5Z)-dodecenoate biosynthesis I","pathway",103.1842,143.738,40.5538
21,"pathway_PWY1ZNC-1: assimilatory sulfate reduction IV","pathway",15.3006,0,-15.3006
21,"pathway_PWY3O-4107: NAD salvage pathway V (PNC V cycle)","pathway",33.32835,75.2258,41.89745
21,"pathway_PWY490-3: nitrate reduction VI (assimilatory)","pathway",0,0,0
21,"pathway_PWY4FS-7: phosphatidylglycerol biosynthesis I (plastidic)","pathway",98.12685,34.5122,-63.61465
21,"pathway_PWY4FS-8: phosphatidylglycerol biosynthesis II (non-plastidic)","pathway",98.12685,34.5122,-63.61465
21,"pathway_PWY4LZ-257: superpathway of fermentation (Chlamydomonas reinhardtii)","pathway",35.80375,7.00523,-28.79852
21,"pathway_PWY66-389: phytol degradation","pathway",0,0,0
21,"pathway_PWY66-391: fatty acid &beta;-oxidation VI (mammalian peroxisome)","pathway",15.61455,0,-15.61455
21,"pathway_PWY66-399: gluconeogenesis III","pathway",168.064,57.5468,-110.5172
21,"pathway_PWY66-409: superpathway of purine nucleotide salvage","pathway",46.1929,0,-46.1929
21,"pathway_PWY66-429: fatty acid biosynthesis initiation (mitochondria)","pathway",570.9345,321.563,-249.3715
21,"pathway_PWY66-430: myristate biosynthesis (mitochondria)","pathway",7.9906,0,-7.9906
21,"pathway_PYRIDNUCSAL-PWY: NAD salvage pathway I (PNC VI cycle)","pathway",41.8153,79.0156,37.2003
21,"pathway_PYRIDNUCSYN-PWY: NAD de novo biosynthesis I (from aspartate)","pathway",358.772,277.553,-81.2190000000001
21,"pathway_PYRIDOXSYN-PWY: pyridoxal 5'-phosphate biosynthesis I","pathway",100.2282,0,-100.2282
21,"pathway_REDCITCYC: TCA cycle VI (Helicobacter)","pathway",8.793845,0,-8.793845
21,"pathway_RHAMCAT-PWY: L-rhamnose degradation I","pathway",137.4975,142.347,4.84950000000001
21,"pathway_RIBOSYN2-PWY: flavin biosynthesis I (bacteria and plants)","pathway",386.8815,302.599,-84.2825
21,"pathway_RUMP-PWY: formaldehyde oxidation I","pathway",7.189745,0,-7.189745
21,"pathway_SALVADEHYPOX-PWY: adenosine nucleotides degradation II","pathway",88.7333,13.7758,-74.9575
21,"pathway_SER-GLYSYN-PWY: superpathway of L-serine and glycine biosynthesis I","pathway",459.8895,483.119,23.2295
21,"pathway_SO4ASSIM-PWY: assimilatory sulfate reduction I","pathway",7.69453,0,-7.69453
21,"pathway_SULFATE-CYS-PWY: superpathway of sulfate assimilation and cysteine biosynthesis","pathway",16.767145,0,-16.767145
21,"pathway_TCA-GLYOX-BYPASS: superpathway of glyoxylate bypass and TCA","pathway",14.886115,0,-14.886115
21,"pathway_TCA: TCA cycle I (prokaryotic)","pathway",21.72795,0,-21.72795
21,"pathway_THISYN-PWY: superpathway of thiamine diphosphate biosynthesis I","pathway",283.5445,106.736,-176.8085
21,"pathway_THISYNARA-PWY: superpathway of thiamine diphosphate biosynthesis III (eukaryotes)","pathway",224.179,319.38,95.201
21,"pathway_THRESYN-PWY: superpathway of L-threonine biosynthesis","pathway",392.9735,563.611,170.6375
21,"pathway_TRNA-CHARGING-PWY: tRNA charging","pathway",820.9445,1058.27,237.3255
21,"pathway_TRPSYN-PWY: L-tryptophan biosynthesis","pathway",439.768,275.212,-164.556
21,"pathway_UDPNAGSYN-PWY: UDP-N-acetyl-D-glucosamine biosynthesis I","pathway",407.8465,622.684,214.8375
21,"pathway_VALSYN-PWY: L-valine biosynthesis","pathway",909.401,1348.74,439.339
22,"pathway_1CMET2-PWY: folate transformations III (E. coli)","pathway",504.4625,504.132,-0.330499999999972
22,"pathway_ALLANTOINDEG-PWY: superpathway of allantoin degradation in yeast","pathway",0,0,0
22,"pathway_ANAEROFRUCAT-PWY: homolactic fermentation","pathway",302.7395,137.321,-165.4185
22,"pathway_ANAGLYCOLYSIS-PWY: glycolysis III (from glucose)","pathway",852.311,1082.09,229.779
22,"pathway_ARG+POLYAMINE-SYN: superpathway of arginine and polyamine biosynthesis","pathway",44.78915,0,-44.78915
22,"pathway_ARGININE-SYN4-PWY: L-ornithine biosynthesis II","pathway",146.4274,31.703,-114.7244
22,"pathway_ARGSYN-PWY: L-arginine biosynthesis I (via L-ornithine)","pathway",793.5155,1115.7,322.1845
22,"pathway_ARGSYNBSUB-PWY: L-arginine biosynthesis II (acetyl cycle)","pathway",825.0135,1182.84,357.8265
22,"pathway_ARO-PWY: chorismate biosynthesis I","pathway",828.948,1039.9,210.952
22,"pathway_ASPASN-PWY: superpathway of L-aspartate and L-asparagine biosynthesis","pathway",291.0055,236.406,-54.5995
22,"pathway_BIOTIN-BIOSYNTHESIS-PWY: biotin biosynthesis I","pathway",66.7058,35.3993,-31.3065
22,"pathway_BRANCHED-CHAIN-AA-SYN-PWY: superpathway of branched chain amino acid biosynthesis","pathway",863.299,1135.65,272.351
22,"pathway_CALVIN-PWY: Calvin-Benson-Bassham cycle","pathway",800.7135,990.373,189.6595
22,"pathway_CENTFERM-PWY: pyruvate fermentation to butanoate","pathway",68.8592,68.1101,-0.749099999999999
22,"pathway_CITRULBIO-PWY: L-citrulline biosynthesis","pathway",107.53535,49.0158,-58.51955
22,"pathway_COA-PWY-1: superpathway of coenzyme A biosynthesis III (mammals)","pathway",598.9335,629.131,30.1975
22,"pathway_COA-PWY: coenzyme A biosynthesis I (prokaryotic)","pathway",613.0705,622.928,9.85749999999996
22,"pathway_COBALSYN-PWY: superpathway of adenosylcobalamin salvage from cobinamide I","pathway",301.4135,391.213,89.7995
22,"pathway_COLANSYN-PWY: colanic acid building blocks biosynthesis","pathway",180.9975,104.021,-76.9765
22,"pathway_COMPLETE-ARO-PWY: superpathway of aromatic amino acid biosynthesis","pathway",846.5835,1079.02,232.4365
22,"pathway_DAPLYSINESYN-PWY: L-lysine biosynthesis I","pathway",131.0303,72.0323,-58.998
22,"pathway_DTDPRHAMSYN-PWY: dTDP-&beta;-L-rhamnose biosynthesis","pathway",855.028,1188.61,333.582
22,"pathway_FAO-PWY: fatty acid &beta;-oxidation I (generic)","pathway",0,0,0
22,"pathway_FASYN-ELONG-PWY: fatty acid elongation -- saturated","pathway",62.30405,33.9501,-28.35395
22,"pathway_FASYN-INITIAL-PWY: superpathway of fatty acid biosynthesis initiation (E. coli)","pathway",4.61961,0,-4.61961
22,"pathway_FERMENTATION-PWY: mixed acid fermentation","pathway",119.4135,141.194,21.7805
22,"pathway_FOLSYN-PWY: superpathway of tetrahydrofolate biosynthesis and salvage","pathway",76.3707,60.5944,-15.7763
22,"pathway_FUC-RHAMCAT-PWY: superpathway of fucose and rhamnose degradation","pathway",35.3876,0,-35.3876
22,"pathway_FUCCAT-PWY: fucose degradation","pathway",36.43335,50.1848,13.75145
22,"pathway_GALACT-GLUCUROCAT-PWY: superpathway of hexuronide and hexuronate degradation","pathway",35.56215,8.43503,-27.12712
22,"pathway_GALACTARDEG-PWY: D-galactarate degradation I","pathway",1.00559,0,-1.00559
22,"pathway_GALACTITOLCAT-PWY: galactitol degradation","pathway",9.89417,0,-9.89417
22,"pathway_GALACTUROCAT-PWY: D-galacturonate degradation I","pathway",107.097,16.6787,-90.4183
22,"pathway_GLCMANNANAUT-PWY: superpathway of N-acetylglucosamine, N-acetylmannosamine and N-acetylneuraminate degradation","pathway",162.707,180.202,17.495
22,"pathway_GLUCARDEG-PWY: D-glucarate degradation I","pathway",0.99811,0,-0.99811
22,"pathway_GLUCARGALACTSUPER-PWY: superpathway of D-glucarate and D-galactarate degradation","pathway",1.00559,0,-1.00559
22,"pathway_GLUCONEO-PWY: gluconeogenesis I","pathway",296.1695,373.176,77.0065
22,"pathway_GLUCOSE1PMETAB-PWY: glucose and glucose-1-phosphate degradation","pathway",276.382,0,-276.382
22,"pathway_GLUCUROCAT-PWY: superpathway of &beta;-D-glucuronosides degradation","pathway",176.5625,24.3872,-152.1753
22,"pathway_GLUDEG-I-PWY: GABA shunt","pathway",13.762535,16.9737,3.211165
22,"pathway_GLUTORN-PWY: L-ornithine biosynthesis I","pathway",677.5365,866.642,189.1055
22,"pathway_GLYCOCAT-PWY: glycogen degradation I","pathway",123.4594,150.51,27.0506
22,"pathway_GLYCOGENSYNTH-PWY: glycogen biosynthesis I (from ADP-D-Glucose)","pathway",894.2125,1212.11,317.8975
22,"pathway_GLYCOLYSIS-E-D: superpathway of glycolysis and the Entner-Doudoroff pathway","pathway",75.9777,29.731,-46.2467
22,"pathway_GLYCOLYSIS: glycolysis I (from glucose 6-phosphate)","pathway",311.367,185.131,-126.236
22,"pathway_GLYOXYLATE-BYPASS: glyoxylate cycle","pathway",0,0,0
22,"pathway_GOLPDLCAT-PWY: superpathway of glycerol degradation to 1,3-propanediol","pathway",68.20275,136.306,68.10325
22,"pathway_HEME-BIOSYNTHESIS-II-1: heme b biosynthesis V (aerobic)","pathway",0,0,0
22,"pathway_HEME-BIOSYNTHESIS-II: heme b biosynthesis I (aerobic)","pathway",6.588025,0,-6.588025
22,"pathway_HEMESYN2-PWY: heme b biosynthesis II (oxygen-independent)","pathway",16.37367,19.1575,2.78383
22,"pathway_HEXITOLDEGSUPER-PWY: superpathway of hexitol degradation (bacteria)","pathway",26.17885,0,-26.17885
22,"pathway_HISDEG-PWY: L-histidine degradation I","pathway",173.5335,30.4988,-143.0347
22,"pathway_HISTSYN-PWY: L-histidine biosynthesis","pathway",522.5045,608.509,86.0045
22,"pathway_HOMOSER-METSYN-PWY: L-methionine biosynthesis I","pathway",10.041905,0,-10.041905
22,"pathway_HSERMETANA-PWY: L-methionine biosynthesis III","pathway",348.9155,546.596,197.6805
22,"pathway_ILEUSYN-PWY: L-isoleucine biosynthesis I (from threonine)","pathway",879.931,1207.88,327.949
22,"pathway_KETOGLUCONMET-PWY: ketogluconate metabolism","pathway",1.484535,0,-1.484535
22,"pathway_LACTOSECAT-PWY: lactose and galactose degradation I","pathway",116.6683,347.562,230.8937
22,"pathway_MET-SAM-PWY: superpathway of S-adenosyl-L-methionine biosynthesis","pathway",19.670865,0,-19.670865
22,"pathway_METH-ACETATE-PWY: methanogenesis from acetate","pathway",286.448,400.164,113.716
22,"pathway_METHGLYUT-PWY: superpathway of methylglyoxal degradation","pathway",8.32634,0,-8.32634
22,"pathway_METSYN-PWY: superpathway of L-homoserine and L-methionine biosynthesis","pathway",17.36323,0,-17.36323
22,"pathway_NAD-BIOSYNTHESIS-II: NAD salvage pathway III (to nicotinamide riboside)","pathway",15.58755,0,-15.58755
22,"pathway_NAGLIPASYN-PWY: lipid IVA biosynthesis (E. coli)","pathway",51.812075,7.41456,-44.397515
22,"pathway_NONMEVIPP-PWY: methylerythritol phosphate pathway I","pathway",705.8615,870.769,164.9075
22,"pathway_NONOXIPENT-PWY: pentose phosphate pathway (non-oxidative branch) I","pathway",630.126,685.248,55.1220000000001
22,"pathway_OANTIGEN-PWY: O-antigen building blocks biosynthesis (E. coli)","pathway",293.659,434.694,141.035
22,"pathway_ORNDEG-PWY: superpathway of ornithine degradation","pathway",2.22818,0,-2.22818
22,"pathway_P105-PWY: TCA cycle IV (2-oxoglutarate decarboxylase)","pathway",6.34677,0,-6.34677
22,"pathway_P108-PWY: pyruvate fermentation to propanoate I","pathway",0,0,0
22,"pathway_P122-PWY: heterolactic fermentation","pathway",6.337,0,-6.337
22,"pathway_P124-PWY: Bifidobacterium shunt","pathway",27.3531,13.5863,-13.7668
22,"pathway_P125-PWY: superpathway of (R,R)-butanediol biosynthesis","pathway",18.1881,0,-18.1881
22,"pathway_P161-PWY: acetylene degradation (anaerobic)","pathway",17.2402,39.2856,22.0454
22,"pathway_P164-PWY: purine nucleobases degradation I (anaerobic)","pathway",144.4375,362.911,218.4735
22,"pathway_P185-PWY: formaldehyde assimilation III (dihydroxyacetone cycle)","pathway",31.66065,40.8596,9.19895
22,"pathway_P23-PWY: reductive TCA cycle I","pathway",0,0,0
22,"pathway_P4-PWY: superpathway of L-lysine, L-threonine and L-methionine biosynthesis I","pathway",33.82285,0,-33.82285
22,"pathway_P41-PWY: pyruvate fermentation to acetate and (S)-lactate I","pathway",532.274,866.478,334.204
22,"pathway_P42-PWY: incomplete reductive TCA cycle","pathway",55.8274,13.2287,-42.5987
22,"pathway_P441-PWY: superpathway of N-acetylneuraminate degradation","pathway",106.85855,87.0209,-19.83765
22,"pathway_P461-PWY: hexitol fermentation to lactate, formate, ethanol and acetate","pathway",80.90845,60.2663,-20.64215
22,"pathway_P621-PWY: nylon-6 oligomer degradation","pathway",36.7155,6.67402,-30.04148
22,"pathway_PANTO-PWY: phosphopantothenate biosynthesis I","pathway",467.877,484.534,16.657
22,"pathway_PANTOSYN-PWY: superpathway of coenzyme A biosynthesis I (bacteria)","pathway",484.507,454.543,-29.964
22,"pathway_PENTOSE-P-PWY: pentose phosphate pathway","pathway",195.9865,34.4881,-161.4984
22,"pathway_PEPTIDOGLYCANSYN-PWY: peptidoglycan biosynthesis I (meso-diaminopimelate containing)","pathway",772.039,887.803,115.764
22,"pathway_PHOSLIPSYN-PWY: superpathway of phospholipid biosynthesis I (bacteria)","pathway",229.5245,93.6326,-135.8919
22,"pathway_POLYAMINSYN3-PWY: superpathway of polyamine biosynthesis II","pathway",3.88489,0,-3.88489
22,"pathway_POLYAMSYN-PWY: superpathway of polyamine biosynthesis I","pathway",23.44815,0,-23.44815
22,"pathway_POLYISOPRENSYN-PWY: polyisoprenoid biosynthesis (E. coli)","pathway",55.8062,0,-55.8062
22,"pathway_PPGPPMET-PWY: ppGpp metabolism","pathway",55.37785,131.688,76.31015
22,"pathway_PROPFERM-PWY: superpathway of L-alanine fermentation (Stickland reaction)","pathway",24.54015,0,-24.54015
22,"pathway_PWY-1042: glycolysis IV","pathway",1084.5895,1315.62,231.0305
22,"pathway_PWY-1269: CMP-3-deoxy-D-manno-octulosonate biosynthesis","pathway",42.4475,9.75403,-32.69347
22,"pathway_PWY-1861: formaldehyde assimilation II (assimilatory RuMP Cycle)","pathway",119.8612,251.274,131.4128
22,"pathway_PWY-241: C4 photosynthetic carbon assimilation cycle, NADP-ME type","pathway",75.277,51.4834,-23.7936
22,"pathway_PWY-2941: L-lysine biosynthesis II","pathway",206.2135,111.179,-95.0345
22,"pathway_PWY-2942: L-lysine biosynthesis III","pathway",539.441,604.144,64.703
22,"pathway_PWY-3001: superpathway of L-isoleucine biosynthesis I","pathway",573.18,624.832,51.652
22,"pathway_PWY-3841: folate transformations II (plants)","pathway",654.486,772.555,118.069
22,"pathway_PWY-4041: &gamma;-glutamyl cycle","pathway",108.0996,92.8555,-15.2441
22,"pathway_PWY-4984: urea cycle","pathway",91.31805,41.297,-50.02105
22,"pathway_PWY-5004: superpathway of L-citrulline metabolism","pathway",0,0,0
22,"pathway_PWY-5005: biotin biosynthesis II","pathway",15.5548,13.1799,-2.3749
22,"pathway_PWY-5022: 4-aminobutanoate degradation V","pathway",12.706695,8.86618,-3.840515
22,"pathway_PWY-5030: L-histidine degradation III","pathway",134.1205,20.3352,-113.7853
22,"pathway_PWY-5097: L-lysine biosynthesis VI","pathway",673.169,776.799,103.63
22,"pathway_PWY-5100: pyruvate fermentation to acetate and lactate II","pathway",532.274,866.478,334.204
22,"pathway_PWY-5103: L-isoleucine biosynthesis III","pathway",818.9855,1100.5,281.5145
22,"pathway_PWY-5104: L-isoleucine biosynthesis IV","pathway",0.81661,0,-0.81661
22,"pathway_PWY-5121: superpathway of geranylgeranyl diphosphate biosynthesis II (via MEP)","pathway",127.0835,0,-127.0835
22,"pathway_PWY-5130: 2-oxobutanoate degradation I","pathway",17.6262,6.93051,-10.69569
22,"pathway_PWY-5136: fatty acid &beta;-oxidation II (plant peroxisome)","pathway",12.98615,30.2894,17.30325
22,"pathway_PWY-5138: fatty acid &beta;-oxidation IV (unsaturated, even number)","pathway",0,0,0
22,"pathway_PWY-5154: L-arginine biosynthesis III (via N-acetyl-L-citrulline)","pathway",221.971,133.795,-88.176
22,"pathway_PWY-5188: tetrapyrrole biosynthesis I (from glutamate)","pathway",163.853,371.416,207.563
22,"pathway_PWY-5189: tetrapyrrole biosynthesis II (from glycine)","pathway",2.01375,14.913,12.89925
22,"pathway_PWY-5345: superpathway of L-methionine biosynthesis (by sulfhydrylation)","pathway",3.109975,0,-3.109975
22,"pathway_PWY-5347: superpathway of L-methionine biosynthesis (transsulfuration)","pathway",19.676865,0,-19.676865
22,"pathway_PWY-5367: petroselinate biosynthesis","pathway",21.59875,44.6381,23.03935
22,"pathway_PWY-5384: sucrose degradation IV (sucrose phosphorylase)","pathway",153.2185,78.8062,-74.4123
22,"pathway_PWY-5484: glycolysis II (from fructose 6-phosphate)","pathway",261.0205,107.322,-153.6985
22,"pathway_PWY-5494: pyruvate fermentation to propanoate II (acrylate pathway)","pathway",12.26535,0,-12.26535
22,"pathway_PWY-5497: purine nucleobases degradation II (anaerobic)","pathway",85.6276,16.7364,-68.8912
22,"pathway_PWY-5505: L-glutamate and L-glutamine biosynthesis","pathway",163.7325,68.3186,-95.4139
22,"pathway_PWY-561: superpathway of glyoxylate cycle and fatty acid degradation","pathway",0,0,0
22,"pathway_PWY-5656: mannosylglycerate biosynthesis I","pathway",0,0,0
22,"pathway_PWY-5659: GDP-mannose biosynthesis","pathway",166.9745,72.6411,-94.3334
22,"pathway_PWY-5667: CDP-diacylglycerol biosynthesis I","pathway",678.126,636.353,-41.773
22,"pathway_PWY-5675: nitrate reduction V (assimilatory)","pathway",1.72862,0,-1.72862
22,"pathway_PWY-5676: acetyl-CoA fermentation to butanoate II","pathway",132.0195,139.628,7.60849999999999
22,"pathway_PWY-5677: succinate fermentation to butanoate","pathway",0.938285,0,-0.938285
22,"pathway_PWY-5686: UMP biosynthesis I","pathway",894.4905,1045.47,150.9795
22,"pathway_PWY-5690: TCA cycle II (plants and fungi)","pathway",13.64775,0,-13.64775
22,"pathway_PWY-5695: inosine 5'-phosphate degradation","pathway",476.9235,365.925,-110.9985
22,"pathway_PWY-5723: Rubisco shunt","pathway",0,0,0
22,"pathway_PWY-5837: 2-carboxy-1,4-naphthoquinol biosynthesis","pathway",3.491025,0,-3.491025
22,"pathway_PWY-5838: superpathway of menaquinol-8 biosynthesis I","pathway",9.7514,0,-9.7514
22,"pathway_PWY-5840: superpathway of menaquinol-7 biosynthesis","pathway",9.79175,0,-9.79175
22,"pathway_PWY-5845: superpathway of menaquinol-9 biosynthesis","pathway",8.85175,0,-8.85175
22,"pathway_PWY-5861: superpathway of demethylmenaquinol-8 biosynthesis I","pathway",6.7217,0,-6.7217
22,"pathway_PWY-5862: superpathway of demethylmenaquinol-9 biosynthesis","pathway",6.0825,0,-6.0825
22,"pathway_PWY-5897: superpathway of menaquinol-11 biosynthesis","pathway",9.50225,0,-9.50225
22,"pathway_PWY-5898: superpathway of menaquinol-12 biosynthesis","pathway",9.50225,0,-9.50225
22,"pathway_PWY-5899: superpathway of menaquinol-13 biosynthesis","pathway",9.50225,0,-9.50225
22,"pathway_PWY-5910: superpathway of geranylgeranyldiphosphate biosynthesis I (via mevalonate)","pathway",12.67355,0,-12.67355
22,"pathway_PWY-5913: partial TCA cycle (obligate autotrophs)","pathway",41.68665,43.7401,2.05345
22,"pathway_PWY-5918: superpathway of heme b biosynthesis from glutamate","pathway",4.017165,0,-4.017165
22,"pathway_PWY-5920: superpathway of heme b biosynthesis from glycine","pathway",0,0,0
22,"pathway_PWY-5941: glycogen degradation II","pathway",1075.0955,1353.28,278.1845
22,"pathway_PWY-5971: palmitate biosynthesis (type II fatty acid synthase)","pathway",69.2798,38.1589,-31.1209
22,"pathway_PWY-5973: cis-vaccenate biosynthesis","pathway",243.825,78.0906,-165.7344
22,"pathway_PWY-5981: CDP-diacylglycerol biosynthesis III","pathway",78.6035,0,-78.6035
22,"pathway_PWY-5989: stearate biosynthesis II (bacteria and plants)","pathway",51.4852,48.3744,-3.1108
22,"pathway_PWY-5994: palmitate biosynthesis (type I fatty acid synthase)","pathway",4.170625,0,-4.170625
22,"pathway_PWY-6121: 5-aminoimidazole ribonucleotide biosynthesis I","pathway",781.9075,971.505,189.5975
22,"pathway_PWY-6122: 5-aminoimidazole ribonucleotide biosynthesis II","pathway",784.793,982.532,197.739
22,"pathway_PWY-6123: inosine-5'-phosphate biosynthesis I","pathway",596.479,572.579,-23.9000000000001
22,"pathway_PWY-6124: inosine-5'-phosphate biosynthesis II","pathway",577.8505,533.335,-44.5155
22,"pathway_PWY-6125: superpathway of guanosine nucleotides de novo biosynthesis II","pathway",125.4425,126.358,0.915500000000009
22,"pathway_PWY-6126: superpathway of adenosine nucleotides de novo biosynthesis II","pathway",179.6035,173.291,-6.3125
22,"pathway_PWY-6147: 6-hydroxymethyl-dihydropterin diphosphate biosynthesis I","pathway",119.4988,15.5274,-103.9714
22,"pathway_PWY-6151: S-adenosyl-L-methionine salvage I","pathway",642.868,820.407,177.539
22,"pathway_PWY-6163: chorismate biosynthesis from 3-dehydroquinate","pathway",884.785,1051.18,166.395
22,"pathway_PWY-6168: flavin biosynthesis III (fungi)","pathway",0,0,0
22,"pathway_PWY-621: sucrose degradation III (sucrose invertase)","pathway",150.609,78.4302,-72.1788
22,"pathway_PWY-622: starch biosynthesis","pathway",34.1371,0,-34.1371
22,"pathway_PWY-6270: isoprene biosynthesis I","pathway",546.1015,560.154,14.0525
22,"pathway_PWY-6277: superpathway of 5-aminoimidazole ribonucleotide biosynthesis","pathway",784.793,982.532,197.739
22,"pathway_PWY-6282: palmitoleate biosynthesis I (from (5Z)-dodec-5-enoate)","pathway",50.6025,32.1673,-18.4352
22,"pathway_PWY-6284: superpathway of unsaturated fatty acids biosynthesis (E. coli)","pathway",41.1381,35.578,-5.5601
22,"pathway_PWY-6292: superpathway of L-cysteine biosynthesis (mammalian)","pathway",139.8285,99.2161,-40.6124
22,"pathway_PWY-6293: superpathway of L-cysteine biosynthesis (fungi)","pathway",0,0,0
22,"pathway_PWY-6305: superpathway of putrescine biosynthesis","pathway",64.58505,30.7975,-33.78755
22,"pathway_PWY-6317: D-galactose degradation I (Leloir pathway)","pathway",578.352,619.651,41.299
22,"pathway_PWY-6353: purine nucleotides degradation II (aerobic)","pathway",206.0285,244.777,38.7485
22,"pathway_PWY-6385: peptidoglycan biosynthesis III (mycobacteria)","pathway",772.039,840.947,68.908
22,"pathway_PWY-6386: UDP-N-acetylmuramoyl-pentapeptide biosynthesis II (lysine-containing)","pathway",843.93,1019.09,175.16
22,"pathway_PWY-6387: UDP-N-acetylmuramoyl-pentapeptide biosynthesis I (meso-diaminopimelate containing)","pathway",810.3475,955.032,144.6845
22,"pathway_PWY-6435: 4-hydroxybenzoate biosynthesis III (plants)","pathway",0,0,0
22,"pathway_PWY-6470: peptidoglycan biosynthesis V (&beta;-lactam resistance)","pathway",160.921,172.481,11.56
22,"pathway_PWY-6507: 4-deoxy-L-threo-hex-4-enopyranuronate degradation","pathway",94.49405,13.6748,-80.81925
22,"pathway_PWY-6519: 8-amino-7-oxononanoate biosynthesis I","pathway",55.70075,28.8342,-26.86655
22,"pathway_PWY-6527: stachyose degradation","pathway",489.107,489.837,0.730000000000018
22,"pathway_PWY-6531: mannitol cycle","pathway",8.672505,0,-8.672505
22,"pathway_PWY-6545: pyrimidine deoxyribonucleotides de novo biosynthesis III","pathway",16.7309,0,-16.7309
22,"pathway_PWY-6549: L-glutamine biosynthesis III","pathway",70.99815,86.9651,15.96695
22,"pathway_PWY-6572: chondroitin sulfate degradation I (bacterial)","pathway",1.540515,0,-1.540515
22,"pathway_PWY-6588: pyruvate fermentation to acetone","pathway",17.588165,41.6834,24.095235
22,"pathway_PWY-6590: superpathway of Clostridium acetobutylicum acidogenic fermentation","pathway",88.3034,88.5516,0.248199999999983
22,"pathway_PWY-6595: superpathway of guanosine nucleotides degradation (plants)","pathway",14.8503,26.9687,12.1184
22,"pathway_PWY-6606: guanosine nucleotides degradation II","pathway",113.6515,170.095,56.4435
22,"pathway_PWY-6607: guanosine nucleotides degradation I","pathway",15.0343,26.7872,11.7529
22,"pathway_PWY-6608: guanosine nucleotides degradation III","pathway",178.6965,276.79,98.0935
22,"pathway_PWY-6609: adenine and adenosine salvage III","pathway",817.089,681.862,-135.227
22,"pathway_PWY-6612: superpathway of tetrahydrofolate biosynthesis","pathway",52.6663,41.3148,-11.3515
22,"pathway_PWY-6628: superpathway of L-phenylalanine biosynthesis","pathway",245.3665,144.076,-101.2905
22,"pathway_PWY-6629: superpathway of L-tryptophan biosynthesis","pathway",666.584,797.192,130.608
22,"pathway_PWY-6630: superpathway of L-tyrosine biosynthesis","pathway",155.0377,52.0955,-102.9422
22,"pathway_PWY-6700: queuosine biosynthesis I (de novo)","pathway",597.5125,629.692,32.1795
22,"pathway_PWY-6703: preQ0 biosynthesis","pathway",232.93,128.555,-104.375
22,"pathway_PWY-6731: starch degradation III","pathway",240.7855,222.74,-18.0455
22,"pathway_PWY-6803: phosphatidylcholine acyl editing","pathway",0.718065,0,-0.718065
22,"pathway_PWY-6807: xyloglucan degradation II (exoglucanase)","pathway",2.55651,0,-2.55651
22,"pathway_PWY-6823: molybdopterin biosynthesis","pathway",512.4215,524.786,12.3644999999999
22,"pathway_PWY-6859: all-trans-farnesol biosynthesis","pathway",30.73685,0,-30.73685
22,"pathway_PWY-6876: isopropanol biosynthesis (engineered)","pathway",0.703965,0,-0.703965
22,"pathway_PWY-6892: thiazole component of thiamine diphosphate biosynthesis I","pathway",362.026,464.227,102.201
22,"pathway_PWY-6895: superpathway of thiamine diphosphate biosynthesis II","pathway",218.919,52.2493,-166.6697
22,"pathway_PWY-6897: thiamine diphosphate salvage II","pathway",391.656,387.175,-4.48099999999999
22,"pathway_PWY-6901: superpathway of glucose and xylose degradation","pathway",229.9515,57.4137,-172.5378
22,"pathway_PWY-6902: chitin degradation II (Vibrio)","pathway",163.725,22.949,-140.776
22,"pathway_PWY-6906: chitin derivatives degradation","pathway",6.45249,9.56641,3.11392
22,"pathway_PWY-6920: 6-gingerol analog biosynthesis (engineered)","pathway",0,0,0
22,"pathway_PWY-6922: L-N&delta;-acetylornithine biosynthesis","pathway",2.156245,0,-2.156245
22,"pathway_PWY-6936: seleno-amino acid biosynthesis (plants)","pathway",261.9765,323.196,61.2195
22,"pathway_PWY-6961: L-ascorbate degradation II (bacterial, aerobic)","pathway",16.166555,0,-16.166555
22,"pathway_PWY-6969: TCA cycle V (2-oxoglutarate synthase)","pathway",68.2985,28.4404,-39.8581
22,"pathway_PWY-6992: 1,5-anhydrofructose degradation","pathway",0,0,0
22,"pathway_PWY-7013: (S)-propane-1,2-diol degradation","pathway",19.42145,100.315,80.89355
22,"pathway_PWY-702: L-methionine biosynthesis II","pathway",144.91915,115.401,-29.51815
22,"pathway_PWY-7111: pyruvate fermentation to isobutanol (engineered)","pathway",714.8965,971.891,256.9945
22,"pathway_PWY-7115: C4 photosynthetic carbon assimilation cycle, NAD-ME type","pathway",82.8365,68.4353,-14.4012
22,"pathway_PWY-7117: C4 photosynthetic carbon assimilation cycle, PEPCK type","pathway",81.0244,47.6691,-33.3553
22,"pathway_PWY-7118: chitin deacetylation","pathway",0,0,0
22,"pathway_PWY-7184: pyrimidine deoxyribonucleotides de novo biosynthesis I","pathway",16.75905,0,-16.75905
22,"pathway_PWY-7185: UTP and CTP dephosphorylation I","pathway",12.41286,0,-12.41286
22,"pathway_PWY-7196: superpathway of pyrimidine ribonucleosides salvage","pathway",0,0,0
22,"pathway_PWY-7197: pyrimidine deoxyribonucleotide phosphorylation","pathway",73.3878,83.4745,10.0867
22,"pathway_PWY-7198: pyrimidine deoxyribonucleotides de novo biosynthesis IV","pathway",33.5567,61.3746,27.8179
22,"pathway_PWY-7199: pyrimidine deoxyribonucleosides salvage","pathway",457.704,250.137,-207.567
22,"pathway_PWY-7204: pyridoxal 5'-phosphate salvage II (plants)","pathway",0,0,0
22,"pathway_PWY-7208: superpathway of pyrimidine nucleobases salvage","pathway",112.3705,126.735,14.3645
22,"pathway_PWY-7209: superpathway of pyrimidine ribonucleosides degradation","pathway",7.835665,0,-7.835665
22,"pathway_PWY-7210: pyrimidine deoxyribonucleotides biosynthesis from CTP","pathway",17.96415,0,-17.96415
22,"pathway_PWY-7211: superpathway of pyrimidine deoxyribonucleotides de novo biosynthesis","pathway",28.6826,0,-28.6826
22,"pathway_PWY-7220: adenosine deoxyribonucleotides de novo biosynthesis II","pathway",84.72715,80.6232,-4.10395
22,"pathway_PWY-7221: guanosine ribonucleotides de novo biosynthesis","pathway",748.286,849.682,101.396
22,"pathway_PWY-7222: guanosine deoxyribonucleotides de novo biosynthesis II","pathway",84.72715,80.6232,-4.10395
22,"pathway_PWY-7228: superpathway of guanosine nucleotides de novo biosynthesis I","pathway",152.8675,148.279,-4.58850000000001
22,"pathway_PWY-7229: superpathway of adenosine nucleotides de novo biosynthesis I","pathway",267.6125,235.659,-31.9535
22,"pathway_PWY-7234: inosine-5'-phosphate biosynthesis III","pathway",250.63,61.6748,-188.9552
22,"pathway_PWY-7237: myo-, chiro- and scyllo-inositol degradation","pathway",356.795,423.806,67.011
22,"pathway_PWY-7238: sucrose biosynthesis II","pathway",1211.265,1592.04,380.775
22,"pathway_PWY-7242: D-fructuronate degradation","pathway",148.3865,18.1912,-130.1953
22,"pathway_PWY-724: superpathway of L-lysine, L-threonine and L-methionine biosynthesis II","pathway",615.0675,692.291,77.2235000000001
22,"pathway_PWY-7254: TCA cycle VII (acetate-producers)","pathway",0,0,0
22,"pathway_PWY-7282: 4-amino-2-methyl-5-diphosphomethylpyrimidine biosynthesis II","pathway",199.0655,43.0047,-156.0608
22,"pathway_PWY-7312: dTDP-&beta;-D-fucofuranose biosynthesis","pathway",0.843455,0,-0.843455
22,"pathway_PWY-7315: dTDP-N-acetylthomosamine biosynthesis","pathway",79.6632,82.3551,2.6919
22,"pathway_PWY-7323: superpathway of GDP-mannose-derived O-antigen building blocks biosynthesis","pathway",83.3771,18.1746,-65.2025
22,"pathway_PWY-7328: superpathway of UDP-glucose-derived O-antigen building blocks biosynthesis","pathway",139.4537,222.314,82.8603
22,"pathway_PWY-7345: superpathway of anaerobic sucrose degradation","pathway",92.28285,70.3088,-21.97405
22,"pathway_PWY-7356: thiamine diphosphate salvage IV (yeast)","pathway",123.944,54.6948,-69.2492
22,"pathway_PWY-7357: thiamine phosphate formation from pyrithiamine and oxythiamine (yeast)","pathway",585.484,747.441,161.957
22,"pathway_PWY-7371: 1,4-dihydroxy-6-naphthoate biosynthesis II","pathway",10.106405,0,-10.106405
22,"pathway_PWY-7383: anaerobic energy metabolism (invertebrates, cytosol)","pathway",110.32195,119.221,8.89905000000002
22,"pathway_PWY-7385: 1,3-propanediol biosynthesis (engineered)","pathway",0,0,0
22,"pathway_PWY-7388: octanoyl-[acyl-carrier protein] biosynthesis (mitochondria, yeast)","pathway",0,0,0
22,"pathway_PWY-7392: taxadiene biosynthesis (engineered)","pathway",68.62535,0,-68.62535
22,"pathway_PWY-7400: L-arginine biosynthesis IV (archaebacteria)","pathway",484.6255,618.734,134.1085
22,"pathway_PWY-7456: &beta;-(1,4)-mannan degradation","pathway",48.47545,44.6799,-3.79555
22,"pathway_PWY-7560: methylerythritol phosphate pathway II","pathway",539.819,537.288,-2.53099999999995
22,"pathway_PWY-7663: gondoate biosynthesis (anaerobic)","pathway",208.0505,63.0939,-144.9566
22,"pathway_PWY-7664: oleate biosynthesis IV (anaerobic)","pathway",57.43785,31.8031,-25.63475
22,"pathway_PWY-7688: dTDP-&alpha;-D-ravidosamine and dTDP-4-acetyl-&alpha;-D-ravidosamine biosynthesis","pathway",1.275915,0,-1.275915
22,"pathway_PWY-7761: NAD salvage pathway II (PNC IV cycle)","pathway",188.477,113.141,-75.336
22,"pathway_PWY-7790: UMP biosynthesis II","pathway",894.4905,1045.47,150.9795
22,"pathway_PWY-7791: UMP biosynthesis III","pathway",894.4905,1045.47,150.9795
22,"pathway_PWY-7851: coenzyme A biosynthesis II (eukaryotic)","pathway",549.256,575.575,26.3190000000001
22,"pathway_PWY-7883: anhydromuropeptides recycling II","pathway",12.19285,0,-12.19285
22,"pathway_PWY-7942: 5-oxo-L-proline metabolism","pathway",0,0,0
22,"pathway_PWY-7953: UDP-N-acetylmuramoyl-pentapeptide biosynthesis III (meso-diaminopimelate containing)","pathway",789.9615,835.532,45.5705000000002
22,"pathway_PWY-7977: L-methionine biosynthesis IV","pathway",639.545,618.798,-20.7470000000001
22,"pathway_PWY-7992: superpathway of menaquinol-8 biosynthesis III","pathway",23.2747,0,-23.2747
22,"pathway_PWY-8004: Entner-Doudoroff pathway I","pathway",109.6055,21.3179,-88.2876
22,"pathway_PWY-801: homocysteine and cysteine interconversion","pathway",0,0,0
22,"pathway_PWY-8073: lipid IVA biosynthesis (P. putida)","pathway",51.812075,7.41456,-44.397515
22,"pathway_PWY-8131: 5'-deoxyadenosine degradation II","pathway",21.99005,31.8247,9.83465
22,"pathway_PWY-8178: pentose phosphate pathway (non-oxidative branch) II","pathway",761.0005,775.652,14.6515000000001
22,"pathway_PWY-8187: L-arginine degradation XIII (reductive Stickland reaction)","pathway",176.642,450.781,274.139
22,"pathway_PWY-8188: L-alanine degradation VI (reductive Stickland reaction)","pathway",24.54015,0,-24.54015
22,"pathway_PWY-8189: L-alanine degradation V (oxidative Stickland reaction)","pathway",24.54015,0,-24.54015
22,"pathway_PWY-821: superpathway of sulfur amino acid biosynthesis (Saccharomyces cerevisiae)","pathway",0,0,0
22,"pathway_PWY-822: fructan biosynthesis","pathway",14.69605,0,-14.69605
22,"pathway_PWY-841: superpathway of purine nucleotides de novo biosynthesis I","pathway",230.448,226.375,-4.07300000000001
22,"pathway_PWY-922: mevalonate pathway I (eukaryotes and bacteria)","pathway",12.6124,0,-12.6124
22,"pathway_PWY-I9: L-cysteine biosynthesis VI (from L-methionine)","pathway",186.7185,128.453,-58.2655
22,"pathway_PWY0-1061: superpathway of L-alanine biosynthesis","pathway",223.0915,249.903,26.8115
22,"pathway_PWY0-1241: ADP-L-glycero-&beta;-D-manno-heptose biosynthesis","pathway",18.16375,0,-18.16375
22,"pathway_PWY0-1261: anhydromuropeptides recycling I","pathway",82.4871,37.8182,-44.6689
22,"pathway_PWY0-1296: purine ribonucleosides degradation","pathway",766.969,649.495,-117.474
22,"pathway_PWY0-1297: superpathway of purine deoxyribonucleosides degradation","pathway",196.1055,155.929,-40.1765
22,"pathway_PWY0-1298: superpathway of pyrimidine deoxyribonucleosides degradation","pathway",29.09665,41.0327,11.93605
22,"pathway_PWY0-1319: CDP-diacylglycerol biosynthesis II","pathway",678.126,636.353,-41.773
22,"pathway_PWY0-1415: superpathway of heme b biosynthesis from uroporphyrinogen-III","pathway",0,0,0
22,"pathway_PWY0-1477: ethanolamine utilization","pathway",48.6358,47.9112,-0.724600000000002
22,"pathway_PWY0-1479: tRNA processing","pathway",33.6427,89.9368,56.2941
22,"pathway_PWY0-1586: peptidoglycan maturation (meso-diaminopimelate containing)","pathway",459.344,357.904,-101.44
22,"pathway_PWY0-162: superpathway of pyrimidine ribonucleotides de novo biosynthesis","pathway",132.813,123.821,-8.99199999999999
22,"pathway_PWY0-166: superpathway of pyrimidine deoxyribonucleotides de novo biosynthesis (E. coli)","pathway",6.13235,0,-6.13235
22,"pathway_PWY0-301: L-ascorbate degradation I (bacterial, anaerobic)","pathway",14.175255,0,-14.175255
22,"pathway_PWY0-42: 2-methylcitrate cycle I","pathway",0,0,0
22,"pathway_PWY0-781: aspartate superpathway","pathway",35.5661,0,-35.5661
22,"pathway_PWY0-845: superpathway of pyridoxal 5'-phosphate biosynthesis and salvage","pathway",111.0149,15.0565,-95.9584
22,"pathway_PWY0-862: (5Z)-dodecenoate biosynthesis I","pathway",52.10895,29.33,-22.77895
22,"pathway_PWY1ZNC-1: assimilatory sulfate reduction IV","pathway",27.49135,34.541,7.04965
22,"pathway_PWY3O-4107: NAD salvage pathway V (PNC V cycle)","pathway",50.70477,0,-50.70477
22,"pathway_PWY490-3: nitrate reduction VI (assimilatory)","pathway",0.7118,0,-0.7118
22,"pathway_PWY4FS-7: phosphatidylglycerol biosynthesis I (plastidic)","pathway",163.9395,59.9344,-104.0051
22,"pathway_PWY4FS-8: phosphatidylglycerol biosynthesis II (non-plastidic)","pathway",163.9395,59.9344,-104.0051
22,"pathway_PWY4LZ-257: superpathway of fermentation (Chlamydomonas reinhardtii)","pathway",21.0796,47.9947,26.9151
22,"pathway_PWY66-389: phytol degradation","pathway",0,0,0
22,"pathway_PWY66-391: fatty acid &beta;-oxidation VI (mammalian peroxisome)","pathway",3.629195,0,-3.629195
22,"pathway_PWY66-399: gluconeogenesis III","pathway",125.4763,94.174,-31.3023
22,"pathway_PWY66-409: superpathway of purine nucleotide salvage","pathway",198.0915,201.202,3.1105
22,"pathway_PWY66-429: fatty acid biosynthesis initiation (mitochondria)","pathway",735.374,965.364,229.99
22,"pathway_PWY66-430: myristate biosynthesis (mitochondria)","pathway",0,0,0
22,"pathway_PYRIDNUCSAL-PWY: NAD salvage pathway I (PNC VI cycle)","pathway",61.3519,0,-61.3519
22,"pathway_PYRIDNUCSYN-PWY: NAD de novo biosynthesis I (from aspartate)","pathway",381.1625,393.022,11.8595
22,"pathway_PYRIDOXSYN-PWY: pyridoxal 5'-phosphate biosynthesis I","pathway",90.23465,10.396,-79.83865
22,"pathway_REDCITCYC: TCA cycle VI (Helicobacter)","pathway",0,0,0
22,"pathway_RHAMCAT-PWY: L-rhamnose degradation I","pathway",171.901,124.529,-47.372
22,"pathway_RIBOSYN2-PWY: flavin biosynthesis I (bacteria and plants)","pathway",433.517,438.641,5.12399999999997
22,"pathway_RUMP-PWY: formaldehyde oxidation I","pathway",1.14741,15.1904,14.04299
22,"pathway_SALVADEHYPOX-PWY: adenosine nucleotides degradation II","pathway",161.374,177.64,16.266
22,"pathway_SER-GLYSYN-PWY: superpathway of L-serine and glycine biosynthesis I","pathway",456.2615,731.118,274.8565
22,"pathway_SO4ASSIM-PWY: assimilatory sulfate reduction I","pathway",1.1362585,0,-1.1362585
22,"pathway_SULFATE-CYS-PWY: superpathway of sulfate assimilation and cysteine biosynthesis","pathway",2.548095,0,-2.548095
22,"pathway_TCA-GLYOX-BYPASS: superpathway of glyoxylate bypass and TCA","pathway",0,0,0
22,"pathway_TCA: TCA cycle I (prokaryotic)","pathway",0,0,0
22,"pathway_THISYN-PWY: superpathway of thiamine diphosphate biosynthesis I","pathway",289.104,86.5516,-202.5524
22,"pathway_THISYNARA-PWY: superpathway of thiamine diphosphate biosynthesis III (eukaryotes)","pathway",377.6045,362.491,-15.1135
22,"pathway_THRESYN-PWY: superpathway of L-threonine biosynthesis","pathway",517.314,476.381,-40.933
22,"pathway_TRNA-CHARGING-PWY: tRNA charging","pathway",848.275,989.764,141.489
22,"pathway_TRPSYN-PWY: L-tryptophan biosynthesis","pathway",536.6525,610.15,73.4975000000001
22,"pathway_UDPNAGSYN-PWY: UDP-N-acetyl-D-glucosamine biosynthesis I","pathway",216.4195,302.825,86.4055
22,"pathway_VALSYN-PWY: L-valine biosynthesis","pathway",947.554,1373.65,426.096
