q,site1,site2,TD_gamma,TD_alpha,TD_beta,local_similarity,region_similarity
2,Nottingham_11A_S19,Nottingham_11B_S20,1.74975965521847,1.74923691080456,1.00029884140375,0.999402495751518,0.999701158596255
2,Nottingham_11A_S19,Nottingham_11C_S21,1.78543234064399,1.78527037953292,1.00009072077425,0.999818574910532,0.999909279225754
2,Nottingham_11B_S20,Nottingham_11C_S21,1.7702889531209,1.7690625218501,1.00069326621058,0.998614428148992,0.999306733789423
2,Nottingham_11A_S19,Nottingham_14A_S22,1.75142017952182,1.75137741992375,1.00002441483919,0.999951171513762,0.999975585160811
2,Nottingham_11B_S20,Nottingham_14A_S22,1.73610626059369,1.73577643676881,1.00019001515281,0.999620041892173,0.999809984847187
2,Nottingham_11C_S21,Nottingham_14A_S22,1.7716134883565,1.77125185676855,1.00020416723153,0.999591748888432,0.999795832768466
2,Nottingham_11A_S19,Nottingham_15A_S23,1.78641918713108,1.78606761883961,1.00019683929532,0.999606398885535,0.999803160704684
2,Nottingham_11B_S20,Nottingham_15A_S23,1.77156559130244,1.76984534796846,1.00097197381452,0.998057940002423,0.999028026185479
2,Nottingham_11C_S21,Nottingham_15A_S23,1.80678995120357,1.806741821114,1.00002663916283,0.999946723093587,0.999973360837167
2,Nottingham_14A_S22,Nottingham_15A_S23,1.77264281680615,1.77203662211652,1.00034208925598,0.999316055458129,0.999657910744025
2,Nottingham_11A_S19,Nottingham_15B_S24,1.78322921040903,1.78279093409031,1.00024583719288,0.999508446456391,0.999754162807124
2,Nottingham_11B_S20,Nottingham_15B_S24,1.7685449852492,1.76662786141872,1.00108518826877,0.997831976176489,0.998914811731235
2,Nottingham_11C_S21,Nottingham_15B_S24,1.80348568836215,1.8033889115591,1.0000536638561,0.999892678047104,0.999946336143897
2,Nottingham_14A_S22,Nottingham_15B_S24,1.76951206692175,1.76881117065027,1.00039625273919,0.999207808429698,0.999603747260809
2,Nottingham_15A_S23,Nottingham_15B_S24,1.80421341019145,1.80420241887383,1.00000609206456,0.999987815945099,0.999993907935437
2,Nottingham_11A_S19,Nottingham_15C_S25,1.78981250555602,1.78892377867397,1.00049679415783,0.999006905048109,0.99950320584217
2,Nottingham_11B_S20,Nottingham_15C_S25,1.77542390076803,1.77264981954802,1.00156493470364,0.996875020980844,0.998435065296364
2,Nottingham_11C_S21,Nottingham_15C_S25,1.81000464965003,1.8096645393385,1.00018794108197,0.999624188466483,0.999812058918028
2,Nottingham_14A_S22,Nottingham_15C_S25,1.77608767775888,1.77484804803412,1.00069844273493,0.998604089493689,0.999301557265069
2,Nottingham_15A_S23,Nottingham_15C_S25,1.81061731376698,1.81048371965202,1.00007378918325,0.999852432522379,0.999926210816748
2,Nottingham_15B_S24,Nottingham_15C_S25,1.807196938817,1.80711692039846,1.0000442796023,0.999911444716593,0.9999557203977
2,Nottingham_11A_S19,Nottingham_16A_S26,1.78878890045416,1.78840385212527,1.00021530278434,0.999569487121942,0.999784697215661
2,Nottingham_11B_S20,Nottingham_16A_S26,1.77392819631756,1.77213930823529,1.00100945116107,0.997983133605989,0.998990548838933
2,Nottingham_11C_S21,Nottingham_16A_S26,1.80919041841067,1.80913248864956,1.00003202074004,0.999935960570514,0.999967979259962
2,Nottingham_14A_S22,Nottingham_16A_S26,1.77498971684284,1.77433626996885,1.00036827679457,0.999263717566598,0.999631723205432
2,Nottingham_15A_S23,Nottingham_16A_S26,1.80995389433811,1.80995118723848,1.00000149567549,0.999997008653484,0.999998504324505
2,Nottingham_15B_S24,Nottingham_16A_S26,1.80659853104916,1.80658636646164,1.0000067334658,0.999986533159073,0.999993266534197
2,Nottingham_15C_S25,Nottingham_16A_S26,1.81300707013551,1.81288430652609,1.0000677172884,0.999864574593836,0.999932282711598
2,Nottingham_11A_S19,Nottingham_16B_S27,1.81583045743325,1.81493894932873,1.00049120556085,0.999018071207175,0.999508794439146
2,Nottingham_11B_S20,Nottingham_16B_S27,1.80085730873858,1.7981904407992,1.00148308426008,0.997038224043144,0.99851691573992
2,Nottingham_11C_S21,Nottingham_16B_S27,1.83658849795513,1.83629093543006,1.00016204541412,0.999675961680692,0.999837954585884
2,Nottingham_14A_S22,Nottingham_16B_S27,1.8017599067156,1.80045251089678,1.00072614846041,0.998548756897134,0.999273851539595
2,Nottingham_15A_S23,Nottingham_16B_S27,1.83729674357248,1.83713440462769,1.00008836530653,0.999823285002424,0.999911634693475
2,Nottingham_15B_S24,Nottingham_16B_S27,1.83383504382908,1.83366785080838,1.00009117955612,0.999817657513676,0.999908820443885
2,Nottingham_15C_S25,Nottingham_16B_S27,1.8402959131615,1.84015636268185,1.00007583620745,0.999848339086495,0.999924163792553
2,Nottingham_16A_S26,Nottingham_16B_S27,1.83974121785951,1.83960623416112,1.00007337640843,0.999853257950548,0.999926623591572
2,Nottingham_11A_S19,Nottingham_16C_S28,1.74108592221325,1.74064479214873,1.00025342911231,0.999493270195459,0.999746570887687
2,Nottingham_11B_S20,Nottingham_16C_S28,1.72525603505417,1.72523359083008,1.00001300938273,0.99997398157302,0.999986990617268
2,Nottingham_11C_S21,Nottingham_16C_S28,1.76140211406364,1.76027502490365,1.00064029151357,0.998720236394644,0.999359708486434
2,Nottingham_14A_S22,Nottingham_16C_S28,1.72755680741289,1.72731572319562,1.00013957159888,0.999720895757258,0.999860428401116
2,Nottingham_15A_S23,Nottingham_16C_S28,1.76262665520583,1.76105009154073,1.00089524067071,0.998211120136593,0.999104759329292
2,Nottingham_15B_S24,Nottingham_16C_S28,1.75961029171212,1.75786447538723,1.0009931461437,0.998015678433902,0.999006853856296
2,Nottingham_15C_S25,Nottingham_16C_S28,1.76638661754261,1.76382673683986,1.0014513220881,0.997101562390327,0.998548677911901
2,Nottingham_16A_S26,Nottingham_16C_S28,1.76496660386994,1.76332129413306,1.0009330742743,0.9981355910834,0.999066925725701
2,Nottingham_16B_S27,Nottingham_16C_S28,1.79166165688201,1.78911192875699,1.00142513617177,0.997153783901972,0.998574863828229
2,Nottingham_11A_S19,Nottingham_18A_S29,1.70255791458484,1.69903404530005,1.00207404277421,0.995860499951739,0.997925957225787
2,Nottingham_11B_S20,Nottingham_18A_S29,1.6857277287366,1.68434774936392,1.00081929599941,0.998362749394045,0.999180704000587
2,Nottingham_11C_S21,Nottingham_18A_S29,1.72290113956899,1.71773191952654,1.00300932874548,0.993999400286257,0.996990671254524
2,Nottingham_14A_S22,Nottingham_18A_S29,1.68921297188062,1.68633230657913,1.00170824296626,0.996589340302924,0.998291757033743
2,Nottingham_15A_S23,Nottingham_18A_S29,1.72456733463905,1.71846996672997,1.00354813760329,0.992928814333189,0.996451862396713
2,Nottingham_15B_S24,Nottingham_18A_S29,1.72185699822906,1.71543640445528,1.00374283404334,0.992542245052426,0.996257165956661
2,Nottingham_15C_S25,Nottingham_18A_S29,1.72901621251045,1.72111386245643,1.00459141619064,0.990859137124526,0.995408583809361
2,Nottingham_16A_S26,Nottingham_18A_S29,1.72686704813301,1.72063259963794,1.00362334672514,0.99277946903694,0.99637665327486
2,Nottingham_16B_S27,Nottingham_18A_S29,1.75304719054758,1.74518091347478,1.00450742786153,0.991025595756674,0.995492572138474
2,Nottingham_16C_S28,Nottingham_18A_S29,1.67785309557573,1.67637981657748,1.00087884558361,0.998243852215502,0.999121154416389
2,Nottingham_11A_S19,Nottingham_18B_S30,1.73511401676236,1.73420023080519,1.00052692067556,0.998946713647236,0.99947307932444
2,Nottingham_11B_S20,Nottingham_18B_S30,1.71896975813705,1.71890243360032,1.00003916716587,0.999921668736273,0.99996083283413
2,Nottingham_11C_S21,Nottingham_18B_S30,1.75550615197611,1.75368456119322,1.00103872202744,0.99792471159291,0.998961277972564
2,Nottingham_14A_S22,Nottingham_18B_S30,1.72158596868321,1.72096930308669,1.0003583245764,0.999283607548221,0.999641675423599
2,Nottingham_15A_S23,Nottingham_18B_S30,1.75684830572957,1.75445383373293,1.00136479624063,0.997274127778897,0.998635203759369
2,Nottingham_15B_S24,Nottingham_18B_S30,1.75390186080477,1.75129201579849,1.0014902397674,0.997023955485082,0.998509760232598
2,Nottingham_15C_S25,Nottingham_18B_S30,1.7607981818171,1.75720970109088,1.00204214711767,0.995924029496076,0.99795785288233
2,Nottingham_16A_S26,Nottingham_18B_S30,1.75918800366066,1.75670804309063,1.00141170900867,0.997180562208397,0.998588290991334
2,Nottingham_16B_S27,Nottingham_18B_S30,1.78584209190659,1.78230418336309,1.00198501949135,0.996037826009891,0.998014980508646
2,Nottingham_16C_S28,Nottingham_18B_S30,1.71069480063612,1.71060502555572,1.00005248147822,0.999895042551875,0.999947518521777
2,Nottingham_18A_S29,Nottingham_18B_S30,1.67125718319638,1.67040152259409,1.00051224845686,0.998976027614555,0.99948775154314
2,Nottingham_11A_S19,Nottingham_18C_S31,1.73342185792118,1.73225804458242,1.00067184755897,0.998657207034237,0.99932815244103
2,Nottingham_11B_S20,Nottingham_18C_S31,1.71713162326694,1.71699434238062,1.00007995418676,0.999840104410804,0.999920045813241
2,Nottingham_11C_S21,Nottingham_18C_S31,1.75386170911033,1.75169851254505,1.00123491374217,0.997533218777699,0.998765086257834
2,Nottingham_14A_S22,Nottingham_18C_S31,1.71988319696209,1.71905662294755,1.00048083001078,0.999038802151214,0.999519169989221
2,Nottingham_15A_S23,Nottingham_18C_S31,1.75525683365703,1.75246604328702,1.00159249326439,0.996820077476415,0.998407506735607
2,Nottingham_15B_S24,Nottingham_18C_S31,1.75233576155299,1.74931137951119,1.00172889862675,0.996548170609586,0.998271101373247
2,Nottingham_15C_S25,Nottingham_18C_S31,1.75929101087724,1.75521566451177,1.00232184935895,0.995367058274876,0.997678150641051
2,Nottingham_16A_S26,Nottingham_18C_S31,1.75759745566136,1.75471514424069,1.00164260930335,0.996720168874412,0.998357390696646
2,Nottingham_16B_S27,Nottingham_18C_S31,1.78425492475658,1.78025282020524,1.00224805404374,0.995513976735255,0.997751945956257
2,Nottingham_16C_S28,Nottingham_18C_S31,1.70889412154939,1.70871530105198,1.00010465201388,0.999790717874028,0.999895347986116
2,Nottingham_18A_S29,Nottingham_18C_S31,1.66925022377392,1.66859953400035,1.0003899616177,0.999220380786179,0.999610038382304
2,Nottingham_18B_S30,Nottingham_18C_S31,1.70252167027138,1.7025045808446,1.00001003781545,0.999979924570616,0.999989962184551
2,Nottingham_11A_S19,Nottingham_19A_S32,1.75619724269754,1.75617245098243,1.00001411690242,0.999971766593738,0.999985883097585
2,Nottingham_11B_S20,Nottingham_19A_S32,1.74084072396894,1.74048630674232,1.00020363114909,0.999592820616233,0.999796368850913
2,Nottingham_11C_S21,Nottingham_19A_S32,1.77646354853997,1.77615648464907,1.00017288110229,0.99965429756084,0.999827118897711
2,Nottingham_14A_S22,Nottingham_19A_S32,1.74261111968567,1.74260544054872,1.00000325899186,0.99999348203752,0.999996741008139
2,Nottingham_15A_S23,Nottingham_19A_S32,1.77748859430758,1.77694560304071,1.00030557562705,0.999389035441787,0.999694424372955
2,Nottingham_15B_S24,Nottingham_19A_S32,1.77434397040724,1.77370227257459,1.00036178441138,0.999276692858493,0.999638215588623
2,Nottingham_15C_S25,Nottingham_19A_S32,1.78093639974598,1.77977263965328,1.0006538813255,0.998693091911796,0.999346118674502
2,Nottingham_16A_S26,Nottingham_19A_S32,1.77984447290234,1.77925801804422,1.0003296064158,0.999341004377581,0.999670393584198
2,Nottingham_16B_S27,Nottingham_19A_S32,1.80671930804193,1.8055204173879,1.00066401390008,0.998672853443595,0.999335986099917
2,Nottingham_16C_S28,Nottingham_19A_S32,1.73225257992007,1.73197972864563,1.00015753722167,0.999684975184797,0.999842462778332
2,Nottingham_18A_S29,Nottingham_19A_S32,1.69378189646692,1.69077733042176,1.00177703236914,0.996452239746538,0.998222967630865
2,Nottingham_18B_S30,Nottingham_19A_S32,1.72626515167142,1.72559905303966,1.00038601008189,0.999228277728805,0.999613989918114
2,Nottingham_18C_S31,Nottingham_19A_S32,1.72456106737311,1.72367607382708,1.0005134337939,0.998973659370171,0.999486566206104
2,Nottingham_11A_S19,Nottingham_20A_S33,1.78617465803561,1.78596045653956,1.00011993630389,0.999760156158207,0.999880063696112
2,Nottingham_11B_S20,Nottingham_20A_S33,1.7711169361511,1.76974012341131,1.00077797452947,0.998445260488806,0.999222025470533
2,Nottingham_11C_S21,Nottingham_20A_S33,1.80663798876245,1.80663216366819,1.00000322428349,0.99999355145381,0.999996775716509
2,Nottingham_14A_S22,Nottingham_20A_S33,1.77236420469103,1.77193113684538,1.00024440444476,0.999511310548354,0.99975559555524
2,Nottingham_15A_S23,Nottingham_20A_S33,1.80747133336448,1.80744860033334,1.000012577415,0.999974845486377,0.999987422584999
2,Nottingham_15B_S24,Nottingham_20A_S33,1.80415340388271,1.80409306945238,1.00003344308082,0.999933116075161,0.999966556919178
2,Nottingham_15C_S25,Nottingham_20A_S33,1.81063852372685,1.81037360753202,1.00014633233369,0.999707378152665,0.999853667666314
2,Nottingham_16A_S26,Nottingham_20A_S33,1.80987053864956,1.80984113988334,1.00001624383797,0.999967512851776,0.99998375616203
2,Nottingham_16B_S27,Nottingham_20A_S33,1.83726155580954,1.83702102700445,1.00013093416001,0.999738165962998,0.999869065839989
2,Nottingham_16C_S28,Nottingham_20A_S33,1.76220877237516,1.76094591018222,1.00071714990542,0.998566728059994,0.999282850094579
2,Nottingham_18A_S29,Nottingham_20A_S33,1.72383162222782,1.71837076228952,1.00317792880217,0.993664276872659,0.996822071197825
2,Nottingham_18B_S30,Nottingham_20A_S33,1.75634854006826,1.75435043134138,1.00113894504267,0.997724701354771,0.998861054957329
2,Nottingham_18C_S31,Nottingham_20A_S33,1.75472055483109,1.75236287506499,1.00134542896317,0.997312757567452,0.998654571036826
2,Nottingham_19A_S32,Nottingham_20A_S33,1.77721340698926,1.77683953253681,1.00021041542897,0.999579257672731,0.999789584571027
2,Nottingham_11A_S19,Nottingham_20B_S34,1.71661446754753,1.71368141075213,1.00171155313759,0.996582742542541,0.998288446862409
2,Nottingham_11B_S20,Nottingham_20B_S34,1.69974301074519,1.69874191559264,1.00058931562432,0.998822062928074,0.999410684375677
2,Nottingham_11C_S21,Nottingham_20B_S34,1.73713472757141,1.73270486805923,1.00255661514771,0.994899808930332,0.997443384852293
2,Nottingham_14A_S22,Nottingham_20B_S34,1.70313071487055,1.70076055748505,1.00139358675451,0.997216705253673,0.99860641324549
2,Nottingham_15A_S23,Nottingham_20B_S34,1.73876868862092,1.73345584082023,1.0030648878821,0.993888953906913,0.996935112117898
2,Nottingham_15B_S24,Nottingham_20B_S34,1.73599941048044,1.73036918716218,1.0032537699816,0.993513565402988,0.996746230018404
2,Nottingham_15C_S25,Nottingham_20B_S34,1.74318161107839,1.7361460857524,1.00405238095096,0.991927949123282,0.995947619049037
2,Nottingham_16A_S26,Nottingham_20B_S34,1.74109404466308,1.73565638071055,1.00313291502452,0.993753738956034,0.996867084975481
2,Nottingham_16B_S27,Nottingham_20B_S34,1.76756364764311,1.76063836761066,1.00393339152426,0.992164038854629,0.996066608475738
2,Nottingham_16C_S28,Nottingham_20B_S34,1.69174531133231,1.69063754317427,1.00065523693266,0.998690384243287,0.999344763067338
2,Nottingham_18A_S29,Nottingham_20B_S34,1.65140448232336,1.65135635769036,1.0000291424881,0.999941716722317,0.999970857511899
2,Nottingham_18B_S30,Nottingham_20B_S34,1.68513639081749,1.6845573095518,1.00034375872071,0.999312718817481,0.99965624127929
2,Nottingham_18C_S31,Nottingham_20B_S34,1.68313022948914,1.68272466646074,1.0002410156792,0.999518084790712,0.999758984320795
2,Nottingham_19A_S32,Nottingham_20B_S34,1.70775696297493,1.70528207190311,1.00145130891399,0.997101588662227,0.998548691086008
2,Nottingham_20A_S33,Nottingham_20B_S34,1.73806110987631,1.73335489866678,1.00271508807178,0.994584527341661,0.997284911928222
2,Nottingham_11A_S19,Nottingham_20C_S35,1.7357609024213,1.7346706307884,1.00062851795237,0.998743753668639,0.999371482047633
2,Nottingham_11B_S20,Nottingham_20C_S35,1.71947618056957,1.71936457005888,1.0000649138133,0.999870180800462,0.999935086186701
2,Nottingham_11C_S21,Nottingham_20C_S35,1.75622616467522,1.75416559223048,1.00117467384713,0.997653408785061,0.998825326152866
2,Nottingham_14A_S22,Nottingham_20C_S35,1.722202486152,1.72143255174185,1.0004472637684,0.999105872374085,0.999552736231597
2,Nottingham_15A_S23,Nottingham_20C_S35,1.75761077869897,1.75493528693953,1.00152455294469,0.996955535557856,0.998475447055313
2,Nottingham_15B_S24,Nottingham_20C_S35,1.75467935054623,1.75177173501383,1.00165981416088,0.996685872513971,0.998340185839119
2,Nottingham_15C_S25,Nottingham_20C_S35,1.76163305646568,1.75769266821121,1.00224179592129,0.995526436972773,0.997758204078712
2,Nottingham_16A_S26,Nottingham_20C_S35,1.75995353849048,1.75719073445217,1.00157228466105,0.996860367074593,0.998427715338952
2,Nottingham_16B_S27,Nottingham_20C_S35,1.78665603750234,1.78280104531227,1.00216232327225,0.995684684562498,0.99783767672775
2,Nottingham_16C_S28,Nottingham_20C_S35,1.71121386476009,1.71106271058033,1.00008833935707,0.999823336892168,0.999911660642931
2,Nottingham_18A_S29,Nottingham_20C_S35,1.67154801215955,1.67083794419576,1.00042497715967,0.99915040673839,0.999575022840329
2,Nottingham_18B_S30,Nottingham_20C_S35,1.70484593497254,1.70483494534527,1.00000644615322,0.999987107776672,0.999993553846783
2,Nottingham_18C_S31,Nottingham_20C_S35,1.7029617432846,1.70295794089028,1.00000223281752,0.999995534374935,0.999997767182482
2,Nottingham_19A_S32,Nottingham_20C_S35,1.726886509689,1.72606479784686,1.00047606083107,0.999048331390019,0.999523939168935
2,Nottingham_20A_S33,Nottingham_20C_S35,1.75708090520876,1.75483182779097,1.00128164840766,0.997439984224828,0.998718351592343
2,Nottingham_20B_S34,Nottingham_20C_S35,1.68545320233611,1.68500116037228,1.00026827397777,0.999463595947717,0.999731726022234
2,Nottingham_11A_S19,Nottingham_21A_S36,1.79902158729166,1.79806894476069,1.00052981423974,0.998940932629499,0.999470185760263
2,Nottingham_11B_S20,Nottingham_21A_S36,1.78450553746056,1.78162893650886,1.00161459038566,0.996776024628316,0.998385409614339
2,Nottingham_11C_S21,Nottingham_21A_S36,1.81937708789896,1.81902354731908,1.00019435734101,0.999611360852859,0.999805642658994
2,Nottingham_14A_S22,Nottingham_21A_S36,1.78518751900517,1.78384950500114,1.00075007112443,0.998500982121173,0.999249928875573
2,Nottingham_15A_S23,Nottingham_21A_S36,1.8200010790757,1.81985122455904,1.00008234437774,0.999835324804601,0.999917655622262
2,Nottingham_15B_S24,Nottingham_21A_S36,1.81655365100849,1.81644952803446,1.00005732225004,0.999885362071216,0.999942677749956
2,Nottingham_15C_S25,Nottingham_21A_S36,1.8228311736492,1.82281654492858,1.00000802533895,0.999983949450903,0.999991974661046
2,Nottingham_16A_S26,Nottingham_21A_S36,1.82240828934344,1.82227673377616,1.00007219296874,0.999855624485421,0.999927807031262
2,Nottingham_16B_S27,Nottingham_21A_S36,1.84991319812775,1.84983425902365,1.00004267360912,0.999914656423684,0.999957326390883
2,Nottingham_16C_S28,Nottingham_21A_S36,1.77540105309025,1.77271646786552,1.0015143906391,0.996975798544166,0.998485609360895
2,Nottingham_18A_S29,Nottingham_21A_S36,1.73771513198656,1.72957722569572,1.00470514190979,0.990633785548571,0.99529485809021
2,Nottingham_18B_S30,Nottingham_21A_S36,1.76976442391732,1.76603269035437,1.00211306029799,0.995782790621718,0.997886939702006
2,Nottingham_18C_S31,Nottingham_21A_S36,1.76823994116472,1.76401859077542,1.00239303055613,0.99522536473583,0.997606969443874
2,Nottingham_19A_S32,Nottingham_21A_S36,1.79007679454233,1.78882424517688,1.00070020817799,0.998600563540882,0.999299791822014
2,Nottingham_20A_S33,Nottingham_21A_S36,1.82001858415212,1.8197399700785,1.00015310653071,0.999693833814615,0.999846893469286
2,Nottingham_20B_S34,Nottingham_21A_S36,1.75198908379175,1.7447583026574,1.00414428813626,0.991745632206,0.995855711863739
2,Nottingham_20C_S35,Nottingham_21A_S36,1.77060195599738,1.76652052030129,1.0023104377499,0.995389776135443,0.997689562250095
2,Nottingham_11A_S19,Nottingham_21B_S37,1.76506770975828,1.76504921609426,1.00001047770445,0.99997904481067,0.999989522295554
2,Nottingham_11B_S20,Nottingham_21B_S37,1.74956194547255,1.74920481177541,1.00020416917146,0.999591745010159,0.999795830828538
2,Nottingham_11C_S21,Nottingham_21B_S37,1.78550186890292,1.78523694444526,1.00014839736455,0.999703249307915,0.999851602635447
2,Nottingham_14A_S22,Nottingham_21B_S37,1.75137322371928,1.75134524228927,1.00001597710681,0.9999680462969,0.999984022893186
2,Nottingham_15A_S23,Nottingham_21B_S37,1.78654610500513,1.78603415388368,1.00028664128305,0.999426881713253,0.999713358716946
2,Nottingham_15B_S24,Nottingham_21B_S37,1.78337981053101,1.78275759180891,1.00034902037437,0.9993022027967,0.99965097962563
2,Nottingham_15C_S25,Nottingham_21B_S37,1.79003594112733,1.78889020660364,1.00064047224333,0.998719875397619,0.999359527756671
2,Nottingham_16A_S26,Nottingham_21B_S37,1.78892021790121,1.78837029956646,1.00030749690647,0.999385195237615,0.999692503093526
2,Nottingham_16B_S27,Nottingham_21B_S37,1.816007960815,1.81490439373384,1.00060805796987,0.998784623079885,0.999391942030131
2,Nottingham_16C_S28,Nottingham_21B_S37,1.74091401177261,1.74061300767824,1.00017292993506,0.999654199929072,0.999827070064944
2,Nottingham_18A_S29,Nottingham_21B_S37,1.70209941732849,1.69900376229124,1.00182204130795,0.996362544977407,0.99817795869205
2,Nottingham_18B_S30,Nottingham_21B_S37,1.73486860548609,1.73416868125445,1.00040360792996,0.999193109807363,0.999596392070042
2,Nottingham_18C_S31,Nottingham_21B_S37,1.733143444363,1.73222656565817,1.00052930645622,0.998941947121785,0.999470693543783
2,Nottingham_19A_S32,Nottingham_21B_S37,1.75615378441498,1.75614009691248,1.00000779408347,0.999984411954558,0.999992205916532
2,Nottingham_20A_S33,Nottingham_21B_S37,1.78626169141048,1.7859269955992,1.00018740733082,0.999625255568219,0.999812592669183
2,Nottingham_20B_S34,Nottingham_21B_S37,1.71618222241629,1.71365060335799,1.00147732510545,0.997049708329057,0.998522674894552
2,Nottingham_20C_S35,Nottingham_21B_S37,1.73548940738983,1.73463906411993,1.00049021337493,0.999020053632966,0.999509786625075
2,Nottingham_21A_S36,Nottingham_21B_S37,1.79924310713658,1.79803502856836,1.00067188822744,0.998657125806482,0.99932811177256
2,Nottingham_11A_S19,Nottingham_21C_S38,1.79851624011234,1.79813903236295,1.00020977674284,0.999580534508417,0.999790223257156
2,Nottingham_11B_S20,Nottingham_21C_S38,1.783402200932,1.78169774830324,1.00095664521684,0.998088538157159,0.999043354783165
2,Nottingham_11C_S21,Nottingham_21C_S38,1.81914339307831,1.81909527806742,1.00002644996745,0.999947101464272,0.999973550032554
2,Nottingham_14A_S22,Nottingham_21C_S38,1.78458144281119,1.78391848843563,1.00037162817688,0.999257019758634,0.99962837182312
2,Nottingham_15A_S23,Nottingham_21C_S38,1.81995251112645,1.8199230206002,1.00001620427123,0.99996759198268,0.999983795728766
2,Nottingham_15B_S24,Nottingham_21C_S38,1.8165880233708,1.81652105591646,1.0000368657738,0.999926271170479,0.999963134226205
2,Nottingham_15C_S25,Nottingham_21C_S38,1.8230966356171,1.82288857513825,1.000114137793,0.999771750465899,0.999885862207
2,Nottingham_16A_S26,Nottingham_21C_S38,1.82237485871577,1.82234872132908,1.00001434269214,0.999971315027135,0.999985657307858
2,Nottingham_16B_S27,Nottingham_21C_S38,1.85002259767414,1.84990844035891,1.000061709711,0.999876588193706,0.999938290288999
2,Nottingham_16C_S28,Nottingham_21C_S38,1.77439155597358,1.77278459291676,1.00090646267079,0.998188716519291,0.999093537329215
2,Nottingham_18A_S29,Nottingham_21C_S38,1.73577322536815,1.72964207536918,1.00354475072403,0.99293554030058,0.996455249275973
2,Nottingham_18B_S30,Nottingham_21C_S38,1.76850722640937,1.76610030265245,1.00136284657972,0.997278016486473,0.998637153420276
2,Nottingham_18C_S31,Nottingham_21C_S38,1.76688162306289,1.76408604893949,1.00158471528364,0.99683558413092,0.998415284716364
2,Nottingham_19A_S32,Nottingham_21C_S38,1.7894782976112,1.78889361391276,1.00032684095571,0.999346531668789,0.999673159044288
2,Nottingham_20A_S33,Nottingham_21C_S38,1.81984273026936,1.81981175734142,1.00001701985264,0.999965960874059,0.999982980147359
2,Nottingham_20B_S34,Nottingham_21C_S38,1.75013723779778,1.74482429576318,1.00304497252101,0.993928542379589,0.996955027478986
2,Nottingham_20C_S35,Nottingham_21C_S38,1.76926411695994,1.76658816995824,1.00151475428581,0.996975073448843,0.998485245714192
2,Nottingham_21A_S36,Nottingham_21C_S38,1.83257673820384,1.83238522276783,1.0001045170162,0.999790987812935,0.999895482983803
2,Nottingham_21B_S37,Nottingham_21C_S38,1.79862519638744,1.79810511352653,1.00028923940931,0.999421688451867,0.999710760590688
2,Nottingham_11A_S19,Nottingham_22A_S39,1.72183484115129,1.7205869069629,1.0007252956438,0.998550460057414,0.999274704356204
2,Nottingham_11B_S20,Nottingham_22A_S39,1.70572935802874,1.70552729707805,1.00011847418158,0.99976307970577,0.999881525818416
2,Nottingham_11C_S21,Nottingham_22A_S39,1.7420629243086,1.73976484590942,1.00132091322835,0.997361658563412,0.998679086771654
2,Nottingham_14A_S22,Nottingham_22A_S39,1.70843479553634,1.70756210718834,1.00051107268329,0.998978376757157,0.999488927316713
2,Nottingham_15A_S23,Nottingham_22A_S39,1.74343762027596,1.74052195221433,1.00167516879515,0.996655265404719,0.998324831204848
2,Nottingham_15B_S24,Nottingham_22A_S39,1.74054298037531,1.73741010551162,1.0018031867397,0.99640011778048,0.998196813260298
2,Nottingham_15C_S25,Nottingham_22A_S39,1.74742262443487,1.74323419157636,1.00240267938682,0.995206159288611,0.997597320613175
2,Nottingham_16A_S26,Nottingham_22A_S39,1.7457527789948,1.74274048033563,1.00172848378353,0.996548997434907,0.998271516216468
2,Nottingham_16B_S27,Nottingham_22A_S39,1.77213800636667,1.76792829158721,1.0023811569731,0.995248998933114,0.997618843026897
2,Nottingham_16C_S28,Nottingham_22A_S39,1.69756598332771,1.69735820751634,1.00012241129212,0.999755207381144,0.999877588707882
2,Nottingham_18A_S29,Nottingham_22A_S39,1.65835218367726,1.65776775488104,1.00035253960906,0.99929516926263,0.999647460390939
2,Nottingham_18B_S30,Nottingham_22A_S39,1.69127032013133,1.69122962483779,1.00002406254771,0.999951876062562,0.999975937452288
2,Nottingham_18C_S31,Nottingham_22A_S39,1.68940431887006,1.6893824432268,1.00001294889937,0.999974102536599,0.999987051100628
2,Nottingham_19A_S32,Nottingham_22A_S39,1.71306422443369,1.71211990655585,1.0005515489156,0.998897510245826,0.999448451084399
2,Nottingham_20A_S33,Nottingham_22A_S39,1.74290928486159,1.74042018546379,1.00143017152903,0.997143741880981,0.99856982847097
2,Nottingham_20B_S34,Nottingham_22A_S39,1.67209112630743,1.67170932875082,1.0002283875253,0.999543329247306,0.999771612474701
2,Nottingham_20C_S35,Nottingham_22A_S39,1.69170580707805,1.69167699916077,1.0000170292067,0.999965942166588,0.999982970793305
2,Nottingham_21A_S36,Nottingham_22A_S39,1.75628140242587,1.75191704950086,1.0024911869693,0.995030007242593,0.997508813030699
2,Nottingham_21B_S37,Nottingham_22A_S39,1.72156214438499,1.72055585078616,1.00058486540752,0.998830952920162,0.999415134592482
2,Nottingham_21C_S38,Nottingham_22A_S39,1.75495019689501,1.75198358526763,1.00169328734146,0.996619150067474,0.99830671265854
2,Nottingham_11A_S19,Nottingham_22B_S40,1.74924133070959,1.74867956282479,1.0003212526164,0.999357701107398,0.999678747383599
2,Nottingham_11B_S20,Nottingham_22B_S40,1.73312919336545,1.73312639337089,1.00000161557435,0.999996768856511,0.999998384425645
2,Nottingham_11C_S21,Nottingham_22B_S40,1.76977811269275,1.76849247052298,1.00072697067769,0.998547114849531,0.999273029322314
2,Nottingham_14A_S22,Nottingham_22B_S40,1.73558817099536,1.73522763208732,1.00020777614497,0.999584534033976,0.99979222385503
2,Nottingham_15A_S23,Nottingham_22B_S40,1.77106438891705,1.76927479210537,1.00101148607309,0.997979071994349,0.998988513926909
2,Nottingham_15B_S24,Nottingham_22B_S40,1.76804901886932,1.76605937781842,1.00112659918228,0.99774933723028,0.998873400817722
2,Nottingham_15C_S25,Nottingham_22B_S40,1.77493939800197,1.7720774543554,1.00161502175852,0.996775164662195,0.998384978241478
2,Nottingham_16A_S26,Nottingham_22B_S40,1.77342556315715,1.77156727261671,1.00104895285048,0.997904292597288,0.998951047149517
2,Nottingham_16B_S27,Nottingham_22B_S40,1.80035221462886,1.7976014660685,1.00153023270857,0.996944210651666,0.998469767291428
2,Nottingham_16C_S28,Nottingham_22B_S40,1.72471695914892,1.7246914315759,1.00001480124071,0.999970397956734,0.999985198759293
2,Nottingham_18A_S29,Nottingham_22B_S40,1.68515177450557,1.68383097873772,1.00078439925653,0.99843243108682,0.999215600743465
2,Nottingham_18B_S30,Nottingham_22B_S40,1.71842216853169,1.7183642455903,1.00003370818587,0.999932585900662,0.999966291814127
2,Nottingham_18C_S31,Nottingham_22B_S40,1.71657847700213,1.71645734836675,1.00007056897481,0.999858872009641,0.999929431025192
2,Nottingham_19A_S32,Nottingham_22B_S40,1.7403199983705,1.73993452023138,1.0002215474977,0.99955700314944,0.999778452502298
2,Nottingham_20A_S33,Nottingham_22B_S40,1.77060746341469,1.76916963537903,1.0008127134939,0.998375892945928,0.999187286506105
2,Nottingham_20B_S34,Nottingham_22B_S40,1.69916635516972,1.69821627612606,1.00055945703561,0.99888171156312,0.999440542964393
2,Nottingham_20C_S35,Nottingham_22B_S40,1.71892122400356,1.71882609266562,1.00005534669176,0.999889312742653,0.99994465330824
2,Nottingham_21A_S36,Nottingham_22B_S40,1.78401642684837,1.78105075909984,1.00166512253139,0.996675290985106,0.998334877468607
2,Nottingham_21B_S37,Nottingham_22B_S40,1.74903588319298,1.7486474842472,1.00022211391906,0.999555870809164,0.999777886080945
2,Nottingham_21C_S38,Nottingham_22B_S40,1.78289423780048,1.78111952623876,1.00099640228271,0.99800917909308,0.999003597717292
2,Nottingham_22A_S39,Nottingham_22B_S40,1.70517924825025,1.70499745069657,1.00010662629062,0.999786770154677,0.999893373709385
2,Nottingham_11A_S19,Nottingham_22C_S41,1.80212293953246,1.80176530428668,1.00019849158208,0.999603095618022,0.999801508417922
2,Nottingham_11B_S20,Nottingham_22C_S41,1.78686813941225,1.7852579441141,1.00090193985887,0.998197745807158,0.999098060141133
2,Nottingham_11C_S21,Nottingham_22C_S41,1.82285690759202,1.82280665386376,1.00002756942331,0.999944862673482,0.999972430576689
2,Nottingham_14A_S22,Nottingham_22C_S41,1.78813102409206,1.78748757365084,1.00035997477728,0.999280309515868,0.999640025222723
2,Nottingham_15A_S23,Nottingham_22C_S41,1.82369904107804,1.82363777818671,1.00003359378275,0.999932814691513,0.999966406217252
2,Nottingham_15B_S24,Nottingham_22C_S41,1.82033490011608,1.82022192444089,1.00006206697858,0.99987587374698,0.999937933021419
2,Nottingham_15C_S25,Nottingham_22C_S41,1.82690308624607,1.82661546133829,1.00015746330515,0.999685122971275,0.999842536694849
2,Nottingham_16A_S26,Nottingham_22C_S41,1.82612847457692,1.82607339814415,1.0000301611276,0.999939679564133,0.999969838872401
2,Nottingham_16B_S27,Nottingham_22C_S41,1.85388615432667,1.85374674565205,1.00007520373262,0.999849603845103,0.999924796267376
2,Nottingham_16C_S28,Nottingham_22C_S41,1.77784076611341,1.77630922198477,1.00086220580836,0.998277073900167,0.999137794191638
2,Nottingham_18A_S29,Nottingham_22C_S41,1.73895403188335,1.73299707866728,1.0034373706046,0.993148808873781,0.996562629395399
2,Nottingham_18B_S30,Nottingham_22C_S41,1.77190403965903,1.76959837635434,1.00130293027813,0.997397530280332,0.998697069721868
2,Nottingham_18C_S31,Nottingham_22C_S41,1.77025567378214,1.76757614013674,1.00151593675914,0.996972715653351,0.998484063240865
2,Nottingham_19A_S32,Nottingham_22C_S41,1.79304300031621,1.79248265437773,1.00031260884847,0.999374977690572,0.999687391151534
2,Nottingham_20A_S33,Nottingham_22C_S41,1.82356667030372,1.82352606026565,1.00002227006181,0.999955460868272,0.999977729938191
2,Nottingham_20B_S34,Nottingham_22C_S41,1.75337684603837,1.74823851388312,1.00293914824233,0.994138930068734,0.997060851757674
2,Nottingham_20C_S35,Nottingham_22C_S41,1.77264635728029,1.77008817845687,1.0014452267715,0.99711371778932,0.9985547732285
2,Nottingham_21A_S36,Nottingham_22C_S41,1.83640911171872,1.83615108192197,1.00014052754116,0.999718984408101,0.999859472458835
2,Nottingham_21B_S37,Nottingham_22C_S41,1.80221184979723,1.80173124850669,1.00026674416117,0.999466653944598,0.999733255838826
2,Nottingham_21C_S38,Nottingham_22C_S41,1.83623707911886,1.83622416985949,1.00000703032864,0.999985939441572,0.999992969671361
2,Nottingham_22A_S39,Nottingham_22C_S41,1.75828761016918,1.75542590665893,1.00163020466964,0.996744897144588,0.998369795330357
2,Nottingham_22B_S40,Nottingham_22C_S41,1.78635061559435,1.7846774093059,1.00093753990482,0.998126676505895,0.999062460095182
2,Nottingham_11A_S19,Nottingham_23a_S42,1.78070095004836,1.78062644501102,1.00004184203686,0.999916319427653,0.999958157963144
2,Nottingham_11B_S20,Nottingham_23a_S42,1.76544452715834,1.76450241825364,1.00053392327205,0.998932723299765,0.999466076727948
2,Nottingham_11C_S21,Nottingham_23a_S42,1.80119435011377,1.80117414854084,1.00001121577997,0.999977568691648,0.999988784220031
2,Nottingham_14A_S22,Nottingham_23a_S42,1.7669068708376,1.76668047389571,1.00012814821086,0.999743736417997,0.999871851789139
2,Nottingham_15A_S23,Nottingham_23a_S42,1.80210823347207,1.80198565847727,1.0000680221811,0.999863964891203,0.999931977818899
2,Nottingham_15B_S24,Nottingham_23a_S42,1.79884057314447,1.79865036214617,1.00010575206961,0.999788518225424,0.999894247930394
2,Nottingham_15C_S25,Nottingham_23a_S42,1.8054022543232,1.80489299673912,1.00028215389223,0.999435851392273,0.999717846107774
2,Nottingham_16A_S26,Nottingham_23a_S42,1.80450298069053,1.80436374765716,1.0000771646147,0.999845682678432,0.999922835385298
2,Nottingham_16B_S27,Nottingham_23a_S42,1.83183652750891,1.83137813881264,1.00025029713229,0.999499531001383,0.999749702867714
2,Nottingham_16C_S28,Nottingham_23a_S42,1.75661657299962,1.75576005395299,1.00048783377017,0.999024808191154,0.999512166229829
2,Nottingham_18A_S29,Nottingham_23a_S42,1.71799653676492,1.71343228441449,1.00266380667152,0.994686540685325,0.997336193328477
2,Nottingham_18B_S30,Nottingham_23a_S42,1.75067429274535,1.74920329199177,1.00084095471368,0.998319503793849,0.999159045286322
2,Nottingham_18C_S31,Nottingham_23a_S42,1.74900705453705,1.74722737473621,1.00101857367082,0.997964925531639,0.998981426329184
2,Nottingham_19A_S32,Nottingham_23a_S42,1.77173920607188,1.77155978309474,1.00010127966262,0.999797461187819,0.999898720337378
2,Nottingham_20A_S33,Nottingham_23a_S42,1.80191900776966,1.80187657759024,1.00002354777233,0.999952905564304,0.999976452227667
2,Nottingham_20B_S34,Nottingham_23a_S42,1.73220204279992,1.72833004447797,1.00224031187465,0.995529391807329,0.997759688125354
2,Nottingham_20C_S35,Nottingham_23a_S42,1.7513668845061,1.74968186743403,1.00096304196976,0.998075769175525,0.999036958030241
2,Nottingham_21A_S36,Nottingham_23a_S42,1.8147373383715,1.81420258904426,1.00029475722858,0.999410659255276,0.999705242771416
2,Nottingham_21B_S37,Nottingham_23a_S42,1.78073666590585,1.78059318364155,1.00008058116004,0.999838850665513,0.999919418839956
2,Nottingham_21C_S38,Nottingham_23a_S42,1.81439494144506,1.81427394007298,1.00006669410248,0.999866620690652,0.999933305897519
2,Nottingham_22A_S39,Nottingham_23a_S42,1.73725879113859,1.73535434427111,1.00109743976713,0.997807526573259,0.998902560232866
2,Nottingham_22B_S40,Nottingham_23a_S42,1.76492773512235,1.76393530150464,1.00056262472714,0.998875383282885,0.999437375272856
2,Nottingham_22C_S41,Nottingham_23a_S42,1.81807373809298,1.81796564868479,1.00005945624345,0.999881094582765,0.999940543756548
2,Nottingham_11A_S19,Nottingham_3A_S1,1.69270595618591,1.68978243345916,1.0017301178358,0.996545740604187,0.998269882164198
2,Nottingham_11B_S20,Nottingham_3A_S1,1.67633848702072,1.67525495847412,1.00064678426476,0.998707267589457,0.999353215735238
2,Nottingham_11C_S21,Nottingham_3A_S1,1.7127297187533,1.70827612583099,1.00260706852655,0.994799421212182,0.997392931473452
2,Nottingham_14A_S22,Nottingham_3A_S1,1.67952905900811,1.67721813415168,1.00137783202397,0.997248127570012,0.998622167976026
2,Nottingham_15A_S23,Nottingham_3A_S1,1.71428181467661,1.7090060680487,1.00308702627015,0.993844948266096,0.996912973729849
2,Nottingham_15B_S24,Nottingham_3A_S1,1.71155225122235,1.70600579726155,1.00325113429843,0.993518802646151,0.99674886570157
2,Nottingham_15C_S25,Nottingham_3A_S1,1.71852519953504,1.71162090106322,1.00403377784621,0.991964856292258,0.995966222153789
2,Nottingham_16A_S26,Nottingham_3A_S1,1.71655384272975,1.71114493176824,1.00316098938266,0.993697941973192,0.99683901061734
2,Nottingham_16B_S27,Nottingham_3A_S1,1.74243043096571,1.73542136053451,1.00403882918039,0.991954834687649,0.995961170819612
2,Nottingham_16C_S28,Nottingham_3A_S1,1.66848177759781,1.66737262043675,1.00066521253106,0.998670459364966,0.999334787468938
2,Nottingham_18A_S29,Nottingham_3A_S1,1.62922041493709,1.62915287593099,1.00004145651835,0.999917090400435,0.999958543481646
2,Nottingham_18B_S30,Nottingham_3A_S1,1.66207295984633,1.66145828333915,1.0003699620468,0.999260349548985,0.999630037953195
2,Nottingham_18C_S31,Nottingham_3A_S1,1.6601389585503,1.65967552829382,1.00027922943285,0.999441697028919,0.999720770567149
2,Nottingham_19A_S32,Nottingham_3A_S1,1.68405366713416,1.68161517688044,1.00145008815765,0.9971040231065,0.998549911842351
2,Nottingham_20A_S33,Nottingham_3A_S1,1.71362103998644,1.70890795323886,1.00275795237458,0.994499266013191,0.997242047625415
2,Nottingham_20B_S34,Nottingham_3A_S1,1.64271063794381,1.64261535583894,1.00005800634003,0.999883994049016,0.999941993659968
2,Nottingham_20C_S35,Nottingham_3A_S1,1.66240586240142,1.66189004369155,1.00031038076907,0.999379431074518,0.999689619230929
2,Nottingham_21A_S36,Nottingham_3A_S1,1.72715197418899,1.71999093384619,1.00416341749359,0.99170768936398,0.995836582506408
2,Nottingham_21B_S37,Nottingham_3A_S1,1.69231228444142,1.68975247934474,1.00151489944709,0.996974784003861,0.99848510055291
2,Nottingham_21C_S38,Nottingham_3A_S1,1.72542617197009,1.72005506663162,1.00312263568921,0.993774169621718,0.996877364310792
2,Nottingham_22A_S39,Nottingham_3A_S1,1.64931996275102,1.64895892835482,1.00021894687004,0.99956220211439,0.999781053129956
2,Nottingham_22B_S40,Nottingham_3A_S1,1.6757792381274,1.67474375141509,1.00061829561176,0.998764172882971,0.999381704388244
2,Nottingham_22C_S41,Nottingham_3A_S1,1.72861195897345,1.7233729453061,1.00303997673958,0.993938473420647,0.99696002326042
2,Nottingham_23a_S42,Nottingham_3A_S1,1.70792536967593,1.70402363921006,1.00228971616126,0.995431029323476,0.997710283838739
2,Nottingham_11A_S19,Nottingham_3B_S2,1.71525520375434,1.71390708641134,1.00078657551141,0.998428085406711,0.999213424488593
2,Nottingham_11B_S20,Nottingham_3B_S2,1.69922737491181,1.69896367336767,1.00015521317394,0.999689621826906,0.999844786826062
2,Nottingham_11C_S21,Nottingham_3B_S2,1.73537444549199,1.73293558228524,1.00140735941467,0.997189236924538,0.998592640585331
2,Nottingham_14A_S22,Nottingham_3B_S2,1.70192890119293,1.70098284264424,1.00055618347521,0.998888251385793,0.999443816524792
2,Nottingham_15A_S23,Nottingham_3B_S2,1.73674586624066,1.73368675509092,1.00176451203815,0.996477191960899,0.998235487961853
2,Nottingham_15B_S24,Nottingham_3B_S2,1.7338706000742,1.73059927976197,1.00189028179457,0.996226569258298,0.998109718205432
2,Nottingham_15C_S25,Nottingham_3B_S2,1.74071650555853,1.73637771736412,1.00249875827766,0.995014939904856,0.997501241722339
2,Nottingham_16A_S26,Nottingham_3B_S2,1.73904788208821,1.73588788166192,1.00182039431214,0.99636582700357,0.998179605687859
2,Nottingham_16B_S27,Nottingham_3B_S2,1.76528379484771,1.76087658114836,1.00250285212861,0.995006793001546,0.997497147871391
2,Nottingham_16C_S28,Nottingham_3B_S2,1.69111377844123,1.69085718993207,1.00015175055036,0.999696544948749,0.999848249449639
2,Nottingham_18A_S29,Nottingham_3B_S2,1.65210344223289,1.65156591560781,1.0003254648331,0.999349282119583,0.999674535166898
2,Nottingham_18B_S30,Nottingham_3B_S2,1.68484706116866,1.68477537916703,1.00004254691902,0.999914909782289,0.999957453080981
2,Nottingham_18C_S31,Nottingham_3B_S2,1.68299046162709,1.68294226182414,1.00002864019999,0.999942721240493,0.999971359800009
2,Nottingham_19A_S32,Nottingham_3B_S2,1.7065326422502,1.7055055406123,1.00060222708953,0.998796270739308,0.99939777291047
2,Nottingham_20A_S33,Nottingham_3B_S2,1.73621813381146,1.73358578604338,1.00151844101935,0.996967722296155,0.998481558980654
2,Nottingham_20B_S34,Nottingham_3B_S2,1.66576627734411,1.66540293621631,1.0002181701016,0.999563754972426,0.999781829898402
2,Nottingham_20C_S35,Nottingham_3B_S2,1.68527974017676,1.685219344925,1.00003583821414,0.999928326140379,0.999964161785858
2,Nottingham_21A_S36,Nottingham_3B_S2,1.74952458369184,1.74499223815805,1.00259734423723,0.994818768966109,0.997402655762771
2,Nottingham_21B_S37,Nottingham_3B_S2,1.71498237265579,1.71387627090265,1.00064538016654,0.998710072160766,0.999354619833461
2,Nottingham_21C_S38,Nottingham_3B_S2,1.74818884988353,1.74505824896194,1.00179398075878,0.996418463689665,0.998206019241218
2,Nottingham_22A_S39,Nottingham_3B_S2,1.6719316919685,1.67192408444087,1.00000455016331,0.999990899714788,0.99999544983669
2,Nottingham_22B_S40,Nottingham_3B_S2,1.69868162098139,1.69843789667694,1.00014349909698,0.999713042984113,0.99985650090302
2,Nottingham_22C_S41,Nottingham_3B_S2,1.75150868558298,1.74847338362404,1.00173597264183,0.996534071473437,0.998264027358168
2,Nottingham_23a_S42,Nottingham_3B_S2,1.73059621554033,1.72855959505898,1.00117821826171,0.997646336605774,0.998821781738291
2,Nottingham_3A_S1,Nottingham_3B_S2,1.64312474247218,1.64282270101387,1.0001838551769,0.999632357239218,0.999816144823096
2,Nottingham_11A_S19,Nottingham_3c_S3,1.67729871713656,1.67237320117728,1.00294522535748,0.994126847044047,0.997054774642516
2,Nottingham_11B_S20,Nottingham_3c_S3,1.66050239084332,1.65814226658312,1.00142335450206,0.997157337112898,0.99857664549794
2,Nottingham_11C_S21,Nottingham_3c_S3,1.69734640023578,1.69048574626959,1.00405839208128,0.991916023782497,0.995941607918715
2,Nottingham_14A_S22,Nottingham_3c_S3,1.66418991719851,1.66006551649614,1.00248448067946,0.995043353333955,0.997515519320539
2,Nottingham_15A_S23,Nottingham_3c_S3,1.69908506964161,1.69120056090163,1.00466207788849,0.99071911244369,0.995337922111514
2,Nottingham_15B_S24,Nottingham_3c_S3,1.69648137552507,1.6882624281421,1.0048682878005,0.990310595210126,0.995131712199497
2,Nottingham_15C_S25,Nottingham_3c_S3,1.70361951812842,1.69376115096142,1.00582039986063,0.988426562313833,0.994179600139369
2,Nottingham_16A_S26,Nottingham_3c_S3,1.70134153700726,1.69329506140722,1.00475196307096,0.990541022569523,0.995248036929042
2,Nottingham_16B_S27,Nottingham_3c_S3,1.72701768936059,1.7170641332701,1.0057968458473,0.98847312780661,0.994203154152702
2,Nottingham_16C_S28,Nottingham_3c_S3,1.65285252839451,1.65041977070336,1.00147402359953,0.997056291896151,0.998525976400468
2,Nottingham_18A_S29,Nottingham_3c_S3,1.6131163960095,1.61296453703101,1.00009414898778,0.999811719750826,0.999905851012216
2,Nottingham_18B_S30,Nottingham_3c_S3,1.64626645947132,1.64462488011317,1.00099814819659,0.998005694219535,0.999001851803408
2,Nottingham_18C_S31,Nottingham_3c_S3,1.64424407934405,1.6428780477672,1.00083148690112,0.998338407789925,0.999168513098883
2,Nottingham_19A_S32,Nottingham_3c_S3,1.66866592935435,1.66437296803595,1.00257932650965,0.994854618599352,0.997420673490352
2,Nottingham_20A_S33,Nottingham_3c_S3,1.69829081748231,1.69110447982857,1.00424949359395,0.991536976376771,0.995750506406049
2,Nottingham_20B_S34,Nottingham_3c_S3,1.62651277444272,1.62615971852892,1.00021711023203,0.999565873789188,0.999782889767973
2,Nottingham_20C_S35,Nottingham_3c_S3,1.64650416256228,1.6450479347365,1.00088521908391,0.998231127671715,0.999114780916086
2,Nottingham_21A_S36,Nottingham_3c_S3,1.71211817374419,1.70195700418267,1.00597028569849,0.988130294138173,0.99402971430151
2,Nottingham_21B_S37,Nottingham_3c_S3,1.67678483384849,1.67234386109139,1.00265553805077,0.99470299030925,0.99734446194923
2,Nottingham_21C_S38,Nottingham_3c_S3,1.7100021407257,1.70201979914242,1.00468992287122,0.990663939660465,0.995310077128776
2,Nottingham_22A_S39,Nottingham_3c_S3,1.63359830982282,1.63237658798743,1.00074843136344,0.998504256734302,0.999251568636565
2,Nottingham_22B_S40,Nottingham_3c_S3,1.65992838546261,1.65764144855801,1.00137963303619,0.997244535457525,0.998620366963806
2,Nottingham_22C_S41,Nottingham_3c_S3,1.71307934681233,1.70526839907744,1.00458047996381,0.990880810337908,0.995419520036187
2,Nottingham_23a_S42,Nottingham_3c_S3,1.69249052039882,1.6863212632206,1.00365841154516,0.992709847288526,0.99634158845484
2,Nottingham_3A_S1,Nottingham_3c_S3,1.60488615340493,1.60462421744455,1.00016323819467,0.999673576895382,0.999836761805332
2,Nottingham_3B_S2,Nottingham_3c_S3,1.62748399573978,1.626362929909,1.00068930852404,0.998622332589805,0.999310691475958
2,Nottingham_11A_S19,Nottingham_4a_S4,1.77630994999903,1.77625158214272,1.00003286012911,0.999934281901288,0.999967139870891
2,Nottingham_11B_S20,Nottingham_4a_S4,1.76111681252526,1.76020633207616,1.00051725779672,0.998966019241169,0.99948274220328
2,Nottingham_11C_S21,Nottingham_4a_S4,1.79672570610207,1.79669786174812,1.00001549751605,0.999969005448234,0.999984502483948
2,Nottingham_14A_S22,Nottingham_4a_S4,1.76256587237933,1.76237378816267,1.00010899175757,0.999782040240684,0.999891008242433
2,Nottingham_15A_S23,Nottingham_4a_S4,1.7976354062224,1.79750534225558,1.00007235804187,0.999855294386874,0.99992764195813
2,Nottingham_15B_S24,Nottingham_4a_S4,1.79437792640648,1.79418659527365,1.00010663948406,0.999786743773407,0.999893360515936
2,Nottingham_15C_S25,Nottingham_4a_S4,1.8009140772565,1.80039822972834,1.00028651857108,0.999427126996585,0.999713481428915
2,Nottingham_16A_S26,Nottingham_4a_S4,1.80002143298214,1.79987161298217,1.00008323927045,0.999833535315496,0.999916760729548
2,Nottingham_16B_S27,Nottingham_4a_S4,1.82725140208919,1.82675065992223,1.00027411631918,0.99945191759997,0.99972588368082
2,Nottingham_16C_S28,Nottingham_4a_S4,1.75232092485674,1.75150638158896,1.00046505298316,0.999070326381171,0.99953494701684
2,Nottingham_18A_S29,Nottingham_4a_S4,1.71385616186419,1.70938099783716,1.00261800267622,0.994777666730032,0.997381997323778
2,Nottingham_18B_S30,Nottingham_4a_S4,1.74640361573677,1.74498129218638,1.00081509386763,0.998371139938587,0.99918490613237
2,Nottingham_18C_S31,Nottingham_4a_S4,1.74474232350939,1.74301489648319,1.00099105694947,0.998019848543913,0.999008943050526
2,Nottingham_19A_S32,Nottingham_4a_S4,1.76738379774186,1.76722930481331,1.00008742098613,0.999825173311263,0.999912579013871
2,Nottingham_20A_S33,Nottingham_4a_S4,1.79744839585277,1.79739680309827,1.00002870415392,0.999942593339965,0.999971295846078
2,Nottingham_20B_S34,Nottingham_4a_S4,1.72800408901783,1.72420808702208,1.00220159157373,0.995606489568077,0.997798408426266
2,Nottingham_20C_S35,Nottingham_4a_S4,1.74709505098525,1.74545755985568,1.00093814433947,0.998125469900854,0.999061855660526
2,Nottingham_21A_S36,Nottingham_4a_S4,1.81021247769086,1.80966139299481,1.00030452365187,0.9993911381091,0.999695476348127
2,Nottingham_21B_S37,Nottingham_4a_S4,1.77634762882323,1.77621848401222,1.00007270772834,0.999854595115373,0.999927292271657
2,Nottingham_21C_S38,Nottingham_4a_S4,1.80987694326948,1.80973238726092,1.0000798770081,0.999840258743445,0.999920122991896
2,Nottingham_22A_S39,Nottingham_4a_S4,1.73303740169245,1.73119885398985,1.00106200838705,0.997878236556464,0.998937991612946
2,Nottingham_22B_S40,Nottingham_4a_S4,1.76060402820906,1.75964197307553,1.00054673345388,0.998907130600498,0.999453266546118
2,Nottingham_22C_S41,Nottingham_4a_S4,1.81354692014902,1.81340561787216,1.0000779209436,0.99984417025521,0.999922079056405
2,Nottingham_23a_S42,Nottingham_4a_S4,1.79200035714591,1.79199436379262,1.0000033445157,0.999993310990968,0.999996655484298
2,Nottingham_3A_S1,Nottingham_4a_S4,1.70381673184579,1.70001667057409,1.0022353082399,0.995539354437986,0.997764691760103
2,Nottingham_3B_S2,Nottingham_4a_S4,1.72639784075752,1.72443654390925,1.00113735518723,0.997727873840016,0.998862644812771
2,Nottingham_3c_S3,Nottingham_4a_S4,1.68844167264147,1.68239701966126,1.0035928814124,0.992839962341423,0.996407118587604
2,Nottingham_11A_S19,Nottingham_4b_S5,1.77171702846887,1.77168831882842,1.00001620467897,0.999967591167226,0.999983795321026
2,Nottingham_11B_S20,Nottingham_4b_S5,1.75651184338073,1.75572503422246,1.00044813916925,0.999104123139016,0.999551860830752
2,Nottingham_11C_S21,Nottingham_4b_S5,1.79208639427752,1.79202907719635,1.00003198445935,0.999936033127255,0.999968015540654
2,Nottingham_14A_S22,Nottingham_4b_S5,1.75801403993845,1.75788146137256,1.00007541951423,0.999849172346886,0.999924580485769
2,Nottingham_15A_S23,Nottingham_4b_S5,1.7930147804058,1.79283236568336,1.00010174666964,0.999796527363375,0.999898253330356
2,Nottingham_15B_S24,Nottingham_4b_S5,1.78977949525663,1.78953083592521,1.00013895224738,0.999722134115321,0.999861047752616
2,Nottingham_15C_S25,Nottingham_4b_S5,1.79631890735516,1.79571021938144,1.00033896781738,0.999322294085728,0.999661032182616
2,Nottingham_16A_S26,Nottingham_4b_S5,1.79539279840954,1.79518634115315,1.00011500603122,0.9997700143873,0.999884993968784
2,Nottingham_16B_S27,Nottingham_4b_S5,1.82253483853673,1.82192459232137,1.00033494592363,0.999330332455159,0.999665054076372
2,Nottingham_16C_S28,Nottingham_4b_S5,1.74775925853408,1.74706921672216,1.00039497107803,0.999210369725067,0.999605028921973
2,Nottingham_18A_S29,Nottingham_4b_S5,1.70933292426361,1.70515444479746,1.00245049911983,0.995110982293923,0.997549500880169
2,Nottingham_18B_S30,Nottingham_4b_S5,1.74183688320871,1.74057708473905,1.00072378206097,0.998553482841238,0.999276217939034
2,Nottingham_18C_S31,Nottingham_4b_S5,1.74017003718335,1.73862059702794,1.0008911893475,0.998219208327568,0.999108810652499
2,Nottingham_19A_S32,Nottingham_4b_S5,1.76281373869376,1.76271222202417,1.00005759117587,0.999884824281362,0.999942408824128
2,Nottingham_20A_S33,Nottingham_4b_S5,1.79281293111814,1.79272439011427,1.00004938907752,0.999901226723288,0.999950610922483
2,Nottingham_20B_S34,Nottingham_4b_S5,1.72343801035923,1.71990798637247,1.00205244932562,0.995903509188558,0.997947550674377
2,Nottingham_20C_S35,Nottingham_4b_S5,1.74251544462758,1.74105095098506,1.0008411549597,0.998319103974621,0.999158845040296
2,Nottingham_21A_S36,Nottingham_4b_S5,1.80558112209767,1.80492508177913,1.00036347232645,0.999273319475367,0.999636527673553
2,Nottingham_21B_S37,Nottingham_4b_S5,1.77174036242424,1.77165539053882,1.00004796185866,0.999904080883149,0.999952038141345
2,Nottingham_21C_S38,Nottingham_4b_S5,1.80520178952474,1.80499570490677,1.00011417457527,0.999771676918159,0.999885825424734
2,Nottingham_22A_S39,Nottingham_4b_S5,1.728511520899,1.72686385714291,1.00095413645336,0.99809354611043,0.999045863546639
2,Nottingham_22B_S40,Nottingham_4b_S5,1.75599759061074,1.7551635447014,1.00047519555192,0.999050060303272,0.999524804448077
2,Nottingham_22C_S41,Nottingham_4b_S5,1.80884838693268,1.80864971309344,1.00010984649919,0.999780331131477,0.999890153500811
2,Nottingham_23a_S42,Nottingham_4b_S5,1.7873655834385,1.78734996007088,1.00000874107924,0.999982517994338,0.999991258920763
2,Nottingham_3A_S1,Nottingham_4b_S5,1.69935572310269,1.6958362418554,1.00207536621781,0.99585786401347,0.997924633782187
2,Nottingham_3B_S2,Nottingham_4b_S5,1.72189708832634,1.72013530508223,1.00102421201338,0.997953671847109,0.998975787986616
2,Nottingham_3c_S3,Nottingham_4b_S5,1.68399483948591,1.67830269278892,1.0033916091069,0.993239710047179,0.996608390893105
2,Nottingham_4a_S4,Nottingham_4b_S5,1.78294852700359,1.78294203739681,1.00000363983049,0.999992720365525,0.999996360169514
2,Nottingham_11A_S19,Nottingham_4c_S6,1.78430784753572,1.78401205085216,1.00016580419589,0.999668446581161,0.999834195804107
2,Nottingham_11B_S20,Nottingham_4c_S6,1.76942261472394,1.76782692941814,1.0009026252962,0.998196377402982,0.999097374703801
2,Nottingham_11C_S21,Nottingham_4c_S6,1.8046700517201,1.8046384182492,1.00001752898009,0.99996494265434,0.99998247101991
2,Nottingham_14A_S22,Nottingham_4c_S6,1.77054531049334,1.77001320525589,1.00030062218512,0.999398936322834,0.999699377814879
2,Nottingham_15A_S23,Nottingham_4c_S6,1.80545638105357,1.80545305351205,1.00000184305071,0.999996313905378,0.999998156949292
2,Nottingham_15B_S24,Nottingham_4c_S6,1.80212377856247,1.80210492114911,1.00001046410403,0.999979072010941,0.999989535895974
2,Nottingham_15C_S25,Nottingham_4c_S6,1.80854083031779,1.80837160024575,1.00009358146966,0.99981285457402,0.999906418530338
2,Nottingham_16A_S26,Nottingham_4c_S6,1.80784770718187,1.80784030943511,1.00000409203552,0.999991815962459,0.999995907964485
2,Nottingham_16B_S27,Nottingham_4c_S6,1.83515748808066,1.83495968325793,1.00010779791215,0.999784427413978,0.999892202087852
2,Nottingham_16C_S28,Nottingham_4c_S6,1.76050679937361,1.75905167290231,1.00082722212981,0.998346923202089,0.999172777870189
2,Nottingham_18A_S29,Nottingham_4c_S6,1.72242410890244,1.716566966406,1.00341212583666,0.993198954350254,0.996587874163338
2,Nottingham_18B_S30,Nottingham_4c_S6,1.7547168375329,1.75247034933562,1.00128189797798,0.997439486361299,0.998718102022022
2,Nottingham_18C_S31,Nottingham_4c_S6,1.75311711862738,1.75048704837131,1.00150247912917,0.996999549855371,0.998497520870826
2,Nottingham_19A_S32,Nottingham_4c_S6,1.77538431128964,1.77491096635479,1.00026668657968,0.999466769046188,0.999733313420324
2,Nottingham_20A_S33,Nottingham_4c_S6,1.805356024693,1.80534355244528,1.00000690851761,0.999986183060233,0.999993091482389
2,Nottingham_20B_S34,Nottingham_4c_S6,1.73660892021604,1.73151952434533,1.00293926565606,0.994138696615621,0.997060734343942
2,Nottingham_20C_S35,Nottingham_4c_S6,1.75546877600341,1.75295071440205,1.00143647027875,0.997131180416565,0.998563529721249
2,Nottingham_21A_S36,Nottingham_4c_S6,1.81790583407056,1.81771720513445,1.00010377243258,0.999792476670047,0.999896227567423
2,Nottingham_21B_S37,Nottingham_4c_S6,1.7844230456633,1.78397866288018,1.00024909646756,0.999501931132081,0.999750903532443
2,Nottingham_21C_S38,Nottingham_4c_S6,1.81782309111265,1.81778883289006,1.00001884609585,0.999962308518636,0.999981153904149
2,Nottingham_22A_S39,Nottingham_4c_S6,1.74131935654014,1.73856982638333,1.00158148963308,0.996842015054291,0.998418510366919
2,Nottingham_22B_S40,Nottingham_4c_S6,1.76891918238346,1.76725767398353,1.00094016193812,0.99812144227223,0.999059838061878
2,Nottingham_22C_S41,Nottingham_4c_S6,1.82155463093014,1.82149487426872,1.00003280638462,0.999934389383215,0.999967193615384
2,Nottingham_23a_S42,Nottingham_4c_S6,1.79998553756082,1.79989330884158,1.00005124121457,0.999897522821913,0.999948758785429
2,Nottingham_3A_S1,Nottingham_4c_S6,1.71217635540842,1.70712395880661,1.00295959562617,0.994098275465785,0.997040404373833
2,Nottingham_3B_S2,Nottingham_4c_S6,1.73463961271084,1.73174992299505,1.00166865300666,0.996668253515464,0.998331346993338
2,Nottingham_3c_S3,Nottingham_4c_S6,1.69696844453824,1.68935744422393,1.00450526343039,0.991029885866402,0.995494736569615
2,Nottingham_4a_S4,Nottingham_4c_S6,1.79552091867335,1.79542337818388,1.00005432729163,0.999891351319325,0.999945672708368
2,Nottingham_4b_S5,Nottingham_4c_S6,1.79090390727891,1.79076120627281,1.00007968734502,0.999840638009086,0.999920312654976
2,Nottingham_11A_S19,Nottingham_5A_S7,1.73579611929549,1.73529822982862,1.00028691867387,0.999426327249693,0.999713081326134
2,Nottingham_11B_S20,Nottingham_5A_S7,1.72001797733023,1.71998114061227,1.00002141693132,0.999957167054711,0.99997858306868
2,Nottingham_11C_S21,Nottingham_5A_S7,1.75602964111769,1.75480737959368,1.00069652175972,0.998607926090323,0.999303478240277
2,Nottingham_14A_S22,Nottingham_5A_S7,1.72232364168454,1.72205060662568,1.00015855228517,0.999682945699345,0.999841447714831
2,Nottingham_15A_S23,Nottingham_5A_S7,1.7572548589918,1.75557763773774,1.00095536717831,0.998091089353965,0.999044632821694
2,Nottingham_15B_S24,Nottingham_5A_S7,1.7542552858222,1.75241177159671,1.00105198689906,0.997898237228774,0.998948013100937
2,Nottingham_15C_S25,Nottingham_5A_S7,1.76100894877012,1.75833703950866,1.00151956604531,0.996965479064349,0.998480433954686
2,Nottingham_16A_S26,Nottingham_5A_S7,1.75958637044736,1.75783473771625,1.00099647179199,0.998009040351152,0.999003528208012
2,Nottingham_16B_S27,Nottingham_5A_S7,1.78616501625745,1.78346396106513,1.00151449945235,0.996975581575347,0.99848550054765
2,Nottingham_16C_S28,Nottingham_5A_S7,1.71167884035387,1.71167334029549,1.00000321326404,0.999993573492576,0.999996786735963
2,Nottingham_18A_S29,Nottingham_5A_S7,1.6728028748086,1.6714201963397,1.00082724767352,0.998346872199084,0.999172752326478
2,Nottingham_18B_S30,Nottingham_5A_S7,1.70551748306375,1.70544113733703,1.00004476596996,0.999910472067895,0.999955234030045
2,Nottingham_18C_S31,Nottingham_5A_S7,1.70372091206545,1.70356279855868,1.00009281343013,0.999814390366813,0.999907186569873
2,Nottingham_19A_S32,Nottingham_5A_S7,1.72699933939625,1.72668618408525,1.0001813620297,0.999637341713048,0.999818637970303
2,Nottingham_20A_S33,Nottingham_5A_S7,1.75683476340522,1.75547410284021,1.00077509577772,0.99845100906089,0.999224904222276
2,Nottingham_20B_S34,Nottingham_5A_S7,1.68663327293093,1.68559332727335,1.00061696118557,0.998766838441674,0.999383038814429
2,Nottingham_20C_S35,Nottingham_5A_S7,1.70603208258565,1.70589606289206,1.00007973504163,0.999840542631083,0.999920264958372
2,Nottingham_21A_S36,Nottingham_5A_S7,1.76998250125882,1.76717138164398,1.00159074532558,0.996823562252348,0.998409254674424
2,Nottingham_21B_S37,Nottingham_5A_S7,1.73562141535592,1.73526664031476,1.00020444987123,0.999591183839961,0.999795550128775
2,Nottingham_21C_S38,Nottingham_5A_S7,1.76896380659382,1.76723908116109,1.00097594346521,0.998050016143578,0.999024056534788
2,Nottingham_22A_S39,Nottingham_5A_S7,1.69244486077693,1.69227386842309,1.00010104295589,0.999797934505511,0.999898957044108
2,Nottingham_22B_S40,Nottingham_5A_S7,1.71948150588278,1.71944227701028,1.00002281488191,0.999954371277198,0.999977185118092
2,Nottingham_22C_S41,Nottingham_5A_S7,1.77239797912243,1.77074167189475,1.0009353748511,0.998130998514788,0.999064625148901
2,Nottingham_23a_S42,Nottingham_5A_S7,1.75126293787737,1.75032037751941,1.00053850733275,0.998923565002635,0.999461492667248
2,Nottingham_3A_S1,Nottingham_5A_S7,1.66347885279057,1.66246607514619,1.00060920199186,0.998782337818513,0.999390798008143
2,Nottingham_3B_S2,Nottingham_5A_S7,1.68602116405038,1.68581166521795,1.00012427178952,0.999751487304078,0.99987572821048
2,Nottingham_3c_S3,Nottingham_5A_S7,1.64790710782145,1.64561234800671,1.00139447167951,0.997214940327826,0.998605528320494
2,Nottingham_4a_S4,Nottingham_5A_S7,1.74698517821757,1.7460929899563,1.00051096262708,0.998978596644788,0.999489037372923
2,Nottingham_4b_S5,Nottingham_5A_S7,1.74244341356071,1.74168317612154,1.00043649582748,0.999127389235992,0.999563504172517
2,Nottingham_4c_S6,Nottingham_5A_S7,1.75514397237462,1.75359161294873,1.00088524569485,0.998231074543948,0.999114754305152
2,Nottingham_11A_S19,Nottingham_5B_S8,1.72112501727172,1.71958202775029,1.00089730498256,0.998206998903689,0.999102695017436
2,Nottingham_11B_S20,Nottingham_5B_S8,1.70484514483212,1.70453992644907,1.00017906203212,0.99964194005071,0.999820937967884
2,Nottingham_11C_S21,Nottingham_5B_S8,1.74142418019464,1.73873744745052,1.00154522049782,0.996914327049458,0.998454779502183
2,Nottingham_14A_S22,Nottingham_5B_S8,1.70770246850767,1.70657237983683,1.00066219791448,0.99867648060282,0.999337802085518
2,Nottingham_15A_S23,Nottingham_5B_S8,1.74285506803305,1.73949365962398,1.00193240624389,0.996142641495876,0.998067593756109
2,Nottingham_15B_S24,Nottingham_5B_S8,1.73998847484407,1.73638548548229,1.0020749939411,0.995858605486325,0.997925006058901
2,Nottingham_15C_S25,Nottingham_5B_S8,1.74693529760058,1.74220269268089,1.00271644909032,0.994581820029405,0.997283550909676
2,Nottingham_16A_S26,Nottingham_5B_S8,1.74517373701288,1.74170956545796,1.00198894903239,0.996029998066728,0.998011050967612
2,Nottingham_16B_S27,Nottingham_5B_S8,1.77158707392187,1.76686737082787,1.0026712265855,0.994671779712692,0.997328773414504
2,Nottingham_16C_S28,Nottingham_5B_S8,1.69671607417332,1.6963802700869,1.0001979533082,0.999604171739117,0.999802046691802
2,Nottingham_18A_S29,Nottingham_5B_S8,1.65723907762987,1.65683489316277,1.00024394975551,0.999512219482925,0.999756050244494
2,Nottingham_18B_S30,Nottingham_5B_S8,1.69034747110588,1.69025873463768,1.00005249874849,0.999895008014965,0.999947501251509
2,Nottingham_18C_S31,Nottingham_5B_S8,1.6884517708364,1.68841367209728,1.0000225648132,0.999954871391913,0.999977435186797
2,Nottingham_19A_S32,Nottingham_5B_S8,1.71233072754269,1.71112489016133,1.00070470448317,0.998591583551047,0.99929529551683
2,Nottingham_20A_S33,Nottingham_5B_S8,1.74228776836131,1.73939201308109,1.00166480888635,0.996675916191571,0.998335191113654
2,Nottingham_20B_S34,Nottingham_5B_S8,1.67099825991348,1.67076071509521,1.00014217764167,0.999715685139871,0.999857822358327
2,Nottingham_20C_S35,Nottingham_5B_S8,1.69075805724486,1.69070559538871,1.00003102956322,0.999937942799171,0.999968970436781
2,Nottingham_21A_S36,Nottingham_5B_S8,1.75578888489633,1.75087525251983,1.00280638633131,0.994402934864481,0.997193613668695
2,Nottingham_21B_S37,Nottingham_5B_S8,1.72081782678751,1.71955100783829,1.00073671495841,0.998527654781923,0.999263285041588
2,Nottingham_21C_S38,Nottingham_5B_S8,1.75433899988955,1.75094170917616,1.00194026488465,0.996126984905876,0.998059735115346
2,Nottingham_22A_S39,Nottingham_5B_S8,1.6773433723898,1.6773239719489,1.00001156630515,0.999976867657248,0.999988433694846
2,Nottingham_22B_S40,Nottingham_5B_S8,1.70428965177703,1.70401069327636,1.00016370701297,0.99967263956526,0.99983629298703
2,Nottingham_22C_S41,Nottingham_5B_S8,1.75765752753504,1.75437993358259,1.00186823497562,0.99627049763551,0.998131765024375
2,Nottingham_23a_S42,Nottingham_5B_S8,1.73658901549793,1.73433214682276,1.00130128976696,0.997400802774826,0.998698710233037
2,Nottingham_3A_S1,Nottingham_5B_S8,1.64827846995287,1.6480359513712,1.00014715612331,0.999705731056862,0.999852843876693
2,Nottingham_3B_S2,Nottingham_5B_S8,1.67099685224431,1.67097522711198,1.00001294162354,0.999974117087889,0.999987058376461
2,Nottingham_3c_S3,Nottingham_5B_S8,1.63244758145616,1.63147207594493,1.00059792964012,0.998804855332185,0.999402070359882
2,Nottingham_4a_S4,Nottingham_5B_S8,1.73237371636702,1.73018154476584,1.00126701825471,0.997469170098269,0.998732981745292
2,Nottingham_4b_S5,Nottingham_5B_S8,1.72783663302773,1.72585163482333,1.0011501557633,0.997702331150464,0.998849844236697
2,Nottingham_4c_S6,Nottingham_5B_S8,1.74072782088787,1.73754383843405,1.00183246165271,0.996341780242013,0.998167538347295
2,Nottingham_5A_S7,Nottingham_5B_S8,1.69159514697086,1.69130177925216,1.00017345675521,0.999653146653639,0.999826543244791
2,Nottingham_11A_S19,Nottingham_5C_S9,1.7360611548674,1.73511682154011,1.00054424769305,0.998912096702765,0.999455752306953
2,Nottingham_11B_S20,Nottingham_5C_S9,1.71987664233618,1.71980292052618,1.00004286642913,0.99991427081665,0.999957133570873
2,Nottingham_11C_S21,Nottingham_5C_S9,1.75648235487285,1.75462186961638,1.00106033401765,0.997881578199402,0.998939665982352
2,Nottingham_14A_S22,Nottingham_5C_S9,1.72251823158167,1.72187195743821,1.00037533228918,0.99924961706458,0.999624667710818
2,Nottingham_15A_S23,Nottingham_5C_S9,1.75783402223447,1.75539196487718,1.00139117496614,0.997221515425912,0.998608825033864
2,Nottingham_15B_S24,Nottingham_5C_S9,1.7548883841491,1.75222676775179,1.00151899083286,0.99696662600157,0.998481009167137
2,Nottingham_15C_S25,Nottingham_5C_S9,1.76180194805863,1.75815078254236,1.00207670784129,0.995855191872965,0.997923292158714
2,Nottingham_16A_S26,Nottingham_5C_S9,1.76017512786819,1.75764858714467,1.00143745498503,0.997129216651778,0.998562545014972
2,Nottingham_16B_S27,Nottingham_5C_S9,1.78685833171528,1.78327234306905,1.00201090352809,0.995986264179343,0.99798909647191
2,Nottingham_16C_S28,Nottingham_5C_S9,1.71159650155147,1.7114968376295,1.00005823202227,0.999883542736993,0.999941767977725
2,Nottingham_18A_S29,Nottingham_5C_S9,1.67208345664271,1.67125189722133,1.0004975667778,0.999005361343561,0.999502433222205
2,Nottingham_18B_S30,Nottingham_5C_S9,1.70526919615526,1.70526591755787,1.00000192263116,0.999996154745071,0.999998077368839
2,Nottingham_18C_S31,Nottingham_5C_S9,1.70340315813967,1.70338796451431,1.00000891965053,0.999982160858067,0.999991080349474
2,Nottingham_19A_S32,Nottingham_5C_S9,1.72719978093098,1.72650657184409,1.00040150967172,0.999197302947186,0.999598490328278
2,Nottingham_20A_S33,Nottingham_5C_S9,1.75732698613345,1.7552884518779,1.00116136709802,0.997679960221825,0.99883863290198
2,Nottingham_20B_S34,Nottingham_5C_S9,1.68597947021958,1.68542216194967,1.00033066390279,0.999338890799376,0.999669336097214
2,Nottingham_20C_S35,Nottingham_5C_S9,1.70572850584908,1.70572074962566,1.00000454718243,0.999990905676503,0.999995452817575
2,Nottingham_21A_S36,Nottingham_5C_S9,1.77077514506272,1.76698324846931,1.00214597201003,0.995717246648754,0.997854027989968
2,Nottingham_21B_S37,Nottingham_5C_S9,1.73580870664499,1.73508523863059,1.00041696396136,0.999166419650243,0.999583036038639
2,Nottingham_21C_S38,Nottingham_5C_S9,1.76950166319791,1.76705093357232,1.0013869037836,0.997230034108973,0.998613096216399
2,Nottingham_22A_S39,Nottingham_5C_S9,1.69214078381684,1.69210134371523,1.00002330835665,0.999953384373237,0.999976691643352
2,Nottingham_22B_S40,Nottingham_5C_S9,1.71932509210275,1.71926416857227,1.00003543581701,0.999929130877277,0.999964564182986
2,Nottingham_22C_S41,Nottingham_5C_S9,1.7728929923658,1.77055277780614,1.00132174233324,0.99736000472703,0.998678257666759
2,Nottingham_23a_S42,Nottingham_5C_S9,1.75163945597649,1.75013581496881,1.00085915675504,0.99828316152329,0.999140843244957
2,Nottingham_3A_S1,Nottingham_5C_S9,1.66290198078521,1.66229957432975,1.00036239343664,0.999275475689578,0.999637606563362
2,Nottingham_3B_S2,Nottingham_5C_S9,1.68571397895689,1.68564045555094,1.00004361749014,0.999912768824533,0.999956382509864
2,Nottingham_3c_S3,Nottingham_5C_S9,1.64706569372642,1.64544920581221,1.00098239915793,0.998037130005963,0.999017600842067
2,Nottingham_4a_S4,Nottingham_5C_S9,1.74736847108771,1.74590931779619,1.00083575548664,0.998329884834636,0.999164244513361
2,Nottingham_4b_S5,Nottingham_5C_S9,1.74279416885275,1.74150043048122,1.00074288719594,0.998515328551524,0.999257112804058
2,Nottingham_4c_S6,Nottingham_5C_S9,1.75569779602936,1.75340635991908,1.00130684829408,0.997389714658794,0.998693151705924
2,Nottingham_5A_S7,Nottingham_5C_S9,1.7064154573364,1.70632757182802,1.00005150564864,0.999896994008119,0.999948494351364
2,Nottingham_5B_S8,Nottingham_5C_S9,1.69121165890566,1.69112945268326,1.00004861024818,0.999902784229325,0.999951389751821
2,Nottingham_11A_S19,Nottingham_6A_S10,1.73304137595649,1.73205432885577,1.00056987075075,0.998860907633926,0.999430129249252
2,Nottingham_11B_S20,Nottingham_6A_S10,1.71688353839953,1.71679420069094,1.00005203751769,0.999895930380136,0.999947962482306
2,Nottingham_11C_S21,Nottingham_6A_S10,1.75341754474179,1.75149019898891,1.00110040339021,0.99780161233283,0.998899596609794
2,Nottingham_14A_S22,Nottingham_6A_S10,1.71952941327592,1.71885600021717,1.00039177979928,0.999216747264038,0.999608220200719
2,Nottingham_15A_S23,Nottingham_6A_S10,1.75477211483726,1.75225754715086,1.00143504457463,0.997134023654541,0.998564955425368
2,Nottingham_15B_S24,Nottingham_6A_S10,1.75183503395359,1.74910363329452,1.00156160024316,0.996881669099971,0.99843839975684
2,Nottingham_15C_S25,Nottingham_6A_S10,1.75873806336248,1.75500651364004,1.00212623126663,0.995756560001538,0.997873768733367
2,Nottingham_16A_S26,Nottingham_6A_S10,1.75710773986101,1.75450611262848,1.0014828259724,0.997038739089796,0.998517174027604
2,Nottingham_16B_S27,Nottingham_6A_S10,1.78372538573535,1.78003766030538,1.00207171202734,0.995865142180005,0.997928287972664
2,Nottingham_16C_S28,Nottingham_6A_S10,1.70862825628947,1.70851708469286,1.00006506905761,0.999869870352194,0.99993493094239
2,Nottingham_18A_S29,Nottingham_6A_S10,1.66919485330393,1.668410514985,1.00047011110988,0.99906021958146,0.999529888890122
2,Nottingham_18B_S30,Nottingham_6A_S10,1.7023108985573,1.70230780271004,1.00000181861779,0.999996362771038,0.999998181382212
2,Nottingham_18C_S31,Nottingham_6A_S10,1.70044575474395,1.70043635578868,1.00000552737846,0.999988945304192,0.999994472621544
2,Nottingham_19A_S32,Nottingham_6A_S10,1.72420284807467,1.723474371484,1.00042267909679,0.999154998970695,0.999577320903212
2,Nottingham_20A_S33,Nottingham_6A_S10,1.75426304819162,1.75215440347511,1.00120345827533,0.997595976591212,0.998796541724673
2,Nottingham_20B_S34,Nottingham_6A_S10,1.68305352517926,1.68253243389347,1.00030970653242,0.999380778712031,0.999690293467577
2,Nottingham_20C_S35,Nottingham_6A_S10,1.70276726994128,1.70276105794771,1.00000364818865,0.999992703649317,0.999996351811349
2,Nottingham_21A_S36,Nottingham_6A_S10,1.76768522195169,1.76380733686202,1.00219858768508,0.995612470997079,0.997801412314923
2,Nottingham_21B_S37,Nottingham_6A_S10,1.7327876112468,1.73202285733493,1.00044153800201,0.999117313735507,0.999558461997989
2,Nottingham_21C_S38,Nottingham_6A_S10,1.76640703759173,1.76387477886955,1.00143562272817,0.997132870659714,0.998564377271834
2,Nottingham_22A_S39,Nottingham_6A_S10,1.68921408242766,1.68918868658404,1.0000150343439,0.999969931764263,0.999984965656104
2,Nottingham_22B_S40,Nottingham_6A_S10,1.71633418877913,1.71625733183977,1.00004478171073,0.999910440589173,0.999955218289275
2,Nottingham_22C_S41,Nottingham_6A_S10,1.76979083613258,1.76736403333111,1.00137311994343,0.997257525859079,0.998626880056571
2,Nottingham_23a_S42,Nottingham_6A_S10,1.74858678620306,1.74702012318341,1.0008967630074,0.998208080911954,0.999103236992602
2,Nottingham_3A_S1,Nottingham_6A_S10,1.66004118516487,1.65948852558199,1.00033303007184,0.999334161600535,0.999666969928162
2,Nottingham_3B_S2,Nottingham_6A_S10,1.68280293507029,1.68274997954079,1.0000314696361,0.999937062708423,0.999968530363905
2,Nottingham_3c_S3,Nottingham_6A_S10,1.64423441786282,1.64269481097845,1.00093724462638,0.99812726595716,0.999062755373621
2,Nottingham_4a_S4,Nottingham_6A_S10,1.74432304714304,1.74280864301308,1.00086894458323,0.998263619651836,0.999131055416769
2,Nottingham_4b_S5,Nottingham_6A_S10,1.73976117262151,1.73841538215328,1.00077414781418,0.99845290205414,0.999225852185823
2,Nottingham_4c_S6,Nottingham_6A_S10,1.75264046096796,1.75027902283523,1.00134917810356,0.997305279450834,0.998650821896437
2,Nottingham_5A_S7,Nottingham_6A_S10,1.70345968158111,1.70336577574136,1.00005512957997,0.999889746918267,0.99994487042003
2,Nottingham_5B_S8,Nottingham_6A_S10,1.68828658244699,1.68822013759637,1.00003935793036,0.999921287237243,0.999960642069636
2,Nottingham_5C_S9,Nottingham_6A_S10,1.70319531811394,1.70319098213287,1.00000254579851,0.99999490841594,0.999997454201489
2,Nottingham_11A_S19,Nottingham_6B_S11,1.73707709891858,1.73630857307625,1.00044262054237,0.999115150567801,0.999557379457633
2,Nottingham_11B_S20,Nottingham_6B_S11,1.72101003955384,1.72097372132907,1.00002110330002,0.999957794290639,0.999978896699979
2,Nottingham_11C_S21,Nottingham_6B_S11,1.75745645478313,1.75584057494335,1.000920288472,0.998161115360345,0.999079711528005
2,Nottingham_14A_S22,Nottingham_6B_S11,1.72354358077207,1.72304557799884,1.00028902472435,0.9994221175736,0.999710975275645
2,Nottingham_15A_S23,Nottingham_6B_S11,1.7587689661822,1.75661174057879,1.00122806056317,0.997546891439533,0.998771939436826
2,Nottingham_15B_S24,Nottingham_6B_S11,1.75580222242013,1.75344214707197,1.00134596704665,0.997311684291056,0.99865403295335
2,Nottingham_15C_S25,Nottingham_6B_S11,1.76267006726434,1.75937439665275,1.00187320596336,0.996260592753238,0.998126794036642
2,Nottingham_16A_S26,Nottingham_6B_S11,1.7611095212734,1.75887150208941,1.00127241767312,0.997458398632268,0.998727582326885
2,Nottingham_16B_S27,Nottingham_6B_S11,1.78778421787634,1.78453118704784,1.00182290500279,0.996360823866798,0.998177094997209
2,Nottingham_16C_S28,Nottingham_6B_S11,1.71270472620861,1.71265635276358,1.0000282446884,0.999943512218671,0.999971755311595
2,Nottingham_18A_S29,Nottingham_6B_S11,1.67336300041285,1.67235750510649,1.00060124423354,0.998798234087753,0.999398755766464
2,Nottingham_18B_S30,Nottingham_6B_S11,1.70642424673675,1.70641700249908,1.00000424529154,0.999991509452962,0.999995754708458
2,Nottingham_18C_S31,Nottingham_6B_S11,1.70457868142999,1.70453651469408,1.00002473794814,0.999950525327614,0.999975262051856
2,Nottingham_19A_S32,Nottingham_6B_S11,1.7282302618921,1.72768652093879,1.00031472199773,0.999370754042092,0.999685278002273
2,Nottingham_20A_S33,Nottingham_6B_S11,1.75829044550966,1.75650808367685,1.00101471883299,0.997972619555133,0.998985281167007
2,Nottingham_20B_S34,Nottingham_6B_S11,1.68724885867275,1.68654660415269,1.00041638607455,0.999167574461297,0.999583613925447
2,Nottingham_20C_S35,Nottingham_6B_S11,1.70690321984298,1.70687244889565,1.00001802767826,0.99996394529347,0.999981972321743
2,Nottingham_21A_S36,Nottingham_6B_S11,1.77165078371052,1.76821919198376,1.00194070494332,0.996126108194336,0.998059295056679
2,Nottingham_21B_S37,Nottingham_6B_S11,1.73685110726229,1.73627694676727,1.00033068485767,0.999338848917305,0.999669315142327
2,Nottingham_21C_S38,Nottingham_6B_S11,1.77046019838991,1.76828697180847,1.00122900107058,0.99754501503799,0.998770998929422
2,Nottingham_22A_S39,Nottingham_6B_S11,1.69330344708708,1.69323471870752,1.00004058998956,0.999918823315832,0.999959410010436
2,Nottingham_22B_S40,Nottingham_6B_S11,1.7204647452343,1.72043423570157,1.00001773362335,0.999964533382257,0.999982266376653
2,Nottingham_22C_S41,Nottingham_6B_S11,1.7738722496997,1.77179372164184,1.00117312079418,0.997656507611286,0.998826879205817
2,Nottingham_23a_S42,Nottingham_6B_S11,1.7526359563044,1.75134829436327,1.00073524035469,0.998530599653054,0.999264759645311
2,Nottingham_3A_S1,Nottingham_6B_S11,1.66412633248755,1.66339336533888,1.00044064570891,0.999119096748411,0.999559354291087
2,Nottingham_3B_S2,Nottingham_6B_S11,1.6868705256449,1.68676518914249,1.00006244882399,0.999875110151238,0.999937551176007
2,Nottingham_3c_S3,Nottingham_6B_S11,1.64836044386098,1.64652092702258,1.00111721436892,0.99776806481222,0.998882785631079
2,Nottingham_4a_S4,Nottingham_6B_S11,1.74835602615209,1.74711594607957,1.00070978693504,0.998581433010243,0.999290213064964
2,Nottingham_4b_S5,Nottingham_6B_S11,1.7437893180503,1.74270097024664,1.00062451781588,0.998751743926407,0.999375482184125
2,Nottingham_4c_S6,Nottingham_6B_S11,1.75663939122585,1.75462337673548,1.00114897277507,0.997704691696615,0.998851027224932
2,Nottingham_5A_S7,Nottingham_6B_S11,1.70752039677046,1.70748009097092,1.0000236054287,0.999952790257007,0.9999763945713
2,Nottingham_5B_S8,Nottingham_6B_S11,1.69240023837614,1.69226152566237,1.00008196883973,0.999836075757224,0.999918031160272
2,Nottingham_5C_S9,Nottingham_6B_S11,1.70731688838574,1.70730445199209,1.00000728422727,0.999985431651575,0.999992715772728
2,Nottingham_6A_S10,Nottingham_6B_S11,1.70435323927865,1.70433926659827,1.00000819829752,0.999983603539384,0.99999180170248
2,Nottingham_11A_S19,Nottingham_6C_S12,1.82212509995467,1.82052955647667,1.00087641723383,0.998248700401484,0.999123582766167
2,Nottingham_11B_S20,Nottingham_6C_S12,1.80756064084425,1.80367818624472,1.00215252068198,0.99570420542271,0.997847479318018
2,Nottingham_11C_S21,Nottingham_6C_S12,1.84276254938781,1.84201406598495,1.00040633967823,0.999187650733289,0.999593660321775
2,Nottingham_14A_S22,Nottingham_6C_S12,1.80806831659969,1.80595409298882,1.00117069620932,0.997661345435401,0.998829303790684
2,Nottingham_15A_S23,Nottingham_6C_S12,1.8433236758649,1.84286280223736,1.00025008569655,0.999499953661342,0.999749914303453
2,Nottingham_15B_S24,Nottingham_6C_S12,1.83978066249692,1.83937461700565,1.00022075192705,0.999558593587218,0.999779248072951
2,Nottingham_15C_S25,Nottingham_6C_S12,1.84608228777324,1.84590365089935,1.00009677475517,0.999806469218546,0.999903225244826
2,Nottingham_16A_S26,Nottingham_6C_S12,1.84577226561538,1.84535008113946,1.00022878286361,0.999542538932041,0.999771217136394
2,Nottingham_16B_S27,Nottingham_6C_S12,1.87374781609021,1.87361529373743,1.00007073082357,0.999858548357845,0.999929269176427
2,Nottingham_16C_S28,Nottingham_6C_S12,1.79825140944869,1.7945443184934,1.00206575614605,0.995877004810547,0.997934243853947
2,Nottingham_18A_S29,Nottingham_6C_S12,1.76019936903787,1.75034941237406,1.00562742307004,0.988808135218001,0.994372576929965
2,Nottingham_18B_S30,Nottingham_6C_S12,1.79259581316054,1.78769524792172,1.00274127553033,0.994532437035901,0.997258724469669
2,Nottingham_18C_S31,Nottingham_6C_S12,1.79108463248924,1.78563146336684,1.00305391635076,0.993910763317948,0.996946083649241
2,Nottingham_19A_S32,Nottingham_6C_S12,1.81304471577279,1.81105306231843,1.00109972120409,0.997802973708215,0.998900278795908
2,Nottingham_20A_S33,Nottingham_6C_S12,1.84339338458527,1.84274871648465,1.00034984048278,0.999300563725567,0.999650159517222
2,Nottingham_20B_S34,Nottingham_6C_S12,1.77471609213664,1.765898967054,1.00499299520932,0.990063621869764,0.995007004790681
2,Nottingham_20C_S35,Nottingham_6C_S12,1.7934834075754,1.78819512062698,1.0029573321655,0.994102775720042,0.997042667834496
2,Nottingham_21A_S36,Nottingham_6C_S12,1.8557511786005,1.85564225480235,1.00005869870546,0.999882609479755,0.999941301294542
2,Nottingham_21B_S37,Nottingham_6C_S12,1.82239666754326,1.82049478767081,1.001044704926,0.997912770686738,0.998955295073996
2,Nottingham_21C_S38,Nottingham_6C_S12,1.85616352979671,1.85571690269828,1.00024067631102,0.999518763200263,0.999759323688983
2,Nottingham_22A_S39,Nottingham_6C_S12,1.77889384626186,1.77323260986749,1.00319260787495,0.993635104864442,0.996807392125054
2,Nottingham_22B_S40,Nottingham_6C_S12,1.80707255511876,1.80308561173648,1.00221117808069,0.995587400881064,0.997788821919307
2,Nottingham_22C_S41,Nottingham_6C_S12,1.86009643112914,1.85957937451463,1.00027805030621,0.999444053968537,0.999721949693786
2,Nottingham_23a_S42,Nottingham_6C_S12,1.83807611694282,1.83707063963979,1.00054732642356,0.998905945957562,0.999452673576438
2,Nottingham_3A_S1,Nottingham_6C_S12,1.74936069631762,1.74053212896627,1.00507233805365,0.98990652142816,0.994927661946353
2,Nottingham_3B_S2,Nottingham_6C_S12,1.7720093224171,1.76613860632846,1.00332404040521,0.993373944465902,0.99667595959479
2,Nottingham_3c_S3,Nottingham_6C_S12,1.73418770838099,1.7220671946442,1.00703835121794,0.986021681876517,0.992961648782064
2,Nottingham_4a_S4,Nottingham_6C_S12,1.83346422852319,1.83241438528312,1.00057292894473,0.998854798229782,0.99942707105527
2,Nottingham_4b_S5,Nottingham_6C_S12,1.82876157784053,1.82755838522895,1.0006583606966,0.998684144914065,0.999341639303397
2,Nottingham_4c_S6,Nottingham_6C_S12,1.84120419504909,1.84067450573512,1.00028776913698,0.999424627300546,0.99971223086302
2,Nottingham_5A_S7,Nottingham_6C_S12,1.79273398481178,1.78886205465869,1.0021644654729,0.99568041863891,0.997835534527098
2,Nottingham_5B_S8,Nottingham_6C_S12,1.77843290421532,1.77216531531482,1.00353668410409,0.992951559897879,0.996463315895905
2,Nottingham_5C_S9,Nottingham_6C_S12,1.79363505302953,1.7886692750116,1.00277624158211,0.994462889193042,0.997223758417888
2,Nottingham_6A_S10,Nottingham_6C_S12,1.79048953315301,1.78541500146519,1.00284221409793,0.994331682376392,0.997157785902065
2,Nottingham_6B_S11,Nottingham_6C_S12,1.79449592119728,1.78993575280852,1.00254767154721,0.994917605178266,0.997452328452793
2,Nottingham_11A_S19,Nottingham_7A_S13,1.65506902288391,1.6477426233009,1.00444632522058,0.991146714147013,0.99555367477942
2,Nottingham_11B_S20,Nottingham_7A_S13,1.63803750264694,1.63392605439282,1.00251630007555,0.994980031595768,0.997483699924447
2,Nottingham_11C_S21,Nottingham_7A_S13,1.67497582569258,1.66532277279442,1.00579650567197,0.988473800337779,0.99420349432803
2,Nottingham_14A_S22,Nottingham_7A_S13,1.6421237713629,1.63579350696754,1.00386984320967,0.992290149493299,0.996130156790334
2,Nottingham_15A_S23,Nottingham_7A_S13,1.67686218772924,1.66601646132777,1.0065099755334,0.987064260282278,0.993490024466604
2,Nottingham_15B_S24,Nottingham_7A_S13,1.67438875897283,1.66316510824334,1.00674836832126,0.986593733779749,0.993251631678741
2,Nottingham_15C_S25,Nottingham_7A_S13,1.68161306393748,1.66850130237161,1.00785840655157,0.984405732986916,0.992141593448427
2,Nottingham_16A_S26,Nottingham_7A_S13,1.67908813188924,1.66804900931862,1.00661798454898,0.986851050447011,0.993382015451017
2,Nottingham_16B_S27,Nottingham_7A_S13,1.7043850959375,1.69110977224563,1.00785006621672,0.984422154683815,0.992149933783285
2,Nottingham_16C_S28,Nottingham_7A_S13,1.63062826339029,1.62642696652281,1.00258314511131,0.994847020670739,0.997416854888688
2,Nottingham_18A_S29,Nottingham_7A_S13,1.59080066006508,1.59004081586329,1.00047787716781,0.999044702179394,0.999522122832188
2,Nottingham_18B_S30,Nottingham_7A_S13,1.62394110521487,1.62079904922527,1.00193858454637,0.996130332584709,0.998061415453629
2,Nottingham_18C_S31,Nottingham_7A_S13,1.62185814080072,1.61910243719454,1.00170199460076,0.996601794525855,0.998298005399243
2,Nottingham_19A_S32,Nottingham_7A_S13,1.64652196738795,1.63997576118238,1.00399164814537,0.992048443524925,0.996008351854634
2,Nottingham_20A_S33,Nottingham_7A_S13,1.67595885463189,1.6659232204055,1.00602406767819,0.988024008824974,0.993975932321811
2,Nottingham_20B_S34,Nottingham_7A_S13,1.60401066537171,1.60286210768231,1.00071656674887,0.998567892702721,0.999283433251125
2,Nottingham_20C_S35,Nottingham_7A_S13,1.62409571730806,1.62120993344439,1.00178001861705,0.996446288438648,0.998219981382954
2,Nottingham_21A_S36,Nottingham_7A_S13,1.68993275404627,1.67645394740037,1.00804006973577,0.98404811479791,0.991959930264234
2,Nottingham_21B_S37,Nottingham_7A_S13,1.65445548679245,1.64771414108029,1.00409133207278,0.991850677439213,0.995908667927224
2,Nottingham_21C_S38,Nottingham_7A_S13,1.68749457573871,1.67651487451801,1.00654912246088,0.986986978946704,0.99345087753912
2,Nottingham_22A_S39,Nottingham_7A_S13,1.6114479964672,1.60890178711196,1.00158257600038,0.996839849178097,0.998417423999624
2,Nottingham_22B_S40,Nottingham_7A_S13,1.63745559834505,1.63343975572081,1.00245851896905,0.995095021045701,0.997541481030949
2,Nottingham_22C_S41,Nottingham_7A_S13,1.69045354436828,1.67966675264405,1.00642198323403,0.987237990940162,0.993578016765974
2,Nottingham_23a_S42,Nottingham_7A_S13,1.67011414473583,1.66128119596066,1.00531694983164,0.989422341217807,0.994683050168363
2,Nottingham_3A_S1,Nottingham_7A_S13,1.58293216054876,1.58193528401749,1.00063016265036,0.998740468409049,0.999369837349642
2,Nottingham_3B_S2,Nottingham_7A_S13,1.60545218974524,1.60305953769528,1.001492553454,0.997019341883564,0.998507446545998
2,Nottingham_3c_S3,Nottingham_7A_S13,1.56691221767852,1.56666732004698,1.00015631757196,0.999687413718814,0.999843682428043
2,Nottingham_4a_S4,Nottingham_7A_S13,1.66615135555675,1.65747249717226,1.00523620053985,0.989582148877964,0.994763799460147
2,Nottingham_4b_S5,Nottingham_7A_S13,1.6617520124078,1.65349844237678,1.00499158016694,0.990066423907539,0.995008419833064
2,Nottingham_4c_S6,Nottingham_7A_S13,1.67475311109862,1.66422779955443,1.0063244416101,0.987430611145678,0.993675558389897
2,Nottingham_5A_S7,Nottingham_7A_S13,1.62577169655393,1.62175810494706,1.00247483986338,0.99506253969683,0.997525160136624
2,Nottingham_5B_S8,Nottingham_7A_S13,1.61021077762319,1.60802309613361,1.00136047889787,0.997282738980541,0.998639521102132
2,Nottingham_5C_S9,Nottingham_7A_S13,1.62470774475186,1.62159965795347,1.00191667948568,0.996173974293617,0.998083320514317
2,Nottingham_6A_S10,Nottingham_7A_S13,1.62192564145604,1.61892446532074,1.00185380862393,0.996299243246927,0.998146191376072
2,Nottingham_6B_S11,Nottingham_7A_S13,1.62605328000364,1.62264052690348,1.00210320957944,0.995802409254196,0.997896790420564
2,Nottingham_6C_S12,Nottingham_7A_S13,1.71170444435225,1.69596251498665,1.00928200312595,0.981606720228437,0.99071799687405
2,Nottingham_11A_S19,Nottingham_7B_S14,1.63715525566943,1.62767452104926,1.00582471157321,0.988418038439129,0.994175288426793
2,Nottingham_11B_S20,Nottingham_7B_S14,1.61997141373692,1.61419107381474,1.00358095148459,0.992863651946977,0.996419048515411
2,Nottingham_11C_S21,Nottingham_7B_S14,1.65693366515361,1.64482682692177,1.00736055494334,0.985386453922137,0.992639445056657
2,Nottingham_14A_S22,Nottingham_7B_S14,1.62434803445968,1.61601366251321,1.00515736477964,0.989738194315921,0.994842635220355
2,Nottingham_15A_S23,Nottingham_7B_S14,1.658927263858,1.64550354193038,1.00815782013563,0.983816382767259,0.991842179864365
2,Nottingham_15B_S24,Nottingham_7B_S14,1.65655295527537,1.6427219128509,1.00841958843811,0.983301418309115,0.991580411561889
2,Nottingham_15C_S25,Nottingham_7B_S14,1.66383311916704,1.64792752567532,1.00965187682341,0.980880782683684,0.990348123176593
2,Nottingham_16A_S26,Nottingham_7B_S14,1.66112576443175,1.64748631655144,1.00827894456135,0.98357806714897,0.991721055438653
2,Nottingham_16B_S27,Nottingham_7B_S14,1.6861081756133,1.66997819260092,1.00965879859021,0.98086720265559,0.990341201409787
2,Nottingham_16C_S28,Nottingham_7B_S14,1.61274681487739,1.60687163803335,1.00365628262083,0.992714074162359,0.996343717379171
2,Nottingham_18A_S29,Nottingham_7B_S14,1.57290307463631,1.57134564823044,1.00099114183288,0.998019679113119,0.999008858167123
2,Nottingham_18B_S30,Nottingham_7B_S14,1.605996245487,1.60137801299404,1.00288391151589,0.994248763026759,0.997116088484111
2,Nottingham_18C_S31,Nottingham_7B_S14,1.60387165109715,1.59972179550719,1.00259411080202,0.994825202394325,0.997405889197979
2,Nottingham_19A_S32,Nottingham_7B_S14,1.62868275739218,1.62009525928388,1.00530061307141,0.989454670568205,0.994699386928588
2,Nottingham_20A_S33,Nottingham_7B_S14,1.65794327885024,1.64541258287818,1.00761553430577,0.98488404744371,0.992384465694227
2,Nottingham_20B_S34,Nottingham_7B_S14,1.5859577013557,1.58386602855384,1.00132061220088,0.997362259031154,0.998679387799124
2,Nottingham_20C_S35,Nottingham_7B_S14,1.60608701766765,1.60177910824372,1.0026894528726,0.994635521766195,0.9973105471274
2,Nottingham_21A_S36,Nottingham_7B_S14,1.67200846823122,1.65568480071633,1.00985916371753,0.980474180813017,0.990140836282467
2,Nottingham_21B_S37,Nottingham_7B_S14,1.6364681055089,1.62764672837638,1.00541971238521,0.989219005121057,0.994580287614794
2,Nottingham_21C_S38,Nottingham_7B_S14,1.66933589712057,1.65574422753831,1.00820879780597,0.983716075829069,0.991791202194031
2,Nottingham_22A_S39,Nottingham_7B_S14,1.59364531634331,1.58976313623459,1.00244198649486,0.995127924552724,0.99755801350514
2,Nottingham_22B_S40,Nottingham_7B_S14,1.6193827351603,1.61371644977493,1.00351132653209,0.993001919481614,0.996488673467908
2,Nottingham_22C_S41,Nottingham_7B_S14,1.67219999987446,1.65881841946812,1.00806693502393,0.983995239316648,0.991933064976071
2,Nottingham_23a_S42,Nottingham_7B_S14,1.6520732748162,1.64088400346933,1.00681905078191,0.986454267474157,0.993180949218093
2,Nottingham_3A_S1,Nottingham_7B_S14,1.56531116524141,1.56342912562229,1.00120378953435,0.997595315665139,0.998796210465652
2,Nottingham_3B_S2,Nottingham_7B_S14,1.58774539650751,1.58405880639114,1.00232730634842,0.995356194860351,0.997672693651585
2,Nottingham_3c_S3,Nottingham_7B_S14,1.54927246754906,1.54851461063184,1.00048940895489,0.999021660898141,0.999510591045112
2,Nottingham_4a_S4,Nottingham_7B_S14,1.64817830613013,1.63716815225114,1.0067251209742,0.986639608302034,0.993274879025801
2,Nottingham_4b_S5,Nottingham_7B_S14,1.64381951402646,1.63329075300878,1.00644634826855,0.987189881945252,0.993553651731455
2,Nottingham_4c_S6,Nottingham_7B_S14,1.65682544809945,1.6437586319249,1.00794935212552,0.984226683396817,0.992050647874476
2,Nottingham_5A_S7,Nottingham_7B_S14,1.60796261208974,1.60231421622937,1.00352514869004,0.992974468662513,0.996474851309961
2,Nottingham_5B_S8,Nottingham_7B_S14,1.59234779979868,1.58890522023888,1.0021666361945,0.995676095938046,0.997833363805502
2,Nottingham_5C_S9,Nottingham_7B_S14,1.60673646840245,1.60215954564384,1.00285672096206,0.994302833291436,0.997143279037937
2,Nottingham_6A_S10,Nottingham_7B_S14,1.60399407923881,1.59954805854835,1.00277954805215,0.994456312840537,0.997220451947846
2,Nottingham_6B_S11,Nottingham_7B_S14,1.60811877029547,1.60317560001048,1.00308336172591,0.993852232339682,0.996916638274089
2,Nottingham_6C_S12,Nottingham_7B_S14,1.69353186634787,1.67471024666607,1.011238732025,0.977772346590221,0.988761267975002
2,Nottingham_7A_S13,Nottingham_7B_S14,1.52751863399618,1.52737423051031,1.00009454361805,0.999810930639193,0.999905456381946
2,Nottingham_11A_S19,Nottingham_7C_S15,1.6767046527574,1.67079848890465,1.00353493487813,0.992955033740692,0.996465065121873
2,Nottingham_11B_S20,Nottingham_7C_S15,1.65960974185063,1.65659422767388,1.00182030947976,0.996365996052313,0.998179690520239
2,Nottingham_11C_S21,Nottingham_7C_S15,1.69687968344134,1.68887675602634,1.00473860948494,0.990567478068012,0.995261390515059
2,Nottingham_14A_S22,Nottingham_7C_S15,1.66355220718784,1.65851388609853,1.00303785282206,0.993942695555281,0.996962147177939
2,Nottingham_15A_S23,Nottingham_7C_S15,1.69871519654656,1.68959021030957,1.00540070969949,0.989256602571714,0.994599290300508
2,Nottingham_15B_S24,Nottingham_7C_S15,1.69615541229097,1.68665766537821,1.00563110529642,0.988800852983238,0.994368894703578
2,Nottingham_15C_S25,Nottingham_7C_S15,1.70341174125172,1.69214592265078,1.00665771104616,0.98677264183624,0.993342288953841
2,Nottingham_16A_S26,Nottingham_7C_S15,1.70097777344497,1.69168072150837,1.00549574858801,0.989068579164602,0.994504251411991
2,Nottingham_16B_S27,Nottingham_7C_S15,1.72671139756932,1.71540417596331,1.00659157868708,0.986903171402088,0.993408421312917
2,Nottingham_16C_S28,Nottingham_7C_S15,1.65201228672407,1.64888611096681,1.00189593188788,0.996215311735408,0.998104068112121
2,Nottingham_18A_S29,Nottingham_7C_S15,1.61182046744168,1.6114996673916,1.00019906926236,0.999601940716645,0.999800930737639
2,Nottingham_18B_S30,Nottingham_7C_S15,1.64530437502401,1.64310196635484,1.00134039683128,0.99732279485473,0.998659603168718
2,Nottingham_18C_S31,Nottingham_7C_S15,1.64322863868994,1.64135836591076,1.00113946644318,0.997723660925636,0.998860533556824
2,Nottingham_19A_S32,Nottingham_7C_S15,1.66803035388934,1.66281327879483,1.0031374990572,0.993744628109013,0.996862500942801
2,Nottingham_20A_S33,Nottingham_7C_S15,1.69785398261968,1.68949431211981,1.00494803115933,0.990152662613566,0.99505196884067
2,Nottingham_20B_S34,Nottingham_7C_S15,1.62525280368493,1.62467079459417,1.00035823201396,0.999283792540522,0.999641767986041
2,Nottingham_20C_S35,Nottingham_7C_S15,1.64549871640127,1.64352423774775,1.00120136874661,0.997600145616838,0.998798631253393
2,Nottingham_21A_S36,Nottingham_7C_S15,1.71190149438475,1.70032611388863,1.00680774141006,0.98647658111861,0.993192258589943
2,Nottingham_21B_S37,Nottingham_7C_S15,1.67613115825725,1.67076920404571,1.00320927282988,0.993601987308545,0.996790727170125
2,Nottingham_21C_S38,Nottingham_7C_S15,1.70959066132768,1.70038878855802,1.0054116287002,0.989234998789111,0.9945883712998
2,Nottingham_22A_S39,Nottingham_7C_S15,1.63260284531334,1.63087626311904,1.00105868374772,0.997884871756458,0.998941316252281
2,Nottingham_22B_S40,Nottingham_7C_S15,1.65902482599979,1.65609434419707,1.00176951380396,0.996467223688528,0.99823048619604
2,Nottingham_22C_S41,Nottingham_7C_S15,1.71263390784588,1.70363115941272,1.00528444691999,0.9894866633296,0.994715553080007
2,Nottingham_23a_S42,Nottingham_7C_S15,1.69197043139091,1.68472018689921,1.00430353037144,0.991429821281525,0.99569646962856
2,Nottingham_3A_S1,Nottingham_7C_S15,1.60370693875738,1.60317445093099,1.00033214590345,0.999335928761641,0.99966785409655
2,Nottingham_3B_S2,Nottingham_7C_S15,1.62649209312969,1.6248736339977,1.00099605230716,0.998009877651633,0.999003947692838
2,Nottingham_3c_S3,Nottingham_7C_S15,1.58754834253819,1.58749578905294,1.00003310464545,0.99993379290086,0.999966895354549
2,Nottingham_4a_S4,Nottingham_7C_S15,1.68792852497204,1.68080338288788,1.00423912883369,0.991557531046192,0.995760871166311
2,Nottingham_4b_S5,Nottingham_7C_S15,1.6834613390943,1.67671679955638,1.00402246792047,0.991987295007853,0.995977532079533
2,Nottingham_4c_S6,Nottingham_7C_S15,1.6965811791249,1.68775060006009,1.00523215874697,0.98959014850163,0.994767841253029
2,Nottingham_5A_S7,Nottingham_7C_S15,1.64706575232548,1.64408760576722,1.00181142814276,0.996383694392226,0.998188571857238
2,Nottingham_5B_S8,Nottingham_7C_S15,1.63139223654549,1.62997341253504,1.00087045837653,0.998260597324573,0.999129541623472
2,Nottingham_5C_S9,Nottingham_7C_S15,1.64609239484987,1.64392476573653,1.00131856953464,0.997366333602993,0.998681430465359
2,Nottingham_6A_S10,Nottingham_7C_S15,1.64326111322246,1.64117546793879,1.00127082406751,0.997461577753067,0.998729175932491
2,Nottingham_6B_S11,Nottingham_7C_S15,1.64743019708229,1.64499450141125,1.00148067101072,0.997043036269032,0.998519328989278
2,Nottingham_6C_S12,Nottingham_7C_S15,1.73403629474197,1.72039755461276,1.00792766770253,0.984269371788161,0.992072332297473
2,Nottingham_7A_S13,Nottingham_7C_S15,1.56538870024535,1.56528530035915,1.00006605817238,0.999867892382023,0.999933941827618
2,Nottingham_7B_S14,Nottingham_7C_S15,1.54763927364815,1.54716441805787,1.00030691992702,0.999386348487835,0.999693080072979
2,Nottingham_11A_S19,Nottingham_9A_S16,1.73524143128069,1.73448879632555,1.00043392321514,0.99913252998509,0.999566076784856
2,Nottingham_11B_S20,Nottingham_9A_S16,1.71922809765267,1.7191859301474,1.00002452760026,0.999950946002655,0.999975472399739
2,Nottingham_11C_S21,Nottingham_9A_S16,1.75557599284346,1.75397964795557,1.00091012737221,0.998181400412852,0.999089872627794
2,Nottingham_14A_S22,Nottingham_9A_S16,1.72173466552665,1.7212534818727,1.00027955420803,0.999441047841371,0.999720445791971
2,Nottingham_15A_S23,Nottingham_9A_S16,1.75687675305191,1.7547491794598,1.0012124659279,0.997578004730941,0.9987875340721
2,Nottingham_15B_S24,Nottingham_9A_S16,1.75391139457644,1.75158629787096,1.00132742343801,0.997348672558175,0.998672576561993
2,Nottingham_15C_S25,Nottingham_9A_S16,1.76075796987649,1.75750597547329,1.0018503461431,0.996306142628531,0.998149653856895
2,Nottingham_16A_S26,Nottingham_9A_S16,1.7592124563288,1.75700414831881,1.00125685987258,0.997489435682379,0.998743140127415
2,Nottingham_16B_S27,Nottingham_9A_S16,1.78583841076296,1.78260898101408,1.00181163103253,0.996383290078862,0.998188368967467
2,Nottingham_16C_S28,Nottingham_9A_S16,1.71092858069667,1.71088579152174,1.00002500995399,0.999949981342982,0.999974990046009
2,Nottingham_18A_S29,Nottingham_9A_S16,1.67169158052334,1.67066924520645,1.00061193160754,0.998776885247503,0.999388068392463
2,Nottingham_18B_S30,Nottingham_9A_S16,1.70467176012005,1.70465931174357,1.00000730255975,0.999985394987159,0.999992697440253
2,Nottingham_18C_S31,Nottingham_9A_S16,1.70283394432459,1.70278269379712,1.00003009810216,0.999939805607419,0.999969901897841
2,Nottingham_19A_S32,Nottingham_9A_S16,1.72641083548279,1.72588476300423,1.00030481321224,0.999390559341093,0.999695186787764
2,Nottingham_20A_S33,Nottingham_9A_S16,1.75640381016556,1.75464574225271,1.00100195034844,0.997998105102404,0.998998049651557
2,Nottingham_20B_S34,Nottingham_9A_S16,1.68555275914601,1.68482958938168,1.00042922427817,0.99914191975254,0.999570775721833
2,Nottingham_20C_S35,Nottingham_9A_S16,1.70515151774247,1.70511382023547,1.00002210849889,0.999955783979766,0.999977891501108
2,Nottingham_21A_S36,Nottingham_9A_S16,1.76972564889759,1.76633194766001,1.00192132698617,0.996164714864482,0.998078673013826
2,Nottingham_21B_S37,Nottingham_9A_S16,1.73501949781601,1.73445723627454,1.00032417146396,0.999351867178236,0.999675828536035
2,Nottingham_21C_S38,Nottingham_9A_S16,1.76855474880678,1.76639958287451,1.00122008969724,0.99756279421519,0.998779910302761
2,Nottingham_22A_S39,Nottingham_9A_S16,1.69157188084833,1.69150406604594,1.00004009142145,0.999919820371619,0.999959908578552
2,Nottingham_22B_S40,Nottingham_9A_S16,1.71868164400901,1.71864756462512,1.00001982918697,0.999960342412433,0.999980170813028
2,Nottingham_22C_S41,Nottingham_9A_S16,1.77196000367296,1.76989884340607,1.00116456388147,0.997673581500018,0.99883543611853
2,Nottingham_23a_S42,Nottingham_9A_S16,1.7507659231046,1.74949687245773,1.00072538034612,0.998550290898258,0.999274619653884
2,Nottingham_3A_S1,Nottingham_9A_S16,1.66245938655306,1.6617231466537,1.00044305809956,0.999114276227965,0.999556941900437
2,Nottingham_3B_S2,Nottingham_9A_S16,1.68515109030921,1.6850477295016,1.00006133998806,0.999877327548612,0.999938660011943
2,Nottingham_3c_S3,Nottingham_9A_S16,1.64673764428651,1.64488440316384,1.00112666952103,0.997749196869217,0.998873330478966
2,Nottingham_4a_S4,Nottingham_9A_S16,1.74649529076859,1.74527345703149,1.00070008154434,0.998600816453898,0.99929991845566
2,Nottingham_4b_S5,Nottingham_9A_S16,1.74193654005736,1.74086777651631,1.00061392574179,0.998772901863552,0.999386074258209
2,Nottingham_4c_S6,Nottingham_9A_S16,1.75475163325677,1.75276502758219,1.00113341243311,0.997735741472551,0.998866587566892
2,Nottingham_5A_S7,Nottingham_9A_S16,1.70575320402997,1.70572021059907,1.00001934281525,0.999961315117778,0.999980657184752
2,Nottingham_5B_S8,Nottingham_9A_S16,1.6906749353896,1.69053286081186,1.00008404129907,0.999831931526556,0.999915958700932
2,Nottingham_5C_S9,Nottingham_9A_S16,1.70555972942392,1.70554493347328,1.00000867520424,0.999982649742043,0.999991324795763
2,Nottingham_6A_S10,Nottingham_9A_S16,1.70260499252263,1.70258585137158,1.00001124239993,0.999977515452924,0.999988757600072
2,Nottingham_6B_S11,Nottingham_9A_S16,1.70670007157436,1.70669639525394,1.00000215405648,0.999995691896322,0.999997845943521
2,Nottingham_6C_S12,Nottingham_9A_S16,1.79252963313904,1.78800189240707,1.0025322907941,0.99494821101055,0.997467709205899
2,Nottingham_7A_S13,Nottingham_9A_S16,1.62448046874809,1.62105110669904,1.00211551753975,0.995777896853765,0.997884482460252
2,Nottingham_7B_S14,Nottingham_9A_S16,1.6065842744534,1.60162406570033,1.00309698690179,0.993825149627138,0.996903013098207
2,Nottingham_7C_S15,Nottingham_9A_S16,1.64581665956832,1.6433610089563,1.00149428555177,0.997015888011894,0.998505714448233
2,Nottingham_11A_S19,Nottingham_9B_S17,1.69964834652498,1.69639699194634,1.00191662364061,0.99617408555684,0.998083376359386
2,Nottingham_11B_S20,Nottingham_9B_S17,1.68298810560835,1.6817560531058,1.0007325988215,0.998535874973273,0.999267401178502
2,Nottingham_11C_S21,Nottingham_9B_S17,1.71988239624017,1.71503655127954,1.00282550535557,0.994364911262276,0.997174494644434
2,Nottingham_14A_S22,Nottingham_9B_S17,1.68635871097354,1.68373450417909,1.00155856329364,0.996887724091702,0.998441436706356
2,Nottingham_15A_S23,Nottingham_9B_S17,1.72150444189528,1.7157722835999,1.00334086192566,0.993340524536707,0.996659138074344
2,Nottingham_15B_S24,Nottingham_9B_S17,1.71878359727807,1.71274822974384,1.0035237914303,0.992977164148195,0.996476208569702
2,Nottingham_15C_S25,Nottingham_9B_S17,1.72587498207075,1.71840787861213,1.00434536151257,0.991346877918521,0.995654638487432
2,Nottingham_16A_S26,Nottingham_9B_S17,1.72379460148392,1.7179281277031,1.00341485402458,0.993193535035123,0.996585145975422
2,Nottingham_16B_S27,Nottingham_9B_S17,1.7498773257556,1.74239878388365,1.00429209543827,0.991452495827135,0.995707904561733
2,Nottingham_16C_S28,Nottingham_9B_S17,1.67511291115921,1.67381256406001,1.00077687736795,0.998447451403976,0.999223122632055
2,Nottingham_18A_S29,Nottingham_9B_S17,1.6353107657041,1.63530042445089,1.00000632376355,0.999987352552884,0.999993676236452
2,Nottingham_18B_S30,Nottingham_9B_S17,1.66858687245281,1.66785253414201,1.00044028971133,0.999119808116765,0.999559710288668
2,Nottingham_18C_S31,Nottingham_9B_S17,1.66660703033913,1.66605603796848,1.00033071658941,0.999338785495777,0.999669283410586
2,Nottingham_19A_S32,Nottingham_9B_S17,1.69091376450869,1.68816582541856,1.00162776609309,0.99674975844682,0.998372233906912
2,Nottingham_20A_S33,Nottingham_9B_S17,1.72079778261396,1.71567339037163,1.00298681105104,0.994044166846202,0.99701318894896
2,Nottingham_20B_S34,Nottingham_9B_S17,1.64891130983903,1.64886511937175,1.00002801349046,0.999943974588557,0.999971986509545
2,Nottingham_20C_S35,Nottingham_9B_S17,1.66889390202248,1.66828762465086,1.00036341297667,0.999273438088689,0.999636587023331
2,Nottingham_21A_S36,Nottingham_9B_S17,1.73455281637746,1.72684458486822,1.00446376678989,0.991112139755604,0.995536233210106
2,Nottingham_21B_S37,Nottingham_9B_S17,1.6992151600162,1.69636680286764,1.00167909271966,0.996647443813374,0.998320907280345
2,Nottingham_21C_S38,Nottingham_9B_S17,1.73269639356927,1.7269092297816,1.00335116848522,0.993320048671938,0.996648831514782
2,Nottingham_22A_S39,Nottingham_9B_S17,1.65572984412028,1.65525714923086,1.00028557187603,0.999429019303965,0.999714428123968
2,Nottingham_22B_S40,Nottingham_9B_S17,1.68241750502248,1.68124087131691,1.00069986027918,0.998601258365344,0.999300139720816
2,Nottingham_22C_S41,Nottingham_9B_S17,1.7358808123315,1.73025362935192,1.00325223012634,0.993516625174253,0.996747769873662
2,Nottingham_23a_S42,Nottingham_9B_S17,1.71501302933534,1.7107503822369,1.00249168268071,0.995029020741501,0.997508317319288
2,Nottingham_3A_S1,Nottingham_9B_S17,1.62675473390085,1.6267281304542,1.00001635395992,0.999967292615056,0.99998364604008
2,Nottingham_3B_S2,Nottingham_9B_S17,1.64949739875451,1.64907404544744,1.00025672183019,0.999486688117988,0.999743278169811
2,Nottingham_3c_S3,Nottingham_9B_S17,1.61077427368916,1.61058770473495,1.00011583905283,0.999768348728602,0.999884160947169
2,Nottingham_4a_S4,Nottingham_9B_S17,1.71088199245495,1.7067117531149,1.00244343506303,0.995125041518425,0.99755656493697
2,Nottingham_4b_S5,Nottingham_9B_S17,1.70637925454444,1.70249837325563,1.00227952129046,0.995451326217809,0.99772047870954
2,Nottingham_4c_S6,Nottingham_9B_S17,1.71937382533893,1.71387525001254,1.00320827045396,0.993603979256451,0.996791729546038
2,Nottingham_5A_S7,Nottingham_9B_S17,1.67007723265016,1.66886810037634,1.00072452237151,0.998552004362209,0.999275477628488
2,Nottingham_5B_S8,Nottingham_9B_S17,1.65464457218554,1.65432711012447,1.00019189799836,0.99961627763883,0.999808102001639
2,Nottingham_5C_S9,Nottingham_9B_S17,1.66941393978123,1.66870031479254,1.00042765317557,0.999145059266981,0.999572346824431
2,Nottingham_6A_S10,Nottingham_9B_S17,1.66653441311023,1.66586759473603,1.00040028293744,0.999199754449763,0.999599717062562
2,Nottingham_6B_S11,Nottingham_9B_S17,1.67067330611364,1.66980254816975,1.00052147359869,0.998957596388578,0.999478526401308
2,Nottingham_6C_S12,Nottingham_9B_S17,1.75694798740949,1.74755079257617,1.0053773514757,0.989302819547687,0.994622648524298
2,Nottingham_7A_S13,Nottingham_9B_S17,1.58858340664315,1.58773101498198,1.00053686150433,0.998926853122591,0.999463138495672
2,Nottingham_7B_S14,Nottingham_9B_S17,1.57077992113659,1.56908980523735,1.00107713140038,0.997848055126633,0.998922868599619
2,Nottingham_7C_S15,Nottingham_9B_S17,1.60952390690023,1.60912714716526,1.00024656829367,0.999506984974532,0.999753431706329
2,Nottingham_9A_S16,Nottingham_9B_S17,1.66900116330645,1.66811944023729,1.00052857310328,0.9989434122773,0.999471426896724
2,Nottingham_11A_S19,Nottingham_9C_S18,1.72379166803246,1.72235296618967,1.00083531185014,0.998330770626793,0.999164688149859
2,Nottingham_11B_S20,Nottingham_9C_S18,1.70751940479079,1.70726256078779,1.00015044200517,0.999699161248439,0.999849557994827
2,Nottingham_11C_S21,Nottingham_9C_S18,1.74411747137498,1.74157051476562,1.00146244816834,0.997079374926113,0.998537551831662
2,Nottingham_14A_S22,Nottingham_9C_S18,1.7103461863531,1.70930151605483,1.00061116794695,0.998778410702332,0.999388832053055
2,Nottingham_15A_S23,Nottingham_9C_S18,1.74553776253258,1.74232919380123,1.00184153990117,0.996323690268721,0.998158460098831
2,Nottingham_15B_S24,Nottingham_9C_S18,1.74265762481068,1.73921088726542,1.00198178241092,0.996044274565256,0.998018217589083
2,Nottingham_15C_S25,Nottingham_9C_S18,1.74960275881647,1.74504707290093,1.00261063783681,0.994792319693621,0.997389362163186
2,Nottingham_16A_S26,Nottingham_9C_S18,1.74785977368294,1.74455233439917,1.0018958670477,0.996215440925437,0.998104132952299
2,Nottingham_16B_S27,Nottingham_9C_S18,1.77432369853578,1.7697929255637,1.0025600582456,0.994892957834215,0.997439941754404
2,Nottingham_16C_S28,Nottingham_9C_S18,1.6993653661661,1.6990768796203,1.00016979016621,0.999660477315189,0.999830209833788
2,Nottingham_18A_S29,Nottingham_9C_S18,1.65986722158727,1.65940714811163,1.00027725171376,0.999445650266897,0.999722748286242
2,Nottingham_18B_S30,Nottingham_9C_S18,1.69300024037091,1.69293590202989,1.00003800400295,0.999923994882593,0.999961995997047
2,Nottingham_18C_S31,Nottingham_9C_S18,1.69110818681143,1.69108499334478,1.00001371513954,0.999972570097135,0.999986284860465
2,Nottingham_19A_S32,Nottingham_9C_S18,1.7149850754957,1.71386861817806,1.00065142526434,0.998697997628561,0.999348574735661
2,Nottingham_20A_S33,Nottingham_9C_S18,1.74497920765021,1.74222721561159,1.00157958273982,0.996845816813686,0.998420417260184
2,Nottingham_20B_S34,Nottingham_9C_S18,1.67365236279782,1.67337642588686,1.00016489828988,0.999670257794161,0.999835101710118
2,Nottingham_20C_S35,Nottingham_9C_S18,1.69341820920839,1.69338417963747,1.00002009559988,0.999959809607894,0.999979904400122
2,Nottingham_21A_S36,Nottingham_9C_S18,1.75847676206478,1.75374804481131,1.00269634926605,0.99462180296552,0.997303650733947
2,Nottingham_21B_S37,Nottingham_9C_S18,1.72349307417856,1.72232184622692,1.00068002850583,0.99864086723737,0.999319971494174
2,Nottingham_21C_S38,Nottingham_9C_S18,1.75705276553949,1.75381471973154,1.00184628727968,0.99631423043012,0.998153712720324
2,Nottingham_22A_S39,Nottingham_9C_S18,1.67997344405966,1.67996028993565,1.0000078300208,0.999984340081021,0.999992169979202
2,Nottingham_22B_S40,Nottingham_9C_S18,1.70696388525421,1.70673163585679,1.00013607845108,0.999727880127497,0.999863921548923
2,Nottingham_22C_S41,Nottingham_9C_S18,1.76038324986432,1.75726424764336,1.0017749192958,0.996456450922032,0.998225080704199
2,Nottingham_23a_S42,Nottingham_9C_S18,1.73927968594153,1.73715086485349,1.00122546701677,0.997552065829039,0.998774532983227
2,Nottingham_3A_S1,Nottingham_9C_S18,1.65087080966531,1.65058093696967,1.00017561858928,0.999648824494393,0.999824381410723
2,Nottingham_3B_S2,Nottingham_9C_S18,1.67361174298089,1.67359161014442,1.00001202971881,0.999975940851808,0.999987970281192
2,Nottingham_3c_S3,Nottingham_9C_S18,1.63503282045614,1.63396612226683,1.00065282760442,0.998695196602833,0.999347172395578
2,Nottingham_4a_S4,Nottingham_9C_S18,1.73505391046978,1.73298677652278,1.00119281576467,0.997617210699302,0.99880718423533
2,Nottingham_4b_S5,Nottingham_9C_S18,1.73050966443335,1.72864283221515,1.00107994097069,0.997842448087328,0.998920059029311
2,Nottingham_4c_S6,Nottingham_9C_S18,1.74340786933099,1.74037301422987,1.00174379577039,0.996518479519906,0.998256204229609
2,Nottingham_5A_S7,Nottingham_9C_S18,1.69423427668645,1.69398225439922,1.00014877504565,0.999702494170144,0.99985122495435
2,Nottingham_5B_S8,Nottingham_9C_S18,1.67900578908245,1.67900229181683,1.00000208294273,0.99999583412322,0.999997917057271
2,Nottingham_5C_S9,Nottingham_9C_S18,1.69386843513134,1.6938093811987,1.00003486456817,0.999930273294656,0.999965135431832
2,Nottingham_6A_S10,Nottingham_9C_S18,1.69093621137784,1.69089084599396,1.00002682927995,0.999946342879676,0.999973170720047
2,Nottingham_6B_S11,Nottingham_9C_S18,1.69505268484269,1.69494504621179,1.00006350567597,0.999872996713483,0.999936494324027
2,Nottingham_6C_S12,Nottingham_9C_S18,1.78116163914787,1.77510845549404,1.00341003595307,0.993203105747632,0.996589964046931
2,Nottingham_7A_S13,Nottingham_9C_S18,1.61276934038651,1.61044591110108,1.00144272419795,0.997118708513054,0.998557275802052
2,Nottingham_7B_S14,Nottingham_9C_S18,1.59488347015059,1.59127072533299,1.00227035209037,0.995469581464453,0.99772964790963
2,Nottingham_7C_S15,Nottingham_9C_S18,1.63398991246076,1.6324628754246,1.00093541915051,0.998130910081491,0.999064580849494
2,Nottingham_9A_S16,Nottingham_9C_S18,1.69332307971762,1.69321089732846,1.00006625423291,0.999867500312843,0.999933745767089
2,Nottingham_9B_S17,Nottingham_9C_S18,1.65726035749837,1.65689157821695,1.00022257297114,0.99955495311313,0.999777427028861
