q,site1,site2,TD_gamma,TD_alpha,TD_beta,local_similarity,region_similarity
2,Nottingham_11A_S19,Nottingham_11B_S20,22.6334595200463,19.0170761804745,1.19016505509321,0.68043918903615,0.809834944906789
2,Nottingham_11A_S19,Nottingham_11C_S21,22.384071694543,18.0201268093243,1.24217059798717,0.610084800945077,0.75782940201283
2,Nottingham_11B_S20,Nottingham_11C_S21,23.7938089030481,20.7876505511345,1.14461270380311,0.747315920358715,0.855387296196895
2,Nottingham_11A_S19,Nottingham_14A_S22,28.5920920528467,18.9568620363757,1.50827135830721,0.326021334943786,0.491728641692794
2,Nottingham_11B_S20,Nottingham_14A_S22,30.5895025499969,22.04423904843,1.3876415730565,0.441294379495046,0.612358426943499
2,Nottingham_11C_S21,Nottingham_14A_S22,28.6576547562753,20.7157232392776,1.38337698497244,0.445737511702095,0.616623015027561
2,Nottingham_11A_S19,Nottingham_15A_S23,22.4429130908343,15.411622116057,1.45623302478015,0.373406567470168,0.543766975219855
2,Nottingham_11B_S20,Nottingham_15A_S23,24.1293399124391,17.3918863595716,1.38739061500132,0.441555087928929,0.612609384998679
2,Nottingham_11C_S21,Nottingham_15A_S23,23.583763268211,16.5543010482891,1.42463056576154,0.403872728878935,0.575369434238456
2,Nottingham_14A_S22,Nottingham_15A_S23,24.0957849637911,17.3415105619369,1.38948593190488,0.439381251782922,0.610514068095124
2,Nottingham_11A_S19,Nottingham_15B_S24,29.892344536384,20.2294537020971,1.4776644479176,0.353487256743914,0.522335552082402
2,Nottingham_11B_S20,Nottingham_15B_S24,31.223584883267,23.784124911797,1.3127909897488,0.523471760255375,0.687209010251201
2,Nottingham_11C_S21,Nottingham_15B_S24,27.2623597670015,22.2449428738341,1.22555314804019,0.63191617042333,0.774446851959812
2,Nottingham_14A_S22,Nottingham_15B_S24,30.7292871573309,23.6900138197199,1.2971409553063,0.541852480887654,0.7028590446937
2,Nottingham_15A_S23,Nottingham_15B_S24,21.3253355468854,18.4004052851679,1.15896009986667,0.725684948282591,0.841039900133331
2,Nottingham_11A_S19,Nottingham_15C_S25,20.4235511610312,12.3476944731929,1.65403761855066,0.209162341635545,0.345962381449338
2,Nottingham_11B_S20,Nottingham_15C_S25,19.0091736796415,13.5871858059194,1.39905157338468,0.429539866898161,0.600948426615319
2,Nottingham_11C_S21,Nottingham_15C_S25,19.328333740824,13.0705381100487,1.4787710787488,0.352474381425023,0.521228921251198
2,Nottingham_14A_S22,Nottingham_15C_S25,20.8891241593071,13.5564203847929,1.54090265471111,0.297940524591391,0.459097345288894
2,Nottingham_15A_S23,Nottingham_15C_S25,13.0675229071017,11.6413709634198,1.12250721570193,0.78172574039923,0.87749278429807
2,Nottingham_15B_S24,Nottingham_15C_S25,16.9004901575118,14.1950059190294,1.19059409019728,0.679833636389546,0.80940590980272
2,Nottingham_11A_S19,Nottingham_16A_S26,24.4174379172394,16.1458821282127,1.51230126191577,0.322487820625382,0.487698738084231
2,Nottingham_11B_S20,Nottingham_16A_S26,27.8264266807104,18.3327211520378,1.51785577547048,0.317648245848702,0.48214422452952
2,Nottingham_11C_S21,Nottingham_16A_S26,23.1039964562592,17.4044826756124,1.32747389778113,0.506620961318336,0.672526102218873
2,Nottingham_14A_S22,Nottingham_16A_S26,23.6366805223579,18.2767564264452,1.29326451427439,0.546474041408411,0.706735485725611
2,Nottingham_15A_S23,Nottingham_16A_S26,21.3494903855321,14.9590749256152,1.42719322496168,0.40135194381525,0.572806775038324
2,Nottingham_15B_S24,Nottingham_16A_S26,28.2892577352109,19.4568317182294,1.45394985909788,0.375563254458388,0.546050140902117
2,Nottingham_15C_S25,Nottingham_16A_S26,19.7562393388904,12.055493504049,1.63877483176072,0.220423917452512,0.361225168239279
2,Nottingham_11A_S19,Nottingham_16B_S27,22.5389798306394,12.2835802679794,1.83488684397607,0.089985470529695,0.165113156023933
2,Nottingham_11B_S20,Nottingham_16B_S27,23.6092374719996,13.5095941115879,1.74759043661784,0.144432904926316,0.252409563382163
2,Nottingham_11C_S21,Nottingham_16B_S27,22.9326455953316,12.998719423669,1.76422344754778,0.13364324841048,0.235776552452222
2,Nottingham_14A_S22,Nottingham_16B_S27,18.8089704311336,13.4791786751111,1.39540923705269,0.433271291957547,0.604590762947313
2,Nottingham_15A_S23,Nottingham_16B_S27,16.0198734265063,11.5843650664069,1.38288748107238,0.446249262773768,0.617112518927622
2,Nottingham_15B_S24,Nottingham_16B_S27,23.6175677447003,14.1103384788468,1.67377754829241,0.194901916351075,0.326222451707594
2,Nottingham_15C_S25,Nottingham_16B_S27,16.482795632973,9.76334352320751,1.68823268317799,0.184670821699252,0.311767316822013
2,Nottingham_16A_S26,Nottingham_16B_S27,14.3695621942058,11.9943703344172,1.19802555645403,0.669413468874311,0.801974443545969
2,Nottingham_11A_S19,Nottingham_16C_S28,24.8919756814799,16.6577236748075,1.49432036257905,0.338401088604721,0.505679637420951
2,Nottingham_11B_S20,Nottingham_16C_S28,26.5944364784868,18.9954480196161,1.40004260236576,0.42852795809245,0.599957397634239
2,Nottingham_11C_S21,Nottingham_16C_S28,21.1101417550626,18.0007057158586,1.17273967411536,0.705408322191083,0.827260325884637
2,Nottingham_14A_S22,Nottingham_16C_S28,24.5622542996152,18.9353705446364,1.29716259006998,0.541826765056577,0.702837409930025
2,Nottingham_15A_S23,Nottingham_16C_S28,22.9682667538501,15.3974144593317,1.49169633736332,0.340755453978752,0.508303662636679
2,Nottingham_15B_S24,Nottingham_16C_S28,26.2971683856804,20.2049817327206,1.30151903790608,0.53666595858456,0.69848096209392
2,Nottingham_15C_S25,Nottingham_16C_S28,19.7310235714106,12.3385727454753,1.5991333826391,0.250677411723678,0.4008666173609
2,Nottingham_16A_S26,Nottingham_16C_S28,18.5639858798227,16.130289108329,1.15087744275067,0.737804500903129,0.849122557249329
2,Nottingham_16B_S27,Nottingham_16C_S28,18.1907649764222,12.2745529870752,1.48199001589521,0.349536757028607,0.518009984104787
2,Nottingham_11A_S19,Nottingham_18A_S29,22.542787927294,14.6770941417574,1.53591628625984,0.302154302218036,0.464083713740159
2,Nottingham_11B_S20,Nottingham_18A_S29,22.297818406579,16.4621635017095,1.35448894091372,0.476571671859366,0.645511059086276
2,Nottingham_11C_S21,Nottingham_18A_S29,19.1169772290607,15.7097977475382,1.21688245363034,0.643544118853364,0.783117546369658
2,Nottingham_14A_S22,Nottingham_18A_S29,21.8041847489306,16.4170226623306,1.32814488944826,0.50585980181036,0.67185511055174
2,Nottingham_15A_S23,Nottingham_18A_S29,19.2107761576923,13.6897909214828,1.40329215163876,0.425219971240062,0.596707848361239
2,Nottingham_15B_S24,Nottingham_18A_S29,21.8778674077574,17.3629467885697,1.26003193318314,0.587261360073258,0.739968066816865
2,Nottingham_15C_S25,Nottingham_18A_S29,16.2049220349432,11.2173246172329,1.44463342088255,0.384434259300304,0.555366579117448
2,Nottingham_16A_S26,Nottingham_18A_S29,20.4067409853858,14.2660811463513,1.43043774783273,0.398173393445617,0.569562252167265
2,Nottingham_16B_S27,Nottingham_18A_S29,20.2628892116899,11.1643866116702,1.81495767895648,0.101954069336706,0.185042321043516
2,Nottingham_16C_S28,Nottingham_18A_S29,16.9279851920472,14.6642079380112,1.15437432854236,0.732540260597632,0.845625671457638
2,Nottingham_11A_S19,Nottingham_18B_S30,21.7750194133991,13.9282784790903,1.56336760828617,0.279289649727667,0.436632391713826
2,Nottingham_11B_S20,Nottingham_18B_S30,20.2114556940653,15.525934563592,1.30178673697754,0.536349959013685,0.698213263022462
2,Nottingham_11C_S21,Nottingham_18B_S30,20.4915890104624,14.8549678399043,1.37944351218431,0.449860021330677,0.620556487815695
2,Nottingham_14A_S22,Nottingham_18B_S30,20.9514518836978,15.485775919216,1.35294815016014,0.478253249958815,0.647051849839856
2,Nottingham_15A_S23,Nottingham_18B_S30,16.4709385112411,13.036086464179,1.26348797674061,0.582919692801002,0.736512023259394
2,Nottingham_15B_S24,Nottingham_18B_S30,21.1353301911766,16.324687760545,1.29468511135989,0.544777168171243,0.705314888640111
2,Nottingham_15C_S25,Nottingham_18B_S30,12.8974289485808,10.7746057069326,1.19702096757771,0.670814508827857,0.802979032422289
2,Nottingham_16A_S26,Nottingham_18B_S30,20.7256679867361,13.5576052596573,1.52871156740405,0.308291271319583,0.471288432595948
2,Nottingham_16B_S27,Nottingham_18B_S30,18.4695728657626,10.7257547955631,1.72198350771574,0.161451309515188,0.278016492284262
2,Nottingham_16C_S28,Nottingham_18B_S30,19.6168932185432,13.9166731042831,1.40959646544445,0.418845782483854,0.590403534555554
2,Nottingham_18A_S29,Nottingham_18B_S30,14.9286218416249,12.5066566806367,1.19365408540701,0.675527294256312,0.80634591459299
2,Nottingham_11A_S19,Nottingham_18C_S31,26.0856652139044,16.8687562707849,1.54638936001953,0.293335334365432,0.453610639980474
2,Nottingham_11B_S20,Nottingham_18C_S31,24.7094044425723,19.270357769909,1.28224938725095,0.559758982835517,0.717750612749054
2,Nottingham_11C_S21,Nottingham_18C_S31,22.900304893475,18.2473897860897,1.2549907226146,0.593637278714915,0.745009277385397
2,Nottingham_14A_S22,Nottingham_18C_S31,23.985000122914,19.208531610926,1.2486639066815,0.601712029392505,0.751336093318499
2,Nottingham_15A_S23,Nottingham_18C_S31,20.6014795385259,15.5775493164283,1.32251094957531,0.512274813786792,0.677489050424687
2,Nottingham_15B_S24,Nottingham_18C_S31,25.7903249528607,20.5163027098518,1.25706494574563,0.591007693571229,0.742935054254368
2,Nottingham_15C_S25,Nottingham_18C_S31,17.0706067196848,12.4539775336923,1.37069515931781,0.459113637634348,0.629304840682191
2,Nottingham_16A_S26,Nottingham_18C_S31,24.5011273024037,16.3280900536769,1.50055072098811,0.332843983229706,0.49944927901189
2,Nottingham_16B_S27,Nottingham_18C_S31,21.0920918840332,12.3887577642535,1.70251870973636,0.174730115188985,0.297481290263637
2,Nottingham_16C_S28,Nottingham_18C_S31,21.8729457786965,16.8517364874808,1.29796390982888,0.540874892479619,0.702036090171121
2,Nottingham_18A_S29,Nottingham_18C_S31,17.1474686543379,14.8275046741147,1.15646354738793,0.729410325571725,0.843536452612065
2,Nottingham_18B_S30,Nottingham_18C_S31,15.3716073877975,14.0636620490747,1.09300176114577,0.829823218128621,0.906998238854232
2,Nottingham_11A_S19,Nottingham_19A_S32,18.441528187727,12.4649092094725,1.47947553229771,0.351830399583486,0.520524467702293
2,Nottingham_11B_S20,Nottingham_19A_S32,19.64513574794,13.7292496417219,1.43089653554265,0.397725097741974,0.569103464457352
2,Nottingham_11C_S21,Nottingham_19A_S32,19.1167185782771,13.201951256228,1.44802220575226,0.381194288357602,0.551977794247738
2,Nottingham_14A_S22,Nottingham_19A_S32,18.4144519275504,13.6978382515415,1.34433270340874,0.487726955484104,0.655667296591259
2,Nottingham_15A_S23,Nottingham_19A_S32,17.5063086073295,11.7455026629611,1.49046908503413,0.341859432095639,0.509530914965873
2,Nottingham_15B_S24,Nottingham_19A_S32,22.0252249403707,14.3501370096727,1.53484422661084,0.303063832357954,0.46515577338916
2,Nottingham_15C_S25,Nottingham_19A_S32,16.0521099692286,9.87755269020093,1.62511003207841,0.230685898506287,0.374889967921589
2,Nottingham_16A_S26,Nottingham_19A_S32,16.9070789911613,12.1672011504372,1.3895618870864,0.439302573412947,0.610438112913604
2,Nottingham_16B_S27,Nottingham_19A_S32,15.1952012714733,9.83648194583101,1.54478007026826,0.294682679103109,0.45521992973174
2,Nottingham_16C_S28,Nottingham_19A_S32,17.4463293504286,12.4556135426721,1.40068004604178,0.427877840947223,0.599319953958216
2,Nottingham_18A_S29,Nottingham_19A_S32,16.0826377127613,11.3139768282225,1.42148405966711,0.40698025165922,0.57851594033289
2,Nottingham_18B_S30,Nottingham_19A_S32,15.5212407926127,10.8637489288164,1.42871865820115,0.399855729831463,0.571281341798849
2,Nottingham_18C_S31,Nottingham_19A_S32,16.9015651761382,12.5732285553395,1.3442502139962,0.487818249293322,0.6557497860038
2,Nottingham_11A_S19,Nottingham_20A_S33,26.2755085233492,16.458795772425,1.59644173769815,0.252786088444244,0.403558262301848
2,Nottingham_11B_S20,Nottingham_20A_S33,27.3167039759749,18.7372004533778,1.45788609370673,0.371849288249214,0.542113906293273
2,Nottingham_11C_S21,Nottingham_20A_S33,22.9382032915091,17.7686322309944,1.29093804144909,0.549261030184667,0.709061958550906
2,Nottingham_14A_S22,Nottingham_20A_S33,23.2221668087298,18.6787428953889,1.2432403475323,0.608699399090276,0.756759652467698
2,Nottingham_15A_S23,Nottingham_20A_S33,20.4008762111578,15.2272955574562,1.33975702607075,0.492807995092679,0.660242973929254
2,Nottingham_15B_S24,Nottingham_20A_S33,26.2855179842341,19.9130520307407,1.32001452834332,0.515134839091583,0.679985471656685
2,Nottingham_15C_S25,Nottingham_20A_S33,19.1444605513054,12.2290911541242,1.56548514603631,0.277559231439438,0.434514853963694
2,Nottingham_16A_S26,Nottingham_20A_S33,20.8994834638431,15.9436885466158,1.31083114191158,0.525749531006261,0.689168858088417
2,Nottingham_16B_S27,Nottingham_20A_S33,18.6147863841308,12.1661995693742,1.53004118319656,0.307154357650426,0.469958816803438
2,Nottingham_16C_S28,Nottingham_20A_S33,19.4603635066917,16.4425928011662,1.18353374933128,0.689854641770918,0.816466250668721
2,Nottingham_18A_S29,Nottingham_20A_S33,17.5853556873211,14.5098237771801,1.21196204429291,0.650216695661328,0.788037955707087
2,Nottingham_18B_S30,Nottingham_20A_S33,18.9644174252942,13.777553122066,1.37647209611705,0.452989861285153,0.623527903882948
2,Nottingham_18C_S31,Nottingham_20A_S33,20.5778273026764,16.6481760792265,1.23604094555158,0.618069374803355,0.763959054448415
2,Nottingham_19A_S32,Nottingham_20A_S33,15.9680617557869,12.3440544567163,1.29358322354929,0.546093025628823,0.706416776450715
2,Nottingham_11A_S19,Nottingham_20B_S34,27.11107337116,15.429172788016,1.757130712297,0.138219249144823,0.242869287703
2,Nottingham_11B_S20,Nottingham_20B_S34,26.935881204985,17.4142402941868,1.54677325854844,0.293014337393499,0.453226741451556
2,Nottingham_11C_S21,Nottingham_20B_S34,20.2085004006184,16.5745524651738,1.21924863088039,0.640354517811391,0.78075136911961
2,Nottingham_14A_S22,Nottingham_20B_S34,24.1228718932057,17.3637351045024,1.3892674443617,0.439607620632685,0.610732555638299
2,Nottingham_15A_S23,Nottingham_20B_S34,21.6734310663092,14.3418430489889,1.51120263917804,0.323449250384996,0.488797360821963
2,Nottingham_15B_S24,Nottingham_20B_S34,24.7884614391542,18.4254287674421,1.34533973412633,0.486613343282256,0.654660265873673
2,Nottingham_15C_S25,Nottingham_20B_S34,18.6556315650516,11.651382121723,1.60115180930078,0.249100796303255,0.398848190699221
2,Nottingham_16A_S26,Nottingham_20B_S34,19.7215869408249,14.9756094610692,1.31691381189483,0.51870227340263,0.683086188105171
2,Nottingham_16B_S27,Nottingham_20B_S34,19.8746721157594,11.5942783769994,1.71417931064917,0.166739084747552,0.285820689350831
2,Nottingham_16C_S28,Nottingham_20B_S34,18.0569529980055,15.4149327686096,1.17139356162331,0.707368100289376,0.828606438376688
2,Nottingham_18A_S29,Nottingham_20B_S34,16.5108033394037,13.7036372752829,1.20484824632538,0.659960087172576,0.795151753674622
2,Nottingham_18B_S30,Nottingham_20B_S34,18.9282777774423,13.0486414227394,1.45059375640874,0.378745766114032,0.54940624359126
2,Nottingham_18C_S31,Nottingham_20B_S34,20.3452405849165,15.5954801566099,1.30456006359596,0.533083876940933,0.695439936404043
2,Nottingham_19A_S32,Nottingham_20B_S34,16.5601946966329,11.755693799672,1.40869564815434,0.41975309047088,0.591304351845662
2,Nottingham_20A_S33,Nottingham_20B_S34,16.8536879870613,15.2444286864537,1.10556376586534,0.809031791517318,0.894436234134665
2,Nottingham_11A_S19,Nottingham_20C_S35,22.0806396741687,15.3225426018455,1.44105585136434,0.387871259886616,0.558944148635665
2,Nottingham_11B_S20,Nottingham_20C_S35,24.4967168170593,17.2785283816498,1.41775481545497,0.410681154595962,0.582245184545031
2,Nottingham_11C_S21,Nottingham_20C_S35,21.4227540220598,16.4515664433434,1.30217107871377,0.535896498312276,0.697828921286229
2,Nottingham_14A_S22,Nottingham_20C_S35,22.8793573287973,17.2288061905703,1.32797113599895,0.50605683044122,0.672028864001053
2,Nottingham_15A_S23,Nottingham_20C_S35,19.3992604441172,14.249667362812,1.36138338883224,0.469093876424883,0.638616611167759
2,Nottingham_15B_S24,Nottingham_20C_S35,25.4209906272934,18.2735672878466,1.39113454022743,0.437675467157208,0.608865459772569
2,Nottingham_15C_S25,Nottingham_20C_S35,19.2514265834145,11.5904725876754,1.6609699421476,0.20411570929095,0.339030057852404
2,Nottingham_16A_S26,Nottingham_20C_S35,20.8165073775493,14.8751358218307,1.39941628949694,0.429167299974019,0.600583710503061
2,Nottingham_16B_S27,Nottingham_20C_S35,19.6407192655815,11.5339628731692,1.70285958794532,0.174494957868611,0.297140412054679
2,Nottingham_16C_S28,Nottingham_20C_S35,18.4391129948386,15.308498636764,1.20450172367369,0.660437640471002,0.795498276326308
2,Nottingham_18A_S29,Nottingham_20C_S35,16.0545006037924,13.6194585424278,1.17879140009707,0.696653029395457,0.821208599902933
2,Nottingham_18B_S30,Nottingham_20C_S35,18.0315502254614,12.9722949811682,1.39000464078543,0.438844117002293,0.609995359214571
2,Nottingham_18C_S31,Nottingham_20C_S35,19.9663690534199,15.4865470139294,1.2892718457808,0.551263223923709,0.710728154219197
2,Nottingham_19A_S32,Nottingham_20C_S35,16.618922680512,11.6936916722356,1.4211870080319,0.407274333846931,0.578812991968104
2,Nottingham_20A_S33,Nottingham_20C_S35,16.4164960104882,15.1403281116941,1.08428931588401,0.844526152477511,0.915710684115993
2,Nottingham_20B_S34,Nottingham_20C_S35,17.483075274582,14.2646700554426,1.22562072635612,0.631826189775836,0.77437927364388
2,Nottingham_11A_S19,Nottingham_21A_S36,33.2942692479218,19.9273438906782,1.67078309234662,0.197043475697972,0.329216907653384
2,Nottingham_11B_S20,Nottingham_21A_S36,34.5773360424143,23.3676079478257,1.4797122632157,0.351614127772121,0.520287736784299
2,Nottingham_11C_S21,Nottingham_21A_S36,30.7411681355949,21.8801776736361,1.40497799396919,0.423509840428043,0.595022006030805
2,Nottingham_14A_S22,Nottingham_21A_S36,27.657282880432,23.2767579190044,1.18819308843055,0.683228104484049,0.811806911569452
2,Nottingham_15A_S23,Nottingham_21A_S36,26.1582114119844,18.1501183902256,1.44121436839065,0.387718609989522,0.55878563160935
2,Nottingham_15B_S24,Nottingham_21A_S36,33.0791280528349,25.2252392762004,1.31135041735935,0.525145356667804,0.688649582640649
2,Nottingham_15C_S25,Nottingham_21A_S36,21.7471597154792,14.045586611445,1.54832690987492,0.291716876613329,0.45167309012508
2,Nottingham_16A_S26,Nottingham_21A_S36,27.6722851663181,19.1771986365606,1.44297849184093,0.386022044894397,0.557021508159069
2,Nottingham_16B_S27,Nottingham_21A_S36,20.145949981234,13.9626870361172,1.44284190636963,0.3861532515591,0.557158093630365
2,Nottingham_16C_S28,Nottingham_21A_S36,27.3694312354795,19.9035969707296,1.37509975085053,0.454439940639188,0.624900249149475
2,Nottingham_18A_S29,Nottingham_21A_S36,25.1106303482649,17.1399167284957,1.46503805975426,0.365152247536469,0.534961940245737
2,Nottingham_18B_S30,Nottingham_21A_S36,24.3410141681686,16.127381887512,1.50929731421668,0.325119962224271,0.490702685783321
2,Nottingham_18C_S31,Nottingham_21A_S36,27.6216439046682,20.2056302478652,1.36702708927313,0.463028798546656,0.63297291072687
2,Nottingham_19A_S32,Nottingham_21A_S36,22.3606681157972,14.197451542559,1.57497759712493,0.269859332380941,0.425022402875072
2,Nottingham_20A_S33,Nottingham_21A_S36,27.1724068999802,19.6202503053628,1.38491642446341,0.444130464966437,0.61508357553659
2,Nottingham_20B_S34,Nottingham_21A_S36,25.5961920977329,18.1744653007233,1.40836011812211,0.420091334783588,0.59163988187789
2,Nottingham_20C_S35,Nottingham_21A_S36,27.5462961735941,18.0266959167468,1.52808347690625,0.308829020289647,0.471916523093754
2,Nottingham_11A_S19,Nottingham_21B_S37,25.1713081355418,15.413785342852,1.63303871019683,0.224710711088376,0.366961289803174
2,Nottingham_11B_S20,Nottingham_21B_S37,24.8181188770995,17.3946412641507,1.42676807760607,0.401769517689059,0.573231922393935
2,Nottingham_11C_S21,Nottingham_21B_S37,19.4354546926344,16.5567969734979,1.17386561686686,0.703772536875354,0.826134383133142
2,Nottingham_14A_S22,Nottingham_21B_S37,22.1231771371337,17.3442495291472,1.27553383615448,0.567970949347497,0.724466163845516
2,Nottingham_15A_S23,Nottingham_21B_S37,22.018425581372,14.3285470281248,1.53668236829269,0.301505139427139,0.463317631707313
2,Nottingham_15B_S24,Nottingham_21B_S37,23.6311588875425,18.4034889839532,1.28405863193374,0.55756127505493,0.715941368066263
2,Nottingham_15C_S25,Nottingham_21B_S37,17.9313065340768,11.6426052007985,1.54014554516089,0.298578570242252,0.459854454839112
2,Nottingham_16A_S26,Nottingham_21B_S37,19.5968016487377,14.9611129671705,1.30984918647024,0.526893340591036,0.690150813529757
2,Nottingham_16B_S27,Nottingham_21B_S37,18.9928068842694,11.5855872450282,1.63934779330413,0.219997372228727,0.36065220669587
2,Nottingham_16C_S28,Nottingham_21B_S37,17.5826799618927,15.3995736992173,1.14176407122142,0.751675368327596,0.858235928778578
2,Nottingham_18A_S29,Nottingham_21B_S37,16.2792671975698,13.6914977589609,1.18900557734199,0.682077896111284,0.810994422658009
2,Nottingham_18B_S30,Nottingham_21B_S37,18.3935587304361,13.0376341771369,1.41080494210303,0.417630418148867,0.589195057896974
2,Nottingham_18C_S31,Nottingham_21B_S37,19.9782352789874,15.5797593775058,1.28231988664935,0.559673230387094,0.717680113350653
2,Nottingham_19A_S32,Nottingham_21B_S37,16.9773937855833,11.7467590807153,1.44528321973123,0.383811818123734,0.554716780268768
2,Nottingham_20A_S33,Nottingham_21B_S37,18.5647202049018,15.2294073447656,1.21900477048325,0.640682668704525,0.780995229516754
2,Nottingham_20B_S34,Nottingham_21B_S37,15.8618073237811,14.3437163650197,1.10583665488977,0.808585373939664,0.894163345110231
2,Nottingham_20C_S35,Nottingham_21B_S37,19.0823243681061,14.2515166748944,1.33896797115788,0.493687708056596,0.661032028842123
2,Nottingham_21A_S36,Nottingham_21B_S37,21.1691620944907,18.1531187622433,1.16614463727966,0.715053121253924,0.833855362720343
2,Nottingham_11A_S19,Nottingham_21C_S38,18.7029463734514,12.6779380796255,1.47523566182332,0.355715599721944,0.524764338176681
2,Nottingham_11B_S20,Nottingham_21C_S38,18.8337199146107,13.9881349066412,1.34640679692537,0.485435163107589,0.653593203074632
2,Nottingham_11C_S21,Nottingham_21C_S38,20.4432708134884,13.4411591832631,1.5209455177753,0.314971494130452,0.4790544822247
2,Nottingham_14A_S22,Nottingham_21C_S38,17.3941270456298,13.9555291380535,1.2463968133032,0.604625411950152,0.753603186696803
2,Nottingham_15A_S23,Nottingham_21C_S38,17.4643070251782,11.9344650129927,1.46335064086788,0.366726431891841,0.536649359132117
2,Nottingham_15B_S24,Nottingham_21C_S38,22.4400314634416,14.6332086295559,1.5335004120776,0.304205714095881,0.466499587922395
2,Nottingham_15C_S25,Nottingham_21C_S38,15.8307968423814,10.0108498888295,1.58136392196292,0.264731016196095,0.418636078037084
2,Nottingham_16A_S26,Nottingham_21C_S38,19.9184545883543,12.3700928905629,1.61021059134891,0.242073559039597,0.389789408651086
2,Nottingham_16B_S27,Nottingham_21C_S38,16.1766279217492,9.96866553567304,1.62274758480569,0.232477569972462,0.377252415194308
2,Nottingham_16C_S28,Nottingham_21C_S38,21.0527544251726,12.6683220891038,1.66184237163344,0.203483575902677,0.338157628366559
2,Nottingham_18A_S29,Nottingham_21C_S38,17.8027936779078,11.489205840671,1.54952343310685,0.290719428482554,0.450476566893148
2,Nottingham_18B_S30,Nottingham_21C_S38,15.4224950754507,11.0252098034821,1.39883914685957,0.42975695560855,0.60116085314043
2,Nottingham_18C_S31,Nottingham_21C_S38,16.8546369932218,12.7900081244243,1.31779720773089,0.517684199258387,0.682202792269106
2,Nottingham_19A_S32,Nottingham_21C_S38,11.2535256347641,10.0877581212206,1.11556259572592,0.792817370950443,0.884437404274078
2,Nottingham_20A_S33,Nottingham_21C_S38,18.075352504031,12.5529378557638,1.4399300555552,0.388956354014606,0.5600699444448
2,Nottingham_20B_S34,Nottingham_21C_S38,19.2554706615216,11.9449868455409,1.61201271382812,0.240685003811479,0.387987286171875
2,Nottingham_20C_S35,Nottingham_21C_S38,18.618728374728,11.8809773314501,1.56710410728943,0.276239396410834,0.432895892710571
2,Nottingham_21A_S36,Nottingham_21C_S38,19.5586316350521,14.4744733016482,1.35124997141174,0.480111039640184,0.64875002858826
2,Nottingham_21B_S37,Nottingham_21C_S38,17.463947815498,11.9357621848205,1.4631615095103,0.366903097846917,0.536838490489701
2,Nottingham_11A_S19,Nottingham_22A_S39,22.8335420400226,13.6247069121683,1.67589234669186,0.193394076861749,0.324107653308142
2,Nottingham_11B_S20,Nottingham_22A_S39,22.2974892205556,15.1496665441683,1.47181386174726,0.358867484523963,0.528186138252739
2,Nottingham_11C_S21,Nottingham_22A_S39,17.3007879040552,14.5101574659011,1.19232254678918,0.6773984568067,0.807677453210823
2,Nottingham_14A_S22,Nottingham_22A_S39,20.9628678088809,15.1114283905884,1.38721947833448,0.441732927799737,0.612780521665516
2,Nottingham_15A_S23,Nottingham_22A_S39,20.1438540503939,12.7697887567669,1.57746180724558,0.267859539174655,0.42253819275442
2,Nottingham_15B_S24,Nottingham_22A_S39,20.9563634634285,15.9092265969408,1.3172458972618,0.518319399709245,0.682754102738202
2,Nottingham_15C_S25,Nottingham_22A_S39,16.2367144162118,10.5920407118375,1.53291654157503,0.304702471241552,0.467083458424967
2,Nottingham_16A_S26,Nottingham_22A_S39,18.0026260496877,13.26980965273,1.35666045865127,0.474208220079115,0.643339541348733
2,Nottingham_16B_S27,Nottingham_22A_S39,18.7670910124112,10.5448276087554,1.77974374818882,0.12375728361756,0.220256251811183
2,Nottingham_16C_S28,Nottingham_22A_S39,15.0892030824977,13.6136017088881,1.10839169568522,0.804416261675061,0.891608304314784
2,Nottingham_18A_S29,Nottingham_22A_S39,13.6360131680664,12.2613463318184,1.11211385756887,0.798377015436258,0.887886142431135
2,Nottingham_18B_S30,Nottingham_22A_S39,16.1889787997171,11.7343186398779,1.37962665720534,0.449667552851815,0.620373342794657
2,Nottingham_18C_S31,Nottingham_22A_S39,17.7284355778578,13.7542258935949,1.28894462800074,0.551657035184023,0.711055371999261
2,Nottingham_19A_S32,Nottingham_22A_S39,15.1910599501393,10.678176564927,1.42262678068417,0.405850098673218,0.577373219315832
2,Nottingham_20A_S33,Nottingham_22A_S39,16.4147453721634,13.4804461506861,1.21767077948886,0.642480080567872,0.782329220511144
2,Nottingham_20B_S34,Nottingham_22A_S39,14.3284146430396,12.7818357786954,1.12099817984847,0.784124217106534,0.879001820151531
2,Nottingham_20C_S35,Nottingham_22A_S39,16.0020153229649,12.7085707654772,1.25915145127368,0.588371278115052,0.740848548726319
2,Nottingham_21A_S36,Nottingham_22A_S39,21.9896221232696,15.7217780885164,1.39867272006157,0.429927081091535,0.601327279938428
2,Nottingham_21B_S37,Nottingham_22A_S39,13.8699895818095,12.7712738794344,1.08603023572647,0.841569354339521,0.913969764273526
2,Nottingham_21C_S38,Nottingham_22A_S39,17.9646000275558,10.834128875338,1.65814900618813,0.206164218376093,0.341850993811871
2,Nottingham_11A_S19,Nottingham_22B_S40,23.14432718176,13.9954799130885,1.65370014643911,0.209409096507959,0.346299853560893
2,Nottingham_11B_S20,Nottingham_22B_S40,22.1101784602426,15.609483241333,1.41645806708681,0.411972614278191,0.583541932913187
2,Nottingham_11C_S21,Nottingham_22B_S40,17.6805286904757,14.9314335145426,1.18411461788016,0.689025681973646,0.81588538211984
2,Nottingham_14A_S22,Nottingham_22B_S40,21.0812634443713,15.5688917929648,1.35406320017572,0.477035931366026,0.645936799824284
2,Nottingham_15A_S23,Nottingham_22B_S40,19.3450372268014,13.0949361190612,1.47729145456788,0.353828991439615,0.522708545432116
2,Nottingham_15B_S24,Nottingham_22B_S40,20.9727070023952,16.4170797021378,1.27749315852223,0.565566114118016,0.722506841477769
2,Nottingham_15C_S25,Nottingham_22B_S40,15.5115416728073,10.8147766701717,1.43429144640496,0.394416737973986,0.565708553595036
2,Nottingham_16A_S26,Nottingham_22B_S40,18.1297779398353,13.6212692515456,1.33099035082785,0.502640495294378,0.669009649172149
2,Nottingham_16B_S27,Nottingham_22B_S40,18.4424168433225,10.7655616499675,1.7130937932419,0.167478399542356,0.286906206758097
2,Nottingham_16C_S28,Nottingham_22B_S40,15.4100140365004,13.9837623275429,1.10199341747594,0.814892873480946,0.898006582524058
2,Nottingham_18A_S29,Nottingham_22B_S40,13.4583984945112,12.5608133934382,1.07145915419314,0.86661338621545,0.928540845806859
2,Nottingham_18B_S30,Nottingham_22B_S40,15.5314719993979,12.0083074419121,1.29339393370202,0.546319298309605,0.706606066297985
2,Nottingham_18C_S31,Nottingham_22B_S40,17.4381984590685,14.1321794481792,1.2339355386062,0.620830211486663,0.766064461393798
2,Nottingham_19A_S32,Nottingham_22B_S40,15.7593789625103,10.9045886068595,1.44520619077705,0.383885574780615,0.554793809222951
2,Nottingham_20A_S33,Nottingham_22B_S40,16.5303038867788,13.8433045473411,1.19410100603138,0.674900188424631,0.80589899396862
2,Nottingham_20B_S34,Nottingham_22B_S40,14.7300274074676,13.107604743901,1.12377720378863,0.779712200298539,0.876222796211371
2,Nottingham_20C_S35,Nottingham_22B_S40,15.905734767856,13.0305688018402,1.22064777138583,0.638474297732381,0.779352228614166
2,Nottingham_21A_S36,Nottingham_22B_S40,23.1017571580602,16.2175477954595,1.42449138731863,0.404009892797366,0.575508612681371
2,Nottingham_21B_S37,Nottingham_22B_S40,14.5598911524511,13.0964978382808,1.11173928574194,0.798982932104679,0.888260714258058
2,Nottingham_21C_S38,Nottingham_22B_S40,18.4593254431469,11.0672748002637,1.66791967998365,0.19909850816054,0.33208032001635
2,Nottingham_22A_S39,Nottingham_22B_S40,12.1938371036293,11.7819803339176,1.03495649780759,0.932448372696554,0.965043502192411
2,Nottingham_11A_S19,Nottingham_22C_S41,20.6343015832969,11.2041905132308,1.84165929336263,0.0859771985013909,0.15834070663737
2,Nottingham_11B_S20,Nottingham_22C_S41,19.5544989377177,12.2153369121805,1.60081535845475,0.249363325655858,0.399184641545251
2,Nottingham_11C_S21,Nottingham_22C_S41,14.7197513841704,11.7961411112912,1.24784463370659,0.602763634170717,0.752155366293411
2,Nottingham_14A_S22,Nottingham_22C_S41,18.8167825062635,12.1904647217769,1.54356564214073,0.295701294067582,0.456434357859272
2,Nottingham_15A_S23,Nottingham_22C_S41,17.9548678462389,10.6195355175958,1.69073946939478,0.182914361557976,0.309260530605217
2,Nottingham_15B_S24,Nottingham_22C_S41,17.9413529069314,12.7044055022814,1.41221507009592,0.416214882811124,0.587784929904078
2,Nottingham_15C_S25,Nottingham_22C_S41,14.5767737870629,9.06891620403598,1.60733360625558,0.244296760931395,0.392666393744417
2,Nottingham_16A_S26,Nottingham_22C_S41,14.5431390074046,10.9630758147263,1.32655645670801,0.507662934273604,0.673443543291986
2,Nottingham_16B_S27,Nottingham_22C_S41,16.1142197875347,9.03428301364183,1.783674450225,0.121280847941567,0.216325549774997
2,Nottingham_16C_S28,Nottingham_22C_S41,13.2033784182844,11.1966795430634,1.17922267646431,0.696032513550913,0.820777323535689
2,Nottingham_18A_S29,Nottingham_22C_S41,12.4492828920198,10.2655325404113,1.21272645554549,0.649176523571752,0.787273544454513
2,Nottingham_18B_S30,Nottingham_22C_S41,14.7945865317235,9.89350997895165,1.49538298977803,0.337450013589409,0.504617010221968
2,Nottingham_18C_S31,Nottingham_22C_S41,15.8676425464404,11.2916299234644,1.40525704915877,0.423227160608985,0.594742950841228
2,Nottingham_19A_S32,Nottingham_22C_S41,14.6917444780293,9.13198693887623,1.60882232709777,0.243145353165188,0.391177672902227
2,Nottingham_20A_S33,Nottingham_22C_S41,14.7070777476507,11.1064504637751,1.32419244074598,0.51035449112918,0.675807559254021
2,Nottingham_20B_S34,Nottingham_22C_S41,11.865365361768,10.6278656965981,1.11643915161311,0.79140976658716,0.883560848386895
2,Nottingham_20C_S35,Nottingham_22C_S41,15.1110810065688,10.5771640591354,1.42865147236868,0.399921561473659,0.571348527631323
2,Nottingham_21A_S36,Nottingham_22C_S41,18.7299110282438,12.5845868121187,1.48832149262201,0.343795685216207,0.511678507377991
2,Nottingham_21B_S37,Nottingham_22C_S41,11.8128999509986,10.6205625814363,1.11226687479309,0.798129608392815,0.887733125206909
2,Nottingham_21C_S38,Nottingham_22C_S41,17.2683335156713,9.24580487959735,1.8676939152996,0.0708392759737495,0.132306084700401
2,Nottingham_22A_S39,Nottingham_22C_S41,10.6707053445116,9.73936914467314,1.09562592669031,0.825440555282984,0.904374073309686
2,Nottingham_22B_S40,Nottingham_22C_S41,10.8687002789523,9.92736927126287,1.09482179840075,0.826781310822896,0.905178201599252
2,Nottingham_11A_S19,Nottingham_23a_S42,24.1043291183103,16.702825246065,1.44312885773555,0.385877629207865,0.556871142264448
2,Nottingham_11B_S20,Nottingham_23a_S42,25.0489377448362,19.0541191558899,1.3146206098482,0.521351472065349,0.685379390151804
2,Nottingham_11C_S21,Nottingham_23a_S42,20.2331980660578,18.0533843178172,1.12074266574435,0.784530973193278,0.879257334255647
2,Nottingham_14A_S22,Nottingham_23a_S42,27.7214849520322,18.9936705763376,1.45951172737342,0.370321294779357,0.540488272626581
2,Nottingham_15A_S23,Nottingham_23a_S42,21.5453073162501,15.4359416204154,1.39578833906411,0.432882009417719,0.604211660935892
2,Nottingham_15B_S24,Nottingham_23a_S42,25.8262035843354,20.2713755690265,1.27402324012961,0.569830076095423,0.725976759870392
2,Nottingham_15C_S25,Nottingham_23a_S42,17.0556645664879,12.3633005428867,1.37953975213366,0.44975887567336,0.62046024786634
2,Nottingham_16A_S26,Nottingham_23a_S42,21.019054685331,16.1725761630611,1.29967263554086,0.538849049605243,0.700327364459136
2,Nottingham_16B_S27,Nottingham_23a_S42,21.9455035663137,12.2990245910697,1.78432878183269,0.12086966279039,0.215671218167306
2,Nottingham_16C_S28,Nottingham_23a_S42,19.7720354960579,16.6861384835732,1.18493775630129,0.687852369767398,0.815062243698708
2,Nottingham_18A_S29,Nottingham_23a_S42,18.0401475616055,14.6991490631567,1.22729196663656,0.629604083110784,0.772708033363441
2,Nottingham_18B_S30,Nottingham_23a_S42,18.2192570048424,13.9481388311654,1.3062142000002,0.531142442028036,0.693785799999803
2,Nottingham_18C_S31,Nottingham_23a_S42,20.9942131986609,16.8978962301966,1.24241579618321,0.609767041069617,0.757584203816789
2,Nottingham_19A_S32,Nottingham_23a_S42,17.153367585528,12.4808131682739,1.37437900513819,0.455202671550489,0.625620994861809
2,Nottingham_20A_S33,Nottingham_23a_S42,20.7405864523085,16.4865354044875,1.25803183891887,0.589784883122481,0.741968161081127
2,Nottingham_20B_S34,Nottingham_23a_S42,17.7479489201601,15.4535477575555,1.14847083650955,0.741446048450326,0.851529163490448
2,Nottingham_20C_S35,Nottingham_23a_S42,20.6153861099795,15.3465815648913,1.34332105314852,0.488847357310695,0.656678946851476
2,Nottingham_21A_S36,Nottingham_23a_S42,30.0295154325406,19.9680217131132,1.5038803474868,0.329893035268589,0.4961196525132
2,Nottingham_21B_S37,Nottingham_23a_S42,18.3956550986617,15.4381116802114,1.19157416915446,0.678451960249526,0.808425830845542
2,Nottingham_21C_S38,Nottingham_23a_S42,19.9656725624485,12.6943906488039,1.57279487569021,0.271621640503066,0.42720512430979
2,Nottingham_22A_S39,Nottingham_23a_S42,15.9111533167049,13.6437103817953,1.16618961202335,0.714986979287165,0.833810387976648
2,Nottingham_22B_S40,Nottingham_23a_S42,16.0887798457207,14.0155325106871,1.14792497776682,0.742274137017914,0.852075022233177
2,Nottingham_22C_S41,Nottingham_23a_S42,13.2393188306455,11.2170384068541,1.18028648476016,0.694503856329775,0.819713515239843
2,Nottingham_11A_S19,Nottingham_3A_S1,25.9655997721323,16.6067468976797,1.56355726573759,0.279134473566292,0.436442734262413
2,Nottingham_11B_S20,Nottingham_3A_S1,28.6054318358605,18.9291876776466,1.5111811622873,0.32346805923178,0.488818837712699
2,Nottingham_11C_S21,Nottingham_3A_S1,30.370903056962,17.9411925581694,1.69280291477239,0.181472445815649,0.307197085227606
2,Nottingham_14A_S22,Nottingham_3A_S1,31.4537681977984,18.8695279406325,1.66690805921369,0.199826222535291,0.333091940786306
2,Nottingham_15A_S23,Nottingham_3A_S1,27.0393632007894,15.3538495078982,1.76108038488199,0.135666501750301,0.238919615118012
2,Nottingham_15B_S24,Nottingham_3A_S1,36.4156436946851,20.1300311414012,1.80902073319646,0.105570524040422,0.190979266803539
2,Nottingham_15C_S25,Nottingham_3A_S1,23.5771624016477,12.3105819227862,1.91519479335153,0.0442801990392108,0.0848052066484661
2,Nottingham_16A_S26,Nottingham_3A_S1,25.0292358464704,16.0824847542491,1.55630403068515,0.285095945629285,0.443695969314851
2,Nottingham_16B_S27,Nottingham_3A_S1,20.18664195088,12.2468515504081,1.64831278208866,0.213361943032254,0.351687217911338
2,Nottingham_16C_S28,Nottingham_3A_S1,27.3703844404815,16.5902514601651,1.6497871961857,0.212277561993443,0.350212803814298
2,Nottingham_18A_S29,Nottingham_3A_S1,25.0740521676453,14.6246878983618,1.71450169343128,0.166519699375359,0.28549830656872
2,Nottingham_18B_S30,Nottingham_3A_S1,24.2589560512438,13.8810746884658,1.74762809045335,0.144408247341219,0.25237190954665
2,Nottingham_18C_S31,Nottingham_3A_S1,30.4086617231109,16.7995671997432,1.81008601957173,0.104919864788088,0.189913980428274
2,Nottingham_19A_S32,Nottingham_3A_S1,17.5559596659665,12.4270897864675,1.41271689250078,0.415711817857308,0.587283107499224
2,Nottingham_20A_S33,Nottingham_3A_S1,29.3089645560825,16.3929222663896,1.7879035891102,0.118628550320971,0.212096410889803
2,Nottingham_20B_S34,Nottingham_3A_S1,28.519028141845,15.3712687698549,1.85534639780514,0.0779658194103166,0.144653602194857
2,Nottingham_20C_S35,Nottingham_3A_S1,27.0450374348379,15.2654346800991,1.77165197071626,0.128889890936889,0.228348029283743
2,Nottingham_21A_S36,Nottingham_3A_S1,34.6109812147632,19.8308616583135,1.74530899418854,0.145928890906725,0.254691005811464
2,Nottingham_21B_S37,Nottingham_3A_S1,26.0693629256481,15.355996545649,1.69766663128318,0.178087595730321,0.302333368716816
2,Nottingham_21C_S38,Nottingham_3A_S1,18.1329863460974,12.6388169494045,1.43470598701501,0.394013838445827,0.565294012984992
2,Nottingham_22A_S39,Nottingham_3A_S1,23.9163584149163,13.5795350066918,1.7612059914519,0.135585507718634,0.238794008548105
2,Nottingham_22B_S40,Nottingham_3A_S1,24.4220360176634,13.947820303355,1.75095717370183,0.142232391539109,0.24904282629817
2,Nottingham_22C_S41,Nottingham_3A_S1,19.6989520098492,11.1736250542439,1.76298666853576,0.134438527354882,0.237013331464237
2,Nottingham_23a_S42,Nottingham_3A_S1,29.2556505031681,16.6349879123675,1.75868180111015,0.13721538412322,0.241318198889845
2,Nottingham_11A_S19,Nottingham_3B_S2,26.1653466492467,16.6066594937254,1.57559361406387,0.269362849752533,0.424406385936135
2,Nottingham_11B_S20,Nottingham_3B_S2,28.639895132284,18.9290741175945,1.51301088232642,0.321867557835921,0.486989117673578
2,Nottingham_11C_S21,Nottingham_3B_S2,30.3258897020403,17.9410905430883,1.6903035871319,0.18321940225755,0.3096964128681
2,Nottingham_14A_S22,Nottingham_3B_S2,28.993234306881,18.8694150952721,1.53652003310614,0.301642645007962,0.463479966893858
2,Nottingham_15A_S23,Nottingham_3B_S2,23.8927770970076,15.3537747948114,1.55615002931279,0.285223122659468,0.443849970687215
2,Nottingham_15B_S24,Nottingham_3B_S2,35.6419947345356,20.1299027161698,1.77059945281829,0.129560950002876,0.22940054718171
2,Nottingham_15C_S25,Nottingham_3B_S2,22.6591752923801,12.310533891999,1.84063302949899,0.0865826962500986,0.15936697050101
2,Nottingham_16A_S26,Nottingham_3B_S2,23.6021111586494,16.0824027817233,1.46757368777455,0.362793580084436,0.532426312225448
2,Nottingham_16B_S27,Nottingham_3B_S2,16.3182378081459,12.2468040156317,1.33244867700321,0.500995899142754,0.667551322996794
2,Nottingham_16C_S28,Nottingham_3B_S2,26.9950103028142,16.5901642297602,1.62716956438498,0.229128201372141,0.372830435615021
2,Nottingham_18A_S29,Nottingham_3B_S2,26.0961788830415,14.6246201130755,1.78440046177401,0.120824637094994,0.215599538225986
2,Nottingham_18B_S30,Nottingham_3B_S2,23.8632748559951,13.8810136211958,1.71913056979908,0.163378765484778,0.280869430200917
2,Nottingham_18C_S31,Nottingham_3B_S2,29.9369849233815,16.799477754323,1.78201878422547,0.122322625162042,0.21798121577453
2,Nottingham_19A_S32,Nottingham_3B_S2,17.0714881996384,12.4270408422493,1.37373719265483,0.455882544851889,0.626262807345173
2,Nottingham_20A_S33,Nottingham_3B_S2,28.3877831064497,16.3928370987254,1.73171873394978,0.154921963244176,0.268281266050219
2,Nottingham_20B_S34,Nottingham_3B_S2,28.4920349537085,15.3711938871453,1.85359934712268,0.0789818215595406,0.146400652877324
2,Nottingham_20C_S35,Nottingham_3B_S2,26.848476670601,15.2653608250003,1.75878428151079,0.137149121142935,0.241215718489213
2,Nottingham_21A_S36,Nottingham_3B_S2,31.2562082171482,19.8307370219773,1.57614959960937,0.268915082994454,0.42385040039063
2,Nottingham_21B_S37,Nottingham_3B_S2,25.7789246796219,15.3559218116654,1.67876113175039,0.191354721153607,0.32123886824961
2,Nottingham_21C_S38,Nottingham_3B_S2,17.5337443610869,12.6387663232031,1.38729872146598,0.441650575361717,0.612701278534023
2,Nottingham_22A_S39,Nottingham_3B_S2,23.7655555557488,13.5794765637373,1.75010836715257,0.142786376853912,0.249891632847431
2,Nottingham_22B_S40,Nottingham_3B_S2,24.7800705434187,13.9477586474039,1.77663459555425,0.125723885488149,0.223365404445746
2,Nottingham_22C_S41,Nottingham_3B_S2,21.09366156224,11.1735854856257,1.88781493544538,0.0594258803912628,0.112185064554617
2,Nottingham_23a_S42,Nottingham_3B_S2,29.4231222868407,16.6349002108872,1.7687585686618,0.130736571647056,0.231241431338198
2,Nottingham_3A_S1,Nottingham_3B_S2,18.1320343342954,16.5395994839314,1.09628013374272,0.824351220496862,0.903719866257277
2,Nottingham_11A_S19,Nottingham_3c_S3,28.0060300339178,18.0178726357465,1.55434720846874,0.28671379798745,0.445652791531263
2,Nottingham_11B_S20,Nottingham_3c_S3,31.5747494250104,20.7846508765671,1.51913782976303,0.316536235762084,0.480862170236971
2,Nottingham_11C_S21,Nottingham_3c_S3,32.4212484123743,19.599537057932,1.65418439815921,0.20905504986362,0.345815601840795
2,Nottingham_14A_S22,Nottingham_3c_S3,33.3496162582007,20.7127442856469,1.6101012882832,0.242157878236674,0.389898711716796
2,Nottingham_15A_S23,Nottingham_3c_S3,27.6662223081981,16.5523986660352,1.67143281565396,0.196578158134032,0.328567184346036
2,Nottingham_15B_S24,Nottingham_3c_S3,38.7898200476218,22.2415079151148,1.74402833637287,0.146770358192391,0.255971663627127
2,Nottingham_15C_S25,Nottingham_3c_S3,24.2167064830287,13.0693521405306,1.85293855599224,0.0793666058338423,0.147061444007765
2,Nottingham_16A_S26,Nottingham_3c_S3,26.945465146421,17.4023798862888,1.54837817140465,0.291674112265252,0.451621828595346
2,Nottingham_16B_S27,Nottingham_3c_S3,20.2784281676775,12.9975464508532,1.56017354847356,0.281908670965966,0.439826451526437
2,Nottingham_16C_S28,Nottingham_3c_S3,28.9427903718598,17.9984563982058,1.60807069959316,0.243726411099959,0.391929300406841
2,Nottingham_18A_S29,Nottingham_3c_S3,27.7857287443774,15.7080845011609,1.768880778705,0.130658450290928,0.231119221295005
2,Nottingham_18B_S30,Nottingham_3c_S3,25.0791061010765,14.8534359602663,1.6884380266064,0.184526745124199,0.311561973393605
2,Nottingham_18C_S31,Nottingham_3c_S3,32.1126449087486,18.2450784000679,1.76007163162582,0.136317388487508,0.239928368374179
2,Nottingham_19A_S32,Nottingham_3c_S3,19.7856529887002,13.2007413200988,1.49882893005225,0.334375097717307,0.501171069947749
2,Nottingham_20A_S33,Nottingham_3c_S3,30.9902400746923,17.7664405344412,1.7443133876263,0.14658295589971,0.2556866123737
2,Nottingham_20B_S34,Nottingham_3c_S3,31.216682678115,16.5726454258484,1.88362701765321,0.0617813299852617,0.116372982346787
2,Nottingham_20C_S35,Nottingham_3c_S3,29.0669584390055,16.4496875985321,1.76702191241609,0.131847876897773,0.232978087583905
2,Nottingham_21A_S36,Nottingham_3c_S3,36.40909380154,21.8768544335276,1.66427462925113,0.201724742328097,0.335725370748872
2,Nottingham_21B_S37,Nottingham_3c_S3,28.2139636760614,16.5548940175817,1.7042672484703,0.173524869292151,0.295732751529703
2,Nottingham_21C_S38,Nottingham_3c_S3,19.9547633091965,13.4399050060006,1.48473990703707,0.347037276037913,0.515260092962929
2,Nottingham_22A_S39,Nottingham_3c_S3,25.6791555969484,14.5086958727404,1.76991480296969,0.129997894047928,0.230085197030312
2,Nottingham_22B_S40,Nottingham_3c_S3,26.6923349013793,14.9298858244919,1.78784588275896,0.118664656325772,0.212154117241039
2,Nottingham_22C_S41,Nottingham_3c_S3,21.9518606127751,11.7951751263595,1.86108814643351,0.0746401259030589,0.138911853566488
2,Nottingham_23a_S42,Nottingham_3c_S3,31.3674923972576,18.0511218165876,1.73770321401484,0.150944524858849,0.262296785985164
2,Nottingham_3A_S1,Nottingham_3c_S3,19.9068336878414,17.9389580882012,1.10969843342989,0.802291451217365,0.890301566570106
2,Nottingham_3B_S2,Nottingham_3c_S3,19.2584192640403,17.9388560985291,1.07355893587994,0.862962463593769,0.926441064120059
2,Nottingham_11A_S19,Nottingham_4a_S4,25.5723930768483,18.1138399793929,1.41175990877365,0.416671480448355,0.588240091226351
2,Nottingham_11B_S20,Nottingham_4a_S4,33.1105005552613,20.9124586483996,1.58329066476338,0.263191935953779,0.41670933523662
2,Nottingham_11C_S21,Nottingham_4a_S4,31.0813737876394,19.7131456501891,1.5766826025222,0.268486121937681,0.423317397477797
2,Nottingham_14A_S22,Nottingham_4a_S4,29.0603005559804,20.8396665594075,1.3944705148299,0.434236133880514,0.605529485170104
2,Nottingham_15A_S23,Nottingham_4a_S4,26.8349314247267,16.6333548867575,1.61332044000884,0.239679328670157,0.386679559991161
2,Nottingham_15B_S24,Nottingham_4a_S4,34.17436084347,22.3879235576223,1.52646406691142,0.310217543506749,0.473535933088582
2,Nottingham_15C_S25,Nottingham_4a_S4,21.2560687342249,13.1197706190902,1.62015551577524,0.234449397311721,0.379844484224764
2,Nottingham_16A_S26,Nottingham_4a_S4,26.7488958367757,17.4918864177669,1.52921732956179,0.307858576630904,0.470782670438206
2,Nottingham_16B_S27,Nottingham_4a_S4,20.1134110558286,13.0474113756196,1.54156333979111,0.297384251672078,0.458436660208889
2,Nottingham_16C_S28,Nottingham_4a_S4,28.6213884717715,18.0942164729543,1.58179761552827,0.264384255208312,0.418202384471726
2,Nottingham_18A_S29,Nottingham_4a_S4,27.145221644334,15.7809742534825,1.72012330850509,0.16270734203244,0.27987669149491
2,Nottingham_18B_S30,Nottingham_4a_S4,24.3508170727934,14.9185934345175,1.63224617519587,0.225305367776403,0.367753824804131
2,Nottingham_18C_S31,Nottingham_4a_S4,29.3316578399533,18.3434879138661,1.5990229326987,0.2507638002568,0.400977067301299
2,Nottingham_19A_S32,Nottingham_4a_S4,21.2548775262061,13.2521806262341,1.60387774100587,0.246977839311933,0.396122258994134
2,Nottingham_20A_S33,Nottingham_4a_S4,27.5511281315366,17.8597412605856,1.5426387050936,0.296479851955126,0.457361294906398
2,Nottingham_20B_S34,Nottingham_4a_S4,27.537300743765,16.6538003031929,1.6535145277613,0.209544861216194,0.346485472238702
2,Nottingham_20C_S35,Nottingham_4a_S4,27.9929806893733,16.5296398096771,1.69350215804371,0.180984618472734,0.306497841956293
2,Nottingham_21A_S36,Nottingham_4a_S4,32.6790367228852,22.0184931248205,1.48416317763578,0.347560719829966,0.515836822364222
2,Nottingham_21B_S37,Nottingham_4a_S4,26.395457269888,16.6358747089113,1.58665881606747,0.260510438505609,0.413341183932528
2,Nottingham_21C_S38,Nottingham_4a_S4,21.8885475632311,13.493228858685,1.62218752772005,0.232903080453934,0.377812472279951
2,Nottingham_22A_S39,Nottingham_4a_S4,24.26116375503,14.5708575787198,1.66504707248408,0.201167242086555,0.334952927515916
2,Nottingham_22B_S40,Nottingham_4a_S4,24.6039731701656,14.9957172354605,1.64073333631447,0.218967126304958,0.359266663685527
2,Nottingham_22C_S41,Nottingham_4a_S4,20.6493962918631,11.8362264431983,1.74459287264897,0.146399272492281,0.255407127351029
2,Nottingham_23a_S42,Nottingham_4a_S4,28.972683648145,18.1474446193675,1.59651588726848,0.25272790327308,0.403484112731523
2,Nottingham_3A_S1,Nottingham_4a_S4,32.5651371116781,18.034084419515,1.80575494458919,0.107569997796681,0.194245055410806
2,Nottingham_3B_S2,Nottingham_4a_S4,30.0478230811909,18.0339813453207,1.66617800616654,0.200351938747233,0.333821993833465
2,Nottingham_3c_S3,Nottingham_4a_S4,33.6954694225647,19.7104480447623,1.70952326126948,0.169916809739587,0.290476738730524
2,Nottingham_11A_S19,Nottingham_4b_S5,31.9503346952389,21.6537490690843,1.47551052675933,0.355463050739874,0.52448947324067
2,Nottingham_11B_S20,Nottingham_4b_S5,37.3747988315568,25.7776082169292,1.4498939745314,0.379411208772273,0.550106025468596
2,Nottingham_11C_S21,Nottingham_4b_S5,34.9985814614214,23.9793519772768,1.45952991117469,0.370304222398786,0.540470088825312
2,Nottingham_14A_S22,Nottingham_4b_S5,35.7152808700369,25.6670966627074,1.39148113786975,0.437317363181686,0.608518862130251
2,Nottingham_15A_S23,Nottingham_4b_S5,28.6029917422245,19.5713344821279,1.46147375736408,0.368481637061492,0.538526242635925
2,Nottingham_15B_S24,Nottingham_4b_S5,39.7684936173355,28.0568563169398,1.41742514443162,0.411009257072263,0.582574855568384
2,Nottingham_15C_S25,Nottingham_4b_S5,24.4774263335023,14.881878432504,1.6447806938162,0.215967580066629,0.355219306183797
2,Nottingham_16A_S26,Nottingham_4b_S5,29.1072774951689,20.7708751671861,1.40135055749373,0.427194636848711,0.598649442506271
2,Nottingham_16B_S27,Nottingham_4b_S5,20.5920502302372,14.7888457695689,1.39240415047194,0.436364578001378,0.607595849528057
2,Nottingham_16C_S28,Nottingham_4b_S5,32.4723755380655,21.6257121801042,1.50156329038451,0.331945188595987,0.498436709615495
2,Nottingham_18A_S29,Nottingham_4b_S5,29.0738614040198,18.4018313376755,1.57994391267431,0.265867720971611,0.420056087325689
2,Nottingham_18B_S30,Nottingham_4b_S5,27.2653912879421,17.2397678451621,1.58154051335403,0.264589799067824,0.418459486645967
2,Nottingham_18C_S31,Nottingham_4b_S5,32.9544567484689,21.9827408426743,1.49910591151107,0.334128552654453,0.500894088488929
2,Nottingham_19A_S32,Nottingham_4b_S5,23.3597565278695,15.0524760325211,1.55188797360649,0.288752818511842,0.448112026393507
2,Nottingham_20A_S33,Nottingham_4b_S5,32.2942237756871,21.291623932402,1.51675719420073,0.318602613290337,0.483242805799272
2,Nottingham_20B_S34,Nottingham_4b_S5,30.9666011292556,19.5996465397173,1.57995712149727,0.265857138011866,0.42004287850273
2,Nottingham_20C_S35,Nottingham_4b_S5,30.6270007760921,19.4279028261742,1.57644399656096,0.268678116294034,0.423556003439038
2,Nottingham_21A_S36,Nottingham_4b_S5,38.8538776617929,27.479063426058,1.41394475711819,0.414482418730609,0.58605524288181
2,Nottingham_21B_S37,Nottingham_4b_S5,30.1266189839753,19.5748231745526,1.53904935515025,0.299503484607062,0.460950644849751
2,Nottingham_21C_S38,Nottingham_4b_S5,24.3537966269941,15.3642354757048,1.5850965487677,0.261752794525264,0.414903451232298
2,Nottingham_22A_S39,Nottingham_4b_S5,27.3371153389234,16.7770839603767,1.62943187287414,0.227421675796861,0.370568127125855
2,Nottingham_22B_S40,Nottingham_4b_S5,27.2245899531374,17.342840854477,1.56978837444094,0.274057084740658,0.43021162555906
2,Nottingham_22C_S41,Nottingham_4b_S5,22.0326540575214,13.2518152503208,1.6626140374986,0.202925005378275,0.337385962501398
2,Nottingham_23a_S42,Nottingham_4b_S5,33.8084748896189,21.701788944854,1.5578658043136,0.283807626088314,0.442134195686404
2,Nottingham_3A_S1,Nottingham_4b_S5,35.466160153424,21.5398729703092,1.64653525126685,0.214671838007232,0.353464748733154
2,Nottingham_3B_S2,Nottingham_4b_S5,31.9465355484439,21.5397259262291,1.48314494148425,0.348485872188935,0.516855058515747
2,Nottingham_3c_S3,Nottingham_4b_S5,38.6981042631567,23.9753605466187,1.61407809437987,0.239097418497832,0.385921905620127
2,Nottingham_4a_S4,Nottingham_4b_S5,29.2307857414014,24.1455811967109,1.21060601123088,0.652065148732004,0.789393988769121
2,Nottingham_11A_S19,Nottingham_4c_S6,25.5510794493183,16.3918167342157,1.55877044403405,0.283062562325763,0.441229555965947
2,Nottingham_11B_S20,Nottingham_4c_S6,26.3756228914207,18.6504428369225,1.41420893444978,0.414218190311552,0.585791065550217
2,Nottingham_11C_S21,Nottingham_4c_S6,21.5235765908571,17.6905935064494,1.21666786267009,0.643834000522393,0.783332137329912
2,Nottingham_14A_S22,Nottingham_4c_S6,24.7194121372142,18.592524533294,1.32953500171258,0.504285330904257,0.67046499828742
2,Nottingham_15A_S23,Nottingham_4c_S6,21.8535664417442,15.1699472495006,1.44058288946678,0.388326915877974,0.559417110533216
2,Nottingham_15B_S24,Nottingham_4c_S6,26.6806135617735,19.8150922761695,1.34647940014192,0.485355067288215,0.653520599858078
2,Nottingham_15C_S25,Nottingham_4c_S6,19.1151328575941,12.1920754865854,1.56783255472999,0.275646429184163,0.432167445270006
2,Nottingham_16A_S26,Nottingham_4c_S6,18.8711803638093,15.8808283529829,1.18829949826041,0.683077374793028,0.811700501739592
2,Nottingham_16B_S27,Nottingham_4c_S6,17.1461041696909,12.1295630797646,1.41357970249525,0.414847706478528,0.586420297504753
2,Nottingham_16C_S28,Nottingham_4c_S6,19.0770025380305,16.3757453061581,1.16495476580578,0.71680485689643,0.835045234194223
2,Nottingham_18A_S29,Nottingham_4c_S6,17.9036958972859,14.4577431263311,1.23834652067368,0.615056825057313,0.761653479326322
2,Nottingham_18B_S30,Nottingham_4c_S6,19.039155597658,13.7305880500704,1.38662346639701,0.442352627420029,0.613376533602987
2,Nottingham_18C_S31,Nottingham_4c_S6,21.2062269731116,16.5796500164201,1.27905154524428,0.563658640213774,0.720948454755718
2,Nottingham_19A_S32,Nottingham_4c_S6,14.7307425876317,12.3063406369012,1.19700429414905,0.67083778209986,0.802995705850954
2,Nottingham_20A_S33,Nottingham_4c_S6,19.808672908443,16.183456346825,1.22400755956741,0.63397683647219,0.775992440432591
2,Nottingham_20B_S34,Nottingham_4c_S6,17.4480030398198,15.1869514975245,1.14888119861738,0.740824031594308,0.851118801382625
2,Nottingham_20C_S35,Nottingham_4c_S6,20.4580801314367,15.0836317788126,1.35630996774752,0.474589177665256,0.643690032252484
2,Nottingham_21A_S36,Nottingham_4c_S6,27.0155548552345,19.5251432941075,1.38362901866065,0.445474164697703,0.616370981339354
2,Nottingham_21B_S37,Nottingham_4c_S6,17.5293801615718,15.1720431590451,1.15537373429639,0.731041602064795,0.844626265703615
2,Nottingham_21C_S38,Nottingham_4c_S6,17.0395372293935,12.5139388828816,1.36164459398972,0.468812059202501,0.638355406010276
2,Nottingham_22A_S39,Nottingham_4c_S6,15.6564321216975,13.4354814960766,1.16530487770532,0.716289048698003,0.834695122294684
2,Nottingham_22B_S40,Nottingham_4c_S6,16.0485513151905,13.7958909086868,1.16328488108624,0.719269314436945,0.836715118913762
2,Nottingham_22C_S41,Nottingham_4c_S6,13.0522107969853,11.0759105024675,1.17843230983833,0.697170031152989,0.821567690161674
2,Nottingham_23a_S42,Nottingham_4c_S6,18.9706944058697,16.419330864197,1.15538779032927,0.731020542834394,0.844612209670732
2,Nottingham_3A_S1,Nottingham_4c_S6,24.4444741439474,16.3264772172621,1.49722893791822,0.335801058441231,0.502771062081779
2,Nottingham_3B_S2,Nottingham_4c_S6,23.1069623574989,16.3263927386131,1.4153133963787,0.413114583043809,0.584686603621303
2,Nottingham_3c_S3,Nottingham_4c_S6,27.1587846726598,17.6884210180326,1.53539904126958,0.302592971756877,0.464600958730422
2,Nottingham_4a_S4,Nottingham_4c_S6,25.7595825626246,17.780901969378,1.44872192687341,0.380527182546575,0.551278073126586
2,Nottingham_4b_S5,Nottingham_4c_S6,27.3029257289382,21.1796693887445,1.28911010024773,0.55145786198996,0.710889899752274
2,Nottingham_11A_S19,Nottingham_5A_S7,28.133321062601,18.1861760983758,1.54696187425093,0.29285668463448,0.453038125749069
2,Nottingham_11B_S20,Nottingham_5A_S7,30.4264171721907,21.0089331133791,1.44826093776339,0.380966611644367,0.551739062236612
2,Nottingham_11C_S21,Nottingham_5A_S7,29.3472822905205,19.7988492699736,1.48227212048267,0.349279914506349,0.517727879517331
2,Nottingham_14A_S22,Nottingham_5A_S7,26.3999620778303,20.935469038228,1.26101603119682,0.586022659919567,0.738983968803177
2,Nottingham_15A_S23,Nottingham_5A_S7,25.6652783231219,16.6943299319808,1.53736498725569,0.300927246671685,0.462635012744307
2,Nottingham_15B_S24,Nottingham_5A_S7,33.1691603303745,22.4985276505573,1.47428137723282,0.356593138111757,0.525718622767176
2,Nottingham_15C_S25,Nottingham_5A_S7,21.3649380047021,13.1576766871347,1.62376219698362,0.23170745304657,0.376237803016378
2,Nottingham_16A_S26,Nottingham_5A_S7,24.9796783245292,17.5593311294587,1.42258712136373,0.405889291393804,0.577412878636274
2,Nottingham_16B_S27,Nottingham_5A_S7,20.2938648482338,13.0848998739671,1.55093772544711,0.289542427903371,0.449062274552889
2,Nottingham_16C_S28,Nottingham_5A_S7,24.9711342855496,18.1663956348749,1.37457835816431,0.454991625701805,0.625421641835695
2,Nottingham_18A_S29,Nottingham_5A_S7,23.1064744779356,15.835849750784,1.45912438180286,0.370685066292186,0.540875618197138
2,Nottingham_18B_S30,Nottingham_5A_S7,21.64404853603,14.9676259399162,1.446057552675,0.383070816441773,0.553942447325003
2,Nottingham_18C_S31,Nottingham_5A_S7,25.0420574956902,18.4176735755399,1.35967538967289,0.470939325070203,0.640324610327114
2,Nottingham_19A_S32,Nottingham_5A_S7,14.8722029641234,13.2908568096314,1.11898000084886,0.78734204229101,0.881019999151139
2,Nottingham_20A_S33,Nottingham_5A_S7,23.7334353463387,17.9300582305124,1.32366749963759,0.510953468712942,0.676332500362412
2,Nottingham_20B_S34,Nottingham_5A_S7,24.2592814502599,16.7149256147984,1.45135443670669,0.378023141292943,0.548645563293312
2,Nottingham_20C_S35,Nottingham_5A_S7,23.9034625532179,16.5898554455959,1.44084815154694,0.388071323027852,0.559151848453057
2,Nottingham_21A_S36,Nottingham_5A_S7,32.3295634154569,22.1254683852305,1.46119227184532,0.368745262712226,0.538807728154678
2,Nottingham_21B_S37,Nottingham_5A_S7,23.7576524113274,16.6968682638838,1.42288074840456,0.405599170726392,0.577119251595438
2,Nottingham_21C_S38,Nottingham_5A_S7,16.4126132299231,13.5333269541808,1.21275524381334,0.649137375577356,0.787244756186665
2,Nottingham_22A_S39,Nottingham_5A_S7,20.7994386496943,14.6176273541574,1.42290114159865,0.405579025506276,0.577098858401349
2,Nottingham_22B_S40,Nottingham_5A_S7,21.822105988902,15.0452588541094,1.45043074369847,0.378900722209027,0.549569256301528
2,Nottingham_22C_S41,Nottingham_5A_S7,19.3880710207668,11.8670696867351,1.63377072289705,0.224161978159056,0.366229277102954
2,Nottingham_23a_S42,Nottingham_5A_S7,25.6211682518446,18.2200499199027,1.40620735752526,0.422265350339045,0.593792642474745
2,Nottingham_3A_S1,Nottingham_5A_S7,25.3922847337951,18.1057836857133,1.40244052257353,0.426085433077704,0.597559477426466
2,Nottingham_3B_S2,Nottingham_5A_S7,23.4046690180399,18.1056797902947,1.29266999577589,0.547185288229387,0.707330004224111
2,Nottingham_3c_S3,Nottingham_5A_S7,26.7517716726616,19.7961281593021,1.35136383526044,0.479986327749075,0.648636164739564
2,Nottingham_4a_S4,Nottingham_5A_S7,29.1297994678615,19.9120339986266,1.46292435367832,0.367124687596647,0.53707564632168
2,Nottingham_4b_S5,Nottingham_5A_S7,36.6142035645119,24.2742838126082,1.50835360775893,0.325949027941494,0.491646392241069
2,Nottingham_4c_S6,Nottingham_5A_S7,22.2174378928186,17.8505982896572,1.24463267461974,0.606899803278131,0.755367325380257
2,Nottingham_11A_S19,Nottingham_5B_S8,23.5941653881407,18.204539363863,1.29605945619126,0.543139082428687,0.703940543808742
2,Nottingham_11B_S20,Nottingham_5B_S8,27.6354012661952,21.0334431068867,1.31387909843191,0.522210074265556,0.686120901568089
2,Nottingham_11C_S21,Nottingham_5B_S8,24.8368722953835,19.8206156353829,1.25308278775387,0.596063739399827,0.746917212246131
2,Nottingham_14A_S22,Nottingham_5B_S8,26.641755390499,20.9598078189649,1.27108777048962,0.573455465809104,0.728912229510381
2,Nottingham_15A_S23,Nottingham_5B_S8,24.3810164579521,16.7098027401788,1.45908463654857,0.370722403554979,0.540915363451429
2,Nottingham_15B_S24,Nottingham_5B_S8,31.6159144976004,22.5266388464148,1.40349009513384,0.425018963036764,0.596509904866156
2,Nottingham_15C_S25,Nottingham_5B_S8,21.8836459139288,13.1672862651033,1.6619708475486,0.203390542589836,0.3380291524514
2,Nottingham_16A_S26,Nottingham_5B_S8,22.8212845985372,17.5764497179237,1.29840126787749,0.54035585876269,0.701598732122508
2,Nottingham_16B_S27,Nottingham_5B_S8,21.7796434222514,13.0944034038952,1.6632787879265,0.202444241168532,0.336721212073496
2,Nottingham_16C_S28,Nottingham_5B_S8,21.5808218113026,18.1847189558077,1.18675586154222,0.685266586676851,0.813244138457781
2,Nottingham_18A_S29,Nottingham_5B_S8,18.9361227648117,15.8497714807048,1.19472528596795,0.674025002642865,0.805274714032047
2,Nottingham_18B_S30,Nottingham_5B_S8,20.1290598545229,14.9800623595871,1.34372336852393,0.488401591316367,0.656276631476074
2,Nottingham_18C_S31,Nottingham_5B_S8,23.6018554278063,18.436507562009,1.28016954124442,0.56229306788213,0.719830458755583
2,Nottingham_19A_S32,Nottingham_5B_S8,15.6886953667675,13.300661978153,1.1795424462735,0.695572725100783,0.820457553726501
2,Nottingham_20A_S33,Nottingham_5B_S8,22.1690194567371,17.9479076605612,1.23518684606626,0.619188227570153,0.764813153933737
2,Nottingham_20B_S34,Nottingham_5B_S8,22.0668920420557,16.730436641681,1.31896689337324,0.516338287221926,0.681033106626762
2,Nottingham_20C_S35,Nottingham_5B_S8,19.8559000364393,16.6051351109336,1.19576865251553,0.672564334073,0.804231347484473
2,Nottingham_21A_S36,Nottingham_5B_S8,33.7055571224908,22.1526544954956,1.52151324029111,0.314480838574459,0.478486759708891
2,Nottingham_21B_S37,Nottingham_5B_S8,22.2453661910836,16.7123457798257,1.33107383512476,0.502546250420846,0.668926164875242
2,Nottingham_21C_S38,Nottingham_5B_S8,17.8565095983069,13.5434932817149,1.31845671030937,0.516925041498491,0.681543289690633
2,Nottingham_22A_S39,Nottingham_5B_S8,18.570550480824,14.6294887243796,1.2693916260981,0.575557896303185,0.730608373901901
2,Nottingham_22B_S40,Nottingham_5B_S8,18.8399713758991,15.0578246710015,1.2511748401601,0.598497616643313,0.748825159839899
2,Nottingham_22C_S41,Nottingham_5B_S8,17.4146006902982,11.8748859966063,1.46650676859341,0.363785045409843,0.533493231406594
2,Nottingham_23a_S42,Nottingham_5B_S8,22.8942875708487,18.238481691105,1.25527376448306,0.593277941902679,0.744726235516939
2,Nottingham_3A_S1,Nottingham_5B_S8,26.6360148491637,18.1239848783144,1.46965554363456,0.36086310065137,0.530344456365441
2,Nottingham_3B_S2,Nottingham_5B_S8,26.4455261025758,18.1238807739057,1.45915361243445,0.370657607915042,0.540846387565547
2,Nottingham_3c_S3,Nottingham_5B_S8,29.660545002471,19.817888538791,1.49665515296517,0.33631317544165,0.503344847034826
2,Nottingham_4a_S4,Nottingham_5B_S8,32.559983402599,19.9340500787355,1.63338525156672,0.224450874698192,0.366614748433277
2,Nottingham_4b_S5,Nottingham_5B_S8,36.7910116841333,24.3070108586206,1.51359671076483,0.321355937004767,0.486403289235166
2,Nottingham_4c_S6,Nottingham_5B_S8,21.8826473213912,17.8682897869636,1.22466378048986,0.633101290216987,0.775336219510142
2,Nottingham_5A_S7,Nottingham_5B_S8,23.4310370919187,20.0216895103605,1.17028271164599,0.708988759807468,0.829717288354011
2,Nottingham_11A_S19,Nottingham_5C_S9,21.1140739361293,11.8562784578453,1.78083485565895,0.123068763869153,0.219165144341049
2,Nottingham_11B_S20,Nottingham_5C_S9,20.2959947849953,12.9945266225963,1.56188796825445,0.280501572872211,0.438112031745554
2,Nottingham_11C_S21,Nottingham_5C_S9,16.9789997657395,12.5211821486713,1.35602210431395,0.474902211134576,0.643977895686054
2,Nottingham_14A_S22,Nottingham_5C_S9,19.6713367175837,12.9663837997087,1.51710276523093,0.318302257326358,0.482897234769066
2,Nottingham_15A_S23,Nottingham_5C_S9,17.6846811829678,11.2035710785652,1.57848609688408,0.26703681707934,0.421513903115917
2,Nottingham_15B_S24,Nottingham_5C_S9,20.1686905367597,13.5493954889625,1.48853065461034,0.343606860769389,0.511469345389662
2,Nottingham_15C_S25,Nottingham_5C_S9,15.4300448475013,9.49145386718884,1.62567769526244,0.23025616075586,0.374322304737563
2,Nottingham_16A_S26,Nottingham_5C_S9,15.6688442517292,11.5866188520951,1.35232240326055,0.478937267605601,0.647677596739449
2,Nottingham_16B_S27,Nottingham_5C_S9,15.602636880009,9.45352499424003,1.65045704004756,0.211785554831753,0.349542959952444
2,Nottingham_16C_S28,Nottingham_5C_S9,15.5116492236308,11.8478680916739,1.30923547625683,0.527609078939798,0.690764523743173
2,Nottingham_18A_S29,Nottingham_5C_S9,14.5125576595393,10.8102806724589,1.34247741564312,0.489782976380201,0.657522584356885
2,Nottingham_18B_S30,Nottingham_5C_S9,15.0473824047152,10.3985190557592,1.4470697533012,0.382103381981004,0.552930246698804
2,Nottingham_18C_S31,Nottingham_5C_S9,15.6341301680974,11.9542365538115,1.30783175468555,0.529248691840243,0.692168245314454
2,Nottingham_19A_S32,Nottingham_5C_S9,11.6699714216116,9.56056107427552,1.22063666880512,0.638489200851059,0.77936333119488
2,Nottingham_20A_S33,Nottingham_5C_S9,15.2023641512659,11.7468858627055,1.29416122102038,0.545402510533509,0.705838778979625
2,Nottingham_20B_S34,Nottingham_5C_S9,13.3480559692495,11.2128431116751,1.19042564283729,0.68007133585694,0.809574357162712
2,Nottingham_20C_S35,Nottingham_5C_S9,16.3925107253487,11.1564212596596,1.46933414791554,0.36116076988838,0.530665852084462
2,Nottingham_21A_S36,Nottingham_5C_S9,21.5238626619224,13.4131935251344,1.60467845495481,0.246355613378211,0.395321545045192
2,Nottingham_21B_S37,Nottingham_5C_S9,14.2236595513003,11.20471422444,1.26943528111367,0.575503713939169,0.73056471888633
2,Nottingham_21C_S38,Nottingham_5C_S9,13.695415220887,9.68538591721619,1.41402886141509,0.414398287456801,0.585971138584906
2,Nottingham_22A_S39,Nottingham_5C_S9,13.0632855958538,10.2283758341869,1.27716128226259,0.56597293370564,0.722838717737413
2,Nottingham_22B_S40,Nottingham_5C_S9,13.1579232576975,10.4359297651467,1.26082903524721,0.586257885953482,0.739170964752795
2,Nottingham_22C_S41,Nottingham_5C_S9,10.628583516253,8.800997922985,1.2076566327206,0.656099876249109,0.792343367279401
2,Nottingham_23a_S42,Nottingham_5C_S9,14.2820853117379,11.8706663352577,1.20314099549053,0.662315561930122,0.796859004509474
2,Nottingham_3A_S1,Nottingham_5C_S9,19.0324893014441,11.8220570568928,1.60991350404177,0.242302766564104,0.390086495958232
2,Nottingham_3B_S2,Nottingham_5C_S9,19.4290588362373,11.8220127625045,1.64346454589017,0.216941372420487,0.356535454109826
2,Nottingham_3c_S3,Nottingham_5C_S9,21.3044529463135,12.5200937727766,1.70162087704466,0.175349942505148,0.298379122955341
2,Nottingham_4a_S4,Nottingham_5C_S9,20.9339167442591,12.5663559826339,1.66587010372686,0.200573799557136,0.334129896273137
2,Nottingham_4b_S5,Nottingham_5C_S9,21.546928208378,14.1738345853514,1.5201904663574,0.315624616954939,0.479809533642604
2,Nottingham_4c_S6,Nottingham_5C_S9,13.3421762145088,11.7127276957893,1.13911776667576,0.755744716225889,0.86088223332424
2,Nottingham_5A_S7,Nottingham_5C_S9,16.3867495409328,12.6011273720593,1.30041932416836,0.537965456856801,0.699580675831643
2,Nottingham_5B_S8,Nottingham_5C_S9,17.0374995255902,12.6099409303326,1.35111652145866,0.480257230398459,0.648883478541338
2,Nottingham_11A_S19,Nottingham_6A_S10,29.2944639242311,18.324260148872,1.59867103425916,0.251039117579823,0.401328965740842
2,Nottingham_11B_S20,Nottingham_6A_S10,29.8498716677185,21.1934265216433,1.40844953208652,0.420001181751353,0.591550467913479
2,Nottingham_11C_S21,Nottingham_6A_S10,28.3749926977203,19.9626188142115,1.42140632758664,0.407057194824608,0.578593672413365
2,Nottingham_14A_S22,Nottingham_6A_S10,26.3022217232611,21.1186688029924,1.24544884758713,0.605846762694996,0.754551152412874
2,Nottingham_15A_S23,Nottingham_6A_S10,22.8723990705983,16.8106161647844,1.36059254737565,0.469947784042807,0.639407452624346
2,Nottingham_15B_S24,Nottingham_6A_S10,31.6478422065853,22.7102426115126,1.39354927853311,0.435184267114871,0.606450721466889
2,Nottingham_15C_S25,Nottingham_6A_S10,21.7820503151226,13.229805426971,1.64643769217622,0.214743812962913,0.35356230782378
2,Nottingham_16A_S26,Nottingham_6A_S10,26.4645929969658,17.6880265302595,1.49618686695725,0.336731423172654,0.503813133042749
2,Nottingham_16B_S27,Nottingham_6A_S10,20.3814287273471,13.1562307508498,1.54918449769747,0.291001816099101,0.450815502302535
2,Nottingham_16C_S28,Nottingham_6A_S10,24.5583781415267,18.3041783325376,1.34168153824592,0.490666706657339,0.658318461754078
2,Nottingham_18A_S29,Nottingham_6A_S10,19.4676975210825,15.9404463410704,1.22127681399512,0.637630369365217,0.778723186004882
2,Nottingham_18B_S30,Nottingham_6A_S10,19.5372214107192,15.0610337910206,1.29720321206419,0.541778482661541,0.702796787935813
2,Nottingham_18C_S31,Nottingham_6A_S10,22.2017462103965,18.5593091191979,1.19625930404009,0.671878323742573,0.803740695959912
2,Nottingham_19A_S32,Nottingham_6A_S10,20.3956487664969,13.3644571766334,1.52611127387627,0.3105204281206,0.473888726123732
2,Nottingham_20A_S33,Nottingham_6A_S10,21.892107269094,18.0642660119092,1.21190128924481,0.650299424341965,0.788098710755187
2,Nottingham_20B_S34,Nottingham_6A_S10,23.1897341962384,16.8314999494531,1.37775802904553,0.45163371059107,0.622241970954471
2,Nottingham_20C_S35,Nottingham_6A_S10,19.3646899169565,16.7046857694034,1.15923700596783,0.725272735173113,0.840762994032175
2,Nottingham_21A_S36,Nottingham_6A_S10,30.8261406452166,22.3301885110169,1.38046934220945,0.448782626928161,0.619530657790548
2,Nottingham_21B_S37,Nottingham_6A_S10,23.4691484473755,16.8131899846453,1.39587719337072,0.432790799576327,0.604122806629275
2,Nottingham_21C_S38,Nottingham_6A_S10,19.6961551774606,13.6096449658629,1.44722035195367,0.381959559441037,0.552779648046328
2,Nottingham_22A_S39,Nottingham_6A_S10,20.4951294725868,14.7067048376902,1.39359086204424,0.435141442493553,0.606409137955763
2,Nottingham_22B_S40,Nottingham_6A_S10,19.9926055501232,15.1396412342075,1.32054685053901,0.514524077039488,0.679453149460988
2,Nottingham_22C_S41,Nottingham_6A_S10,18.3382160721178,11.9257109678062,1.53770421919686,0.300640249946506,0.46229578080314
2,Nottingham_23a_S42,Nottingham_6A_S10,27.5406181159897,18.3586508041155,1.50014390544516,0.333205429652772,0.499856094554842
2,Nottingham_3A_S1,Nottingham_6A_S10,30.7118405220718,18.2426450333901,1.68351905471268,0.187987741749282,0.316480945287323
2,Nottingham_3B_S2,Nottingham_6A_S10,29.2403661973267,18.2425395613519,1.60286708432166,0.247764096950313,0.397132915678337
2,Nottingham_3c_S3,Nottingham_6A_S10,32.9460543670253,19.9598525042469,1.65061612354176,0.211668765060021,0.349383876458242
2,Nottingham_4a_S4,Nottingham_6A_S10,32.3590362344843,20.0776891817577,1.61169126295098,0.24093245770783,0.388308737049017
2,Nottingham_4b_S5,Nottingham_6A_S10,35.2149452252777,24.5209211844085,1.43611836441402,0.392642869528422,0.563881635585983
2,Nottingham_4c_S6,Nottingham_6A_S10,25.008228235671,17.9836147677164,1.39061187412471,0.43821582226806,0.609388125875288
2,Nottingham_5A_S7,Nottingham_6A_S10,29.4483315406708,20.1665989901682,1.46025274539489,0.369625913258703,0.539747254605114
2,Nottingham_5B_S8,Nottingham_6A_S10,26.6922757879697,20.1891819161197,1.32210784463028,0.51273589981556,0.677892155369718
2,Nottingham_5C_S9,Nottingham_6A_S10,19.4253145533352,12.6672679576946,1.53350466874236,0.304202093913556,0.46649533125764
2,Nottingham_11A_S19,Nottingham_6B_S11,27.0859911106277,16.678916728435,1.62396584572247,0.231552994336673,0.376034154277526
2,Nottingham_11B_S20,Nottingham_6B_S11,27.2732264756119,19.0230118051193,1.4336965542056,0.394995331566651,0.566303445794404
2,Nottingham_11C_S21,Nottingham_6B_S11,24.1654894196105,18.0254563222079,1.34063121552367,0.491834575266671,0.659368784476327
2,Nottingham_14A_S22,Nottingham_6B_S11,24.3257549619872,18.9627601265284,1.28281720591699,0.559068580289547,0.717182794083013
2,Nottingham_15A_S23,Nottingham_6B_S11,20.9042743119044,15.4155201888228,1.35605377281146,0.474867767119198,0.643946227188542
2,Nottingham_15B_S24,Nottingham_6B_S11,27.5878178992849,20.2361704011259,1.36329242897411,0.467036680827914,0.636707571025892
2,Nottingham_15C_S25,Nottingham_6B_S11,19.8843793259997,12.3501965644793,1.61004557475544,0.242200861490395,0.389954425244565
2,Nottingham_16A_S26,Nottingham_6B_S11,23.6416588531264,16.1501605345312,1.46386525400645,0.366245967329441,0.536134745993551
2,Nottingham_16B_S27,Nottingham_6B_S11,20.3426088989432,12.2860564403871,1.65574763534964,0.207913547512124,0.344252364650355
2,Nottingham_16C_S28,Nottingham_6B_S11,21.3521119047294,16.6622776790097,1.28146417411035,0.560714720244515,0.718535825889652
2,Nottingham_18A_S29,Nottingham_6B_S11,17.8000922759203,14.6806294571382,1.21248835602654,0.64950037669163,0.787511643973455
2,Nottingham_18B_S30,Nottingham_6B_S11,18.1830723067133,13.9314622187584,1.30518046283973,0.532355147002833,0.69481953716027
2,Nottingham_18C_S31,Nottingham_6B_S11,20.0940574723415,16.8734264091813,1.19087000974549,0.67944442603558,0.80912999025451
2,Nottingham_19A_S32,Nottingham_6B_S11,17.630215700309,12.4674590350615,1.41409854652248,0.414328587578539,0.585901453477523
2,Nottingham_20A_S33,Nottingham_6B_S11,18.0947393746574,16.4632416429906,1.09909942203645,0.81967159649154,0.900900577963548
2,Nottingham_20B_S34,Nottingham_6B_S11,18.6904394395674,15.4330797451707,1.21106349142115,0.651441079817428,0.788936508578855
2,Nottingham_20C_S35,Nottingham_6B_S11,16.6739264733685,15.3263957373152,1.08792221988451,0.838366717256961,0.912077780115486
2,Nottingham_21A_S36,Nottingham_6B_S11,28.2908659175951,19.93386143895,1.41923660923597,0.409208293377298,0.580763390764033
2,Nottingham_21B_S37,Nottingham_6B_S11,20.0876616034254,15.4176845101261,1.30289743510007,0.535040246545876,0.69710256489993
2,Nottingham_21C_S38,Nottingham_6B_S11,18.1897500913743,12.6805758136836,1.43445773745904,0.394255088715786,0.565542262540959
2,Nottingham_22A_S39,Nottingham_6B_S11,17.504303259052,13.6277533676748,1.28445993897809,0.557074642274319,0.715540061021912
2,Nottingham_22B_S40,Nottingham_6B_S11,17.4721712071093,13.9986944523562,1.24812862132072,0.60239895619386,0.751871378679282
2,Nottingham_22C_S41,Nottingham_6B_S11,15.7056744304042,11.2062505938694,1.40151019280224,0.427032076021586,0.598489807197756
2,Nottingham_23a_S42,Nottingham_6B_S11,22.7267344025066,16.7074039474026,1.3602792195636,0.470286373000417,0.639720780436402
2,Nottingham_3A_S1,Nottingham_6B_S11,29.1665510869735,16.6112730679732,1.75582876565957,0.139063238463749,0.244171234340427
2,Nottingham_3B_S2,Nottingham_6B_S11,28.0961513627451,16.6111856163685,1.69139951907222,0.18245274250584,0.308600480927784
2,Nottingham_3c_S3,Nottingham_6B_S11,30.8870933466616,18.0232008151576,1.71374073137361,0.167037675761459,0.286259268626391
2,Nottingham_4a_S4,Nottingham_6B_S11,29.0646915649391,18.1192250766635,1.60408027616881,0.24682039279032,0.395919723831191
2,Nottingham_4b_S5,Nottingham_6B_S11,32.6383352012384,21.6614450490904,1.50674782440744,0.327362128952491,0.493252175592555
2,Nottingham_4c_S6,Nottingham_6B_S11,21.1583636366739,16.3962264886374,1.29044104454989,0.549857708298176,0.709558955450108
2,Nottingham_5A_S7,Nottingham_6B_S11,25.2233517497382,18.1916042978484,1.38653806100661,0.442441470772194,0.61346193899339
2,Nottingham_5B_S8,Nottingham_6B_S11,23.5051853094736,18.2099785326233,1.29078599776292,0.549443520046103,0.70921400223708
2,Nottingham_5C_S9,Nottingham_6B_S11,16.3341531711941,11.8585853361226,1.37741161430431,0.451998791958887,0.622588385695689
2,Nottingham_6A_S10,Nottingham_6B_S11,19.7762643372656,18.3297711042706,1.07891496433679,0.853714209283771,0.92108503566321
2,Nottingham_11A_S19,Nottingham_6C_S12,21.0751701941644,12.9138086919741,1.63198717720378,0.225499824959877,0.368012822796217
2,Nottingham_11B_S20,Nottingham_6C_S12,23.7634402849888,14.2758297191394,1.66459258428458,0.201495200015912,0.335407415715425
2,Nottingham_11C_S21,Nottingham_6C_S12,23.5963789291995,13.7065810646614,1.72153645156896,0.161752920292365,0.278463548431036
2,Nottingham_14A_S22,Nottingham_6C_S12,22.2489352770348,14.2418705766068,1.56222001578782,0.280229404173531,0.437779984212184
2,Nottingham_15A_S23,Nottingham_6C_S12,17.5496377561645,12.1432546395876,1.44521697658812,0.383875246692446,0.554783023411877
2,Nottingham_15B_S24,Nottingham_6C_S12,25.7731851286834,14.9483487123481,1.72414931071239,0.159992343803237,0.27585068928761
2,Nottingham_15C_S25,Nottingham_6C_S12,18.5268733156972,10.1573446170789,1.82398786436225,0.0964985234149507,0.176012135637747
2,Nottingham_16A_S26,Nottingham_6C_S12,21.5406123448351,12.5945463743632,1.71031267856396,0.169376819260484,0.289687321436041
2,Nottingham_16B_S27,Nottingham_6C_S12,17.8004582450104,10.1139192907297,1.75999607405668,0.136366171198397,0.24000392594332
2,Nottingham_16C_S28,Nottingham_6C_S12,22.6969515916418,12.9038317064456,1.75893115378314,0.137054168207988,0.241068846216864
2,Nottingham_18A_S29,Nottingham_6C_S12,20.1465333795653,11.6825805411215,1.72449342922581,0.159760870122816,0.275506570774194
2,Nottingham_18B_S30,Nottingham_6C_S12,17.2385922296174,11.2031599121328,1.53872589205376,0.299776659591123,0.461274107946245
2,Nottingham_18C_S31,Nottingham_6C_S12,20.0622928304264,13.0301067386927,1.53968752772008,0.298964863969211,0.460312472279923
2,Nottingham_19A_S32,Nottingham_6C_S12,16.6430088149221,10.2365291088064,1.62584491657472,0.230129626516615,0.374155083425278
2,Nottingham_20A_S33,Nottingham_6C_S12,16.6914075887716,12.7841377766409,1.30563420704602,0.531822610963124,0.694365792953982
2,Nottingham_20B_S34,Nottingham_6C_S12,18.7905643676412,12.1541480126579,1.54602069582103,0.293643743195739,0.453979304178968
2,Nottingham_20C_S35,Nottingham_6C_S12,14.8121630784502,12.0878834293456,1.22537275984072,0.632156406235083,0.774627240159277
2,Nottingham_21A_S36,Nottingham_6C_S12,25.3936657667121,14.7827414186533,1.71779137898399,0.164285736014653,0.282208621016011
2,Nottingham_21B_S37,Nottingham_6C_S12,21.7583418254856,12.1445975981941,1.79160665057531,0.116316463414426,0.208393349424685
2,Nottingham_21C_S38,Nottingham_6C_S12,16.2652370531522,10.3797613582729,1.56701454799714,0.276312337084728,0.432985452002858
2,Nottingham_22A_S39,Nottingham_6C_S12,20.2832632399353,11.0059161769721,1.8429418245411,0.0852214504915325,0.157058175458904
2,Nottingham_22B_S40,Nottingham_6C_S12,20.4324246160086,11.2465964247671,1.8167651655938,0.100857743133969,0.183234834406202
2,Nottingham_22C_S41,Nottingham_6C_S12,18.1164130626314,9.3706248674643,1.93331963650934,0.0344900875320626,0.0666803634906625
2,Nottingham_23a_S42,Nottingham_6C_S12,22.7149712403748,12.9308795619904,1.75664548814948,0.138533650353593,0.243354511850518
2,Nottingham_3A_S1,Nottingham_6C_S12,22.6948832804635,12.8732206682829,1.76295302203429,0.134460178463623,0.237046977965713
2,Nottingham_3B_S2,Nottingham_6C_S12,22.0205198699651,12.8731681468108,1.71057502075901,0.169197477882357,0.289424979240986
2,Nottingham_3c_S3,Nottingham_6C_S12,23.7334480060017,13.7052768683973,1.73170146315892,0.154933481635835,0.26829853684108
2,Nottingham_4a_S4,Nottingham_6C_S12,24.0780129424176,13.7607316210495,1.74976255663514,0.143012228954125,0.250237443364859
2,Nottingham_4b_S5,Nottingham_6C_S12,27.4343243988458,15.7120229357706,1.74607206920426,0.14542809273128,0.253927930795736
2,Nottingham_4c_S6,Nottingham_6C_S12,21.9547840896727,12.7436913231741,1.72279628664173,0.160903361301427,0.277203713358272
2,Nottingham_5A_S7,Nottingham_6C_S12,22.0810693857905,13.8024378198709,1.59979488217663,0.250160268845759,0.400205117823375
2,Nottingham_5B_S8,Nottingham_6C_S12,21.9756410765658,13.8130126411259,1.59093759250875,0.257120335465953,0.409062407491246
2,Nottingham_5C_S9,Nottingham_6C_S12,17.4516254362472,9.82244486378286,1.77670892311084,0.125676791501786,0.223291076889164
2,Nottingham_6A_S10,Nottingham_6C_S12,17.7302224565123,13.8818300864261,1.27722514582924,0.565894632227506,0.722774854170761
2,Nottingham_6B_S11,Nottingham_6C_S12,15.115964260007,12.9165454987233,1.17027917886413,0.70899391881961,0.829720821135873
2,Nottingham_11A_S19,Nottingham_7A_S13,15.8134611535812,10.0552873006731,1.57265135055094,0.271737692718322,0.427348649449064
2,Nottingham_11B_S20,Nottingham_7A_S13,15.3093385617934,10.8622277648078,1.40941056413802,0.41903292829593,0.590589435861976
2,Nottingham_11C_S21,Nottingham_7A_S13,15.216735928697,10.5294932222424,1.4451536847522,0.383935854782765,0.554846315247799
2,Nottingham_14A_S22,Nottingham_7A_S13,14.7397195959022,10.8425561999597,1.35943216009864,0.471202505504117,0.640567839901355
2,Nottingham_15A_S23,Nottingham_7A_S13,15.5884813961301,9.58185515421268,1.62687508266878,0.229350686666814,0.373124917331215
2,Nottingham_15B_S24,Nottingham_7A_S13,17.3729982154483,11.2472402855727,1.54464542184036,0.294795538005811,0.455354578159642
2,Nottingham_15C_S25,Nottingham_7A_S13,14.4478635540162,8.30119347204243,1.7404561889414,0.149124012835084,0.259543811058598
2,Nottingham_16A_S26,Nottingham_7A_S13,16.3478979081442,9.86065670719694,1.65789139542931,0.20635163769705,0.342108604570687
2,Nottingham_16B_S27,Nottingham_7A_S13,15.4697388608656,8.27216640086994,1.8700952218803,0.0694642586109016,0.129904778119704
2,Nottingham_16C_S28,Nottingham_7A_S13,14.4432435865619,10.0492373213552,1.43724773579277,0.391548548098303,0.562752264207232
2,Nottingham_18A_S29,Nottingham_7A_S13,11.7101042108751,9.29271259820566,1.26013842428918,0.58712722463658,0.739861575710819
2,Nottingham_18B_S30,Nottingham_7A_S13,12.2149216588761,8.98680843441836,1.35920574562316,0.471447576233617,0.640794254376843
2,Nottingham_18C_S31,Nottingham_7A_S13,12.8031758388137,10.125657342514,1.26442910378349,0.581741510073988,0.735570896216508
2,Nottingham_19A_S32,Nottingham_7A_S13,12.2991428137725,8.35400668322162,1.47224478985327,0.358469742113555,0.527755210146728
2,Nottingham_20A_S33,Nottingham_7A_S13,14.3414109436053,9.97649401411324,1.43752012714258,0.391284867764239,0.562479872857418
2,Nottingham_20B_S34,Nottingham_7A_S13,14.5944195053004,9.58863639563565,1.52205370014272,0.314014084925164,0.477946299857277
2,Nottingham_20C_S35,Nottingham_7A_S13,12.9691547643962,9.54734626929157,1.35840414693145,0.472315882219497,0.641595853068551
2,Nottingham_21A_S36,Nottingham_7A_S13,17.4105837055155,11.1532294592264,1.5610351933639,0.281201095594882,0.438964806636097
2,Nottingham_21B_S37,Nottingham_7A_S13,13.8825794836144,9.58269129901538,1.44871404602597,0.38053469246487,0.55128595397403
2,Nottingham_21C_S38,Nottingham_7A_S13,11.673761551564,8.44915670708647,1.38164812847807,0.447546563250558,0.618351871521927
2,Nottingham_22A_S39,Nottingham_7A_S13,12.3931884374024,8.85944392414658,1.39886752978079,0.429727945943107,0.601132470219208
2,Nottingham_22B_S40,Nottingham_7A_S13,12.2984912053265,9.01473720759959,1.36426508306405,0.465990755629489,0.635734916935946
2,Nottingham_22C_S41,Nottingham_7A_S13,12.0535193072712,7.76818810469943,1.55165131750341,0.288949377633357,0.448348682496588
2,Nottingham_23a_S42,Nottingham_7A_S13,15.6652960897182,10.0656341676637,1.5563148658873,0.285086998677318,0.443685134112703
2,Nottingham_3A_S1,Nottingham_7A_S13,17.4520436322583,10.0306620632791,1.73986956415847,0.149511458330123,0.260130435841528
2,Nottingham_3B_S2,Nottingham_7A_S13,17.4741204124055,10.0306301756631,1.74207603175344,0.148055517408703,0.257923968246556
2,Nottingham_3c_S3,Nottingham_7A_S13,18.8161505794975,10.5287235440331,1.78712552388756,0.119115570376598,0.212874476112443
2,Nottingham_4a_S4,Nottingham_7A_S13,19.0039218392888,10.561420512734,1.79937176219577,0.111499047622826,0.200628237804235
2,Nottingham_4b_S5,Nottingham_7A_S13,20.1177336241532,11.674168378617,1.72326909906506,0.160584844865538,0.276730900934938
2,Nottingham_4c_S6,Nottingham_7A_S13,14.9070991703814,9.95184524023119,1.49792312988532,0.335181999728599,0.502076870114682
2,Nottingham_5A_S7,Nottingham_7A_S13,16.7306508664954,10.5859707848977,1.58045503869744,0.265458333853227,0.419544961302559
2,Nottingham_5B_S8,Nottingham_7A_S13,14.6103092502342,10.5921901390231,1.37934733595914,0.449961114115822,0.620652664040864
2,Nottingham_5C_S9,Nottingham_7A_S13,12.8618112332737,8.07615326001995,1.59256651269171,0.25583451872265,0.407433487308293
2,Nottingham_6A_S10,Nottingham_7A_S13,14.0732840441617,10.6326094627937,1.32359644106255,0.511034585734041,0.676403558937451
2,Nottingham_6B_S11,Nottingham_7A_S13,13.0624872083325,10.056946520888,1.29885220938603,0.539821070901828,0.701147790613971
2,Nottingham_6C_S12,Nottingham_7A_S13,14.3207639215927,8.55327248119142,1.67430231564398,0.194527404825781,0.325697684356019
2,Nottingham_11A_S19,Nottingham_7B_S14,17.0735610050512,10.5842825845953,1.61310517444995,0.239844761320025,0.386894825550047
2,Nottingham_11B_S20,Nottingham_7B_S14,16.1015415917529,11.4821512032646,1.40231053456037,0.426217624919301,0.597689465439635
2,Nottingham_11C_S21,Nottingham_7B_S14,15.0349538462128,11.1110024387423,1.35315908074939,0.478022819676448,0.646840919250612
2,Nottingham_14A_S22,Nottingham_7B_S14,14.9239735401569,11.4601724660254,1.30224685399807,0.535807127396576,0.697753146001933
2,Nottingham_15A_S23,Nottingham_7B_S14,16.1260897110713,10.0610229606617,1.60282803986471,0.247794492145775,0.397171960135285
2,Nottingham_15B_S24,Nottingham_7B_S14,17.376056921861,11.9132362829621,1.45855051550616,0.371224361952212,0.541449484493843
2,Nottingham_15C_S25,Nottingham_7B_S14,14.6649939308997,8.65844691644206,1.69372106480798,0.18083198087091,0.306278935192015
2,Nottingham_16A_S26,Nottingham_7B_S14,16.3481439087469,10.3688541742579,1.57665867742006,0.268505370656808,0.423341322579945
2,Nottingham_16B_S27,Nottingham_7B_S14,16.1665163586876,8.62687239384888,1.87397188930425,0.0672518682991252,0.126028110695752
2,Nottingham_16C_S28,Nottingham_7B_S14,14.4235700507889,10.5775795103699,1.36359835788977,0.466707545097874,0.636401642110228
2,Nottingham_18A_S29,Nottingham_7B_S14,11.8534845368171,9.74271887009466,1.21665057720196,0.643857355165673,0.783349422798042
2,Nottingham_18B_S30,Nottingham_7B_S14,12.3469512581822,9.40700525394145,1.31252730543644,0.523777822919244,0.68747269456356
2,Nottingham_18C_S31,Nottingham_7B_S14,13.1279501472233,10.6622802527003,1.23125164937383,0.624363306247856,0.76874835062617
2,Nottingham_19A_S32,Nottingham_7B_S14,14.0626691899883,8.71591946124473,1.61344643586003,0.239582520713759,0.386553564139975
2,Nottingham_20A_S33,Nottingham_7B_S14,14.6101462055754,10.4970167787656,1.39183793962588,0.436948902641349,0.608162060374123
2,Nottingham_20B_S34,Nottingham_7B_S14,14.0228926603676,10.0684996554794,1.39274898348297,0.436008946133584,0.60725101651703
2,Nottingham_20C_S35,Nottingham_7B_S14,13.3494916578939,10.0229831984821,1.33188806102315,0.501627695696597,0.668111938976851
2,Nottingham_21A_S36,Nottingham_7B_S14,17.5964484326361,11.8078144567578,1.49023754540497,0.342067918075773,0.509762454595029
2,Nottingham_21B_S37,Nottingham_7B_S14,13.3978690411141,10.0619448280825,1.33153871046093,0.502021671835341,0.66846128953907
2,Nottingham_21C_S38,Nottingham_7B_S14,12.5198703230468,8.8195433836995,1.41955992259036,0.408887337669035,0.580440077409636
2,Nottingham_22A_S39,Nottingham_7B_S14,12.0535448996086,9.26754432913228,1.30061907141017,0.537729258292011,0.699380928589833
2,Nottingham_22B_S40,Nottingham_7B_S14,12.0577773492744,9.4376112681369,1.27763021878043,0.565398164978526,0.722369781219569
2,Nottingham_22C_S41,Nottingham_7B_S14,11.0920575874187,8.08017502835646,1.37274966798273,0.456929873411674,0.627250332017268
2,Nottingham_23a_S42,Nottingham_7B_S14,15.1865850459043,10.5957473787651,1.43327171770249,0.395408822554569,0.566728282297507
2,Nottingham_3A_S1,Nottingham_7B_S14,19.0700696085817,10.5570017054883,1.80639069127626,0.107180196210459,0.193609308723736
2,Nottingham_3B_S2,Nottingham_7B_S14,19.0689043845708,10.5569663835958,1.806286360275,0.107244146877966,0.193713639724999
2,Nottingham_3c_S3,Nottingham_7B_S14,19.8505440863308,11.1101454028999,1.78670425691724,0.119379434093236,0.213295743082756
2,Nottingham_4a_S4,Nottingham_7B_S14,19.6683470711624,11.1465595395183,1.7645217792478,0.133451580774814,0.235478220752205
2,Nottingham_4b_S5,Nottingham_7B_S14,20.904056751262,12.3933007380052,1.68672230208679,0.185731639123777,0.313277697913211
2,Nottingham_4c_S6,Nottingham_7B_S14,14.9203315715919,10.4697323270743,1.42509197995527,0.403418185023241,0.574908020044732
2,Nottingham_5A_S7,Nottingham_7B_S14,17.3456133017236,11.1739090310583,1.55233170894006,0.288384427427311,0.447668291059939
2,Nottingham_5B_S8,Nottingham_7B_S14,15.641542438531,11.1808386337915,1.39895968011363,0.429633768885716,0.601040319886373
2,Nottingham_5C_S9,Nottingham_7B_S14,12.2679094616162,8.41390536549625,1.45805175227243,0.371693423695646,0.541948247727573
2,Nottingham_6A_S10,Nottingham_7B_S14,14.2617279076034,11.2258848560899,1.27043240603583,0.574267147545976,0.729567593964169
2,Nottingham_6B_S11,Nottingham_7B_S14,13.5249130369478,10.5861209916818,1.27760801596498,0.565425369133579,0.722391984035019
2,Nottingham_6C_S12,Nottingham_7B_S14,14.8665913522443,8.93304882153135,1.66422367651359,0.201761534957746,0.335776323486406
2,Nottingham_7A_S13,Nottingham_7B_S14,8.49711964218755,7.46505187602149,1.1382532611034,0.757078207763034,0.861746738896595
2,Nottingham_11A_S19,Nottingham_7C_S15,13.4274489909521,8.00899012788815,1.67654707728959,0.192928028739475,0.323452922710409
2,Nottingham_11B_S20,Nottingham_7C_S15,12.6245138336209,8.5126910366883,1.48302267511076,0.348597046805527,0.516977324889242
2,Nottingham_11C_S21,Nottingham_7C_S15,10.3428536960104,8.30696892585565,1.24508154398146,0.606320493358609,0.754918456018538
2,Nottingham_14A_S22,Nottingham_7C_S15,12.0069259211804,8.50060441304064,1.4124790824004,0.415950172232747,0.587520917599599
2,Nottingham_15A_S23,Nottingham_7C_S15,12.5921079304697,7.70573679185197,1.63412121002946,0.22389941928723,0.365878789970541
2,Nottingham_15B_S24,Nottingham_7C_S15,12.4217448094202,8.74735899582396,1.42005659254986,0.408394574197066,0.579943407450138
2,Nottingham_15C_S25,Nottingham_7C_S15,11.2121559312087,6.85522530825039,1.63556344642892,0.22282018735916,0.364436553571084
2,Nottingham_16A_S26,Nottingham_7C_S15,11.0700560428282,7.8850272245725,1.40393377569199,0.424568618996446,0.596066224308013
2,Nottingham_16B_S27,Nottingham_7C_S15,12.4345882147547,6.83541778305549,1.81914092297023,0.0994200475323672,0.180859077029774
2,Nottingham_16C_S28,Nottingham_7C_S15,9.60290768891576,8.0051515211741,1.19959099631225,0.66723492102587,0.80040900368775
2,Nottingham_18A_S29,Nottingham_7C_S15,8.62534329816502,7.51762554212909,1.14734941901911,0.74314813503792,0.852650580980892
2,Nottingham_18B_S30,Nottingham_7C_S15,10.0126201114198,7.31615977166198,1.36856225450435,0.461387666814129,0.631437745495647
2,Nottingham_18C_S31,Nottingham_7C_S15,10.3833274535676,8.05356973955468,1.28928261495898,0.551250266462041,0.710717385041017
2,Nottingham_19A_S32,Nottingham_7C_S15,10.2710026975789,6.89120222557067,1.49045150053311,0.341875263492055,0.509548499466887
2,Nottingham_20A_S33,Nottingham_7C_S15,10.2510406049756,7.95892343896437,1.28799336789569,0.552803026670538,0.712006632104315
2,Nottingham_20B_S34,Nottingham_7C_S15,9.08719553411819,7.7101218783877,1.17860595168937,0.696919990208152,0.821394048310627
2,Nottingham_20C_S35,Nottingham_7C_S15,10.0833478947663,7.68340279644315,1.3123544556891,0.52397851916449,0.687645544310897
2,Nottingham_21A_S36,Nottingham_7C_S15,13.2039009843657,8.69038883850588,1.5193682618505,0.316336565806711,0.480631738149499
2,Nottingham_21B_S37,Nottingham_7C_S15,9.01347739268865,7.70627755017483,1.16962792139302,0.709945499264432,0.830372078606984
2,Nottingham_21C_S38,Nottingham_7C_S15,10.9837336142044,6.95581880632973,1.57907126680892,0.266567280425357,0.420928733191078
2,Nottingham_22A_S39,Nottingham_7C_S15,7.99106700674198,7.23152485969599,1.10503208683955,0.809902195437689,0.894967913160446
2,Nottingham_22B_S40,Nottingham_7C_S15,8.10417682108284,7.33465911955253,1.10491526449797,0.810093555824591,0.89508473550203
2,Nottingham_22C_S41,Nottingham_7C_S15,7.21313849761572,6.48762266247232,1.1118307695884,0.798834907888372,0.888169230411604
2,Nottingham_23a_S42,Nottingham_7C_S15,9.97011688236479,8.01555285704077,1.2438464395637,0.60791552428412,0.756153560436301
2,Nottingham_3A_S1,Nottingham_7C_S15,14.6548618866035,7.99335996613824,1.83337944852789,0.0908816511529529,0.166620551472105
2,Nottingham_3B_S2,Nottingham_7C_S15,14.9106043118247,7.99333971628518,1.86537853276105,0.0721684445674886,0.134621467238949
2,Nottingham_3c_S3,Nottingham_7C_S15,15.4867747172089,8.30648987003083,1.86441866053241,0.0727204368512764,0.135581339467588
2,Nottingham_4a_S4,Nottingham_7C_S15,14.6182058751231,8.32682779108174,1.75555520564261,0.139240733399731,0.244444794357392
2,Nottingham_4b_S5,Nottingham_7C_S15,15.3186967739847,9.0034344578924,1.70142814340769,0.175483083284564,0.298571856592312
2,Nottingham_4c_S6,Nottingham_7C_S15,9.78732281424851,7.94322830117392,1.23215932403731,0.623166713089317,0.767840675962687
2,Nottingham_5A_S7,Nottingham_7C_S15,13.0380328174544,8.34208086108336,1.56292333226811,0.279653300138277,0.43707666773189
2,Nottingham_5B_S8,Nottingham_7C_S15,11.2887609416356,8.3459425618059,1.35260467682789,0.47862862983024,0.647395323172109
2,Nottingham_5C_S9,Nottingham_7C_S15,8.58861365794397,6.70102750930489,1.28168607665287,0.560444508551584,0.718313923347127
2,Nottingham_6A_S10,Nottingham_7C_S15,11.6921685514973,8.37101617867923,1.39674423056031,0.431901386267181,0.603255769439687
2,Nottingham_6B_S11,Nottingham_7C_S15,10.390340284646,8.01004271002596,1.29716415514748,0.541824904784405,0.702835844852524
2,Nottingham_6C_S12,Nottingham_7C_S15,12.5889618839813,7.02622996322935,1.79170934482128,0.116252480225525,0.208290655178724
2,Nottingham_7A_S13,Nottingham_7C_S15,7.52992670281988,6.08503788979394,1.23744943568048,0.616227655314403,0.762550564319516
2,Nottingham_7B_S14,Nottingham_7C_S15,7.07746192677395,6.27482233319033,1.12791431389828,0.773184341537113,0.872085686101724
2,Nottingham_11A_S19,Nottingham_9A_S16,22.1722283645075,14.5953739815899,1.51912711469228,0.316545521870381,0.480872885307715
2,Nottingham_11B_S20,Nottingham_9A_S16,23.1624947732876,16.3594260297544,1.41585008735391,0.412578928986619,0.584149912646088
2,Nottingham_11C_S21,Nottingham_9A_S16,21.0907427895397,15.6162097555192,1.35056733482244,0.480859153359385,0.649432665177559
2,Nottingham_14A_S22,Nottingham_9A_S16,21.771542536583,16.3148461014466,1.3344620231908,0.49873129788875,0.665537976809197
2,Nottingham_15A_S23,Nottingham_9A_S16,19.4855176543146,13.6186686904113,1.4307946024147,0.397824674921666,0.569205397585302
2,Nottingham_15B_S24,Nottingham_9A_S16,24.0369365544444,17.2486974640867,1.39355082344574,0.435182676046741,0.606449176554258
2,Nottingham_15C_S25,Nottingham_9A_S16,18.1830965952277,11.1695279068384,1.62791988586154,0.228561686216853,0.372080114138461
2,Nottingham_16A_S26,Nottingham_9A_S16,20.8023224684938,14.1888617948116,1.46610226875989,0.364161315766674,0.533897731240108
2,Nottingham_16B_S27,Nottingham_9A_S16,17.8287093684833,11.1170390194081,1.60372823531139,0.247094087366781,0.396271764688607
2,Nottingham_16C_S28,Nottingham_9A_S16,18.0313252489332,14.58263081349,1.23649329668642,0.617477430213038,0.763506703313579
2,Nottingham_18A_S29,Nottingham_9A_S16,14.5783995136265,13.0419079457743,1.11781187033682,0.789209842079567,0.882188129663184
2,Nottingham_18B_S30,Nottingham_9A_S16,16.3876456102271,12.4472699743263,1.31656545122169,0.519104119088136,0.683434548778309
2,Nottingham_18C_S31,Nottingham_9A_S16,17.9354404381735,14.7441057575581,1.21644816804027,0.644130882470771,0.783551831959731
2,Nottingham_19A_S32,Nottingham_9A_S16,13.6676220617177,11.2653546896505,1.21324382926658,0.64847325142303,0.786756170733424
2,Nottingham_20A_S33,Nottingham_9A_S16,16.9977397118697,14.4299506139126,1.17794857145813,0.697866993908142,0.822051428541873
2,Nottingham_20B_S34,Nottingham_9A_S16,17.6800591611489,13.6323714746963,1.29691735542606,0.542118309722951,0.703082644573937
2,Nottingham_20C_S35,Nottingham_9A_S16,16.0058123351169,13.549063347305,1.18132242243156,0.693017894203115,0.818677577568441
2,Nottingham_21A_S36,Nottingham_9A_S16,26.0184677790937,17.0285742468892,1.52792990193214,0.308960573041276,0.472070098067856
2,Nottingham_21B_S37,Nottingham_9A_S16,18.1361121466614,13.6203578378836,1.33154446913412,0.502015175881106,0.668455530865879
2,Nottingham_21C_S38,Nottingham_9A_S16,15.8310678493541,11.4390692726471,1.38394719640425,0.445141841535835,0.616052803595746
2,Nottingham_22A_S39,Nottingham_9A_S16,15.0264594857515,12.2042611284214,1.23124696592715,0.624369485039882,0.768753034072851
2,Nottingham_22B_S40,Nottingham_9A_S16,14.8238775727626,12.5009124889217,1.18582364174611,0.686591437032762,0.814176358253887
2,Nottingham_22C_S41,Nottingham_9A_S16,14.7160990497822,10.225488356778,1.43915855520266,0.389700942102496,0.560841444797343
2,Nottingham_23a_S42,Nottingham_9A_S16,19.4043718918217,14.617183806347,1.32750413136326,0.506586648394184,0.672495868636744
2,Nottingham_3A_S1,Nottingham_9A_S16,23.6158308326915,14.5435486655723,1.62380113517928,0.231677917123256,0.376198864820716
2,Nottingham_3B_S2,Nottingham_9A_S16,22.8278061194177,14.5434816303569,1.56962457131095,0.274190042991999,0.430375428689048
2,Nottingham_3c_S3,Nottingham_9A_S16,25.818984947747,15.6145168598882,1.65352442085946,0.209537624464264,0.346475579140539
2,Nottingham_4a_S4,Nottingham_9A_S16,26.4574941235281,15.6865388495159,1.68663682775022,0.185791728897426,0.313363172249783
2,Nottingham_4b_S5,Nottingham_9A_S16,27.204437700584,18.2735516444825,1.48873290917139,0.343424322575886,0.511267090828612
2,Nottingham_4c_S6,Nottingham_9A_S16,17.8231327372326,14.3784407505768,1.23957340343163,0.613458303044587,0.76042659656837
2,Nottingham_5A_S7,Nottingham_9A_S16,20.1518432480048,15.7407584194212,1.28023330966957,0.562215250059536,0.719766690330427
2,Nottingham_5B_S8,Nottingham_9A_S16,17.9040462882596,15.7545133839206,1.13643918107511,0.759883004128682,0.863560818924892
2,Nottingham_5C_S9,Nottingham_9A_S16,14.0710674064992,10.7658829669642,1.30700542163398,0.530215534607081,0.692994578366016
2,Nottingham_6A_S10,Nottingham_9A_S16,19.9227469138296,15.844098516417,1.25742382207397,0.590553610397835,0.742576177926029
2,Nottingham_6B_S11,Nottingham_9A_S16,18.2372187747102,14.5988700335242,1.24922125704463,0.600997412365158,0.750778742955371
2,Nottingham_6C_S12,Nottingham_9A_S16,19.9502835067107,11.6307458813233,1.71530559693054,0.165972992555323,0.284694403069457
2,Nottingham_7A_S13,Nottingham_9A_S16,12.3429894230769,9.25988628862375,1.33295259124736,0.500428457195485,0.66704740875264
2,Nottingham_7B_S14,Nottingham_9A_S16,13.3180039577592,9.70664247733595,1.37205053022766,0.457672262018034,0.627949469772337
2,Nottingham_7C_S15,Nottingham_9A_S16,9.79409466163079,7.49612786297179,1.30655384228571,0.530744417314756,0.693446157714287
2,Nottingham_11A_S19,Nottingham_9B_S17,29.1267426349723,19.0750133849755,1.52695791332519,0.309793794934848,0.473042086674808
2,Nottingham_11B_S20,Nottingham_9B_S17,31.0751164203826,22.2041716753684,1.39951703106561,0.429064424087201,0.600482968934394
2,Nottingham_11C_S21,Nottingham_9B_S17,27.2755588133468,20.8568980456536,1.30774762160909,0.529347075041242,0.692252378390912
2,Nottingham_14A_S22,Nottingham_9B_S17,30.4376067700918,22.1221271169437,1.37588969673622,0.453604896340344,0.62411030326378
2,Nottingham_15A_S23,Nottingham_9B_S17,26.5850519026727,17.4403315161445,1.52434326595587,0.312040433849304,0.475656734044134
2,Nottingham_15B_S24,Nottingham_9B_S17,33.7673278729328,23.8748184182325,1.41434909708656,0.414078040647692,0.585650902913437
2,Nottingham_15C_S25,Nottingham_9B_S17,23.4921239772436,13.6167353953795,1.72523907494119,0.159259623231159,0.274760925058807
2,Nottingham_16A_S26,Nottingham_9B_S17,24.0516730786054,18.3865575875682,1.30811180744718,0.528921296034372,0.691888192552825
2,Nottingham_16B_S27,Nottingham_9B_S17,20.7468746771398,13.5388068070319,1.53240052634211,0.305141812221944,0.467599473657892
2,Nottingham_16C_S28,Nottingham_9B_S17,23.1553403863107,19.0532533145574,1.21529588695591,0.645689762852422,0.784704113044088
2,Nottingham_18A_S29,Nottingham_9B_S17,19.569489932396,16.5055611447593,1.18563008920236,0.686866770853892,0.814369910797638
2,Nottingham_18B_S30,Nottingham_9B_S17,22.6054904804853,15.564530600935,1.4523721312307,0.377057543995463,0.547627868769303
2,Nottingham_18C_S31,Nottingham_9B_S17,26.3935193849976,19.3298509552149,1.36542798214784,0.464742209877645,0.634572017852161
2,Nottingham_19A_S32,Nottingham_9B_S17,18.9090522506238,13.7594210722589,1.37426219833822,0.455326357967518,0.625737801661777
2,Nottingham_20A_S33,Nottingham_9B_S17,24.6414047571471,18.7934423526084,1.31117036968627,0.525354787020206,0.688829630313734
2,Nottingham_20B_S34,Nottingham_9B_S17,22.4082106694165,17.4628102386001,1.28319613872256,0.558608181280087,0.716803861277439
2,Nottingham_20C_S35,Nottingham_9B_S17,22.1875973602165,17.3263432101541,1.28057011748523,0.561804365642685,0.719429882514769
2,Nottingham_21A_S36,Nottingham_9B_S17,34.3737941300719,23.4551469019943,1.46551178185754,0.364710966339009,0.534488218142465
2,Nottingham_21B_S37,Nottingham_9B_S17,21.8932158513088,17.4431017909129,1.25512171595044,0.593470955512468,0.744878284049558
2,Nottingham_21C_S38,Nottingham_9B_S17,21.561014404892,14.0194562167638,1.53793514324118,0.300444956206038,0.462064856758822
2,Nottingham_22A_S39,Nottingham_9B_S17,18.8816057609333,15.1864123012044,1.24332234542558,0.608593304349734,0.756677654574417
2,Nottingham_22B_S40,Nottingham_9B_S17,18.7482210293139,15.6484963067859,1.1980845099592,0.669331322936573,0.801915490040804
2,Nottingham_22C_S41,Nottingham_9B_S17,15.6421808219735,12.239215463157,1.27803786681101,0.564898859366703,0.721962133188993
2,Nottingham_23a_S42,Nottingham_9B_S17,24.546380618383,19.1122826347844,1.2843249070474,0.557238350689553,0.715675092952604
2,Nottingham_3A_S1,Nottingham_9B_S17,26.4700939047365,18.9865897912015,1.39414682656718,0.434569129942082,0.605853173432815
2,Nottingham_3B_S2,Nottingham_9B_S17,26.6767482261955,18.9864755413733,1.40503950657216,0.423447519194213,0.594960493427842
2,Nottingham_3c_S3,Nottingham_9B_S17,31.149081869166,20.8538783543136,1.49368291786947,0.338972265179765,0.506317082130533
2,Nottingham_4a_S4,Nottingham_9B_S17,35.6410902655017,20.9825415583336,1.6986069188242,0.177435448917416,0.3013930811758
2,Nottingham_4b_S5,Nottingham_9B_S17,36.2511816927044,25.8841759927298,1.40051519132332,0.428045916524649,0.599484808676683
2,Nottingham_4c_S6,Nottingham_9B_S17,22.286216763072,18.7061643412276,1.19138356514671,0.678720488102181,0.808616434853291
2,Nottingham_5A_S7,Nottingham_9B_S17,28.6896783627581,21.0796652287605,1.36101204888276,0.469494705533116,0.638987951117236
2,Nottingham_5B_S8,Nottingham_9B_S17,25.4031375547422,21.1043406357294,1.20369254805028,0.661553860443488,0.796307451949721
2,Nottingham_5C_S9,Nottingham_9B_S17,16.7284195607019,13.0215520239543,1.28467171424178,0.556817961996162,0.715328285758222
2,Nottingham_6A_S10,Nottingham_9B_S17,27.5762900573351,21.2654085113775,1.296767472987,0.542296550200451,0.703232527013005
2,Nottingham_6B_S11,Nottingham_9B_S17,25.5643464621192,19.0809852372025,1.33978126099463,0.492780992111525,0.660218739005366
2,Nottingham_6C_S12,Nottingham_9B_S17,25.1501861191873,14.3084541552748,1.75771511347476,0.137840816562289,0.242284886525238
2,Nottingham_7A_S13,Nottingham_9B_S17,16.0630275629197,10.8811051070401,1.47623126556574,0.354801274469369,0.523768734434255
2,Nottingham_7B_S14,Nottingham_9B_S17,16.4740951204549,11.5032468400584,1.43212567282189,0.396525485126709,0.567874327178113
2,Nottingham_7C_S15,Nottingham_9B_S17,11.5898729796906,8.52428077302855,1.35963059972893,0.470987781827459,0.640369400271067
2,Nottingham_9A_S16,Nottingham_9B_S17,18.975330470208,16.4022829838233,1.15687130193537,0.728800772094638,0.843128698064628
2,Nottingham_11A_S19,Nottingham_9C_S18,21.6022287132592,14.5599558377549,1.48367405464536,0.348004970322174,0.516325945354638
2,Nottingham_11B_S20,Nottingham_9C_S18,22.3208467321205,16.3149420014208,1.36812295932015,0.461856908675696,0.63187704067985
2,Nottingham_11C_S21,Nottingham_9C_S18,21.5205916867023,15.575670767373,1.38167992943086,0.447513246301432,0.618320070569139
2,Nottingham_14A_S22,Nottingham_9C_S18,21.8828119761207,16.2706038555893,1.34492930750099,0.487067007050504,0.655070692499013
2,Nottingham_15A_S23,Nottingham_9C_S18,20.8767032696935,13.5878272124125,1.53642690206,0.301721544525456,0.463573097940003
2,Nottingham_15B_S24,Nottingham_9C_S18,24.8676424821172,17.1992531444159,1.44585594928527,0.383263665366286,0.554144050714725
2,Nottingham_15C_S25,Nottingham_9C_S18,18.5679102547979,11.1487734000095,1.66546664719027,0.200864636571443,0.334533352809733
2,Nottingham_16A_S26,Nottingham_9C_S18,21.3824234794581,14.1553868543423,1.51055027315617,0.324020812509051,0.489449726843831
2,Nottingham_16B_S27,Nottingham_9C_S18,20.0121198739742,11.0964789377498,1.80346576479263,0.108975861390955,0.196534235207373
2,Nottingham_16C_S28,Nottingham_9C_S18,18.8519288510642,14.5472744146516,1.29590796967967,0.543319469278645,0.704092030320326
2,Nottingham_18A_S29,Nottingham_9C_S18,15.0479588643819,13.013620756987,1.15632375842078,0.729619395463647,0.843676241579221
2,Nottingham_18B_S30,Nottingham_9C_S18,16.4987827278059,12.421500907204,1.32824389347645,0.505747558729855,0.671756106523551
2,Nottingham_18C_S31,Nottingham_9C_S18,18.2451562292561,14.7079629839314,1.24049511473404,0.612259473048223,0.759504885265959
2,Nottingham_19A_S32,Nottingham_9C_S18,13.2648270259514,11.2442428732773,1.17969944045554,0.695347078598006,0.820300559544461
2,Nottingham_20A_S33,Nottingham_9C_S18,18.2725251119348,14.3953298236769,1.26933702358669,0.575625671382934,0.730662976413306
2,Nottingham_20B_S34,Nottingham_9C_S18,18.4081218520746,13.6014679719514,1.35339228751157,0.477768137483129,0.646607712488433
2,Nottingham_20C_S35,Nottingham_9C_S18,16.6246064050698,13.5185359733746,1.2297638174587,0.626328545047777,0.770236182541305
2,Nottingham_21A_S36,Nottingham_9C_S18,26.75149819872,16.9803821017561,1.57543558433549,0.269490177755242,0.424564415664506
2,Nottingham_21B_S37,Nottingham_9C_S18,18.5752949634998,13.5895087174297,1.36688495145342,0.46318093404524,0.633115048546578
2,Nottingham_21C_S38,Nottingham_9C_S18,14.5993974022436,11.4173019662946,1.27870817863476,0.564078523479337,0.721291821365245
2,Nottingham_22A_S39,Nottingham_9C_S18,15.6424292663189,12.1794874204034,1.28432574593528,0.55723733354232,0.715674254064724
2,Nottingham_22B_S40,Nottingham_9C_S18,15.5386011675758,12.4749210673486,1.24558713307181,0.605668481070201,0.75441286692819
2,Nottingham_22C_S41,Nottingham_9C_S18,15.1038376554908,10.2080911666153,1.47959470668588,0.351721516008777,0.52040529331412
2,Nottingham_23a_S42,Nottingham_9C_S18,20.098595115731,14.5816598617837,1.37834754796375,0.451012847198532,0.621652452036248
2,Nottingham_3A_S1,Nottingham_9C_S18,21.3952203088579,14.5083812979454,1.47468003972902,0.356226399027896,0.525319960270982
2,Nottingham_3B_S2,Nottingham_9C_S18,21.8740360173953,14.5083145865294,1.50768966904707,0.326532933839158,0.492310330952929
2,Nottingham_3c_S3,Nottingham_9C_S18,24.3925300773363,15.5739866492237,1.56623545574646,0.27694721292515,0.433764544253535
2,Nottingham_4a_S4,Nottingham_9C_S18,26.759777844189,15.6456343749429,1.71036707128001,0.169339630997007,0.289632928719989
2,Nottingham_4b_S5,Nottingham_9C_S18,28.1455320591903,18.2180666224322,1.54492420312781,0.294561892389841,0.455075796872194
2,Nottingham_4c_S6,Nottingham_9C_S18,17.9853963016349,14.3440663929534,1.25385618059258,0.595079269023334,0.746143819407421
2,Nottingham_5A_S7,Nottingham_9C_S18,19.5970535811281,15.6995710597183,1.24825407691615,0.602237907318568,0.751745923083852
2,Nottingham_5B_S8,Nottingham_9C_S18,18.0419050483259,15.7132541044668,1.14819660704126,0.741861966613637,0.851803392958737
2,Nottingham_5C_S9,Nottingham_9C_S18,14.0857347973847,10.7466001155212,1.31071544916245,0.525884204140572,0.689284550837548
2,Nottingham_6A_S10,Nottingham_9C_S18,20.1427490812905,15.8023692977473,1.27466639348581,0.569037993172967,0.725333606514189
2,Nottingham_6B_S11,Nottingham_9C_S18,18.4691277037956,14.5634349407314,1.2681848601624,0.577057149021549,0.731815139837604
2,Nottingham_6C_S12,Nottingham_9C_S18,19.4599949925166,11.6082437012354,1.67639442221957,0.193036658611623,0.323605577780429
2,Nottingham_7A_S13,Nottingham_9C_S18,12.0210979639537,9.24561733651685,1.30019419216873,0.538231759568157,0.699805807831272
2,Nottingham_7B_S14,Nottingham_9C_S18,13.050236988328,9.69096462556536,1.34663962696765,0.485178335724144,0.653360373032347
2,Nottingham_7C_S15,Nottingham_9C_S18,9.97702136075589,7.48677418891254,1.33261951128849,0.500803479956732,0.667380488711513
2,Nottingham_9A_S16,Nottingham_9C_S18,14.0810368918758,12.9493343000472,1.08739465408847,0.839258628392412,0.91260534591153
2,Nottingham_9B_S17,Nottingham_9C_S18,19.1913055916435,16.3575658982211,1.17323724758648,0.704685053354966,0.826762752413515
