Pathway,Nottingham_11A_S19,Nottingham_11B_S20,Nottingham_11C_S21,Nottingham_14A_S22,Nottingham_15A_S23,Nottingham_15B_S24,Nottingham_15C_S25,Nottingham_16A_S26,Nottingham_16B_S27,Nottingham_16C_S28,Nottingham_18A_S29,Nottingham_18B_S30,Nottingham_18C_S31,Nottingham_19A_S32,Nottingham_20A_S33,Nottingham_20B_S34,Nottingham_20C_S35,Nottingham_21A_S36,Nottingham_21B_S37,Nottingham_21C_S38,Nottingham_22A_S39,Nottingham_22B_S40,Nottingham_22C_S41,Nottingham_23a_S42,Nottingham_3A_S1,Nottingham_3B_S2,Nottingham_3c_S3,Nottingham_4a_S4,Nottingham_4b_S5,Nottingham_4c_S6,Nottingham_5A_S7,Nottingham_5B_S8,Nottingham_5C_S9,Nottingham_6A_S10,Nottingham_6B_S11,Nottingham_6C_S12,Nottingham_7A_S13,Nottingham_7B_S14,Nottingham_7C_S15,Nottingham_9A_S16,Nottingham_9B_S17,Nottingham_9C_S18
UNMAPPED,210971,188448,219382,208315,226511,229995,238188,226757,228828,192863,156108,183347,179115,208264,221558,159091,179827,236681,206427,222533,180900,187616,219838,215736,165852,181257,149213,216402,215203,225361,192928,176127,182519,182446,185818,239270,135062,124078,140589,186718,159867,177044
UNINTEGRATED,722496,735697,711030,729374,708439,708775,703333,707327,694985,738389,765618,743679,745581,727242,710050,758411,744329,699793,723821,704373,750390,736157,703626,714189,767784,753320,779137,715930,718312,709717,740769,751971,743469,744865,742127,689015,793066,804218,781455,742713,766041,750510
1CMET2-PWY: folate transformations III (E. coli),330.092,335.301,405.744,371.437,264.47,390.556,306.388,309.436,206.947,338.808,496.487,432.769,468.316,230.575,297.031,403.463,369.817,438.285,407.672,250.628,503.466,505.459,504.132,408.772,410.393,342.563,445.306,394.766,461.213,359.482,354.482,372.403,480.705,469.085,431.57,431.101,424.962,523.611,432.11,360.856,475.842,399.784
3-HYDROXYPHENYLACETATE-DEGRADATION-PWY: 4-hydroxyphenylacetate degradation,0,0,0,0,2.04175,0,0,0,0,0,0,0,0,0,0,0,0,0,0,0,0,0,0,0,0,0,0,0,0,0,0,0,0,0,0,0,0,0,0,0,0,0
ALLANTOINDEG-PWY: superpathway of allantoin degradation in yeast,0,0,0,0,4.3337,0,1.61455,0,0,0,0,0,0,0,0,3.77902,0,11.5285,5.97932,0,0,0,0,2.97347,0,0,0,1.27192,0,0.807122,13.4345,5.8627,0,2.20419,1.49979,0,0,0,0,0,0,0
ANAEROFRUCAT-PWY: homolactic fermentation,365.163,538.402,455.681,349.584,273.596,286.912,208.813,218.399,171.058,219.809,370.447,502.96,560.905,258.937,216.466,386.72,328.39,320.661,338.57,404.935,195.715,409.764,137.321,305.543,213.801,321.754,358.758,365.267,346.419,274.097,208.35,243.517,282.126,433.808,462.621,506.638,484.797,403.194,354.852,201.769,292.442,352.025
ANAGLYCOLYSIS-PWY: glycolysis III (from glucose),713.111,767.79,755.249,529.008,758.732,682.076,706.195,699.341,807.224,774.673,913.518,803.979,731.506,638.599,749.993,615.741,879.419,631.715,776.104,764.29,777.858,926.764,1082.09,910.143,773.081,692.408,804.942,583.048,669.441,722.268,626.768,849.038,887.338,784.579,753.72,804.406,620.809,690.752,869.299,751.357,870.975,772.019
ARG+POLYAMINE-SYN: superpathway of arginine and polyamine biosynthesis,40.6942,45.0845,40.1256,22.0098,39.9475,31.0643,15.5426,44.7358,47.2462,9.51713,22.1846,5.34985,13.2294,4.34417,32.7694,228.511,15.8549,71.236,39.0208,0,47.4447,42.1336,0,28.3951,71.2379,59.1573,94.7487,24.0098,20.8984,39.3645,50.1892,67.7501,34.1131,28.6561,16.9768,8.484,16.8833,29.5602,54.5951,19.3208,0,13.6114
"ARGDEG-PWY: superpathway of L-arginine, putrescine, and 4-aminobutanoate degradation",0,0,0,0,0,0,0,0,0,0,0,0,0,0,0,43.7925,0,0,0,0,0,0,0,0,0,0,0,0,0,2.00549,0,0,0,0,0,0,1.62659,0,0,0,0,0
ARGININE-SYN4-PWY: L-ornithine biosynthesis II,14.8206,17.4603,26.4139,72.8025,16.5436,58.9372,14.2132,45.809,74.6894,173.784,21.2768,5.3923,39.4583,47.2469,40.4324,155.838,76.8315,97.233,129.182,0,212.41,80.4448,31.703,19.922,71.4374,191.72,229.776,35.8188,33.1007,14.3685,199.333,56.5443,23.4082,162.03,77.0011,60.7989,6.61467,168.562,40.8095,73.6888,77.2906,42.248
ARGSYN-PWY: L-arginine biosynthesis I (via L-ornithine),890.793,992.03,935.332,787.414,1088.01,814.433,996.194,1033.14,1194.16,882.993,983.001,1082.95,865.571,1051.67,979.365,647.555,991.142,741.806,842.463,1268.64,720.163,866.868,1115.7,1030.74,889.359,853.516,841.136,828.114,917.854,954.73,851.828,1010.76,1163.69,873.941,917.994,1014.86,842.521,728.695,937.153,1007.67,965.67,941.246
ARGSYNBSUB-PWY: L-arginine biosynthesis II (acetyl cycle),889.56,1010.92,972.114,794.634,1119.1,850.55,1004.01,1043.16,1218.72,897.111,1029.34,1139.95,889.526,1071.16,999.895,679.265,1015.54,764.318,880.488,1291.99,725.826,924.201,1182.84,1066.5,921.441,871.815,866.651,820.729,936.67,982.78,850.179,1044.03,1213.2,876.439,937.357,1004.11,901.244,728.811,974.849,1039.51,1030.52,999.021
ARO-PWY: chorismate biosynthesis I,783.619,950.003,818.008,708.424,909.462,727.124,825.514,873.474,1061.15,848.142,986.707,983.712,807.915,1030.58,885.254,594.816,932.713,696.969,766.625,1188.26,776.372,881.524,1039.9,947.466,888.834,800.395,834.781,780.655,789.286,851.267,807.318,901.087,1074.83,823.282,836.357,961.158,859.944,767.893,899.696,920.885,931.224,914.508
ASPASN-PWY: superpathway of L-aspartate and L-asparagine biosynthesis,235.548,208.446,175.17,182.092,138.607,163.162,130.31,200.803,276.994,291.093,257.777,220.179,272.014,114.23,181.863,433.16,244.913,229.075,218.753,153.788,283.302,298.709,236.406,179.234,200.164,264.492,269.902,247.693,214.283,132.228,264.794,184.094,260.16,273.273,230.057,169.432,346.576,389.77,321.25,239.243,291.606,271.711
AST-PWY: L-arginine degradation II (AST pathway),0,0,0,0,1.2245,0,0,0,0,0,0,0,0,0,0,97.6109,0,2.30729,0,0,0,0,0,0,0,0,0,1.12241,0,0.756266,0,0,0,0,0,0,0.761942,0,2.37682,0,0,0
BIOTIN-BIOSYNTHESIS-PWY: biotin biosynthesis I,101.827,121.577,98.0631,104.22,71.8788,91.2397,60.8173,0,24.706,0,63.5435,29.6697,101.817,69.0037,59.3263,192.785,90.4005,122.47,89.9767,25.4149,63.3198,70.0918,35.3993,16.2116,21.4329,77.712,80.6199,159.014,126.98,51.5273,138.429,56.782,32.4729,116.66,107.112,90.7042,13.7768,203.915,77.6636,54.8379,40.5674,38.2889
BRANCHED-CHAIN-AA-SYN-PWY: superpathway of branched chain amino acid biosynthesis,852.479,999.953,887.42,691.028,765.041,733.628,684.94,793.761,890.005,867.686,973.358,925.359,986.475,723.107,859.767,738.072,825.34,755.845,868.977,1002.89,799.318,927.28,1135.65,989.041,795.21,667.587,855.256,872.999,847.974,872.16,727.235,837.876,1027.26,925.248,907.816,930.463,805.1,826.799,897.95,812.698,943.891,905.046
CALVIN-PWY: Calvin-Benson-Bassham cycle,640.234,660.23,668.215,477.932,612.894,603.3,485.447,732.693,868.091,797.675,834.293,630.195,578.626,586.391,648.38,651.179,744.811,607.514,698.601,510.998,733.399,868.028,990.373,816.04,722.132,648.276,683.809,546.824,636.35,678.789,527.422,750.014,874.182,671.083,622.471,500.304,608.866,670.495,844.302,774.316,803.968,780.12
CARNMET-PWY: L-carnitine degradation I,0,0,0,0,0,0,0,0,0,0,0,0,0,0,0,1.90584,0,0,0,0,0,0,0,0,0,0,0,0,0,0,0,0,0,0,0,0,0,0,0,0,0,0
CENTFERM-PWY: pyruvate fermentation to butanoate,12.2794,29.5262,55.2983,81.5407,69.1728,71.3049,67.1182,106.209,71.4241,92.056,52.0889,19.62,69.9768,66.7842,81.4402,33.1504,71.5191,87.5114,81.7957,86.6659,61.0908,76.6276,68.1101,57.1999,102.617,108.916,138.922,75.4201,93.0576,85.7456,80.2146,72.2912,29.0923,97.871,77.2004,75.6125,14.0911,45.329,36.0038,45.1567,56.1551,64.6575
CITRULBIO-PWY: L-citrulline biosynthesis,13.4529,47.7127,24.8872,156.331,33.5284,48.5813,38.2653,36.4366,38.2987,123.832,7.26016,1.92654,34.1699,33.6116,39.5787,217.198,98.5993,83.5111,115.237,10.4323,140.557,74.5137,49.0158,41.7288,60.1744,122.948,166.962,67.1244,42.2822,57.5103,197.848,64.2043,55.8187,107.933,64.525,86.3146,9.89906,246.454,60.4763,107.283,113.176,42.4177
COA-PWY-1: superpathway of coenzyme A biosynthesis III (mammals),588.095,743.934,666.622,637.227,716.486,542.607,692.465,655.247,769.459,602.105,599.768,817.446,687.832,739.09,672.892,434.598,721.516,554.051,613.306,871.043,606.261,591.606,629.131,643.829,598.944,605.705,648.729,686.171,635.136,642.269,634.385,655.606,753.825,659.561,694.631,791.911,626.655,561.628,610.231,666.161,583.186,583.856
COA-PWY: coenzyme A biosynthesis I (prokaryotic),531.564,677.108,607.437,586.313,671.989,498.494,622.887,628.581,743.576,600.212,610.326,791.603,643.981,719.939,651.197,430.104,717.597,532.907,577.749,796.749,619.294,606.847,622.928,583.094,566.522,572.79,617.211,648.181,594.654,613.612,605.849,607.795,683.566,642.608,646.661,755.159,565.337,520.211,597.655,666.537,578.94,584.359
COBALSYN-PWY: superpathway of adenosylcobalamin salvage from cobinamide I,258.214,283.473,297.382,217.432,264.55,210.353,185.481,457.8,690.634,443.878,303.635,274.711,167.288,311.495,377.124,283.967,407.536,206.069,301.64,353.171,320.159,282.668,391.213,299.169,429.688,378.843,401.55,232.249,279.827,291.932,258.774,352.884,410.585,260.929,266.754,287.941,225.993,218.367,390.759,374.409,363.049,309.424
COLANSYN-PWY: colanic acid building blocks biosynthesis,139.74,121.468,102.002,153.72,131.379,143.269,85.7645,118.451,83.926,107.833,237.932,147.862,198.46,86.4507,106.085,264.939,146.374,142.144,174.311,59.5703,130.066,231.929,104.021,85.5033,158.901,149.633,197.504,124.78,147.188,100.491,177.33,127.075,228.643,141.888,114.231,39.2238,63.8764,240.606,189.854,144.479,204.395,273.207
COMPLETE-ARO-PWY: superpathway of aromatic amino acid biosynthesis,768.259,883.816,818.011,679.736,787.216,743.314,705.67,874.406,816.978,859.297,966,883.589,818.3,913.634,871.551,609.363,936.059,703.655,807.061,683.242,799.62,893.547,1079.02,970.855,848.9,757.287,839.185,672.726,788.546,855.754,736.018,904.399,1104.07,830.139,823.732,724.003,867.029,767.582,885.439,945.359,959.579,920.106
CRNFORCAT-PWY: creatinine degradation I,0,0,0,0,0,0,0,0,0,0,0,0,0,0,0,0,0,0,0,0,0,0,0,0,0,0,0,0,0,0,0,0,0,0,2.3274,0,0,0,0,0,0,0
DAPLYSINESYN-PWY: L-lysine biosynthesis I,256.45,459.85,341.582,353.926,150.039,136.529,90.7095,12.3998,124.428,54.2102,294.773,465.977,500.236,135.903,128.946,261.178,214.575,211.814,162.951,353.624,93.2506,168.81,72.0323,247.114,152.496,148.728,294.137,340.207,167.237,147.89,123.602,127.672,116.283,368.916,376.658,430.549,458.701,413.101,312.692,38.1582,63.046,113.924
DARABCATK12-PWY: D-arabinose degradation I,0,0,0,2.61397,0,0,0,0,0,0,0,0,0,0,0,13.2563,0,0.601424,0,0,0,0,0,0,0,0,0,0.313008,0,0,0,1.21265,0,0,0,0,0,0,0.520224,0,0,0
DENITRIFICATION-PWY: nitrate reduction I (denitrification),0,0,0,0,0,0,0,0,0,0,0,0,0,0,0,0,0,0,0,0,0,0,0,0,0,0,0,0,0,0,0,0,0,0,0,0,0,0,3.62265,0,0,0
DENOVOPURINE2-PWY: superpathway of purine nucleotides de novo biosynthesis II,0,0,0,0,0,0,0,0,0,0,0,0,0,0,0,173.229,0,0,0,0,0,0,0,0,0,0,0,0,0,0,0,0,0,0,0,0,0,0,7.93145,0,0,0
DHGLUCONATE-PYR-CAT-PWY: glucose degradation (oxidative),0,0,0,0,0,0,0,0,0,0,0,0,0,0,0,0,0,0,0,0,0,0,0,0,0,0,0,0,0,0,2.86028,0,0,0,0,0,0,0,0,0,0,0
DTDPRHAMSYN-PWY: dTDP-&beta;-L-rhamnose biosynthesis,850.314,820.522,721.947,663.442,738.759,681.683,721.534,796.439,739.26,913.895,1096.96,825.216,832.735,793.199,841.903,590.198,904.181,740.076,893.821,786.192,843.657,866.399,1188.61,881.497,810.709,678.47,712.866,734.29,740.195,769.889,784.199,899.575,1077.02,800.955,788.501,723.417,868.237,844.884,1044.49,871.048,877.547,962.9
ECASYN-PWY: enterobacterial common antigen biosynthesis,0,0,0,0,0,0,0,0,0,0,0,0,0,0,0,10.1325,0,1.65574,0,0,0,0,0,0,0,0,0,0.825624,0,1.90062,0,0,0,0,0,0,1.30083,0,0.940582,0,0,0
FAO-PWY: fatty acid &beta;-oxidation I (generic),0,0,0,0,0,4.40243,0,0,0,0,0,0,0,0,0,115.682,0,12.1581,2.92313,0,0,0,0,0,0,0,0,8.06101,5.46888,8.11278,10.679,0,0,0,0,0,5.70156,0,21.3635,0,0,0
FASYN-ELONG-PWY: fatty acid elongation -- saturated,150.144,202.629,108.836,221.188,85.8946,94.1822,64.7576,0,22.4828,0,59.8375,96.3284,182.571,85.5247,61.1561,192.181,96.5175,147.388,91.8697,157.649,57.6702,66.9379,33.9501,75.5384,18.4972,73.335,73.7437,245.679,141.785,106.098,148.89,54.4671,31.6359,126.828,138.572,144.242,194.091,280.159,169.622,53.5331,37.0919,40.2227
FASYN-INITIAL-PWY: superpathway of fatty acid biosynthesis initiation (E. coli),41.9443,77.8173,44.3772,81.1473,52.7127,38.4436,24.4245,0,0,0,59.7276,88.2949,94.2769,0,22.8104,3.27964,35.64,46.1905,31.3388,134.823,0,9.23922,0,20.5337,8.60002,8.02655,10.2185,37.4748,19.811,10.9465,0,0,0,73.3038,54.3586,44.9937,146.614,154.968,123.678,0,0,30.5973
FERMENTATION-PWY: mixed acid fermentation,235.884,226.772,176.621,166.987,227.976,137.354,167.62,218.742,325.611,150.676,175.249,217.594,143.148,127.889,287.583,340.831,182.696,208.887,242.944,332.435,127.304,111.523,141.194,137.246,214.744,215.626,172.676,235.159,176.764,234.166,224.911,227.379,173.834,164.473,162.805,219.03,155.141,113.179,172.705,199.286,183.21,159.792
FOLSYN-PWY: superpathway of tetrahydrofolate biosynthesis and salvage,0,21.9394,19.4618,26.1457,21.4388,29.9727,4.43205,0,0,0,59.1759,22.2949,80.1257,21.037,8.44994,97.0398,27.9744,35.6852,26.432,0,57.0659,95.6755,60.5944,19.0578,0,30.4964,12.3463,3.37424,12.24,14.1762,26.8847,0,0,28.307,35.7695,0,37.7771,0,39.5942,6.87902,35.7679,4.30996
FUC-RHAMCAT-PWY: superpathway of fucose and rhamnose degradation,19.5379,8.69349,15.1816,22.2423,15.2398,34.6604,17.4115,24.1536,9.17107,47.6062,6.91803,15.4468,34.6364,24.2464,22.2239,126.862,43.8701,47.1104,27.8759,0,42.7729,28.0023,0,55.0727,19.7308,31.8723,37.1386,33.5771,17.1965,18.623,35.078,47.3839,13.9741,44.6893,19.5826,0,11.4405,56.5717,43.2216,49.5034,74.8548,31.8739
FUCCAT-PWY: fucose degradation,20.5327,21.4205,24.1629,13.3107,28.0427,46.0586,14.0063,35.8988,8.30409,26.1252,34.1118,12.5721,28.9002,20.9902,35.0065,206.24,36.1278,61.3365,44.487,0,34.8671,37.9996,50.1848,43.6798,46.3866,40.9705,39.7345,33.6306,71.9588,63.3422,17.9959,46.6475,15.8484,39.1098,31.5463,40.512,11.3055,36.0854,31.4721,30.8929,76.5174,25.8819
GALACT-GLUCUROCAT-PWY: superpathway of hexuronide and hexuronate degradation,35.2754,19.701,29.2186,63.4181,51.6557,38.9213,39.3328,54.0042,75.3601,17.9839,8.50092,0,23.5892,23.8629,34.6462,143.709,13.7854,45.1425,53.7632,23.2704,35.844,35.2803,8.43503,8.85017,71.1862,76.8345,136.81,80.0406,34.2637,23.1988,65.0889,59.0592,23.0764,33.4458,14.2046,24.6455,26.1012,16.8339,53.3742,27.4736,6.05227,3.45297
GALACTARDEG-PWY: D-galactarate degradation I,0,0,0,0,2.8742,0,5.13762,0,1.16323,1.20977,0,0,2.30255,2.48156,0,173.505,0,5.78801,3.36387,0,0,2.01118,0,0,5.89829,2.85746,12.6545,0.949399,2.69476,7.35453,3.02599,0,3.61578,3.41745,0.696464,0,0,6.40702,6.81236,0,0,0
GALACTITOLCAT-PWY: galactitol degradation,0,0,0,0,0,0,0,0,0,0,0,0,0,0,0,0,0,7.34883,6.7289,0,16.1947,3.59364,0,4.50199,0,0,0,0.91854,1.32073,0.83357,5.03248,3.18081,3.00516,0,0,0,2.29635,6.53855,5.28363,0,0,0
GALACTUROCAT-PWY: D-galacturonate degradation I,154.82,132.931,109.75,191.821,326.423,143.644,274.883,271.297,242.758,181.604,164.644,247.923,85.8408,297.943,265.522,194.222,221.828,70.2904,103.104,275.218,101.414,112.78,16.6787,138.902,190.165,241.512,231.576,184.074,100.83,117.773,235.842,218.046,83.2543,138.321,204.281,233.614,137.426,105.364,170.124,143.806,130.217,85.2044
"GLCMANNANAUT-PWY: superpathway of N-acetylglucosamine, N-acetylmannosamine and N-acetylneuraminate degradation",221.601,241.117,185.666,215.968,329.61,177.63,269.542,380.606,310.078,244.695,252.79,326.475,143.763,276.377,282.586,266.85,265.034,135.598,186.915,370.669,161.764,163.65,180.202,207.813,304.225,303.446,298.919,195.934,160.006,205.516,280.479,341.645,187.006,201.344,246.761,290.198,239.904,288.052,233.762,224.999,272.634,265.545
GLUCARDEG-PWY: D-glucarate degradation I,0,0,0,0,2.72782,0,4.26607,0,0,1.12567,0,0,0,2.32197,0,140.47,0,4.41354,1.88442,0,0,1.99622,0,0,5.48866,2.56628,5.51556,0.912631,1.73774,6.99105,2.32391,0,3.55486,3.2772,0.67139,0,0,3.52833,5.26126,0,0,0
GLUCARGALACTSUPER-PWY: superpathway of D-glucarate and D-galactarate degradation,0,0,0,0,2.8742,0,5.13762,0,1.16323,1.20977,0,0,2.30255,2.48156,0,173.505,0,5.78801,3.36387,0,0,2.01118,0,0,5.89829,2.85746,12.6545,0.949399,2.69476,7.35453,3.02599,0,3.61578,3.41745,0.696464,0,0,6.40702,6.81236,0,0,0
GLUCONEO-PWY: gluconeogenesis I,355.84,407.05,366.379,362.637,312.696,318.912,251.954,243.73,203.879,263.528,364.608,311.436,392.156,283.038,245.171,380.769,351.36,329.754,356.824,303.319,208.661,383.678,373.176,335.782,235.69,330.14,372.728,427.717,361.866,316.763,259.736,273.238,374.288,390.372,377.411,392.335,290.732,359.246,255.551,241.057,329.297,359.401
GLUCOSE1PMETAB-PWY: glucose and glucose-1-phosphate degradation,0,0,567.62,0,526.256,478.441,404.67,0,0,0,0,0,662.929,0,574.321,620.557,0,324.699,479.044,0,552.764,0,0,598.718,0,0,0,325.386,474.089,417.037,372.342,742.039,636.11,0,0,0,818.752,717.212,935.511,855.815,0,0
GLUCUROCAT-PWY: superpathway of &beta;-D-glucuronosides degradation,256.589,209.432,169.835,200.126,305.6,152.834,319.661,213.508,173.535,197.669,203.658,246.67,138.268,286.257,270.155,203.646,242.86,75.4857,121.024,268.234,178.91,174.215,24.3872,171.867,198.099,240.335,238.803,178.387,125.395,135.713,258.716,291.018,81.0817,170.81,216.355,251.066,207.392,181.499,224.159,195.241,187.991,185.364
GLUDEG-I-PWY: GABA shunt,12.9445,14.3889,21.6388,8.79957,11.7657,31.0959,5.4577,15.1446,0,34.9584,11.9765,4.26899,22.2824,23.8131,17.7355,14.2068,9.09763,17.0795,7.82117,0,9.79817,17.7269,16.9737,16.4752,41.4772,28.2545,53.5573,12.4307,14.6766,11.3052,6.97625,0.998205,5.10398,26.8095,18.1142,8.38998,0.641895,3.48201,4.08049,15.4267,7.5641,3.50222
GLUTORN-PWY: L-ornithine biosynthesis I,763.562,862.386,779.997,673.443,905.024,617.358,789.143,876.76,1021.69,742.431,813.487,977.947,771.864,947.788,819.658,560.302,851.183,597.559,712.183,1090.47,644.709,710.364,866.642,847.283,786.509,770.317,779.934,679.532,733.482,799.97,727.618,870.987,969.071,760.429,810.9,813.869,764.356,614.942,820.608,906.58,793.352,825.781
GLYCOCAT-PWY: glycogen degradation I,98.6351,118.062,84.8451,277.479,73.5079,109.809,81.1945,10.7204,61.9067,83.4436,104.942,150.643,288.166,108.618,153.044,120.089,58.747,262.073,340.851,178.163,170.256,76.6628,150.51,37.0915,31.1084,76.9792,85.5279,144.73,90.0929,49.9557,155.978,95.8669,47.3301,179.934,167.136,188.907,275.044,16.7623,17.1157,25.3924,11.7447,11.5681
GLYCOGENSYNTH-PWY: glycogen biosynthesis I (from ADP-D-Glucose),820.846,927.132,850.844,712.676,1068.3,911.44,1053,913.138,803.402,850.317,1286.76,1042.28,843.062,1076.48,963.284,741.709,1001.99,716.786,876.069,994.705,821.333,967.092,1212.11,1042.1,967.819,802.719,765.319,627.548,805.416,932.638,877.215,1124.02,1336.07,934.697,881.402,882.111,954.768,857.932,1123.32,1067.95,1088.46,1046.57
GLYCOL-GLYOXDEG-PWY: superpathway of glycol metabolism and degradation,0,0,0,0.727686,1.50515,0,0,0,0,0,0,0,0,2.42809,0,13.5046,0,3.96352,0,0,0,0,0,0,0,0,0,0.594341,0,1.38476,0,0,0,0,0,0,0,0,0.51767,0,0,0
GLYCOLYSIS-E-D: superpathway of glycolysis and the Entner-Doudoroff pathway,190.816,245.071,246.155,130.479,131.641,146.484,83.0312,57.1259,59.3327,132.301,85.1214,51.2932,78.89,71.6972,83.0617,260.972,114.801,108.833,108.528,41.7793,124.116,27.8394,29.731,38.2133,57.75,120.215,120.164,190.51,176.736,39.6877,121.699,84.4071,59.171,65.6066,66.0018,32.7134,35.7778,52.1802,55.0591,43.3104,54.8879,38.5186
"GLYCOLYSIS-TCA-GLYOX-BYPASS: superpathway of glycolysis, pyruvate dehydrogenase, TCA, and glyoxylate bypass",0,0,0,0,0,0,0,0,0,0,0,0,0,0,0,7.11251,0,1.89405,0,0,0,0,0,0,0,0,0,1.49908,0,0,0,0,0,0,0,0,0,0,1.50655,0,0,0
GLYCOLYSIS: glycolysis I (from glucose 6-phosphate),389.869,589.665,489.569,420.266,300.328,304.493,215.565,201.478,142.402,196.782,408.699,534.423,595.979,299.417,202.311,418.672,319.521,336.525,345.962,488.46,176.534,446.2,185.131,330.438,201.516,320.37,348.655,449.288,391.738,318.365,202.666,244.474,340.11,446.404,480.068,539.331,545.764,399.336,348.187,191.614,309.634,407.994
GLYOXYLATE-BYPASS: glyoxylate cycle,0,0,0,1.03293,6.61046,2.33262,0,0,6.92944,0,0,0,1.17001,7.30293,5.45585,208.097,0,33.2075,8.37997,0,0,0,0,4.26717,0,0,0,20.887,10.8297,13.5855,3.44148,0,0,0,0,2.3003,7.84213,0,18.7557,0,0,0
"GOLPDLCAT-PWY: superpathway of glycerol degradation to 1,3-propanediol",12.4302,12.5927,17.2473,19.7893,11.9558,20.0455,13.3529,45.7029,26.4604,53.0551,70.9245,19.3758,13.9273,27.5576,16.2203,22.577,8.27048,22.0077,22.6071,0,60.067,76.3385,136.306,44.2697,96.4846,49.0709,39.2317,11.0274,28.1011,50.7874,11.87,36.0987,16.0486,54.4405,26.7122,18.2833,58.7459,57.4366,32.4226,75.3607,80.6759,69.6049
HCAMHPDEG-PWY: 3-phenylpropanoate and 3-(3-hydroxyphenyl)propanoate degradation to 2-hydroxypentadienoate,0,0,0,0,2.13767,0,0,0,1.23956,0,0,0,0,0,0,89.8241,0,0,0,0,0,0,0,0,0,0,0,0,1.24569,0,0,0,0,0,0,0,1.80102,0,5.45664,0,0,0
HEME-BIOSYNTHESIS-II-1: heme b biosynthesis V (aerobic),0,0,0,0,8.70147,1.16063,1.2809,0,2.05463,0,0,2.99159,0,0,4.84177,111.705,0,13.5794,2.10507,0,0,0,0,4.13296,0,0,0,5.81336,0.989334,9.78481,0,1.80424,0,0,1.01355,2.38186,0,2.56989,20.3998,0,0,0
HEME-BIOSYNTHESIS-II: heme b biosynthesis I (aerobic),5.2314,7.36125,1.42022,0,8.70147,2.1123,0,8.81814,22.0688,5.38933,9.34812,2.52081,12.1647,0,4.84177,111.705,3.8192,13.5794,2.10507,0,3.12185,10.0542,0,6.41654,3.06623,6.95718,5.71063,14.1293,5.4475,9.78481,13.7902,14.2814,6.1343,13.9865,13.4179,5.28274,32.7406,18.455,20.3998,4.04818,6.06431,2.34391
HEMESYN2-PWY: heme b biosynthesis II (oxygen-independent),7.7271,8.44583,1.51369,13.3943,23.2484,32.0112,9.87871,84.9822,61.4668,25.3088,16.5732,13.6216,13.4153,0,15.8155,160.413,4.72625,24.4116,19.2712,12.4983,3.80364,28.9437,19.1575,26.7598,6.84606,7.0933,7.54805,32.6231,13.3059,13.7378,15.8693,25.6859,13.4059,17.518,15.1165,12.0241,31.0851,27.6851,38.0207,28.5219,18.2518,22.8676
HEXITOLDEGSUPER-PWY: superpathway of hexitol degradation (bacteria),0,0,0,0,0,0,0,0,0,0,0,0,0,0,0,0,0,21.9748,19.2339,0,42.0639,10.2938,0,12.618,0,0,0,3.13261,4.42371,2.77342,15.3646,10.0215,8.88504,0,0,0,6.7456,17.2613,15.2664,0,0,0
HISDEG-PWY: L-histidine degradation I,22.2608,34.3898,58.9481,168.726,58.4822,89.6906,88.409,41.0773,175.368,153.513,26.9983,9.15397,99.7738,95.1741,76.664,23.7418,93.7122,192.057,138.944,64.5294,216.428,130.639,30.4988,42.1234,66.5707,179.609,212.169,108.821,60.8479,36.6629,264.101,64.305,38.4338,98.8509,80.5003,74.5581,7.32515,193.365,35.3171,77.5302,90.2596,38.1965
HISTSYN-PWY: L-histidine biosynthesis,565.952,725.279,560.452,559.58,694.393,482.841,661.929,658.931,868.596,590.714,570.572,809.899,644.051,771.693,678.328,394.675,682.092,480.29,532.805,937.999,529.285,515.724,608.509,610.465,568.588,629.526,646.481,595.274,557.627,586.999,620.265,626.059,671.414,609.269,666.791,759.443,586.407,500.278,594.9,591.137,539.225,624.541
HOMOSER-METSYN-PWY: L-methionine biosynthesis I,1.85199,0,18.6748,1.12664,2.41148,2.3783,1.61127,0,1.60858,0,17.1068,3.028,20.5027,2.0802,6.87783,152.03,13.276,16.176,7.32164,0,4.90631,15.1775,0,2.91246,0,6.78478,0.868719,8.05339,11.1225,10.125,3.95841,11.6988,4.6774,0,1.03362,0,2.0179,5.37829,18.248,5.82463,26.821,3.9932
HSERMETANA-PWY: L-methionine biosynthesis III,456.293,458.511,446.226,390.33,402.238,356.885,228.827,405.257,455.993,418.936,502.656,407.911,452.656,413.653,502.221,392.129,510.864,429.037,505.859,331.502,293.135,404.696,546.596,479.303,488.096,405.573,455.255,344.383,409.386,458.029,314.013,452.233,638.037,453.324,420.215,448.503,576.657,452.415,416.656,476.199,554.73,474.989
ILEUSYN-PWY: L-isoleucine biosynthesis I (from threonine),864.46,1026.31,907.151,688.426,777.532,754.722,703.098,813.044,907.007,891.024,1011.62,969.83,1033.03,730.334,875.155,817.33,840.067,766.104,886.047,1025.03,796.775,963.087,1207.88,1040.26,822.698,684.125,890.994,900.342,866.172,889.546,737.733,863.339,1071.45,952.364,932.652,958.463,842.251,867.105,956.35,832.464,995.278,949.512
KDO-NAGLIPASYN-PWY: superpathway of (Kdo)2-lipid A biosynthesis,0,0,0,0,1.42226,0,0,0,0,0,0,0,0,0,0,13.8123,0,1.35456,0,0,0,0,0,0,0,0,0,0.72886,0,0,0,0,0,0,0,0,0,0,3.45919,0,0,0
KETOGLUCONMET-PWY: ketogluconate metabolism,0,0,0,0,1.0322,0,0.572892,0,0,0,0,0,0.693915,0,0,123.393,0,21.385,0.346616,0,2.96907,0,0,0,5.24323,0,0,3.18622,0.430712,8.47448,1.77505,0,0,0,0,0,0.275712,0,1.98357,0,0,0
LACTOSECAT-PWY: lactose and galactose degradation I,135.813,182.799,128.252,9.19002,153.601,107.363,104.004,220.155,519.944,178.122,120.959,157.726,114.987,0,124.989,103.833,161.759,118.493,147.237,151.028,92.2706,141.066,347.562,180.482,123.82,157.063,125.669,156.93,226.808,45.923,71.619,101.363,330.956,169.504,123.826,142.391,6.93407,5.57214,320.847,112.382,101.61,82.8963
LIPASYN-PWY: phospholipases,0,0,0,0,0,0,0,0,0,0,0,0,0,0,0,0,0,0,0,0,0,0,0,0,0,0,0,0,0,0,2.29301,0,0,0,0,0,0,0,0,0,0,0
MET-SAM-PWY: superpathway of S-adenosyl-L-methionine biosynthesis,3.69317,0,36.3622,2.249,4.80181,4.73553,3.21106,0,3.20453,0,33.4583,6.03808,40.1237,4.13385,13.5634,238.069,26.0667,31.4343,14.4613,0,9.70993,29.6318,0,5.79764,0,13.3907,1.73523,15.8997,21.8465,19.9252,7.85804,22.9475,9.25844,0,2.06433,0,4.02545,10.6706,35.5508,11.4951,51.5412,7.94228
METH-ACETATE-PWY: methanogenesis from acetate,151.22,174.359,182.803,118.944,123.502,207.143,89.176,152.681,32.5876,269.684,401.049,150.921,201.119,121.925,163.191,217.521,260.857,131.37,229.895,33.5235,237.018,335.878,400.164,291.662,289.86,111.047,163.177,62.0544,189.688,218.894,118.632,276.429,369.667,274.961,184.161,67.4387,260.903,290.943,236.459,326.256,415.429,372.187
METHGLYUT-PWY: superpathway of methylglyoxal degradation,0,0,0,0,0.381149,0,0,0,0,0,1.86235,0,3.52795,0,0,7.82478,0,11.2671,0,0,8.96616,7.68652,0,0,0,3.95357,0,1.30358,0,0.819456,1.83421,7.164,2.87634,0,1.77863,0,3.83197,5.03124,2.59263,0,1.64353,1.61266
METSYN-PWY: superpathway of L-homoserine and L-methionine biosynthesis,3.23512,0,32.112,1.96941,4.20972,4.15106,2.81517,0,2.8115,0,29.4918,5.28673,35.2706,3.63234,11.9521,222.483,22.9614,27.8225,12.7155,0,8.54226,26.1842,0,5.0821,0,11.7909,1.51904,13.989,19.2534,17.5348,6.90007,20.2389,8.14159,0,1.8072,0,3.52467,9.36319,31.391,10.1287,45.713,6.96133
NAD-BIOSYNTHESIS-II: NAD salvage pathway III (to nicotinamide riboside),0,0,0,0,0.926249,2.51473,0,0,0,0,13.0333,1.87765,27.274,0,0,14.895,8.64502,0.668654,0.548494,0,0,31.1751,0,0,0,10.102,0,1.46454,0.377494,0,8.92319,10.6843,11.0074,0,0,0,4.20781,4.30424,15.8608,2.66694,5.40844,5.05774
NAGLIPASYN-PWY: lipid IVA biosynthesis (E. coli),23.733,24.8682,32.0543,30.761,27.6052,56.2188,24.478,31.2499,78.6072,84.4319,2.21711,5.0355,37.3924,47.6169,41.0514,151.432,42.0765,67.8103,73.0087,21.9786,95.2291,8.39505,7.41456,5.59668,22.8251,75.3601,99.6573,50.1979,18.4764,26.3718,110.574,30.5942,12.5037,20.8273,25.7382,21.9413,2.6634,27.0076,19.4902,26.1538,6.86611,2.77417
NONMEVIPP-PWY: methylerythritol phosphate pathway I,713.548,795.894,786.539,687.007,702.673,697.02,713.965,748.323,928.15,745.49,766.486,822.597,749.751,784.485,772.763,548.622,774.389,720.799,761.799,952.844,719.088,692.635,870.769,789.56,724.98,695.234,763.66,751.673,790.578,747.019,727.516,750.675,830.052,788.256,760.153,776.92,708.16,699.348,755.884,765.603,750.361,690.035
NONOXIPENT-PWY: pentose phosphate pathway (non-oxidative branch) I,454.451,420.557,439.537,324.43,401.584,353.812,256.804,593.196,714.567,608.034,685.124,433.517,423.054,367.205,490.075,652.956,590.914,410.529,549.033,268.327,571.08,689.172,685.248,621.396,540.354,465.222,463.302,309.225,379.796,498.549,290.599,543.402,594.281,515.815,470.561,302.012,503.844,468.192,767.577,669.771,608.225,638.928
OANTIGEN-PWY: O-antigen building blocks biosynthesis (E. coli),477.866,599.568,542.473,415.143,425.143,399.338,328.88,460.702,619.318,406.274,400.087,548.816,545.635,308.178,409.741,312.701,418.473,447.855,521.816,612.927,202.871,384.447,434.694,424.593,352.6,403.501,408.718,449.855,471.974,320.727,265.835,321.137,415.226,462.266,473.341,492.632,488.857,409.097,575.571,294.639,290.579,439.067
ORNARGDEG-PWY: superpathway of L-arginine and L-ornithine degradation,0,0,0,0,0,0,0,0,0,0,0,0,0,0,0,43.7925,0,0,0,0,0,0,0,0,0,0,0,0,0,2.00549,0,0,0,0,0,0,1.62659,0,0,0,0,0
ORNDEG-PWY: superpathway of ornithine degradation,47.4648,77.878,33.9132,4.52361,5.16906,0,0.945281,10.6318,54.2006,2.10621,0,0,3.44009,0,9.9846,334.311,2.28201,11.3703,12.0887,0,4.45636,0,0,6.88883,1.60547,0,0,4.8107,7.38762,9.84494,10.2735,7.18744,1.67046,0,0,2.0566,3.77876,8.51286,11.1733,0,0,0
P105-PWY: TCA cycle IV (2-oxoglutarate decarboxylase),3.24405,7.31392,7.04254,0,16.0319,7.74224,2.13627,4.60012,0,0,0,6.5402,11.1362,5.81018,5.18917,188.576,0,12.6776,7.05418,16.0343,8.52018,4.17336,0,0,18.1594,10.1975,0,8.9357,5.11916,9.97556,7.26853,3.86551,0,0,0,3.22904,11.6569,0,16.4286,0,0,0
P108-PWY: pyruvate fermentation to propanoate I,0,0,4.12581,0,4.85515,7.0016,3.96581,0,10.6232,0,6.18584,0,0,0,3.98826,91.4763,0,8.18755,4.57337,0,0,0,0,4.36095,0,0,0,3.67383,0,5.68273,7.25341,5.06175,10.5358,0,0,0,3.56326,0,28.1008,0,0,0
P122-PWY: heterolactic fermentation,0,15.4713,0,0,0,0,0,0,9.89859,0,3.67953,0,41.849,42.5672,0,42.767,0,22.2866,0,0,0,12.674,0,5.72868,0,19.7689,0,2.46016,0,0,0,0,0,0,37.2691,0,106.842,0,9.5991,7.55753,0,0
P124-PWY: Bifidobacterium shunt,76.0738,116.073,83.5232,182.97,106.024,95.4855,62.8484,188.081,372.39,134.39,102.551,188.372,312.007,80.1254,66.3469,12.4156,95.7833,132.124,90.3312,341.543,18.0689,36.6373,13.5863,79.0823,127.389,125.567,189.384,159.878,93.4767,67.5767,80.7089,62.784,90.2512,180.881,179.421,98.4162,360.241,295.257,230.456,7.88764,0,72.7635
"P125-PWY: superpathway of (R,R)-butanediol biosynthesis",0,0,0,0,0,6.13758,0,1.76167,0,0,16.2543,0,21.6764,0,0,0,6.35408,0,0,0,0,36.3762,0,0,0,8.66831,0,0,0,0,3.14091,2.9351,2.57855,0,0,0,7.44361,1.85251,7.21413,0,20.627,35.7572
P161-PWY: acetylene degradation (anaerobic),15.5076,30.8445,16.9336,6.49839,18.4042,24.3956,14.3094,1.83368,18.1868,6.95258,13.6666,0,42.4119,39.3334,12.8116,255.298,10.546,30.9487,27.7019,5.65985,11.4279,23.0525,39.2856,16.6116,1.22094,11.4144,16.3206,11.2444,22.5283,32.484,15.4363,12.915,0,9.26153,30.814,13.8735,207.224,10.6739,22.7265,19.349,14.2805,16.8312
P163-PWY: L-lysine fermentation to acetate and butanoate,0,0,0,0,0,0,0,0,0,0,0,0,0,0,0,0,0,0,0,0,0,0,0,0,0,0,0,1.1185,0,0,0,0,0,0,0,0,0,0,0,0,0,0
P164-PWY: purine nucleobases degradation I (anaerobic),59.0651,73.661,58.0117,56.9907,19.592,62.5833,19.0832,87.0696,22.5829,142.357,193.284,26.4823,60.4491,29.1922,107.219,189.51,95.9142,101.662,105.702,0,125.954,162.921,362.911,136.274,185.117,90.6216,146.406,22.942,52.8803,106.88,57.9116,117.429,88.4765,124.739,71.1779,19.9161,64.2611,121.628,124.54,153.086,283.562,115.15
P185-PWY: formaldehyde assimilation III (dihydroxyacetone cycle),0,7.32973,2.59662,5.7319,0,7.47713,0,9.95136,16.3176,14.0773,21.4613,8.37123,15.3413,5.4222,3.61363,2.94691,3.37912,23.6865,18.0802,0,32.2012,31.1201,40.8596,12.0737,15.6958,10.697,7.21869,2.0294,10.4741,16.3304,12.9871,9.71121,0,21.7461,5.96958,3.27395,11.5751,25.2475,8.69097,6.98312,13.6054,5.01688
P221-PWY: octane oxidation,0,0,0,0,0,0,0,0,0,0,0,0,0,0,0,14.5765,0,0,0,0,0,0,0,0,0,0,0,0,0,0,1.58156,0,0,0,0,0,0,0,0.0919584,0,0,0
P23-PWY: reductive TCA cycle I,0,0,2.73868,0,2.90352,3.57676,2.62702,0,7.91323,0,0,0,0,0,0.918285,0,0,5.49972,2.8765,0,0,0,0,0,0,0,0,2.50985,0,3.416,4.62057,0,0,0,0,0,0,0,3.7336,0,0,0
"P4-PWY: superpathway of L-lysine, L-threonine and L-methionine biosynthesis I",7.68834,0,66.8159,4.73033,9.79038,9.64558,6.5396,0,0,0,61.4441,12.5654,76.134,8.42643,25.3089,141.578,47.4936,54.5841,27.5348,0,17.8921,49.7536,0,11.8946,0,25.6329,3.65932,31.5346,38.9061,35.212,15.4978,39.6113,17.929,0,4.35303,0,8.45261,21.9233,65.7399,17.9586,55.9211,15.4826
P41-PWY: pyruvate fermentation to acetate and (S)-lactate I,390.773,577.276,513.461,342.469,386.963,398.557,282.846,511.554,579.857,523.022,671.206,552.794,562.833,300.688,384.995,381.315,490.102,409.242,538.906,407.418,447.055,617.493,866.478,579.857,484.542,384.652,447.206,329.29,455.094,435.23,256.976,472.339,596.342,596.764,506.151,459.384,557.056,579.327,683.839,448.156,581.463,532.851
P42-PWY: incomplete reductive TCA cycle,94.552,20.5387,35.6449,41.9559,7.0439,5.83515,24.1937,0,33.3403,17.6476,3.58772,0,27.7539,38.8917,2.34194,50.9795,5.64493,49.6433,17.2837,0,51.8493,59.8055,13.2287,2.53678,5.0297,18.0239,21.7834,63.6115,6.82813,12.1011,17.6742,2.94232,5.7455,29.2284,21.475,29.7702,2.01129,0,15.4384,20.905,5.35294,0
P441-PWY: superpathway of N-acetylneuraminate degradation,59.1665,104.612,61.7708,41.0163,96.4885,93.2886,50.6268,80.9028,61.1641,89.9998,110.691,45.591,99.1002,100.396,55.5361,332.018,105.693,91.2821,86.9306,22.0564,122.587,91.1301,87.0209,74.9202,82.0673,53.6373,94.1898,42.8647,76.209,88.1337,93.6844,121.331,101.798,88.7367,126.644,59.466,179.259,84.8699,100.025,67.3689,97.4011,55.8515
"P461-PWY: hexitol fermentation to lactate, formate, ethanol and acetate",16.6865,12.8873,12.3987,31.7266,15.061,29.1427,18.1037,6.65529,11.7814,16.5859,38.4669,9.88977,42.9789,23.6283,17.0263,363.749,28.1712,49.5104,34.7641,6.74728,77.3461,84.4708,60.2663,37.4204,40.9031,13.0599,19.2245,24.7471,21.0786,22.9543,35.7201,33.0826,14.4455,37.3258,17.5216,17.0924,14.4677,26.2021,42.4337,14.1483,58.1544,16.2956
P562-PWY: myo-inositol degradation I,0,0,0,1.63783,0,0,0,0,0,0,0,0,0,0,0,0,0,0,0,0,0,0,0,0,0,0,0,0,0,0,0,0,0,0,0,0,0,0,0,0,0,0
P621-PWY: nylon-6 oligomer degradation,0,0,0,3.11896,0,37.3693,1.5004,2.55645,0,0,10.3842,0,30.5508,0,0,0,5.70194,0,0,0,0,73.431,6.67402,0,0,6.54995,0,0,0,0,3.71402,9.00421,0,0,2.33556,0,10.0626,9.63751,13.5737,4.85538,2.78742,21.2154
PANTO-PWY: phosphopantothenate biosynthesis I,387.088,316.645,316.588,324.465,239.12,327.903,225.117,469.365,477.695,485.636,375.451,194.247,252.451,357.443,363.447,359.892,441.266,356.735,405.413,165.015,515.185,420.569,484.534,461.968,386.505,351.976,453.931,409.75,451.93,453.676,428.03,388.952,464.662,384.183,323.973,318.899,210.194,376.463,384.98,444.606,509.745,379.827
PANTOSYN-PWY: superpathway of coenzyme A biosynthesis I (bacteria),402.661,351.299,373.05,376.262,299.29,351.283,278.044,484.842,460.451,488.587,415.829,202.757,312.072,363.473,416.729,368.474,435.575,404.192,451.003,217.488,529.494,439.52,454.543,446.128,386.007,384.065,472.491,449.607,459.797,475.754,424.456,434.021,501.372,409.646,375.42,363.889,231.464,389.381,403.617,432.524,474.18,391.947
PENTOSE-P-PWY: pentose phosphate pathway,191.953,321.655,266.699,236.032,154.809,157.01,92.5857,70.7104,96.732,222.931,203.758,354.9,377.349,146.932,166.747,262.646,257.161,212.571,194.438,233.505,247.259,144.714,34.4881,173.528,182.329,223.582,307.252,255.694,183.244,141.408,211.83,157.791,126.754,317.257,309.023,284.853,398.713,408.582,335.728,140.757,142.177,113.775
PEPTIDOGLYCANSYN-PWY: peptidoglycan biosynthesis I (meso-diaminopimelate containing),725.851,815.114,758.274,729.422,779.721,699.838,735.338,738.917,967.286,733.97,825.034,854.266,801.733,820.97,807.635,586.425,839.666,728.768,762.539,977.195,739.063,805.015,887.803,786.495,712.495,692.175,731.108,818.013,823.631,785.802,720.454,771.015,846.187,783.054,820.904,815.152,760.462,719.557,765.876,880.723,800.278,806.249
PHOSLIPSYN-PWY: superpathway of phospholipid biosynthesis I (bacteria),149.891,90.6754,110.828,104.417,140.065,129.243,114.926,86.152,59.7171,141.598,329.609,199.07,176.618,194.544,194.98,390.758,274.556,112.919,166.884,55.2698,203.96,255.089,93.6326,96.0078,171.17,200.56,213.49,199.923,79.1031,86.3514,85.5573,195.661,51.1735,196.598,147.089,71.4194,267.971,229.267,281.824,338.329,182.727,250.957
POLYAMINSYN3-PWY: superpathway of polyamine biosynthesis II,12.2671,26.5104,21.9725,7.36961,7.69076,0,1.56231,15.6818,29.6468,3.48381,0,0,5.27662,0,13.5376,15.7068,3.65427,18.3825,20.7655,0,7.76978,0,0,10.4124,2.60155,0,0,7.02363,11.1226,15.394,21.1432,12.7305,2.65378,0,0,3.35068,2.03127,14.2135,15.2916,0,0,0
POLYAMSYN-PWY: superpathway of polyamine biosynthesis I,25.9497,27.4903,21.4111,11.3311,21.6243,16.3596,8.10643,32.8388,30.6333,4.82171,11.3123,2.70734,6.71607,2.18284,17.2497,141.763,8.14207,38.6752,20.5248,0,24.8383,22.058,0,15.2484,39.1727,32.8912,56.8691,12.4196,10.817,21.0328,26.3791,37.2593,18.0831,14.9757,8.88347,4.29079,9.11536,15.6026,28.4654,10.0591,0,8.25753
POLYISOPRENSYN-PWY: polyisoprenoid biosynthesis (E. coli),15.5328,22.7175,27.4028,53.2552,35.7038,34.6131,36.5708,42.8327,40.983,138.234,31.3753,4.65651,75.4189,56.4175,60.8142,144.829,110.541,40.8662,35.115,0,65.9784,45.634,0,2.76535,18.3214,40.144,31.4345,29.5529,26.078,18.3861,78.7821,51.5723,37.7667,45.2355,54.1488,4.99939,198.599,71.0732,58.7038,81.5424,71.0168,19.6132
PPGPPMET-PWY: ppGpp metabolism,22.3637,48.1883,37.7266,24.464,9.59331,27.4191,7.40225,44.0151,3.19587,44.3588,69.5168,17.8364,49.653,9.9482,36.9748,45.3063,77.9248,42.9932,23.1074,0,56.4808,54.2749,131.688,57.7888,63.5532,24.7339,29.2351,8.43883,28.8003,63.4011,32.9839,37.5473,20.0009,52.9047,21.2435,6.99163,32.9857,63.0372,71.4288,14.4903,97.6225,21.5503
PROPFERM-PWY: superpathway of L-alanine fermentation (Stickland reaction),0,0,0,6.16688,0,0,0,0,0,9.52558,0,0,0,3.08934,0,9.39728,0,0,0,0,20.6304,28.4499,0,0,12.1447,9.8639,8.30615,0,0,0,0,0,0,19.3516,6.07819,0,0,0,0,8.54226,21.3269,0
PROTOCATECHUATE-ORTHO-CLEAVAGE-PWY: protocatechuate degradation II (ortho-cleavage pathway),0,0,0,0,0.564448,0,0,0,0,0,0,0,0,0,0,0,0,0,0,0,0,0,0,0,0,0,0,0,0,0,0,0,0,0,0,0,0,0,0,0,0,0
"PRPP-PWY: superpathway of histidine, purine, and pyrimidine biosynthesis",0,0,0,0,0,0,0,0,0,0,0,0,0,0,0,184.954,0,0,0,0,0,0,0,0,0,0,0,0,0,0,0,0,0,0,0,0,0,0,12.4717,0,0,0
PWY-1042: glycolysis IV,960.381,1014.82,941.168,789.703,924.266,885.602,878.265,901.087,950.593,1006.15,1182.69,957.551,891.547,937.342,882.472,769.947,1023.54,832.727,930.202,1025.33,993.229,1175.95,1315.62,1161.85,1012.97,915.827,994.016,893.993,942.167,959.894,962.398,1113.98,1148.72,1032.91,942.178,891.264,799.82,942.113,1089,964.748,1141.17,1079.28
PWY-1269: CMP-3-deoxy-D-manno-octulosonate biosynthesis,87.1297,33.5861,24.881,58.2926,40.6457,46.4098,51.0562,7.01235,42.5816,27.5137,12.1252,13.6538,44.9031,59.7246,44.2125,177.813,32.024,103.32,46.2163,29.6364,71.1918,13.7032,9.75403,26.9455,25.0654,25.4237,40.6241,117.092,59.443,51.2889,104.079,36.3674,12.4529,46.3503,39.0096,25.0725,3.93855,32.068,14.834,49.8212,24.9553,22.9737
PWY-1861: formaldehyde assimilation II (assimilatory RuMP Cycle),155.291,260.615,153.201,11.4924,2.56876,21.4639,0,7.27549,8.27923,33.2552,21.6535,8.4656,13.5365,23.423,22.1967,33.4643,68.6211,102.281,116.632,142.02,93.6474,146.075,251.274,241.163,51.458,0,31.9294,17.4657,15.6904,91.4756,22.1376,30.9062,75.3201,109.564,146.631,44.0213,5.54454,35.1719,10.3918,27.6544,169.139,48.524
"PWY-241: C4 photosynthetic carbon assimilation cycle, NADP-ME type",217.446,316.341,251.387,250.617,141.991,115.292,73.5467,148.754,172.48,134.727,238.523,351.828,313.886,89.0468,167.412,257.385,187.95,155.513,137.012,217.863,32.515,118.039,51.4834,166.583,110.68,137.979,228.98,264.147,146.167,114.855,83.1375,130.311,102.54,269.263,317.275,323.888,337.099,262.268,297.898,81.1369,30.7869,99.7389
PWY-2941: L-lysine biosynthesis II,102.871,193.022,43.1391,33.044,27.8248,105.887,68.7976,182.843,272.845,100.8,137.879,119.275,188.131,4.16168,40.1264,33.3357,69.731,114.11,89.0108,41.4969,64.735,347.692,111.179,80.4991,110.784,162.122,61.0093,65.9642,106.386,63.9314,116.512,103.116,170.07,110.168,130.202,109.695,66.6646,111.824,223.803,65.9091,153.172,269.537
PWY-2942: L-lysine biosynthesis III,502.279,482.909,444.964,398.506,272.264,432.579,284.567,466.186,509.668,536.599,560.774,322.31,426.237,308.082,404.958,350.209,481.012,443.963,482.962,191.935,565.158,513.724,604.144,487.415,539.053,445.387,555.158,522.141,536.764,499.658,455.203,462.308,572.91,584.241,449.4,441.368,353.541,580.116,391.626,536.051,622.397,537.66
PWY-3001: superpathway of L-isoleucine biosynthesis I,474.286,543.4,489.638,433.704,455.254,443.74,427.779,495.372,624.682,547.644,583.496,554.428,620.587,347.114,445.842,480.206,520.872,478.078,504.483,508.675,487.531,658.829,624.832,506.477,470.951,530.183,593.768,490.585,486.374,429.343,513.954,460.089,537.598,592.841,575.396,486.461,616.828,616.283,666.979,471.898,539.908,570.648
PWY-3841: folate transformations II (plants),524.495,646.092,662.406,549.57,551.735,603.71,604.229,527.725,596.942,600.069,667.818,603.616,628.883,466.439,553.125,472.316,608.55,629.956,615.025,528.592,637.903,671.069,772.555,639.697,516.817,475.55,593.517,631.29,685.771,551.507,536.453,564.996,694.934,649.974,596.374,648.237,535.833,654.189,580.019,593.493,649.662,558.566
PWY-4041: &gamma;-glutamyl cycle,155.362,210.607,160.812,182.607,136.965,102.366,99.2835,123.751,149.482,115.787,171.773,228.566,262.509,99.7759,125.644,225.091,164.37,131.749,99.2893,198.2,35.3992,180.8,92.8555,135.859,80.2213,102.836,120.646,156.097,122.289,123.877,122.44,126.017,155.74,207.827,201.612,199.182,288.13,255.332,191.983,143.466,109.745,196.938
PWY-4984: urea cycle,11.2416,40.0616,20.837,133.56,28.1182,40.9825,32.1463,30.5331,31.9513,104.798,5.71724,1.60595,28.615,28.157,33.2255,12.8608,83.4938,70.9461,98.421,8.70471,119.655,62.9811,41.297,35.119,50.9122,104.604,142.706,56.6057,35.5186,48.4672,170.415,54.1784,47.0822,91.409,54.3204,72.9785,1.68568,211.968,31.119,64.2458,74.8056,35.5184
PWY-5004: superpathway of L-citrulline metabolism,0,0,0,6.10996,9.62103,5.12731,6.06328,0,0,0,0,0,0,1.66688,0,0.924511,0,3.87381,5.13463,0,0,0,0,0,0,0,0,9.90225,2.06812,7.60532,0,0,0,0,0,0,0,4.54615,4.18279,0,0,0
PWY-5005: biotin biosynthesis II,80.9428,91.5755,108.403,24.1471,45.9745,84.6336,53.489,29.0639,11.8337,8.165,32.4612,10.8234,9.91366,12.3882,0,0,0,7.58082,6.59129,0,15.9773,15.1323,13.1799,0,14.8091,2.43804,5.26546,78.5904,103.157,0,0,0,0,11.1271,1.4426,3.4962,0,3.99097,3.7674,0,4.26774,0
PWY-5022: 4-aminobutanoate degradation V,5.22661,9.20491,10.7261,7.07132,0,22.7596,0,11.7465,11.3066,32.9905,0,0,14.2779,15.2018,0,9.89504,0,15.3761,9.90997,0,9.64289,15.7705,8.86618,0,37.084,25.8125,48.7777,8.73661,0,9.3069,6.87285,0,4.84209,24.7238,15.1734,7.73966,3.11836,3.44518,3.90684,12.9194,7.15875,3.16699
PWY-5030: L-histidine degradation III,10.4402,22.8703,33.3708,137.628,67.9443,91.666,99.3441,38.5762,121.271,132.817,23.548,9.33975,61.3332,55.7718,62.4822,9.95718,70.8376,122.597,107.921,55.4784,165.767,102.474,20.3352,19.3539,73.7093,152.39,195.11,85.3163,38.6911,13.6673,193.092,54.2628,25.1351,65.8098,44.5683,62.241,5.36609,169.769,30.9572,64.8399,59.0968,36.7939
PWY-5088: L-glutamate degradation VIII (to propanoate),0,0,0,0,0,0,0,0,0,0,0,0,0,0,0,0,0,0,0,0,0,0,0,0,0,0,0,0,0,0,0,0,0,0,0,0,0,0,1.03033,0,0,0
PWY-5097: L-lysine biosynthesis VI,643.799,748.251,691.492,643.041,625.547,599.565,646.7,670.282,701.592,677.151,734.64,737.165,702.615,643.359,666.755,469.43,718.098,609.681,680.596,776.399,667.078,679.26,776.799,692.847,659.106,601.352,696.131,661.375,654.139,655.334,670.03,683.113,714.284,715.935,688.921,730.391,622.365,668.938,684.842,655.331,726.105,668.291
PWY-5100: pyruvate fermentation to acetate and lactate II,390.773,577.276,513.461,342.469,386.963,398.557,282.846,511.554,579.857,523.022,671.206,552.794,562.833,300.688,384.995,381.315,490.102,409.242,538.906,407.418,447.055,617.493,866.478,579.857,484.542,384.652,447.206,329.29,455.094,435.23,256.976,472.339,596.342,596.764,506.151,459.384,557.056,579.327,683.839,448.156,581.463,532.851
PWY-5103: L-isoleucine biosynthesis III,808.331,959.784,844.892,615.5,664.984,671.307,597.799,746.781,872.493,836.769,911.85,831.442,939.542,608.879,793.194,735.571,747.777,703.727,830.123,883.289,747.66,890.311,1100.5,933.382,720.565,587.945,794.246,858.305,824.347,810.055,640.601,744.01,958.153,881.779,853.349,864.383,747.441,770.82,901.575,724.417,894.264,852.744
PWY-5104: L-isoleucine biosynthesis IV,0,0,0,0,5.49555,0,0,0,0,0,0,0,0,0,0,24.7942,0,11.4295,8.32986,0,0,1.63322,0,3.88106,0,0,0,6.66933,1.7975,6.55282,0,0,0,0,4.77961,2.59779,3.76558,4.37202,10.369,0,0,0
PWY-5121: superpathway of geranylgeranyl diphosphate biosynthesis II (via MEP),101.972,61.0068,60.3643,148.808,97.2619,60.2353,38.0372,243.967,253.046,215.709,110.253,82.5981,134.103,212.255,164.155,50.3577,163.988,93.8004,110.017,77.2322,125.447,128.72,0,126.003,35.4719,59.7806,74.1236,76.1188,62.3783,101.987,144.419,150.103,91.7851,42.8331,102.608,50.9352,325.735,110.147,99.9028,197.578,136.561,38.0648
PWY-5130: 2-oxobutanoate degradation I,0,5.20415,0,35.8143,7.26485,24.4875,16.3577,3.29693,6.95811,0,6.11029,2.01944,6.84843,4.28898,13.1493,5.54079,0,12.6503,15.1085,0,22.4845,12.7679,6.93051,4.025,5.97077,18.9787,9.05435,26.175,6.86235,0,44.4044,17.9881,14.1851,10.9685,19.0074,10.9955,3.5541,16.0033,3.15827,6.47865,7.63834,3.95247
PWY-5136: fatty acid &beta;-oxidation II (plant peroxisome),8.1882,11.4742,10.5692,7.05476,12.0846,14.9711,4.05032,14.8014,37.4504,15.5918,17.8974,2.44049,10.9541,13.3354,8.61699,104.802,0,33.3377,21.5486,0,10.9591,15.0132,30.2894,24.4767,9.8459,31.3209,28.4709,20.172,28.0174,23.2609,22.7667,17.28,27.3843,9.79545,5.07851,7.66143,8.74966,14.0029,41.7937,8.31873,0,1.77879
"PWY-5138: fatty acid &beta;-oxidation IV (unsaturated, even number)",0,0,0,0,0,0,0,0,0,0,0,0,0,0,0,14.1326,0,7.87412,1.97327,0,0,0,0,0,0,0,0,2.30851,1.99216,4.55439,3.05217,0,0,0,0,0,3.06353,0,7.31456,0,0,0
PWY-5154: L-arginine biosynthesis III (via N-acetyl-L-citrulline),335.735,100.702,101.624,225.231,50.5466,92.6556,84.1415,70.8911,141.455,226.225,121.465,28.4572,87.395,97.6624,101.776,313.224,129.507,236.888,176.405,62.5962,323.285,120.657,133.795,156.461,80.7754,249.758,260.492,410.072,191.672,112.035,334.172,102.945,40.4845,151.441,96.2166,117.609,13.5106,256.912,185.874,105.391,122.1,84.7192
PWY-5156: superpathway of fatty acid biosynthesis II (plant),0,0,0,0,0,0,0,0,0,0,0,0,0,0,0,0,0,0,0,0,0,0,0,0,0,0,0,0,0,0,0,0,0,0,0,0,10.7792,0,0,0,0,0
PWY-5180: toluene degradation I (aerobic) (via o-cresol),0,0,0,0,0,0,0,0,0,0,0,0,0,0,0,0,0,0,0,0,0,0,0,0,0,0,0,0,0,0,0,0,0,0,0,0,0.783494,0,5.16192,0,0,0
PWY-5188: tetrapyrrole biosynthesis I (from glutamate),209.977,181.523,255.639,116.09,160.076,199.909,114.904,167.579,57.8623,178.41,195.089,125.129,147.551,184.003,135.819,274.465,161.227,197.376,247.208,35.8171,144.077,183.629,371.416,283.778,269.687,128.84,172.352,125.248,238.712,201.694,85.7956,176.68,379.561,151.544,112.824,100.478,100.337,123.663,101.057,224.035,289.561,220.847
PWY-5189: tetrapyrrole biosynthesis II (from glycine),6.69989,2.42361,5.47511,0,30.5077,14.9076,24.3142,3.4777,0,0,22.8089,6.9123,14.9276,2.19069,1.55011,173.618,0,15.3813,5.85654,0,0,4.0275,14.913,9.18222,0,2.8784,0,1.9399,0,8.67856,1.27596,5.15791,7.11426,5.7132,6.93032,0,0,2.28613,7.87796,0,5.06037,4.44629
PWY-5265: peptidoglycan biosynthesis II (staphylococci),0,0,0,0,0,0,0,0,0,0,5.54006,0,0,0,0,0,0,0,0,0,0,14.1734,0,0,0,0,0,0,0,0,0,0,0,0,0,0,0,0,0,11.3756,0,0
PWY-5345: superpathway of L-methionine biosynthesis (by sulfhydrylation),17.3998,4.80772,14.5248,0,37.4162,17.9118,0,31.7044,13.1035,7.4147,0,3.7891,16.2182,0,14.7732,279.277,5.61334,30.4677,10.3799,0,3.61528,2.60467,0,8.60911,57.0969,31.9892,59.736,35.8233,10.7954,35.4861,28.5078,26.3629,5.47623,4.0372,0,9.08671,20.2755,11.2835,49.9475,12.3657,6.3034,0
PWY-5347: superpathway of L-methionine biosynthesis (transsulfuration),3.68766,0,35.6788,2.24708,4.79232,4.72962,3.20865,0,3.20687,0,33.1422,6.01312,39.4602,4.1263,13.4977,232.591,25.8151,31.3198,14.4306,0,9.72643,29.6273,0,5.78672,0,13.3983,1.73481,15.8545,21.704,19.6825,7.858,22.6584,9.24891,0,2.06293,0,4.02147,10.6706,35.4655,11.482,50.8573,7.92006
PWY-5367: petroselinate biosynthesis,0,17.2504,5.11464,6.41313,0,0,0,0,7.88251,0,51.9561,4.8772,27.3347,32.9307,4.62669,86.9901,4.87869,18.3164,3.44526,0,23.3908,19.8067,44.6381,0,24.8367,15.5419,8.5654,0,1.71245,0,4.98388,8.56,0,22.3261,35.5579,6.04485,181.707,0,0,6.26661,20.3299,0
PWY-5384: sucrose degradation IV (sucrose phosphorylase),220.768,395.305,305.406,276.412,269.011,201.018,338.68,38.149,32.709,74.0025,207.971,476.611,492.718,88.6419,228.839,397.504,229.401,156.595,257.042,329.336,106.541,199.896,78.8062,153.991,105.381,111.976,230.55,262.321,158.114,117.659,106.142,174.288,65.519,352.795,395.933,452.613,432.744,235.9,213.737,209.178,294.187,458.128
PWY-5392: reductive TCA cycle II,0,0,2.35474,0,2.72087,2.8141,2.32114,0,0,0,0,0,0,0,0.881132,0,0,0,0,0,0,0,0,0,0,0,0,2.21291,0,0,2.11204,0,0,0,0,0,0,0,2.22037,0,0,0
PWY-5415: catechol degradation I (meta-cleavage pathway),0,0,0,0,0,0,0,0,0,0,0,0,3.8311,0,0,0,0,0,0,0,0,0,0,0,0,0,0,0,0,0,0,0,0,0,0,0,0.554312,0,1.81369,0,0,0
"PWY-5464: superpathway of cytosolic glycolysis (plants), pyruvate dehydrogenase and TCA cycle",0,0,0,0,0,0,0,0,0,0,0,0,0,0,0,4.44804,0,0,0,0,0,0,0,0,0,0,0,0,0,0,0,0,0,0,0,0,0,0,1.78846,0,0,0
PWY-5484: glycolysis II (from fructose 6-phosphate),342.022,540.364,430.27,385.41,235.488,255.667,175.991,184.783,139.845,184.035,317.231,462.476,545.702,240.931,181.116,374.888,283.058,302.042,298.271,396.934,161.466,360.575,107.322,259.399,178.301,295.059,321.301,406.161,329.945,241.03,190.992,204.557,241.441,401.266,433.885,479.651,491.442,377.065,300.937,167.102,246.829,318.201
PWY-5494: pyruvate fermentation to propanoate II (acrylate pathway),0,0,0,2.82377,0,0,0,0,0,4.43506,0,0,0,1.40973,0,4.29114,0,0,0,0,10.0377,14.493,0,0,7.47769,5.42534,4.26698,0,0,0,0,0,0,9.49365,2.79779,0,0,0,0,3.98198,10.5542,0
PWY-5497: purine nucleobases degradation II (anaerobic),12.088,26.0693,33.2805,35.0308,36.7541,44.6191,31.7054,52.2593,63.665,103.005,0,6.78673,30.4184,44.5367,46.6336,58.7391,50.419,57.7457,97.7656,29.8747,116.279,54.9762,16.7364,0,98.8274,86.7299,134.952,34.8444,27.1619,15.2674,61.0978,53.8902,18.3508,47.0863,25.2285,15.2343,5.74693,37.4443,5.9636,63.8434,48.5246,15.4317
PWY-5505: L-glutamate and L-glutamine biosynthesis,35.2609,40.197,56.5379,79.5377,33.2038,96.8435,32.2114,94.8754,140.531,220.126,46.1492,12.9599,66.2196,76.4422,82.1644,150.413,137.162,100.896,137.268,0,204.241,123.224,68.3186,44.4504,134.74,247.288,270.39,75.4563,70.5531,32.9564,166.724,110.834,50.2109,173.229,116.971,102.843,10.7469,171.331,54.2276,128.294,130.24,78.9378
PWY-561: superpathway of glyoxylate cycle and fatty acid degradation,0,0,0,0,8.45683,0,0,0,0,0,0,0,0,0,0,158.536,0,31.2923,11.1922,0,0,0,0,4.96453,0,0,0,11.471,14.7004,12.0547,0,0,0,0,0,0,6.89067,0,23.7393,0,0,0
PWY-5656: mannosylglycerate biosynthesis I,0,0,0,0,1.22917,0,0,0,0,0,0,0,0,0,0,108.884,0,1.71232,4.21838,0,0,0,0,0,0,0,0,0.510784,0.72676,0,0,0,0,0,0,1.29252,0,0,6.39926,0,0,0
PWY-5659: GDP-mannose biosynthesis,129.219,105.481,77.6275,194.94,95.2534,102.714,55.2012,180.149,146.074,84.6245,227.989,124.845,172.696,57.3397,107.091,233.078,141.623,96.3873,169.054,38.2248,113.7,220.249,72.6411,54.4678,213.955,217.066,217.632,153.044,117.217,153.805,157.893,231.266,246.023,112.044,77.3636,21.8529,272.802,212.252,233.979,161.934,209.517,271.765
PWY-5667: CDP-diacylglycerol biosynthesis I,575.74,535.557,544.054,455.818,663.935,564.401,649.492,540.221,418.571,573.535,687.845,594.072,488.769,698.623,624.331,472.123,642.385,416.867,528.274,593.761,654.299,701.953,636.353,625.635,645.298,564.448,576.305,452.163,533.764,607.365,579.039,666.471,736.945,553.291,538.302,507.73,457.184,491.587,498.312,697.854,720.657,716.302
PWY-5675: nitrate reduction V (assimilatory),0,0,3.68762,0,0,0,0,0,1.08724,0,0,0,2.02169,0,1.79289,326.839,0,15.5205,5.20183,0,1.55691,1.90033,0,0,0,0,0,7.21991,2.22066,0,0,1.64714,0,0,0,0,2.57125,0.664018,12.0685,0,0,0
PWY-5676: acetyl-CoA fermentation to butanoate II,54.9015,160.599,107.932,25.4913,11.6383,54.8827,3.83103,41.6911,73.2179,59.4809,147.49,41.2083,114.671,26.8663,22.8925,276.836,61.2096,85.4685,63.8762,79.6902,119.301,144.738,139.628,117.375,60.4598,77.682,76.9577,93.3758,19.3275,48.7461,41.6049,47.3117,54.2007,116.858,34.9269,24.4243,36.864,87.9419,48.1199,37.8601,140.468,145.149
PWY-5677: succinate fermentation to butanoate,0,0,0,0,0,0,0,8.23427,2.88797,9.07592,0,0,0,2.08768,0,0,0,2.36519,8.58749,0,1.87657,0,0,0,0,6.41887,8.91936,0,0,3.55385,0,0,2.29347,3.6202,2.1292,0,1.16566,0,0,3.81811,1.57524,0
PWY-5686: UMP biosynthesis I,891.879,1001.06,940.655,808.311,933.05,822.391,934.574,920.874,1185.83,927.764,999.893,1012.31,887.737,918.428,949.815,598.424,980.011,803.859,877.048,1183.22,833.733,955.248,1045.47,1015.75,820.141,786.607,855.687,935.719,911.272,873.569,873.298,1003.78,983.263,903.364,933.587,1016.91,825.067,788.453,952.731,904.871,931.815,886.124
PWY-5690: TCA cycle II (plants and fungi),0,2.14259,7.90438,17.1896,15.5548,7.47547,10.3772,8.81609,0,9.85415,7.16641,3.66292,0,0,9.21192,3.08143,16.326,0,3.98209,0,14.955,12.3405,0,0,28.6162,41.2171,17.1268,3.73198,2.9831,6.92239,2.69969,12.8492,13.2102,4.1818,1.24666,0,28.5792,33.5992,16.5232,4.91705,0,0
PWY-5692: allantoin degradation to glyoxylate II,0,0,0,0,0,0,0,0,0,0,0,0,0,0,0,2.35328,0,0.808607,0,0,0,0,0,0,0,0,0,0,0,0,0,0,0,0,0,0,0,0,0,0,0,0
PWY-5695: inosine 5'-phosphate degradation,395.448,418.042,403.156,492.868,298.17,310.037,241.699,395.167,481.762,490.77,439.211,348.394,431.921,355.679,440.693,491.998,506.437,461.534,493.804,337.814,540.39,413.457,365.925,372.661,317.658,363.193,429.374,502.295,328.973,293.467,461.802,450.589,278.83,463.82,376.371,350.785,365.367,522.152,446.385,446.025,438.833,280.062
PWY-5705: allantoin degradation to glyoxylate III,0,0,0,0,0,0,0,0,0,0,0,0,0,0,0,9.39574,0,1.39124,0,0,0,0,0,0,0,0,0,0.565123,0,0,0,0,0,0,0,0,0,0,0,0,0,0
PWY-5723: Rubisco shunt,0,0,6.39209,0,0,0,0,0,0,0,1.73294,0,0,0,0,372.127,2.92753,8.47612,3.95135,0,0,0,0,4.97757,0,0,0,6.2355,1.99014,24.9671,11.3092,0,0,0,0,0,0,0,11.2072,0,0,0
PWY-5747: 2-methylcitrate cycle II,0,0,0,0,0.894435,0,0,0,0,0,0,0,0,0,0,30.1173,0,0.851971,0.453922,0,0,0,0,0,0,0,0,0.826062,0,0.610055,0,0,0,0,0,0,0.81393,0,1.69128,0,0,0
"PWY-5837: 2-carboxy-1,4-naphthoquinol biosynthesis",0,0,0,0,4.21932,2.13687,0,0,0,0,7.67667,0,6.91499,0,0,101.996,0,1.76218,1.60548,0,0,6.98205,0,1.3598,4.34184,0,0,2.81648,0,0,4.53859,3.10499,0,0,0,0,3.59812,14.8291,17.7004,0,0,0
PWY-5838: superpathway of menaquinol-8 biosynthesis I,0,0,0,0,12.5869,7.01389,0,0,0,0,13.501,0,20.5413,0,0,153.245,0,5.93039,5.39147,0,0,19.5028,0,0,12.8528,0,0,9.2057,0,0,14.7753,9.68817,0,0,0,0,8.87287,42.5316,44.1371,0,0,0
PWY-5840: superpathway of menaquinol-7 biosynthesis,0,0,0,0,11.1103,6.63604,0,0,0,0,18.7138,0,20.4304,0,0,141.606,0,5.89728,5.39823,0,0,19.5835,0,4.231,12.3575,0,0,8.98002,0,0,12.9968,7.55183,0,0,0,0,9.49506,0,11.1226,0,0,0
PWY-5845: superpathway of menaquinol-9 biosynthesis,0,0,0,0,0,0,0,0,0,0,0,0,0,0,0,141.606,0,5.79252,5.25505,0,0,17.7035,0,0,12.805,0,0,7.62629,0,0,14.107,9.02095,0,0,0,0,0,0,11.1226,0,0,0
PWY-5850: superpathway of menaquinol-6 biosynthesis,0,0,0,0,0,0,0,0,0,0,0,0,0,0,0,141.606,0,0,2.79596,0,0,0,0,0,0,0,0,4.74536,0,0,0,5.94525,0,0,0,0,0,0,11.1226,0,0,0
PWY-5855: ubiquinol-7 biosynthesis (early decarboxylation),0,0,0,0,0,0,0,0,0,0,0,0,0,0,0,17.4811,0,1.88263,0.721373,0,0,0,0,0,0,0,0,0,0,0.771143,0,0,0,0,0,0,0.514068,0,0.99644,0,0,0
PWY-5860: superpathway of demethylmenaquinol-6 biosynthesis I,0,0,0,0,0,0,0,0,0,0,0,0,0,0,0,117.244,0,0,1.87165,0,0,0,0,0,0,0,0,3.17922,0,0,0,4.02881,0,0,0,0,0,0,7.60089,0,0,0
PWY-5861: superpathway of demethylmenaquinol-8 biosynthesis I,0,0,0,0,8.77325,4.74826,0,0,0,0,9.45774,0,14.5241,0,0,129.455,0,3.98017,3.62297,0,0,13.4434,0,0,9.05246,0,0,6.19628,0,0,10.0464,6.63405,0,0,0,0,6.2986,30.7031,32.5859,0,0,0
PWY-5862: superpathway of demethylmenaquinol-9 biosynthesis,0,0,0,0,0,0,0,0,0,0,0,0,0,0,0,117.244,0,3.88703,3.53059,0,0,12.165,0,0,9.01692,0,0,5.12472,0,0,9.58337,6.16564,0,0,0,0,0,0,7.60089,0,0,0
PWY-5896: superpathway of menaquinol-10 biosynthesis,0,0,0,0,0,0,0,0,0,0,0,0,0,0,0,141.606,0,0,2.79596,0,0,0,0,0,0,0,0,4.74536,0,0,0,5.94525,0,0,0,0,0,0,11.1226,0,0,0
PWY-5897: superpathway of menaquinol-11 biosynthesis,0,0,0,0,11.6749,6.2292,0,0,0,0,19.7882,0,19.2346,0,0,158.58,0,5.22411,4.7517,0,0,19.0045,0,3.97944,11.858,0,0,8.3037,0,0,13.1504,8.77909,0,0,0,0,9.94571,39.6892,43.4796,0,0,0
PWY-5898: superpathway of menaquinol-12 biosynthesis,0,0,0,0,11.6749,6.2292,0,0,0,0,19.7882,0,19.2346,0,0,158.58,0,5.22411,4.7517,0,0,19.0045,0,3.97944,11.858,0,0,8.3037,0,0,13.1504,8.77909,0,0,0,0,9.94571,39.6892,43.4796,0,0,0
PWY-5899: superpathway of menaquinol-13 biosynthesis,0,0,0,0,11.6749,6.2292,0,0,0,0,19.7882,0,19.2346,0,0,158.58,0,5.22411,4.7517,0,0,19.0045,0,3.97944,11.858,0,0,8.3037,0,0,13.1504,8.77909,0,0,0,0,9.94571,39.6892,43.4796,0,0,0
PWY-5910: superpathway of geranylgeranyldiphosphate biosynthesis I (via mevalonate),0,3.22518,0,0,0,0,0,0,0,0,11.0756,0,22.8015,0,0,0,5.47189,0,0,0,0,25.3471,0,0,0,7.6046,0,0,0,0,9.53598,11.8945,8.07651,0,0,0,4.21665,0,4.10486,0,0,0
PWY-5913: partial TCA cycle (obligate autotrophs),151.182,189.702,144.072,147.492,107.859,76.215,62.0455,106.046,167.839,77.2653,121.964,188.709,134.99,53.8502,128.061,253.04,110.343,123.337,108.139,234.317,23.3885,59.9848,43.7401,91.176,103.124,108.788,125.472,173.146,109.862,98.3238,64.629,99.7026,92.7851,140.777,140.383,186.887,144.601,104.361,142.573,63.4323,23.9603,72.5566
PWY-5918: superpathway of heme b biosynthesis from glutamate,8.82854,4.93371,3.12882,0,18.2542,4.88748,0,7.11866,4.76342,0,18.7148,5.24972,20.2904,0,3.35944,163.835,0,21.8196,4.43172,0,0,8.03433,0,11.7098,0,5.64654,0,5.54316,2.30074,14.3272,2.96656,10.2425,10.1831,10.7462,12.692,4.95214,0,6.03046,22.207,0,8.38972,4.60226
PWY-5920: superpathway of heme b biosynthesis from glycine,0,0,0,0,2.26196,0,0,0,0,0,0,0,0,0,1.86411,112.999,0,13.9139,0,0,0,0,0,5.49056,0,0,0,2.63717,0,8.54162,0,0,0,0,1.86645,0,0,3.03456,10.3231,0,0,0
PWY-5941: glycogen degradation II,1041.69,1200.89,1083.53,830.563,1103.63,976.415,1014.37,970.767,925.544,1046.02,1476.77,1404.55,1173.97,1011.45,1102.52,969.679,1207.75,749.705,1005.85,1210.97,992.131,1158.06,1353.28,1230.38,1233.87,997.858,1084.4,758.252,949.258,935.45,930.134,1308.81,1415.33,1146.03,1128.17,1128.48,1179.29,1037.24,1326.25,1236.48,1289.86,1279.98
PWY-5971: palmitate biosynthesis (type II fatty acid synthase),0,187.494,92.9093,169.343,0,0,0,0,25.9112,0,64.7111,83.5335,178.014,87.4927,58.7133,186.879,85.9757,149.791,79.5442,0,66.2636,72.296,38.1589,0,21.4785,79.5651,77.7067,0,81.2098,0,124.228,55.5432,0,132.397,142.046,122.75,189.72,0,0,55.7631,41.9712,0
PWY-5972: stearate biosynthesis I (animals),0,0,0,0,0,0,0,0,1.32573,0,0,0,0,0,0,0,0,1.24036,0,0,0,0,0,0,0,0,0,0,0,0,0,0,0,0,0,0,0,0,0,0,0,0
PWY-5973: cis-vaccenate biosynthesis,327.756,210.173,114.241,244.093,103.409,159.939,89.4917,62.355,176.445,244.883,91.3259,100.614,196.176,94.2551,97.8125,151.982,132.477,299.312,208.654,151.712,352.612,135.038,78.0906,100.96,77.9598,204.812,263.389,335.38,228.515,140.176,294.205,80.7064,45.2258,236.889,174.951,181.613,212.447,374.793,178.855,143.807,117.044,79.477
PWY-5981: CDP-diacylglycerol biosynthesis III,0,0,0,5.15829,7.61807,55.7956,6.60256,11.4987,0,3.99669,26.4907,1.64124,34.5111,0,2.04019,16.5512,6.46328,52.8655,20.3426,0,0,157.207,0,4.57763,4.6057,23.3351,0,42.6216,78.3007,41.9377,5.56511,6.24822,17.0211,18.1481,23.8479,19.1824,15.6191,8.32078,21.3615,18.7532,39.6557,122.986
PWY-5989: stearate biosynthesis II (bacteria and plants),127.538,188.688,102.006,211.784,82.5529,82.5678,60.2411,0,17.3909,0,56.6574,90.5083,175.99,79.0228,55.8693,155.535,91.2327,124.853,78.5754,140.251,45.033,57.9374,48.3744,72.4617,30.7131,59.9517,59.6675,234.585,124.552,100.767,126.394,49.7052,29.8086,111.874,135.405,141.969,212.23,252.309,151.255,44.4853,30.5635,35.3105
PWY-5994: palmitate biosynthesis (type I fatty acid synthase),0,13.576,9.54158,29.021,0,0,0,0,5.53269,0,0,7.47311,15.1618,4.64684,5.7726,1.21996,12.9296,25.6263,12.5089,0,0,8.34125,0,0,0,17.9167,13.2957,0,0,0,20.9873,10.5258,0,19.682,17.733,3.16548,57.4146,0,0,8.41224,0,0
PWY-6113: superpathway of mycolate biosynthesis,0,0,0,0,0,0,0,0,0,0,0,0,0,0,0,0,0,0,0,0,0,0,0,0,0,0,0,0,0,0,0,0,0,0,0,0,31.551,0,0,0,0,0
PWY-6121: 5-aminoimidazole ribonucleotide biosynthesis I,769.753,853.756,789.287,674.549,827.618,709.533,768.597,856.638,1060.66,751.122,894.198,797.141,760.332,803.287,816.762,644.109,838.97,694.675,754.259,998.85,691.807,872.008,971.505,852.866,792.522,737.92,758.402,709.063,817.936,764.963,757.822,870.176,876.577,754.813,734.363,786.908,681.902,668.996,841.1,832.788,886.224,924.631
PWY-6122: 5-aminoimidazole ribonucleotide biosynthesis II,794.456,886.454,823.502,732.195,848.672,719.374,799.146,871.229,1159.04,762.972,881.472,865.82,815.845,826.878,846.375,663.334,844.93,729.762,767.219,991.227,698.528,871.058,982.532,864.075,805.542,788.564,818.622,736.196,824.442,797.596,792.996,874.244,890.271,777.982,776.055,843.079,745.441,733.011,853.082,839.638,874.487,918.765
PWY-6123: inosine-5'-phosphate biosynthesis I,566.412,677.111,571.566,543.436,560.799,480.61,530.923,661.914,875.973,568.049,598.518,669.524,590.805,547.064,567.296,379.25,612.103,502.313,513.235,747.04,546.724,646.234,572.579,530.981,599.683,625.662,602.453,601.167,586.494,519.084,629.472,606.023,634.994,607.446,608.661,720.885,584.587,516.859,619.163,507.372,622.595,647.475
PWY-6124: inosine-5'-phosphate biosynthesis II,562.531,659.069,566.306,546.041,551.448,469.27,518.897,643.725,855.119,544.414,575.683,664.046,583.523,526.728,550.127,356.194,585.861,489.629,497.14,750.57,529.021,626.68,533.335,512.65,599.135,612.787,598.47,591.209,571.377,504.149,617.325,588.602,615.827,601.325,601.167,716.173,591.108,536.375,610.125,477.074,594.814,625.041
PWY-6125: superpathway of guanosine nucleotides de novo biosynthesis II,136.009,117.382,126.552,73.5755,104.977,130.447,79.6539,239.884,397.379,164.51,97.4036,119.041,119.334,60.077,133.926,159.768,162.28,105.611,101.188,156.959,123.547,127.338,126.358,49.1874,104.25,166.795,119.256,152.913,170.899,113.855,160.728,110.083,107.46,101.629,122.821,151.196,40.7223,177.786,168.259,152.167,138.68,167.261
PWY-6126: superpathway of adenosine nucleotides de novo biosynthesis II,193.33,169.312,182.247,107.684,153.773,189.147,117.817,338.961,519.206,233.609,141.311,174.114,172.577,88.3091,190.597,226.616,226.137,151.869,144.91,227.579,175.595,183.612,173.291,71.8132,149.526,236.669,171.722,212.366,241.066,161.31,232.098,159.711,152.649,147.358,176.556,216.474,60.2769,248.379,239.658,210.1,192.876,236.571
PWY-6138: CMP-N-acetylneuraminate biosynthesis I (eukaryotes),0,0,0,0,0,0,0,0,0,0,0,0,0,0,0,0,0,0,0,0,0,0,0,0,0,0,0,0,0,0,0,0,0,0,0,0,0,1.80011,0,0,0,0
PWY-6147: 6-hydroxymethyl-dihydropterin diphosphate biosynthesis I,100.935,108.379,91.1217,95.3227,52.848,120.365,56.5405,43.5754,79.7601,130.501,73.4136,23.5819,90.6861,71.9752,90.7011,108.737,110.381,113.644,100.171,29.4115,151.261,87.7366,15.5274,46.3041,41.7739,109.397,139.688,133.364,125.847,25.9849,193.558,59.5329,42.661,108.809,73.5049,54.146,15.2591,134.041,51.0064,82.407,107.823,81.186
PWY-6151: S-adenosyl-L-methionine salvage I,665.575,751.34,657.358,575.096,703.625,509.204,657.151,711.143,818.51,655.443,761.424,849.985,749.447,770.696,689.651,400.33,779.948,560.628,633.026,964.111,645.421,640.315,820.407,712.251,653.261,677.4,655.102,641.361,600.053,651.627,583.066,728.113,749.069,672.573,711.568,727.235,700.793,574.046,795.044,631.287,646.475,672.531
PWY-6163: chorismate biosynthesis from 3-dehydroquinate,804.211,945.841,798.942,743.647,932.362,729.858,849.768,907.389,1092,876.883,1012.37,1010.01,815.664,1059.63,930.551,596.969,968.541,710.984,803.083,1296.56,822.941,946.629,1051.18,956.81,883.389,894.693,905.649,780.672,777.982,855.378,854.933,921.732,1070.13,819.488,847.163,968.04,867.677,778.652,902.683,972.878,1008.55,969.022
PWY-6168: flavin biosynthesis III (fungi),0,0,0,0,4.58739,0,0,0,0,0,0,0,0,0,0,139.234,0,18.5852,0,0,0,0,0,0,0,0,0,7.94421,12.2477,9.90291,0,0,0,0,20.481,0,10.7798,0,11.9878,0,0,53.472
PWY-621: sucrose degradation III (sucrose invertase),183.588,195.219,215.128,158.929,259.465,188.972,327.951,37.8,32.5307,72.5945,185.923,280.925,201.415,77.7447,222.272,361.814,224.738,148.243,251.175,287.66,105.132,196.086,78.4302,111.21,86.6421,87.4281,133.905,111.26,76.3555,98.8066,99.3316,166.358,36.9332,153.762,229.667,304.838,260.364,144.873,203.29,191.822,273.165,376.551
PWY-622: starch biosynthesis,288.961,455.501,380.243,358.549,168.82,180.16,115.696,0,0,78.3462,282.411,374.701,422.248,120.961,157.485,24.547,287.203,238.562,205.21,411.524,0,68.2742,0,81.1049,134.87,150.369,225.352,298.374,184.206,54.1958,73.3838,147.705,106.564,436.7,473.69,329.214,619.603,550.147,530.794,25.779,0,156.483
PWY-6270: isoprene biosynthesis I,275.255,377.609,285.824,238.274,279.363,317.661,195.586,402.331,587.742,462.388,576.004,401.959,444.567,339.596,361.827,407.693,517.608,329.79,380.694,316.251,492.814,599.389,560.154,402.108,402.762,340.7,289.314,127.904,157.553,305.246,287.39,499.202,440.066,423.209,393.595,193.172,432.025,375.071,421.617,564.049,566.04,587.59
PWY-6277: superpathway of 5-aminoimidazole ribonucleotide biosynthesis,794.456,886.454,823.502,732.195,848.672,719.374,799.146,871.229,1159.04,762.972,881.472,865.82,815.845,826.878,846.375,663.334,844.93,729.762,767.219,991.227,698.528,871.058,982.532,864.075,805.542,788.564,818.622,736.196,824.442,797.596,792.996,874.244,890.271,777.982,776.055,843.079,745.441,733.011,853.082,839.638,874.487,918.765
PWY-6282: palmitoleate biosynthesis I (from (5Z)-dodec-5-enoate),126.461,181.266,96.4766,204.607,78.0243,81.4011,57.5328,0,17.3536,0,52.547,84.7737,165.34,76.2164,52.9741,161.328,85.867,125.992,76.7047,137.938,44.9529,56.2521,32.1673,67.5856,17.5791,59.8062,59.0675,223.95,124.287,95.3694,126.532,47.7591,27.8524,108.209,125.93,131.103,176.839,254.574,151.841,43.7021,29.8549,33.8169
PWY-6284: superpathway of unsaturated fatty acids biosynthesis (E. coli),0,47.6592,15.3085,19.9994,0,0,0,0,15.2651,0,57.9628,14.4951,66.9335,57.3334,13.1684,134.839,14.5638,47.7854,10.6048,0,42.3693,39.9069,35.578,0,19.4809,35.5815,22.9041,0,5.55575,0,15.4685,20.9968,0,53.402,74.0234,18.3455,171.017,0,0,16.6785,31.2365,0
PWY-6285: superpathway of fatty acids biosynthesis (E. coli),0,0,0,0,0,0,0,0,0,0,20.735,0,0,0,0,157.83,0,17.5006,0,0,0,0,0,0,0,0,0,0,0,0,0,0,0,0,0,0,39.5468,0,0,0,0,0
PWY-6292: superpathway of L-cysteine biosynthesis (mammalian),122.93,150.792,157.546,263.158,170.981,233.333,146.902,81.4937,264.43,101.926,108.097,164.334,209.89,131.509,198.045,69.6417,117.167,110.968,165.622,268.795,116.756,162.901,99.2161,84.3794,80.0957,117.074,159.985,223.496,168.236,164.942,237.778,78.1443,57.295,205.494,188.259,241.288,256.252,274.814,206.647,148.54,155.414,132.256
PWY-6293: superpathway of L-cysteine biosynthesis (fungi),0,2.02435,0,4.90834,3.05099,19.0631,0,21.3796,0,0,19.5149,0,2.49166,0,0,64.6034,0,4.88451,0.700684,0,0,0,0,2.32337,0,7.91933,0,2.49741,0,0,0,0,0,0,4.12338,0,6.80592,0,0,0,42.9963,145.231
PWY-6305: superpathway of putrescine biosynthesis,97.8248,130.872,45.6068,95.1311,22.1473,31.2307,25.1496,23.8805,58.0574,75.9054,4.55125,1.28331,22.19,22.2447,25.8728,246.635,64.5267,47.4644,69.2216,6.91544,83.4497,45.7204,30.7975,27.3556,39.6022,79.0023,105.383,43.079,27.0619,37.3756,125.377,42.0784,36.3821,65.7632,41.3998,56.5455,3.92445,137.416,24.1716,48.5696,56.4236,27.9315
PWY-6317: D-galactose degradation I (Leloir pathway),542.345,546.528,498.129,448.357,633.411,481.027,574.25,541.805,509.487,523.653,732.325,633.457,496.386,564.343,669.155,514.461,673.918,396.185,534.314,618.698,560.752,595.952,619.651,617.724,578.252,455.76,444.109,368.03,422.741,496.089,522.852,691.258,687.681,561.865,539.269,531.584,531.778,550.374,728.079,640.981,636.884,654.074
"PWY-6318: L-phenylalanine degradation IV (mammalian, via side chain)",0,0,0,0,0,0,0,0,0,0,0,0,0,0,0,8.09972,0,0,0,0,0,0,0,0,0,0,0,0,0,0,0,0,0,0,0,0,0,0,0,0,0,0
PWY-6328: L-lysine degradation X,0,0,0,0,0,0,0,0,0,0,0,0,0,0,0,0,0,0,0,0,0,0,0,0,0,0,0,0.271881,0,0,0,0,0,0,0,0,0,0,0,0,0,0
PWY-6353: purine nucleotides degradation II (aerobic),114.137,105.493,104.229,115.137,75.7038,125.349,58.368,176.892,95.558,162.435,230.424,83.5625,99.6879,94.9923,172.48,354.791,148.521,132.018,154.827,28.5307,194.599,217.458,244.777,196.244,167.665,113.726,166.162,54.9242,105.042,142.321,109.677,176.931,90.1734,130.099,89.3932,54.4452,63.4122,71.2678,134.507,118.192,179.611,94.4932
PWY-6385: peptidoglycan biosynthesis III (mycobacteria),673.564,730.028,698.838,658.552,668.473,688.713,671.7,709.142,830.842,709.516,800.333,886.371,789.731,761.204,762.344,611.538,780.916,696.329,762.539,733.087,739.063,805.015,840.947,736.855,712.495,684.164,771.114,725.428,754.206,750.762,668.586,765.589,769.707,723.297,766.336,840.399,730.5,639.925,707.562,849.992,800.278,760.258
PWY-6386: UDP-N-acetylmuramoyl-pentapeptide biosynthesis II (lysine-containing),797.209,922.559,829.677,766.288,872.657,769.848,806.611,848.643,1068.24,839.942,943.717,954.608,859.953,921.793,852.873,601.291,919.383,757.376,847.074,1045.77,789.371,898.489,1019.09,893.527,816.44,797.204,829.02,835.924,878.018,861.398,779.843,881.127,981.768,841.222,866.582,853.321,824.653,778.729,902.787,929.007,887.403,892.141
PWY-6387: UDP-N-acetylmuramoyl-pentapeptide biosynthesis I (meso-diaminopimelate containing),792.861,893.192,803.913,764.442,859.958,753.778,795.797,832.703,1041.33,814.309,903.498,926.004,836.256,903.861,845.544,603.462,881.97,744.155,816.78,1028.35,766.501,854.194,955.032,872.399,799.685,781.284,812.159,831.53,856.183,846.117,770.886,869.902,953.775,825.842,853.203,843.823,797.598,756.806,841.531,914.169,857.334,866.458
"PWY-6396: superpathway of 2,3-butanediol biosynthesis",0,0,0,0,0,0,0,0,0,0,0,0,13.7431,0,0,0,0,0,0,0,0,0,0,0,0,0,0,0,0,0,0,0,0,0,0,0,6.38076,0,0,0,0,0
PWY-6435: 4-hydroxybenzoate biosynthesis III (plants),0,0,7.32138,0,0,0,0,0,0,0,16.1995,2.60568,11.3867,0,0,0,0,3.16126,0,0,0,0,0,6.00983,9.19117,15.1029,31.6251,0,0,0,5.65932,7.82386,6.37104,9.53939,5.12294,7.8963,0,0,0,0,0,0
PWY-6470: peptidoglycan biosynthesis V (&beta;-lactam resistance),163.559,120.59,119.392,0,76.3617,77.9843,40.0803,128.536,0,37.1304,124.035,91.735,72.6685,55.316,128.589,66.6697,137.353,53.5767,24.4439,0,215.638,106.204,172.481,53.6344,206.158,145.451,228.808,51.702,50.1228,80.9326,156.917,229.445,136.245,123.847,135.173,115.336,51.6771,210.698,111.577,132.241,168.551,69.3159
PWY-6471: peptidoglycan biosynthesis IV (Enterococcus faecium),0,42.1356,0,0,0,0,5.95106,0,0,0,0,0,28.3251,0,0,0,0,0,0,0,0,0,0,0,0,0,0,36.8574,13.2923,0,0,0,0,0,0,0,0,0,0,0,0,0
PWY-6507: 4-deoxy-L-threo-hex-4-enopyranuronate degradation,134.62,109.454,90.6471,168.944,287.239,124.554,245.003,260.907,210.686,168.209,142.302,220.174,73.2169,265.01,238.905,160.782,194.077,62.6434,91.9757,238.324,91.269,97.7191,13.6748,117.08,172.118,219.785,210.985,176.427,86.9162,99.2537,213.268,193.209,69.6777,118.892,179.784,205.982,117.737,93.7173,134.652,124.366,113.471,70.9887
PWY-6518: bile acids epimerization,0,0,0,0,0,0,0,0,0,0,0,0,0,0,0,0,0,1.22133,0,0,0,0,0,0,0,0,0,0,0,0.705199,0,0,0,4.11414,1.15384,1.45982,4.22433,5.14207,1.1457,0,0,0
PWY-6519: 8-amino-7-oxononanoate biosynthesis I,117.169,161.711,97.4695,114.217,74.5927,85.3936,59.1027,0,20.4815,0,54.2955,27.5907,105.891,74.3081,54.5569,187.013,87.0581,119.46,80.8381,42.4937,52.3182,59.0833,28.8342,13.1694,17.2507,66.7159,67.8082,171.48,120.704,44.7009,133.196,50.638,26.6832,112.737,111.803,98.649,11.399,206.899,74.5942,46.0852,33.253,32.3235
PWY-6527: stachyose degradation,434.984,300.488,338.569,273.822,329.007,310.437,192.643,338.356,249.062,404.221,592.419,299.517,310.683,388.992,466.464,474.649,569.339,260.394,428.674,143.008,455.708,522.506,489.837,477.642,317.379,174.054,221.42,226.599,251.139,319.069,286.521,551.605,375.787,378.271,378.895,310.082,388.281,366.34,503.521,498.223,545.291,454.66
PWY-6531: mannitol cycle,0,1.80445,2.86093,0,10.413,2.21829,3.23275,0,1.83414,7.58315,0,0,2.48799,0,0,213.101,3.85919,5.30067,4.78113,0,10.7632,6.58181,0,5.53889,21.6793,10.1677,15.965,7.59438,2.85742,5.7008,3.32173,4.6887,0,3.91013,0,11.2985,5.00067,14.1044,11.8536,8.00022,12.5051,0
PWY-6545: pyrimidine deoxyribonucleotides de novo biosynthesis III,0,0,3.53252,15.0128,16.3051,13.6903,8.64653,0,3.05821,0,46.1644,47.1158,49.9853,0,65.4831,105.433,86.051,19.9927,48.8704,0,13.1208,20.341,0,4.47013,0,0,0,8.21463,3.02738,59.6103,89.0364,21.5385,31.9636,3.52386,13.1794,28.9477,11.6889,7.5033,9.6675,0,5.20303,14.7296
PWY-6549: L-glutamine biosynthesis III,211.164,201.06,155.68,130.823,156.783,104.062,107.141,165.286,246.904,117.319,138.66,171.113,111.848,80.0093,187.194,211.924,147.773,131.069,139.281,255.252,55.0896,86.9067,86.9651,117.491,159.299,165.292,154.475,211.472,153.795,153.827,109.398,158.198,124.474,137.811,135.715,169.761,139.854,103.051,162.173,118.045,62.3725,106.725
PWY-6572: chondroitin sulfate degradation I (bacterial),0,2.65977,0,0,0,0,0,0,0,5.46628,0,0,3.52793,0,10.6931,2.63221,11.7194,6.25222,8.25003,0,0,3.08103,0,0,0,6.26733,7.21327,3.96581,2.14441,0,10.6807,0,0,4.38823,3.55213,1.65406,0,2.35352,0,0,0,0
PWY-6588: pyruvate fermentation to acetone,21.0091,21.5537,18.84,9.52935,6.97571,21.8965,3.98717,12.9296,11.7339,4.49089,17.4401,2.54731,15.726,14.6465,7.16591,14.5808,6.12812,24.6628,12.716,0,7.39873,27.7776,41.6834,25.1664,0,17.9625,10.3499,22.3488,26.8536,19.6845,14.8935,6.55549,3.32603,7.34926,4.04769,1.50596,1.26137,7.87917,5.21036,6.96482,0,0
PWY-6590: superpathway of Clostridium acetobutylicum acidogenic fermentation,16.2176,38.731,71.3108,101.738,87.4077,90.0862,83.3548,133.206,91.8614,116.455,67.7676,25.871,89.7669,83.485,102.07,43.1615,91.3928,109.387,104.177,108.698,78.1847,98.4221,88.5516,73.9274,128.257,133.654,169.193,94.3215,116.563,107.742,98.4156,92.0258,38.2054,124.122,98.2715,96.1377,18.6273,58.9766,47.2097,58.321,72.5934,82.9944
PWY-6595: superpathway of guanosine nucleotides degradation (plants),49.5869,60.2337,40.1495,43.1236,33.9624,43.4315,22.9255,13.2938,42.4235,10.7055,13.4374,12.693,43.6714,32.9398,14.6921,3.37558,15.6382,46.3809,50.248,20.0101,10.9609,18.7397,26.9687,2.45625,9.58834,21.7386,11.7969,28.2138,26.7801,24.2218,17.7235,6.99629,7.1183,39.2304,44.7775,18.797,45.99,8.66234,0,17.0134,13.3312,12.9648
PWY-6606: guanosine nucleotides degradation II,61.3266,72.0869,53.5633,55.6317,47.4938,70.4773,29.0314,97.803,62.4642,93.7664,141.984,40.9335,55.8052,43.0822,93.0276,235.47,78.1773,74.7581,91.9012,64.7845,106.204,121.099,170.095,121.05,107.823,66.0633,99.6071,73.9638,53.293,81.6998,53.7561,98.454,46.3633,74.1735,50.8274,24.3846,67.3437,39.7759,76.4234,67.6228,110.786,49.1428
PWY-6607: guanosine nucleotides degradation I,54.54,72.0869,44.9474,50.5202,47.4938,46.0616,29.0314,13.542,62.4642,10.7565,13.4916,13.4046,44.166,40.0946,15.0156,3.38221,16.0497,47.7646,49.3541,15.0094,11.1069,18.9617,26.7872,2.45871,9.5445,21.7748,11.8318,73.9638,29.1712,24.9439,18.802,7.05006,6.99143,39.8719,46.8588,22.7022,40.489,8.55213,0,16.8925,13.2409,12.7876
PWY-6608: guanosine nucleotides degradation III,97.3262,92.0564,98.1281,134.354,104.645,107.368,85.3439,181.696,142.448,151.161,199.626,89.5399,107.499,163.149,171.742,429.588,134.565,121.286,208.62,160.512,182.203,175.19,276.79,164.915,215.523,124.376,162.743,124.701,113.729,130.574,118.284,157.773,202.963,128.263,79.208,77.1319,74.6006,129.056,123.369,157.734,258.64,126.283
PWY-6609: adenine and adenosine salvage III,652.419,627.627,671.688,756.609,772.875,700.553,856.078,780.99,747.949,749.259,867.831,708.359,647.952,844.558,862.948,586.779,852.183,654.2,706.208,842.056,810.95,823.228,681.862,789.845,701.641,590.053,636.973,627.39,679.466,719.414,758.478,872.176,774.193,657.393,695.621,590.194,550.425,574.119,725.42,891.262,791.996,784.038
PWY-6612: superpathway of tetrahydrofolate biosynthesis,0,14.7754,13.0911,17.676,14.425,20.2686,2.96061,0,0,0,40.3629,15.0192,55.6754,14.1652,5.65363,69.1132,18.862,24.2142,17.8358,0,39.059,66.2736,41.3148,12.8076,0,20.6625,8.28145,2.2535,8.20071,9.51821,18.1663,0,0,19.1143,24.2556,0,25.7016,0,26.8631,4.59884,24.1802,2.87821
PWY-6628: superpathway of L-phenylalanine biosynthesis,368.75,530.696,439.211,440.893,328.35,227.06,283.21,174.17,171.283,198.736,392.427,585.31,580.608,239.366,234.886,144.781,320.611,201.556,204.763,470.395,199.282,291.451,144.076,302.317,339.766,323.795,485.097,409.237,235.518,266.848,293.76,304.323,232.392,463.875,477.436,504.011,626.611,431.66,376.89,303.19,342.555,337.33
PWY-6629: superpathway of L-tryptophan biosynthesis,502.878,569.783,587.457,435.992,485.706,495.408,367.406,543.556,228.23,607.307,751.696,576.184,626.505,543.956,590.128,469.5,665.76,490.667,638.926,427.233,621.153,712.015,797.192,677.352,576.621,466.994,556.613,445.349,509.652,544.882,436.55,594.534,753.483,601.408,588.335,463.506,616.953,582.917,612.746,756.949,717.839,752.788
PWY-6630: superpathway of L-tyrosine biosynthesis,252.766,346.441,314.714,155.775,170.351,192.169,158.014,73.3471,151.119,104.162,98.9169,25.6922,166.083,94.3006,147.986,72.1818,100.14,142.982,125.675,56.3127,60.7644,249.311,52.0955,94.621,70.877,127.793,66.1961,203.984,186.986,36.0817,105.951,72.9937,40.9716,103.418,226.781,54.348,403.066,97.0602,89.7964,73.8139,110.198,235.369
PWY-6690: cinnamate and 3-hydroxycinnamate degradation to 2-hydroxypentadienoate,0,0,0,0,2.13767,0,0,0,1.23956,0,0,0,0,0,0,89.8241,0,0,0,0,0,0,0,0,0,0,0,0,1.24569,0,0,0,0,0,0,0,1.80102,0,5.45664,0,0,0
PWY-6700: queuosine biosynthesis I (de novo),507.918,547.708,531.992,489.374,571.57,571.793,642.513,662.886,792.893,661.737,557.815,495.342,455.145,693.379,619.154,341.956,610.863,515.623,557.11,573.891,604.387,590.638,629.692,594.885,550.339,572.795,563.999,508.032,563.571,593.898,634.212,627.43,671.1,526.131,523.947,568.593,380.985,428.158,545.836,631.265,558.363,561.555
PWY-6703: preQ0 biosynthesis,137.467,130.535,147.253,221.465,111.357,206.041,114.015,175.881,242.92,240.058,182.996,87.3708,158.475,105.674,143.35,121.776,182.504,260.185,226.994,84.6062,259.132,206.728,128.555,173.995,228.298,195.236,232.372,313.197,330.312,223.829,198.899,135.695,159.621,223.607,168.122,189.88,56.2607,159.602,56.7899,195.989,225.51,222.946
PWY-6708: ubiquinol-8 biosynthesis (early decarboxylation),0,0,0,0,0,0,0,0,0,0,0,0,0,0,0,0,0,0,0,0,0,0,0,0,0,0,0,0,0,0,0,0,0,0,0,0,0,0,0.7484,0,0,0
PWY-6731: starch degradation III,92.4306,114.25,124.898,53.6152,57.1795,144.86,49.2756,139.397,65.7067,280.145,185.007,44.61,94.6617,104.091,126.979,264.539,155.003,136.501,198.097,17.0125,305.615,175.956,222.74,117.143,233.938,151.638,202.592,76.8863,105.027,123.257,180.024,193.661,176.152,153.332,95.6725,58.9027,45.8165,106.718,82.5093,127.397,269.295,129.314
PWY-6749: CMP-legionaminate biosynthesis I,0,0,0,0,0,0,0,0,0,0,0,0,0,0,0,0,0,0,0,0,0,0,0,0,0,0,0,0,0,0,0,0,0,0,0,0,0,4.48317,0,0,0,0
PWY-6797: 6-hydroxymethyl-dihydropterin diphosphate biosynthesis II (Methanocaldococcus),0,0,0,0,0,0,0,0,0,0,0,0,14.1088,0,0,0,0,0,0,0,0,0,0,0,0,0,0,0,0,0,0,0,0,0,0,0,0,0,0,0,0,0
PWY-6803: phosphatidylcholine acyl editing,0,0,0.684416,0,3.19006,0,0,0,1.28696,0,0,0,0,0,2.67554,256.517,0,5.61303,1.32015,0,0,1.43613,0,2.2355,0,0,0,4.07242,2.7466,7.74301,2.07337,1.99998,0,0,0,0,3.26105,0,12.6733,0,0,0
PWY-6807: xyloglucan degradation II (exoglucanase),0,1.44309,0,0,0,0,0,0,0,2.06287,0,0,0,0,0,0,0,0,0,0,5.11302,0,0,0,38.2175,25.1139,34.8856,0,0,0,0,2.12141,0,8.51572,0,9.54961,0,37.8307,7.79353,6.65285,2.5323,0
PWY-6823: molybdopterin biosynthesis,407.191,447.709,389.599,312.817,457.286,395.894,440.802,580.045,518.218,518.549,682.835,538.49,310.032,480.779,599.53,356.831,661.913,195.848,343.991,521.164,471.277,553.566,524.786,502.512,524.076,381.531,428.529,278.948,327.572,499.374,364.221,581.332,578.76,425.772,432.751,419.272,482.536,382.313,572.636,656.481,645.95,628.281
PWY-6859: all-trans-farnesol biosynthesis,0,12.0712,0,30.3659,1.61512,12.7752,4.40776,9.74855,7.219,34.4552,16.3593,2.35372,44.9028,29.9585,8.93592,0,24.022,23.3848,12.157,0,37.256,24.2177,0,1.3915,9.57686,22.9968,17.5824,4.48708,0,5.18243,26.3094,14.9247,13.131,14.7885,30.8532,0,145.454,43.3516,20.4648,32.2097,27.3008,10.0727
PWY-6876: isopropanol biosynthesis (engineered),0,0,0,0,0,0,0,0,0,0,0,0,0,0,0,0,0,8.68729,6.86207,0,0,1.40793,0,0,0,0,7.2218,2.10417,1.41985,7.01163,0,0,3.56526,3.16909,0,0,0,0,0,7.63768,0,0
PWY-6891: thiazole component of thiamine diphosphate biosynthesis II,0,0,0,0,0,0,0,0,0,0,0,0,0,0,0,0,0,0,0,0,0,0,0,0,0,0,0,0,0,0,0,0,0,0,0,0,127.131,0,0,0,0,0
PWY-6892: thiazole component of thiamine diphosphate biosynthesis I,170.366,216.079,170.574,131.199,170.795,246.152,98.8728,262.036,131.925,376.506,375.497,151.276,242.412,165.447,278.103,408.346,382.384,197.527,334.265,41.4117,376.337,347.715,464.227,305.224,450.436,314.055,424.206,116.464,249.282,277.473,234.27,224.301,379.904,344.456,291.749,340.159,174.175,272.951,249.072,337.252,456.546,349.432
PWY-6895: superpathway of thiamine diphosphate biosynthesis II,140.105,90.6069,103.993,160.136,112.157,113.709,91.1299,0,0,168.139,68.3754,32.6784,133.808,107.632,131.051,338.646,125.844,120.157,153.768,86.2951,259.712,178.126,52.2493,77.0691,9.3095,0,0,29.7885,52.4925,61.7726,118.534,102.547,0,219.795,170.64,242.438,3.83863,183.431,53.4217,149.389,125.219,59.4693
PWY-6897: thiamine diphosphate salvage II,393.211,476.312,444.33,355.844,302.988,257.041,219.113,467.947,398.393,406.566,325.281,288.753,286.372,418.071,398.039,372.323,451.692,316.382,294.101,305.562,422.887,360.425,387.175,416.313,267.664,238.648,237.552,419.049,323.34,382.764,350.319,487.059,360.431,254.006,363.488,383.232,261.162,267.798,414.478,408.004,404.882,386.144
PWY-6901: superpathway of glucose and xylose degradation,238.23,381.106,329.018,280.918,197.116,192.091,126.489,95.3927,118.084,209.922,257.377,311.999,408.977,163.537,168.123,296.114,260.525,257.562,248.144,279.052,268.094,191.809,57.4137,234.397,210.207,257.442,339.256,300.419,229.973,184.967,222.426,172.559,159.697,327.385,342.796,329.419,384.753,346.279,267.692,156.627,192.182,146.399
PWY-6902: chitin degradation II (Vibrio),55.9007,68.8463,87.7274,57.9899,54.928,94.3415,69.6326,7.11735,39.4643,102.662,248.985,82.7375,103.909,93.7056,107.485,120.037,185.244,70.8567,116.428,85.3994,163.504,163.946,22.949,49.2359,64.7954,78.8064,174.939,29.1239,50.0339,59.2402,109.646,168.754,28.4327,128.248,112.935,19.5698,192.569,162.597,166.494,206.749,130.391,172.394
PWY-6906: chitin derivatives degradation,0,0,0,0,7.11523,0,2.6292,13.9931,17.839,77.0029,0,4.97446,31.3328,0,25.7516,21.0976,37.6623,21.098,11.6658,0,6.82681,6.07817,9.56641,5.1367,10.1161,36.7966,51.1109,0,3.94382,8.35153,60.6894,29.1365,19.6764,5.39195,0,0,3.63687,0,8.00973,20.4343,8.5469,0
PWY-6920: 6-gingerol analog biosynthesis (engineered),0,0,0,0,0,0,0,0,0,0,0,0,0,0,0,0,0,2.37212,0,0,0,0,0,0,2.46468,12.4054,36.7261,0,0,0,0,0,4.30991,13.2644,6.16929,17.6107,0,0,0,0,0,0
PWY-6922: L-N&delta;-acetylornithine biosynthesis,0,0,0,2.48656,5.41482,2.09535,2.85888,0,5.66927,3.97365,0,0,0,2.47128,5.05872,14.6381,0,1.74814,6.52897,0,0,4.31249,0,0,0,0,2.51242,4.94382,0.820685,5.27672,3.59094,0,0,0,2.47786,0,0.351868,3.1176,4.21295,0,0,2.73128
PWY-6936: seleno-amino acid biosynthesis (plants),322.301,443.641,318.444,242.726,217.343,232.223,136.284,169.154,128.19,115.75,427.81,427.744,440.822,105.73,206.56,381.642,377.885,253.222,290.982,361.448,204.387,319.566,323.196,312.337,247.51,206.933,339.869,243.015,260.487,278.391,217.826,287.12,202.137,350.872,338.991,397.524,440.244,362.098,357.308,183.418,404.533,440.425
"PWY-6961: L-ascorbate degradation II (bacterial, aerobic)",0,0,0,1.9962,2.09626,2.45943,0,0,0,0,0,0,0,0,1.14437,131.468,0,6.11312,0,0,9.40471,22.9284,0,4.33814,0,0,0,2.20506,3.46047,3.72483,2.07398,0,0,2.11174,0.658097,0,3.41333,3.75192,10.6442,0,0,0
PWY-6969: TCA cycle V (2-oxoglutarate synthase),102.917,93.9415,82.017,118.215,94.5269,81.9536,76.846,47.7332,94.6404,79.7913,77.9517,87.4248,84.7102,64.1911,103.672,202.099,101.74,141.823,130.938,113.256,72.1811,64.4159,28.4404,57.8682,74.3952,110.103,105.976,153.79,104.86,101.549,115.377,90.1529,50.0864,102.761,93.6821,118.502,80.4017,76.2132,80.182,56.1448,45.9077,62.3715
"PWY-6992: 1,5-anhydrofructose degradation",0,4.5849,0,0,0,0,1.12233,0,0,0,0,0,0,0,0,43.1294,0,3.53581,1.44904,0,0,0,0,9.48208,0,0,0,0,0,0,0,1.57682,0,2.70691,0,0,0,0,2.48755,1.48878,2.29058,0
"PWY-7013: (S)-propane-1,2-diol degradation",8.87734,8.15808,18.1633,1.25886,1.947,19.3011,7.98431,36.6395,28.132,50.1521,16.0273,1.57134,7.10654,7.81,6.34657,2.22258,11.9163,65.9403,58.9255,0,26.6319,12.211,100.315,13.4439,31.296,52.333,26.773,12.9265,20.6048,7.06993,9.71858,8.52421,3.63932,37.2688,13.1745,10.2095,15.2346,11.2202,17.1436,8.63984,27.3101,16.0668
PWY-702: L-methionine biosynthesis II,206.939,306.544,210.311,200.978,87.4301,97.6954,101.886,102.278,33.561,71.5436,240.779,185.679,350.404,56.5994,68.8083,268.915,203.776,178.144,103.579,335.564,82.8453,206.993,115.401,130.845,135.349,127.937,168.703,78.1904,145.708,102.882,73.6691,186.228,89.2837,327.039,336.417,353.572,451.788,323.326,291.144,84.0248,155.391,298.685
PWY-7031: protein N-glycosylation (bacterial),0,0,0,0,0,0,0,0,0,0,0,0,0,0,0,0,0,0,0,0,0,0,0,0,0,0,0,0,0,0,1.76135,0,0,0,0,0,0,0,0,0,0,0
"PWY-7039: phosphatidate metabolism, as a signaling molecule",0,0,0,0,0,0,0,0,0,0,0,0,0,0,0,31.2241,0,0,0,0,0,0,0,0,0,0,0,0,0,0,0,0,0,0,0,0,0,0,0,0,0,0
PWY-7094: fatty acid salvage,0,0,1.63623,0,0,0,0,0,0,0,0,0,0,0,0,19.463,0,3.80966,0,0,0,0,0,0,0,0,0,0,0,0,0,0,0,0,0,0,0.900319,0,1.47959,0,0,0
PWY-7111: pyruvate fermentation to isobutanol (engineered),706.705,842.643,631.233,529.785,639.53,552.513,590.448,615.607,614.412,552.325,803.01,835.812,819.153,631.149,566.048,887.396,718.301,567.319,641.013,833.467,584.419,845.374,971.891,773.073,711.094,641.506,716.997,498.834,542.599,571.471,599.173,723.781,632.042,741.869,713.067,775.893,853.558,809.099,832.557,518.954,811.006,773.317
"PWY-7115: C4 photosynthetic carbon assimilation cycle, NAD-ME type",121.875,157.203,150.613,156.185,88.5566,96.1065,70.596,77.3566,40.7845,128.283,146.48,109.151,189.002,74.3769,116.709,177.191,128.927,112.891,139.396,100.761,49.891,115.782,68.4353,137.069,15.3994,19.4297,22.8738,157.683,79.3283,110.457,63.1571,86.7328,106.88,142.699,165.21,113.521,133.441,238.078,118.609,75.4335,39.1678,74.0129
"PWY-7117: C4 photosynthetic carbon assimilation cycle, PEPCK type",175.636,268.583,213.96,224.666,121.014,105.136,64.3968,133.602,151.147,136.524,213.542,274.725,349.326,82.3773,142.109,264.319,163.258,150.609,128.467,186.164,36.9318,125.117,47.6691,142.22,98.9185,130.668,218.095,235.676,134.617,99.0093,86.6562,110.13,95.7651,259.576,283.877,233.431,376.847,293.304,285.741,77.3342,34.2002,92.8258
PWY-7118: chitin deacetylation,0,0,0,0.788308,3.76359,0,0,0,0,0,0,0,0.921414,0,3.43264,186.979,0,11.4514,4.99913,0,0,0,0,0,0,0,0,4.97002,2.06504,4.403,0,0,0,0,0,0,2.76081,0,8.14088,0,0,0
PWY-7184: pyrimidine deoxyribonucleotides de novo biosynthesis I,0,0,3.53384,14.9954,16.2607,13.6886,8.6397,0,3.05657,0,46.0185,47.0366,50.2666,0,64.5061,106.355,85.1629,19.9971,48.7139,0,13.1393,20.3788,0,4.46983,0,0,0,8.22091,3.02786,59.1548,88.4946,21.4772,31.9726,3.52498,13.1766,28.9434,11.6922,7.51382,9.67623,0,5.20272,14.6899
PWY-7185: UTP and CTP dephosphorylation I,0,0,2.4019,11.754,12.123,9.80065,6.20917,0,2.04747,0,47.396,42.4256,47.1658,0,66.6738,21.8632,92.4,15.4337,50.9847,0,9.54292,15.2828,0,0,0,0,0,5.70066,2.04121,62.3759,96.9475,16.7907,27.0075,2.40972,9.46965,21.9654,9.90381,5.16467,6.71384,0,3.57376,10.4211
PWY-7187: pyrimidine deoxyribonucleotides de novo biosynthesis II,0,0,0,0,0,0,0,0,0,0,0,0,0,0,0,86.1319,0,0,0,0,0,0,0,0,0,0,0,0,0,0,0,0,0,0,0,0,0,0,3.33076,0,0,0
PWY-7196: superpathway of pyrimidine ribonucleosides salvage,8.5361,34.0014,0,0,0,0,0,0,0,0,54.1251,31.288,33.2227,27.5852,0,0,0,10.814,0,0,0,0,0,0,60.2185,39.5997,55.2815,0,0,0,20.0999,26.0167,31.8205,49.6801,40.5196,8.73476,23.7704,0,0,11.3403,0,0
PWY-7197: pyrimidine deoxyribonucleotide phosphorylation,81.5595,71.328,78.0923,43.6581,63.1434,79.354,46.9231,156.967,321.13,100.446,56.873,72.0703,72.3128,35.1241,85.3346,94.2036,104.356,63.8536,60.679,99.8791,70.111,76.6646,83.4745,29.1785,59.5384,100.721,70.3457,97.568,109.202,71.8698,96.5465,64.8159,65.685,61.1363,75.7991,96.6631,23.598,104.901,102.59,93.9349,84.0066,100.776
PWY-7198: pyrimidine deoxyribonucleotides de novo biosynthesis IV,111.861,108.377,115.374,68.8998,83.1454,96.7636,65.0433,50.4112,76.6142,80.0193,81.9502,109.464,111.858,49.6958,82.2811,23.1976,123.872,84.4246,74.7233,130.935,19.647,47.4664,61.3746,44.1082,76.4386,101.285,100.571,136.1,138.161,82.4386,80.008,55.6649,61.5675,93.1195,112.318,141.21,39.7031,145.63,132.336,25.9528,12.4254,46.9076
PWY-7199: pyrimidine deoxyribonucleosides salvage,348.903,305.524,334.199,362.591,413.29,349.795,461.759,331.86,359.046,362.202,393.99,348.172,317.55,405.158,367.387,260.982,453.031,296.15,328.228,433.456,460.152,455.256,250.137,319.174,347.334,348.223,346.572,388.831,378.242,378.522,421.269,381.63,416.364,318.857,376.328,430.593,285.65,297.239,331.83,374.626,402.382,375.539
PWY-7204: pyridoxal 5'-phosphate salvage II (plants),0,0,0,0,0,0,0,0,5.6003,0,0,0,0,0,0,63.0946,0,3.16015,1.39786,0,0,0,0,0,0,0,0,0.506991,2.60348,0.941571,3.67366,0,0,0,0,0,1.87017,0,3.01766,0,0,0
PWY-7208: superpathway of pyrimidine nucleobases salvage,122.665,104.483,114.755,64.1768,94.2447,118.931,70.146,233.525,432.08,151.421,86.711,105.454,106.154,52.9199,125.238,144.158,151.558,94.4808,91.4241,146.655,109.739,115.002,126.735,61.8013,93.822,151.021,105.89,139.769,160.495,107.878,142.948,99.2768,100.603,89.7911,110.067,137.116,35.0915,154.559,152.825,147.452,131.93,160.511
PWY-7209: superpathway of pyrimidine ribonucleosides degradation,43.6595,22.027,21.6768,17.0062,20.2217,12.435,13.1032,0,0,35.4407,46.4284,17.4296,18.2744,21.8963,21.7784,37.0865,33.1853,19.7652,33.1385,0,11.6508,4.02053,0,52.4592,39.2688,20.8923,17.1757,11.4014,30.0818,56.6358,19.4663,25.2906,30.652,59.6451,21.5978,14.4447,0,0,1.60138,0,0,0
PWY-7210: pyrimidine deoxyribonucleotides biosynthesis from CTP,0,0,3.90088,15.8817,17.433,14.8351,9.34753,0,3.39408,0,45.5907,47.8624,50.7332,0,65.248,30.2802,85.1646,21.2578,48.3737,0,14.1519,21.7764,0,0,0,0,0,9.02871,3.35085,58.8397,86.562,22.7312,33.0552,3.88376,14.2883,30.9126,12.1069,8.25615,10.6079,0,5.72269,15.9675
PWY-7211: superpathway of pyrimidine deoxyribonucleotides de novo biosynthesis,0,0,6.82244,20.5863,25.012,24.6688,14.1966,0,5.94863,0,66.6202,53.4331,56.7081,0,81.0487,75.4912,72.1363,32.0158,51.9175,0,23.5615,33.8037,0,8.54244,0,0,0,13.277,5.90736,72.7256,48.2795,34.3866,46.3323,6.84635,23.1991,18.535,19.4826,13.8328,17.1341,0,9.56168,24.8003
PWY-7220: adenosine deoxyribonucleotides de novo biosynthesis II,92.0579,78.8677,85.6542,49.2057,70.9444,89.3365,53.4467,174.293,285.385,113.81,64.6457,81.0308,81.2644,39.5812,90.4332,116.071,109.369,71.3189,67.2947,107.571,83.3194,86.1349,80.6232,31.8015,69.258,115.999,80.7253,102.183,116.449,75.3615,112.746,73.8159,70.0362,68.2339,83.0551,103.167,26.7665,125.612,116.296,101.193,91.1265,114.257
PWY-7221: guanosine ribonucleotides de novo biosynthesis,758.909,772.619,700.178,627.864,629.197,629.122,630.504,611.7,782.592,658.735,811.172,707.341,688.268,684.599,665.833,494.592,755.05,659.781,729.113,706.762,763.817,732.755,849.682,776.714,766.16,655.864,702.9,867.483,779.163,665.872,624.727,706.85,820.711,691.203,693.892,706.642,684.656,671.095,745.716,719.791,778.015,655.764
PWY-7222: guanosine deoxyribonucleotides de novo biosynthesis II,92.0579,78.8677,85.6542,49.2057,70.9444,89.3365,53.4467,174.293,285.385,113.81,64.6457,81.0308,81.2644,39.5812,90.4332,116.071,109.369,71.3189,67.2947,107.571,83.3194,86.1349,80.6232,31.8015,69.258,115.999,80.7253,102.183,116.449,75.3615,112.746,73.8159,70.0362,68.2339,83.0551,103.167,26.7665,125.612,116.296,101.193,91.1265,114.257
PWY-7228: superpathway of guanosine nucleotides de novo biosynthesis I,165.074,144.213,153.826,91.6736,128.342,157.813,98.8919,275.577,430.295,196.364,120.195,146.152,146.249,75.0204,159.565,189.818,191.915,129.5,123.851,187.023,150.596,155.139,148.279,61.2572,127.335,198.425,145.677,183.221,203.124,136.009,192.596,134.355,129.672,125.154,149.448,181.821,51.5467,213.834,202.793,178.435,164.214,196.109
PWY-7229: superpathway of adenosine nucleotides de novo biosynthesis I,284.524,257.351,271.479,169.904,234.463,280.819,186.299,453.069,611.582,333.899,217.478,267.218,261.678,140.423,271.971,321.113,314.413,229.507,217.604,328.904,260.336,274.889,235.659,112.973,223.981,336.182,258.028,301.028,340.592,230.523,337.818,240.975,222.33,225.852,263.136,315.153,98.9539,355.689,348.988,286.518,268.404,327.265
PWY-7234: inosine-5'-phosphate biosynthesis III,181.587,395.495,272.867,339.666,137.286,144.635,152.877,77.2949,180.319,95.7219,200.669,343.372,450.033,178.19,157.091,220.357,164.97,234.39,163.643,302.968,103.024,398.236,61.6748,189.903,127.081,214.611,241.442,379.599,170.051,115.431,219.725,119.578,97.5483,245.783,334.589,424.773,303.612,63.8722,118.264,118.18,157.877,364.799
"PWY-7237: myo-, chiro- and scyllo-inositol degradation",427.529,424.942,348.728,266.71,395.76,288.923,382.021,399.732,207.486,393.418,535.95,553.942,351.68,513.954,365.008,414.016,496.129,143.783,275.581,344.531,361.29,352.3,423.806,415.182,531.776,415.672,506.176,355.365,280.186,398.298,357.879,524.368,419.788,325.395,361.092,516.706,300.371,240.186,432.75,366.62,482.741,432.266
PWY-7238: sucrose biosynthesis II,1168.8,1391.55,1302.84,1067.44,1406.62,1210.6,1456.97,1214.63,1197.35,1194.59,1547.4,1661.67,1389.48,1516.26,1344.66,1077.43,1327.69,984.006,1253.29,1667.77,1157.27,1265.26,1592.04,1538.91,1426.32,1249.09,1300.79,1033.35,1162.14,1236.28,1310.02,1534.86,1847.18,1232.01,1275.62,1304.96,1286.78,1099.78,1406.21,1337.84,1382.55,1398.55
PWY-7242: D-fructuronate degradation,233.219,186.075,157.822,181.961,305.239,127.456,297.796,236.096,219.889,174.451,170.921,220.967,117.199,325.358,248.62,176.661,204.729,62.944,103.232,335.755,149.34,147.433,18.1912,149.605,258.382,271.283,268.427,186.072,112.999,170.679,309.586,289.524,99.5926,139.015,186.013,218.813,178.488,153.103,181.471,177.686,173.246,189.635
"PWY-724: superpathway of L-lysine, L-threonine and L-methionine biosynthesis II",510.63,653.481,551.274,489.991,488.984,460.565,461.07,549.116,675.118,574.833,635.672,649.123,664.481,483.326,500.994,435.629,558.23,490.134,573.146,624.378,609.99,620.145,692.291,551.947,587.993,510.765,591.886,502.714,538.874,531.773,503.334,546.126,604.859,603.714,610.774,663.329,591.265,624.393,627.044,549.892,595.936,614.329
PWY-7254: TCA cycle VII (acetate-producers),0,0,4.21545,0,5.26478,0,3.33887,0,0,0,0,0,2.89754,0,0,0,0,13.3841,8.97281,0,0,0,0,0,0,0,0,17.8755,0,9.07909,0,0,0,0,0,2.35918,0,0,2.54789,0,0,0
PWY-7269: mitochondrial NADPH production (yeast),0,0,0,0,0,0,0,0,0,0,0,0,2.29379,0,0,16.7811,0,0.858308,0,0,0,0,0,0,0,0,0,0.848844,0,0,0,0,0,0,0,0,0,0,0.68317,0,0,0
PWY-7282: 4-amino-2-methyl-5-diphosphomethylpyrimidine biosynthesis II,16.1344,71.384,74.9637,78.5665,90.3602,115.599,65.3941,56.0866,97.1579,173.257,58.1285,10.5077,86.1221,146.709,93.3374,222.75,122.72,175.9,205.938,0,274.376,123.755,43.0047,16.4876,118.255,172.295,198.059,171.83,219.98,119.449,139.351,61.2235,14.6946,128.823,121.996,123.268,31.8698,129.243,72.8074,87.6314,64.776,17.5473
PWY-7312: dTDP-&beta;-D-fucofuranose biosynthesis,0,0,5.32797,0,0,0,0,3.61279,8.72174,34.6383,0,0,0,0,0,0,5.10025,0,0,0,1.68691,0,0,0,7.23439,14.4215,24.2249,2.35389,0,0,12.7622,3.2393,0,0,1.55486,0,0,0,0,0,12.6814,0
PWY-7315: dTDP-N-acetylthomosamine biosynthesis,3.60738,4.56259,10.1487,8.07461,20.3173,9.83253,20.2178,20.6631,39.6818,6.92796,5.68694,8.4803,7.14062,0,9.72682,100.294,4.29774,5.24446,0,0,70.5201,88.8063,82.3551,38.4256,0,0,0,2.66381,3.66526,38.1002,12.732,14.9738,65.5403,15.6979,8.15243,18.9897,4.0102,4.95536,37.3408,59.7883,53.7395,49.753
PWY-7316: dTDP-N-acetylviosamine biosynthesis,0,0,0,0,0,0,0,0,0,0,0,0,1.26174,0,0,0,0,6.18922,1.62363,0,0,0,0,0,0,0,0,0,0,0,2.68583,0,0,0,0,0,0,0,0,0,2.56602,0
PWY-7323: superpathway of GDP-mannose-derived O-antigen building blocks biosynthesis,47.9234,15.2706,54.9992,124.017,50.3937,74.6495,30.618,29.7429,0,77.7822,197.627,75.9391,121.863,30.4535,79.4128,168.562,114.043,85.6048,104.695,21.6226,96.1599,70.5943,18.1746,51.2652,132.248,109.858,155.105,73.988,55.3427,50.7559,136.846,87.738,149.614,54.9173,72.0361,19.4163,58.307,154.401,163.391,103.71,157.294,199.873
PWY-7328: superpathway of UDP-glucose-derived O-antigen building blocks biosynthesis,172.414,202.322,158.921,103.257,119.716,152.966,92.1141,75.5613,49.8247,65.8535,147.845,141.674,183.332,76.7328,54.7742,220.672,80.1425,168.044,133.517,60.4405,67.2244,211.683,222.314,112.581,70.3346,98.9546,59.2155,92.2816,137.841,62.5292,54.1097,75.1778,165.126,128.176,153.151,83.1304,200.753,202.316,155.122,90.9899,125.851,205.242
"PWY-7340: 9-cis, 11-trans-octadecadienoyl-CoA degradation (isomerase-dependent, yeast)",0,0,0,0,0,0,0,0,0,0,0,0,0,0,0,0,0,3.41632,1.1781,0,0,0,0,0,0,0,0,0,0,1.7158,0,0,0,0,0,0,1.98075,0,5.54421,0,0,0
PWY-7345: superpathway of anaerobic sucrose degradation,260.887,311.689,322.272,180.852,189.663,215.208,188.071,93.1428,80.7095,137.381,132.441,85.0892,121.079,99.8685,123.179,377.965,161.727,167.783,169.784,67.1311,137.623,46.9427,70.3088,59.1824,77.2692,141.241,150.63,213.117,198.194,61.8111,136.689,120.122,68.6398,100.573,102.971,53.3418,58.4103,80.2462,89.2077,69.7571,90.1324,68.0674
PWY-7356: thiamine diphosphate salvage IV (yeast),142.932,246.036,214.757,216.517,98.6041,105.674,101.182,44.5417,35.1197,51.0049,133.918,269.044,292.564,117.272,105.67,31.8698,131.16,121.245,115.433,238.88,104.053,143.835,54.6948,142.428,77.9202,75.8254,147.094,252.115,145.178,107.814,97.608,87.5966,45.9418,234.641,278.967,292.948,306.277,194.359,163.633,32.5925,21.8494,26.8229
PWY-7357: thiamine phosphate formation from pyrithiamine and oxythiamine (yeast),583.753,634.649,570.175,457.105,518.929,420.332,373.043,645.599,694.92,615.262,683.703,611.498,515.725,695.836,666.833,437.987,793.949,381.226,547.788,507.606,579.145,591.823,747.441,629.337,467.017,456.438,396.662,540.395,520.875,574.689,497.111,673.614,663.16,594.236,687.274,722.32,544.43,591.634,710.216,710.727,670.927,601.549
"PWY-7371: 1,4-dihydroxy-6-naphthoate biosynthesis II",0,0,1.31386,0,1.87084,3.52215,6.07044,0,3.7671,0,0,0,2.5666,0,2.95756,0,2.21126,9.44624,0,0,14.1376,6.07521,0,0,0,0,0,4.49543,1.93104,0,3.82321,0,0,0,0,0,0,0,0,0,0,0
"PWY-7374: 1,4-dihydroxy-6-naphthoate biosynthesis I",0,0,0,0,0,0,0,0,0,0,0,0,0,0,0,0,0,0,0,0,0,0,0,0,0,0,0,0,0,0,2.76085,0,0,0,0,0,0,0,0,0,0,0
"PWY-7383: anaerobic energy metabolism (invertebrates, cytosol)",108.455,132.079,150.432,177.581,153.226,190.179,140.98,120.73,271.508,135.483,52.8037,48.5986,132.357,111.002,107.002,101.806,102.829,210.132,174.593,122.526,92.3119,128.332,119.221,127.306,105.561,157.788,143.584,166.828,219.702,167.327,82.248,63.1806,118.404,135.082,126.356,136.133,27.8865,23.7026,16.1846,115.739,141.996,76.2994
"PWY-7384: anaerobic energy metabolism (invertebrates, mitochondrial)",0,0,0,0,0,0,0,0,0,0,0,0,0,0,0,3.47366,0,0,0,0,0,0,0,0,0,0,0,0,0,0,0,0,0,0,0,0,0,0,0.626759,0,0,0
"PWY-7385: 1,3-propanediol biosynthesis (engineered)",0,0,5.94768,0,0,5.65582,0,0,1.14007,0,0,0,1.39351,0,0,39.314,0,5.40397,3.11442,0,0,0,0,0,0,0,0,7.68638,3.10115,3.81741,0,0,0,0,0,0,0.467722,1.86175,26.3339,0,0,0
"PWY-7388: octanoyl-[acyl-carrier protein] biosynthesis (mitochondria, yeast)",0,26.9868,0,0,0,0,0,0,8.81629,0,0,0,38.3895,27.1509,0,0,0,15.6627,0,0,0,0,0,0,0,12.4129,0,0,0,0,0,0,0,0,46.8086,0,256.714,0,0,10.2324,0,0
PWY-7389: superpathway of anaerobic energy metabolism (invertebrates),0,0,0,0,0,0,0,0,0,0,0,0,0,0,0,5.52683,0,0,0,0,0,0,0,0,0,0,0,0,0,0,0,0,0,0,0,0,0,0,0.994414,0,0,0
PWY-7392: taxadiene biosynthesis (engineered),0,28.8012,0,77.9584,4.7491,30.0906,11.5502,27.8838,20.9251,85.4919,40.7002,6.81033,94.139,79.2308,25.1438,0,60.0077,53.6623,31.9755,0,79.8625,57.3882,0,4.11712,21.0781,46.209,40.8052,13.0352,0,14.6582,65.9047,39.4929,33.1862,30.3151,66.6592,0,272.541,86.5795,48.5694,78.7159,64.1319,22.1237
PWY-7399: methylphosphonate degradation II,0,0,0,0,0,0,0,0,0,0,0,0,0,0,0,0,0,0,0,0,0,0,0,0,0,0,0,0,0,1.1035,0,0,0,0,0,0,0.929619,0.500591,0,0,0,0
PWY-7400: L-arginine biosynthesis IV (archaebacteria),137.116,228.173,303.754,367.983,247.956,293.313,177.535,107.989,196.058,348.115,552.071,211.231,422.511,422.759,311.483,582.139,286.115,436.891,379.345,151.775,516.864,452.387,618.734,194.686,376.835,280.219,334.807,344.99,292.868,291.911,500.204,356.283,284.973,316.847,180.516,356.434,107.522,268.184,650.005,231.005,387.982,50.5203
PWY-7434: terminal O-glycans residues modification (via type 2 precursor disaccharide),0,0,0,0,0,1.07175,0,0,0,0,1.96151,0,3.20224,0,0,0,1.63348,0,0,0,0,6.66923,0,0,0,0,0,0,0,0,2.15066,2.73129,3.18628,5.41202,0,0,1.91974,0.705695,1.47221,0,0,1.40746
PWY-7446: sulfoquinovose degradation I,0,0,0,0,0,0,0,0,0,0,0,0,0,0,0,9.54242,0,1.30016,0,0,0,0,0,0,0,0,0,0,0,0,0,0,0,0,0,0,0,0,0,0,0,0
"PWY-7456: &beta;-(1,4)-mannan degradation",125.915,79.853,73.4779,116.568,77.2008,90.1383,42.3352,56.7176,61.1439,73.3003,51.6894,82.7029,142.928,58.2375,82.1142,62.0392,127.966,79.3081,88.0774,35.6407,79.8562,17.0947,44.6799,52.6884,155.048,152.149,191.948,69.4268,58.9472,41.9567,140.227,178.671,91.9057,44.9349,62.6888,20.8899,201.751,87.2463,41.9291,62.4036,86.4735,26.4142
PWY-7560: methylerythritol phosphate pathway II,264.772,362.039,266.348,221.715,267.827,297.977,181.117,385.582,580.367,444.046,573.197,390.538,426.725,324.997,347.846,414.211,515.338,308.069,359.333,296.297,477.423,602.215,537.288,379.575,385.426,326.953,269.41,368.437,158.786,286.967,269.971,495.569,415.636,405.986,377.897,178.008,422.994,355.298,407.524,551.424,550.397,593.347
PWY-7616: methanol oxidation to carbon dioxide,0,0,0,0,0,0,0,0,0,0,0,0,0,0,0,4.53576,0,0,0,0,0,0,0,0,0,0,0,0,0,0,0,0,0,0,0,0,0,0,0,0,0,0
PWY-7663: gondoate biosynthesis (anaerobic),280.718,240.49,129.979,236.124,87.2195,133.001,73.158,50.4558,144.733,205.142,74.3995,115.98,204.803,96.5602,79.766,392.63,108.747,256.474,173.85,213.87,305.096,111.005,63.0939,82.1986,63.4402,171.602,223.1,291.852,191.664,115.24,249.943,65.5334,36.4171,200.701,146.369,152.039,471.318,331.366,196.834,117.761,95.5049,64.5178
PWY-7664: oleate biosynthesis IV (anaerobic),140.402,197.027,105.893,218.778,85.618,90.238,63.6646,0,20.049,0,58.1289,93.8778,178.621,84.1553,59.1307,178.079,94.83,138.283,85.6759,151.371,51.6238,63.2519,31.8031,74.4919,16.7912,67.7164,67.1963,238.276,136.347,104.853,140.628,53.1405,31.028,120.062,136.946,142.509,178.616,272.38,165.172,49.6405,34.0935,38.1642
PWY-7688: dTDP-&alpha;-D-ravidosamine and dTDP-4-acetyl-&alpha;-D-ravidosamine biosynthesis,0,0,0,0,5.05698,3.52492,1.34838,0,0,3.02615,0,0,6.67176,0,2.18996,3.21659,3.85794,1.20424,1.33169,0,2.55183,0,0,0,0,0,0,0,0,0,39.7054,3.42946,0,0,4.17249,4.3474,0,0,0,0,0,0
PWY-7761: NAD salvage pathway II (PNC IV cycle),224.213,156.342,148.796,123.756,130.608,194.014,170.959,96.6871,80.1259,75.3545,85.4597,173.74,128.062,109.856,113.769,193.276,103.091,165.463,132.898,117.865,107.403,269.551,113.141,62.7357,59.5365,49.8972,118.376,237.129,168.487,167.909,105.227,66.245,49.6673,127.917,113.998,143.538,50.4919,59.3245,45.4634,90.3592,116.185,149.48
PWY-7790: UMP biosynthesis II,891.879,1001.06,940.655,808.311,933.05,822.391,934.574,920.874,1185.83,927.764,999.893,1012.31,887.737,918.428,949.815,598.424,980.011,803.859,877.048,1183.22,833.733,955.248,1045.47,1015.75,820.141,786.607,855.687,935.719,911.272,873.569,873.298,1003.78,983.263,903.364,933.587,1016.91,825.067,788.453,952.731,904.871,931.815,886.124
PWY-7791: UMP biosynthesis III,891.879,1001.06,940.655,808.311,933.05,822.391,934.574,920.874,1185.83,927.764,999.893,1012.31,887.737,918.428,949.815,598.424,980.011,803.859,877.048,1183.22,833.733,955.248,1045.47,1015.75,820.141,786.607,855.687,935.719,911.272,873.569,873.298,1003.78,983.263,903.364,933.587,1016.91,825.067,788.453,952.731,904.871,931.815,886.124
PWY-7807: glyphosate degradation III,0,0,0,0,0,0,0,0,0,0,0,0,0,0,0,0,0,0,0,0,0,0,0,0,0,0,0,0,0,0,0,0,0,0,0,0,0.581083,0,0,0,0,0
PWY-7851: coenzyme A biosynthesis II (eukaryotic),531.564,677.108,607.437,586.313,641.164,488.969,622.887,586.206,682.941,544.424,538.466,740.556,641.307,671.656,606.579,395.989,648.855,507.684,563.93,790.727,557.698,540.814,575.575,583.094,543.3,542.369,588.434,636.357,572.935,581.653,578.417,586.224,680.53,605.802,634.688,730.843,565.176,517.002,536.971,600.82,526.29,522.774
PWY-7858: (5Z)-dodecenoate biosynthesis II,2.26139,0,0,0,0,0,0,0,0,0,2.08071,0,0,0,0,77.0082,0,1.52525,0,0,0,0,0,2.0536,0,0,0,0,0,0,0,0,0,0,0,0,3.48184,0,8.64883,0,0,0
PWY-7873: D-erythronate degradation II,0,0,0,0,0,0,0,0,0,0,0,0,0,0,0,2.21667,0,0,0,0,0,0,0,0,0,0,0,0.445057,0,0,0,0,0,0,0,0,0,0,0,0,0,0
PWY-7874: L-threonate degradation,0,0,0,0,0,0,0,0,0,0,0,0,0,0,0,14.0502,0,0.740438,0,0,0,0,0,0,0,0,0,0.660457,0,0,0,0,0,0,0,0,0,0,0,0,0,0
PWY-7883: anhydromuropeptides recycling II,3.88604,3.96766,0,14.7525,7.62101,7.1375,11.1346,1.87047,0,0,0,2.45823,3.9888,0,4.04904,17.5888,0,7.86916,5.97999,0,11.4493,12.9364,0,0,0,7.91297,6.11443,15.5244,5.11787,1.46187,5.99275,3.26189,5.00898,0,2.09917,0,0.952234,13.1924,12.6977,0,0,0
PWY-7942: 5-oxo-L-proline metabolism,0,0.83045,0,0,8.63159,0,1.9986,0,1.61504,0,0,0,0,0,0,78.5537,0,14.202,0,0,0,0,0,0,0,0,0,2.93426,0,13.8954,0,0,0,0,0,0,1.95452,0,10.7076,0,0,0
PWY-7953: UDP-N-acetylmuramoyl-pentapeptide biosynthesis III (meso-diaminopimelate containing),653.926,649.974,692.133,633.708,625.303,694.787,640.097,685.257,772.543,692.155,791.538,539.095,678.414,721.246,739.536,590.799,756.802,704.029,775.046,601.06,755.161,824.762,835.532,718.835,695.889,653.722,718.761,683.779,755.508,743.497,641.62,757.071,746.979,674.151,658.941,571.338,720.547,617.035,691.147,848.545,802.627,763.09
PWY-7977: L-methionine biosynthesis IV,633.799,528.413,538.285,513.629,444.982,462.627,310.512,537.108,582.177,627.539,704.043,476.147,521.849,432.415,595.569,469.101,726.432,529.268,591.511,281.437,615.586,663.504,618.798,578.855,618.436,499.497,621.6,512.969,520.886,504.111,522.913,581.786,493.192,743.973,616.115,595.717,580.316,679.231,649.538,552.667,648.708,629.513
PWY-7992: superpathway of menaquinol-8 biosynthesis III,0,0,3.28699,0,4.61592,8.74555,13.4043,0,8.97113,0,0,0,6.31172,0,7.38543,0,5.69319,22.7634,0,0,33.7489,12.8005,0,0,0,0,0,10.6434,4.78791,0,9.75406,0,0,0,0,0,0,0,0,0,0,0
PWY-8004: Entner-Doudoroff pathway I,165.979,297.527,224.484,213.8,123.771,122.319,64.6446,43.5104,49.7821,123.816,124.856,163.764,276.716,92.8678,109.237,178.98,173.024,127.472,148.104,221.322,109.517,109.694,21.3179,125.176,121.07,182.054,230.285,240.519,143.89,91.36,150.436,117.482,88.0441,195.331,236.305,264.417,262.469,217.856,127.083,84.2952,103.987,85.4465
PWY-801: homocysteine and cysteine interconversion,0,1.21651,0,2.95991,1.83551,11.6915,0,13.1097,0,0,11.936,0,1.49815,0,0,42.5702,0,2.94431,0.420668,0,0,0,0,1.39696,0,4.78772,0,1.50293,0,0,0,0,0,0,2.48437,0,4.10067,0,0,0,26.8224,101.849
PWY-8073: lipid IVA biosynthesis (P. putida),23.733,24.8682,32.0543,30.761,27.6052,56.2188,24.478,31.2499,78.6072,84.4319,2.21711,5.0355,37.3924,47.6169,41.0514,151.432,42.0765,67.8103,73.0087,21.9786,95.2291,8.39505,7.41456,5.59668,22.8251,75.3601,99.6573,50.1979,18.4764,26.3718,110.574,30.5942,12.5037,20.8273,25.7382,21.9413,2.6634,27.0076,19.4902,26.1538,6.86611,2.77417
"PWY-8086: (S)-lactate fermentation to propanoate, acetate and hydrogen",0,0,0,0,0,0,0,0,0,0,0,0,0,0,0,6.90578,0,0,0,0,0,0,0,0,0,0,0,0,0,0,0,0,0,0,0,0,0,0,0.715418,0,0,0
PWY-8131: 5'-deoxyadenosine degradation II,4.67145,7.48404,6.18101,6.41766,3.77577,15.7738,21.8621,18.5242,20.9516,29.8859,3.18783,2.34834,2.53897,9.20116,4.4414,5.91609,3.50759,31.5171,25.4153,0,28.2565,15.7236,31.8247,16.0486,34.5924,23.6132,23.9973,6.19788,23.0147,11.8139,23.6447,13.3259,8.92412,22.4381,9.28296,5.79212,3.61547,10.8164,27.6275,4.60476,12.709,10.7673
PWY-8178: pentose phosphate pathway (non-oxidative branch) II,573.361,517.976,541.92,390.699,505.316,485.738,338.372,686.98,747.604,746.231,816.406,538.675,479,461.527,593.257,656.741,700.845,462.977,624.421,326.161,697.192,824.809,775.652,737.376,672.401,582.504,588.714,411.265,485.45,597.413,378.168,702.554,681.701,602.163,550.584,370.465,576.047,568.879,809.147,787.072,780.362,789.953
PWY-8187: L-arginine degradation XIII (reductive Stickland reaction),193.188,327.195,346.703,113.665,215.905,147.803,256.792,634.195,1114.17,510.279,128.979,337.256,200.359,147.726,224.705,163.277,271.827,368.415,404.228,432.719,129.894,223.39,450.781,191.196,303.548,465.702,300.559,273.419,379.119,259.279,181.946,142.617,438.162,300.818,317.034,369.202,20.4655,148.835,482.125,216.396,152.793,119.504
PWY-8188: L-alanine degradation VI (reductive Stickland reaction),0,0,0,6.16688,0,0,0,0,0,9.52558,0,0,0,3.08934,0,9.39728,0,0,0,0,20.6304,28.4499,0,0,12.1447,9.8639,8.30615,0,0,0,0,0,0,19.3516,6.07819,0,0,0,0,8.54226,21.3269,0
PWY-8189: L-alanine degradation V (oxidative Stickland reaction),0,0,0,6.16688,0,0,0,0,0,9.52558,0,0,0,3.08934,0,9.39728,0,0,0,0,20.6304,28.4499,0,0,12.1447,9.8639,8.30615,0,0,0,0,0,0,19.3516,6.07819,0,0,0,0,8.54226,21.3269,0
PWY-821: superpathway of sulfur amino acid biosynthesis (Saccharomyces cerevisiae),0,0,7.51285,0,0,0,0,0,5.58674,0,0,1.84316,6.6492,0,8.48043,166.177,0,13.3818,0,0,0,0,0,0,0,0,0,4.47635,3.78487,16.052,4.74892,16.7057,0,0,0,0,8.12536,3.57735,13.2053,0,0,0
PWY-822: fructan biosynthesis,0,0,0,0,0,2.34507,0,3.80858,0,0,4.80835,0,7.38462,0,0,0,1.29552,0,0,0,0,29.3921,0,0,0,1.29195,0,0,1.68054,0,1.85691,1.96716,1.28665,0,2.97334,0,2.44421,1.89076,3.11685,3.68691,6.09645,13.4576
PWY-841: superpathway of purine nucleotides de novo biosynthesis I,245.86,222.223,232.754,145.059,199.589,233.084,156.881,388.563,573.959,284.768,187.977,225.584,222.115,121.601,240.528,276.595,281.461,195.293,189.267,287.634,224.132,236.764,226.375,100.789,197.194,289.634,221.568,265.655,294.829,207.499,284.702,208.548,202.31,193.771,226.204,273.554,85.2571,296.763,295.194,259.836,248.016,292.223
PWY-922: mevalonate pathway I (eukaryotes and bacteria),0,2.44622,0,0,0,0,0,0,0,0,9.45861,0,19.1079,0,0,0,4.06584,0,0,0,0,25.2248,0,0,0,6.06339,0,0,0,0,7.31007,10.2723,6.7315,0,0,0,2.97282,0,3.04652,0,0,0
PWY-I9: L-cysteine biosynthesis VI (from L-methionine),284.967,380.975,278.682,321.999,95.6781,110.872,158.129,134.861,33.2369,102.455,318.153,191.27,414.472,72.4901,73.8299,377.423,261.058,267.364,115.326,543.841,103.463,269.974,128.453,146.541,163.067,167.29,192.289,81.2614,179.385,110.131,77.9424,269.389,100.867,503.26,550.968,440.534,689.831,556.719,464.229,99.3475,174.105,378.065
PWY0-1061: superpathway of L-alanine biosynthesis,184.569,280.611,296.165,213.707,122.279,135.996,117.509,96.1404,41.2653,185.223,238.806,237.452,327.124,140.031,186.996,213.193,184.473,142.111,253.771,195.782,238.019,208.164,249.903,244.999,14.7071,18.2635,21.209,203.77,96.084,226.11,75.2672,127.827,206.844,178.656,252.45,160.796,372.549,311.433,410.598,114.866,92.5111,101.315
PWY0-1221: putrescine degradation II,0,0,0,0,0,0,0,0,0,0,0,0,0,0,0,17.8156,0,0,0,0,0,0,0,0,0,0,0,0,0,0,0,0,0,0,0,0,0.275548,0,0,0,0,0
PWY0-1241: ADP-L-glycero-&beta;-D-manno-heptose biosynthesis,6.84241,5.37916,5.39363,10.7339,10.4221,32.4456,9.80617,1.89602,8.60347,7.63977,5.67464,2.28477,2.86352,4.63434,1.49569,42.6892,5.86299,56.8013,28.0183,0,29.2771,7.0504,0,3.12064,7.50128,6.43144,3.31115,46.195,66.7035,30.7065,20.2881,4.67034,2.35223,19.2509,12.5932,23.7226,2.1306,7.84851,9.79652,3.25332,0,0
PWY0-1261: anhydromuropeptides recycling I,10.1497,16.8795,31.185,37.3676,27.0299,67.0327,31.9263,20.7543,61.6125,90.9103,6.55855,6.36098,41.9326,44.0602,35.3832,194.878,40.4708,71.6763,89.8424,0,110.363,54.6112,37.8182,15.3511,12.7686,39.8913,49.7824,44.1389,23.3697,23.0966,51.9987,28.7393,24.2807,18.5983,26.0873,29.443,5.73148,16.317,26.7127,18.5493,21.8673,5.2228
PWY0-1277: 3-phenylpropanoate and 3-(3-hydroxyphenyl)propanoate degradation,0,0,0,0,3.1248,0,0,0,0,0,0,0,0,0,0,128.823,0,0,0,0,0,0,0,0,0,0,0,0,1.35838,0,0,0,0,0,0,0,1.27411,0,6.47649,0,0,0
PWY0-1296: purine ribonucleosides degradation,543.391,528.02,575.962,543.444,740.608,599.808,771.47,705.776,619.483,669.397,869.408,634.528,513.627,799.708,791.645,588.503,844.993,454.198,589.864,750.401,688.934,845.004,649.495,728.769,669.64,537.858,551.721,438.885,510.156,670.341,652.624,828.715,668.436,522.497,550.581,495.416,516.338,516.522,677.792,806.606,768.824,743.763
PWY0-1297: superpathway of purine deoxyribonucleosides degradation,22.9477,44.7775,25.5316,9.72704,32.7428,40.2689,21.4926,27.9319,27.071,16.7082,146.692,32.5877,61.1522,59.0836,19.2787,293.837,36.2838,45.4257,40.99,8.47355,104.254,287.957,155.929,81.3037,69.5831,74.6577,28.2838,16.7882,33.5147,68.3061,32.4303,49.9654,137.124,51.3287,45.2095,20.5122,251.723,20.8937,33.6322,29.5382,135.105,143.075
PWY0-1298: superpathway of pyrimidine deoxyribonucleosides degradation,14.3132,17.8853,13.4877,5.23778,20.7282,26.673,15.5764,27.5626,18.5571,10.501,19.6033,0,38.509,24.8569,25.925,236.674,14.2547,27.5172,27.3919,8.42888,26.3149,31.8784,41.0327,20.1709,44.3017,31.994,71.8665,9.86718,27.8354,28.6683,20.308,18.5477,2.64528,13.1151,27.3241,11.0695,67.8773,15.8838,30.7094,26.7644,21.0936,19.7582
PWY0-1319: CDP-diacylglycerol biosynthesis II,575.74,535.557,544.054,455.818,663.935,564.401,649.492,540.221,418.571,573.535,687.845,594.072,488.769,698.623,624.331,472.123,642.385,416.867,528.274,593.761,654.299,701.953,636.353,625.635,645.298,564.448,576.305,452.163,533.764,607.365,579.039,666.471,736.945,553.291,538.302,507.73,457.184,491.587,498.312,697.854,720.657,716.302
PWY0-1337: oleate &beta;-oxidation,0,0,0,0,0,0,0,0,0,0,0,0,0,0,0,15.8502,0,3.69171,0,0,0,0,0,0,0,0,0,0,0,0,0,0,0,0,0,0,1.02655,0,1.73045,0,0,0
PWY0-1338: polymyxin resistance,0,0,0,0,1.22913,0,0,0,0,0,0,0,0,0,1.93088,59.1341,0,3.79957,2.60678,0,0,0,0,0,0,0,0,2.39985,0,0,2.15467,0,0,0,0,0,0,0,0,0,0,0
PWY0-1415: superpathway of heme b biosynthesis from uroporphyrinogen-III,0,0,0,0,3.03473,1.16509,1.30872,0,0,0,0,3.10912,0,0,0,101.317,0,2.23305,2.06531,0,0,0,0,0,0,0,0,5.92274,0,3.72555,0,1.82464,0,0,0,0,0,0,3.8913,0,0,0
PWY0-1477: ethanolamine utilization,25.9421,38.3809,37.8743,36.0977,30.578,83.2085,57.4999,53.7477,134.348,53.217,21.1176,6.97945,42.4119,40.1286,34.4076,528.844,19.8033,78.3181,66.1573,27.504,39.7969,57.4747,47.9112,27.4151,13.7015,108.287,100.126,37.6156,77.2427,51.6877,39.6944,40.7812,28.1062,39.2345,30.814,41.231,207.224,44.2199,47.427,59.8272,56.3411,18.5286
PWY0-1479: tRNA processing,41.8216,79.2593,44.8404,121.512,61.888,57.1731,36.5403,47.0345,13.2918,21.5178,76.0466,122.455,97.3852,28.8358,60.3266,249.419,51.5624,100.477,101.326,125.563,23.5049,43.7805,89.9368,55.5312,51.5387,23.4915,16.7015,70.3876,55.9321,55.8663,40.2648,94.9125,64.2187,74.1583,70.8964,49.817,161.739,150.991,143.882,31.2656,41.1081,72.668
PWY0-1533: methylphosphonate degradation I,0,0,0,0,0,0,0,0,0,0,0,0,0,0,0,0,0,0,0,0,0,0,0,0,0,0,0,0,0,0,0,0,0,0,0,0,0.413794,0,0,0,0,0
PWY0-1586: peptidoglycan maturation (meso-diaminopimelate containing),392.285,542.156,472.262,306.446,480.74,345.142,416.732,261.77,454.388,453.365,473.799,880.374,737.734,281.177,414.162,905.893,530.413,313.036,426.66,364.211,574.136,344.552,357.904,392.096,410.855,443.079,718.853,425.928,395.165,216.308,369.372,259.557,368.955,707.365,753.045,953.943,69.6539,219.356,359.005,217.916,204.135,101.82
PWY0-162: superpathway of pyrimidine ribonucleotides de novo biosynthesis,183.882,193.406,196.164,125.427,149.262,167.871,113.137,103.457,240.576,136.892,153.254,197.04,196.257,92.7043,166.605,187.795,186.618,166.479,146.959,265.359,145.371,120.255,123.821,111.751,122.216,185.921,180.829,240.569,236.285,143.56,191.652,119.233,113.383,172.069,203.909,249.797,74.3196,264.315,239.844,79.7387,66.8156,125.355
PWY0-166: superpathway of pyrimidine deoxyribonucleotides de novo biosynthesis (E. coli),0,0,2.99301,0,5.91215,0,0,0,0,0,0,0,0,0,0,108.421,0,4.57093,4.91155,0,0,12.2647,0,4.96434,0,0,0,6.90932,0,0,0,0,0,0,0,0,1.36687,0,7.39476,0,0,0
"PWY0-301: L-ascorbate degradation I (bacterial, anaerobic)",0,0,0,3.09825,1.82734,2.12231,0,0,0,0,0,0,0,0,0.948923,155.18,0,6.73098,1.23992,0,8.14181,20.2087,0,3.7518,0,0,0,2.02602,3.7609,3.08933,1.88164,0,1.37103,1.77319,0.534695,0,3.5548,3.57853,10.3776,0,0,0
PWY0-41: allantoin degradation IV (anaerobic),0,0,0,0,0,0,0,0,0,0,0,0,0,0,0,2.55989,0,0.716909,0,0,0,0,0,0,0,0,0,0,0,0,0,0,0,0,0,0,0,0,0,0,0,0
PWY0-42: 2-methylcitrate cycle I,0,0,0,0,2.08354,0,0,0,0,0,0,0,0,0,0,125.071,0,4.63637,0.453922,0,0,0,0,0,0,0,0,2.62458,0.336078,1.93264,0,0,0,0,0,0,0.81393,0.778706,1.69128,0,0,0
PWY0-461: L-lysine degradation I,0,0,0,0,0,0,0,0,0,0,0,0,0,0,0,3.58123,0,0,0,0,0,0,0,0,0,0,0,0,0,0,0,0,0,0,0,0,0,0,0,0,0,0
PWY0-781: aspartate superpathway,8.13173,0,70.1885,5.00471,10.3471,10.1954,6.91136,0,0,0,64.6497,13.2961,80.2824,8.88639,26.6329,147.281,50.0016,57.261,29.0279,0,18.8564,52.2758,0,12.5724,0,26.9881,3.87277,33.2192,40.9492,37.107,16.356,41.674,18.8981,0,4.60678,0,8.9438,23.1497,69.0631,18.9182,58.8071,16.3677
PWY0-845: superpathway of pyridoxal 5'-phosphate biosynthesis and salvage,6.20795,24.6133,28.5743,35.0971,37.909,56.3445,28.9695,22.4237,42.6419,87.004,21.9536,4.16381,38.5603,61.0198,38.4135,138.038,53.6722,131.032,118.572,0,165.694,56.3358,15.0565,6.78482,51.1967,95.2385,130.116,85.2652,119.294,53.128,71.6811,24.9589,5.90826,66.2323,55.0522,55.2943,9.79742,69.3106,28.0399,38.8191,27.9634,7.17225
PWY0-862: (5Z)-dodecenoate biosynthesis I,129.224,190.022,102.207,215.644,85.2519,85.4657,62.2633,0,17.5201,0,55.997,90.798,173.612,82.3963,56.63,162.208,92.6696,127.759,78.6094,143.738,45.2924,58.9255,29.33,73.1408,14.9525,61.4401,60.0835,229.074,129.714,103.236,130.94,51.469,30.253,112.089,134.836,140.261,161.453,262.655,159.59,45.253,30.7763,35.7264
PWY1G-0: mycothiol biosynthesis,0,0,0,0,1.02972,1.43279,0,0,0,0,2.45345,0,0,0,0,0,0,0,0,0,0,3.37414,0,0,0,0,0,0,0,0,0,0,0,0,0,0,0,0,0,0,0,0
PWY1ZNC-1: assimilatory sulfate reduction IV,6.49295,6.01106,8.6184,7.35347,0,11.0908,3.31635,12.1141,2.40542,10.185,37.6946,7.00819,3.54369,7.38611,4.40069,85.7288,17.3484,11.7124,18.8888,0,33.1733,21.8094,34.541,13.8121,22.74,12.1606,23.4486,2.41156,7.46097,11.2449,10.8477,19.9785,12.6346,16.1804,3.33503,0,3.37973,6.81144,22.4076,19.823,23.5976,4.36755
PWY3O-4107: NAD salvage pathway V (PNC V cycle),17.6957,50.37,48.1922,88.8683,2.51242,25.0256,4.70134,23.6272,0,36.1601,28.0116,66.385,178.791,75.7454,44.7749,172.969,96.6935,35.3818,31.2749,75.2258,5.40294,96.0066,0,78.0167,1.18451,21.2698,5.07222,176.109,70.6907,62.7071,13.2641,19.6315,8.84522,0,1.84666,0,20.6891,25.4888,20.3627,14.4691,64.8533,130.839
PWY490-3: nitrate reduction VI (assimilatory),0,0.608281,0,0,0,2.31204,0,2.59699,2.73056,2.88178,3.67635,0,0,2.20177,0,0,2.17531,0,0,0,1.4236,0,0,0,0,3.49984,0,3.50285,1.45379,0,1.41985,3.45006,0,0,0,0,3.95226,3.48113,3.51702,0,0,0
PWY4FS-7: phosphatidylglycerol biosynthesis I (plastidic),174.268,58.6123,73.6111,71.7184,93.8853,87.8379,74.7929,55.7394,38.1036,96.4199,250.915,136.925,124.949,134.158,135.752,350.51,203.21,77.8807,118.373,34.5122,142.857,185.022,59.9344,61.8305,116.214,143.22,156.114,149.342,51.4867,55.4035,55.3014,134.441,31.6938,139.205,99.355,45.344,201.418,170.72,214.918,266.374,123.616,179.086
PWY4FS-8: phosphatidylglycerol biosynthesis II (non-plastidic),174.268,58.6123,73.6111,71.7184,93.8853,87.8379,74.7929,55.7394,38.1036,96.4199,250.915,136.925,124.949,134.158,135.752,350.51,203.21,77.8807,118.373,34.5122,142.857,185.022,59.9344,61.8305,116.214,143.22,156.114,149.342,51.4867,55.4035,55.3014,134.441,31.6938,139.205,99.355,45.344,201.418,170.72,214.918,266.374,123.616,179.086
PWY4LZ-257: superpathway of fermentation (Chlamydomonas reinhardtii),19.1302,36.6201,20.8073,8.05453,22.2141,29.5037,17.2275,2.28834,21.9431,8.62644,16.7157,0,48.9887,46.0535,15.8588,261.748,12.9581,37.6345,33.973,7.00523,14.0868,28.0724,47.9947,20.2523,1.52465,14.0811,20.0929,13.872,27.5165,39.3117,18.8725,15.8676,0,11.4567,36.5648,16.8766,40.1598,13.0017,26.5127,23.8225,17.6754,20.551
PWY66-367: ketogenesis,0,0,0,0,0,0,0,0,0,0,0,0,0,0,0,0,0,0,0,0,0,2.94963,0,0,0,0,0,0,0,0,4.78629,0,0,0,0,0,0,0,0,0,0,0
PWY66-389: phytol degradation,0,0,0,0,0,0,0,4.38114,8.91958,6.03122,0,0,2.13196,3.99409,0,17.1572,0,0,0,0,0,0,0,0,0,0,0,0,0,0,4.06363,0,0,0,3.21016,4.59881,1.14198,0,0.113272,0,0,0
PWY66-391: fatty acid &beta;-oxidation VI (mammalian peroxisome),0,0,0,0,0,0,0,12.7589,34.4672,10.9482,0,0,0,0,0,0,0,17.1385,14.0906,0,2.83645,4.42194,0,0,2.27154,23.5582,26.211,0,0,9.07622,0,0,11.6686,7.60951,3.61883,5.97409,3.38985,11.3748,10.6782,6.69531,0,0
PWY66-399: gluconeogenesis III,145.009,185.525,189.799,174.576,135.742,176.988,128.854,116.349,149.391,122.293,60.3968,8.77192,102.217,107.546,97.2917,85.8373,110.282,181.179,154.949,57.5468,90.0116,160.941,94.174,114.816,103.875,162.957,164.977,211.404,225.985,141.86,114.516,66.5483,100.834,160.478,125.307,122.984,26.9711,35.1658,22.5676,95.0864,147.909,80.4572
PWY66-409: superpathway of purine nucleotide salvage,36.7524,81.6173,60.8217,17.8319,72.0757,87.9077,32.9242,70.3564,0,43.0312,169.76,73.946,118.075,34.3745,40.3502,238.981,84.0079,47.5334,44.8524,0,164.806,231.377,201.202,90.7897,122.16,145.732,65.6084,9.47315,32.0491,123.215,76.7054,100.082,180.001,100.01,54.4485,37.9653,51.8682,52.8467,73.2397,70.1379,196.057,216.842
PWY66-429: fatty acid biosynthesis initiation (mitochondria),480.697,575.797,531.709,445.153,423.318,539.087,377.864,669.466,693.675,741.679,759.124,464.468,525.065,577.89,584.247,629.103,745.117,508.393,633.476,321.563,686.653,784.095,965.364,655.553,699.806,569.761,662.96,395.785,542.763,660.815,567.89,647.939,891.551,627.614,517.817,422.961,478.328,689.533,550.228,966.988,964.833,874.941
PWY66-430: myristate biosynthesis (mitochondria),0,27.2218,0,0,0,0,0,0,8.57398,0,0,0,38.6762,27.4638,0,0,0,15.9812,0,0,0,0,0,0,0,12.5636,0,0,0,0,0,0,0,0,46.6825,0,255.293,0,0,10.1604,0,0
PYRIDNUCSAL-PWY: NAD salvage pathway I (PNC VI cycle),23.8034,61.0137,58.7052,91.1455,3.48054,32.8567,6.48295,29.4304,0,40.842,32.4914,19.2714,132.122,80.3758,52.4656,172.551,92.1035,44.2498,39.3808,79.0156,7.3858,115.318,0,63.7062,1.63277,23.8374,6.70218,177.45,80.8884,74.5622,17.4555,24.051,11.4026,0,2.56474,0,24.1027,29.4247,23.4987,18.8404,71.6676,127.903
PYRIDNUCSYN-PWY: NAD de novo biosynthesis I (from aspartate),287.713,308.623,280.01,230.312,212.479,279.518,216.593,279.26,443.631,342.967,319.782,350.638,330.659,147.074,276.493,317.578,323.965,368.045,349.499,277.553,405.705,356.62,393.022,327.841,238.647,269.757,309.958,286.249,318.039,241.203,288.146,240.464,321.014,341.866,315.812,254.065,307.116,429.776,371.008,268.031,323.774,254.971
PYRIDOXSYN-PWY: pyridoxal 5'-phosphate biosynthesis I,4.69554,16.7445,20.5402,27.8373,27.6718,43.4417,22.0822,16.9159,32.9302,69.0908,15.5206,3.2136,29.456,44.6885,28.1974,114.362,40.4899,110.086,90.3704,0,137.539,42.9303,10.396,6.65878,36.173,76.6927,104.161,68.0477,88.8819,40.2137,60.8477,19.141,4.61025,50.5311,41.2758,41.5657,6.26493,54.9262,20.11,30.4661,22.0484,5.66563
REDCITCYC: TCA cycle VI (Helicobacter),0,0,3.38377,0,5.66674,3.4324,2.39042,0,6.41454,0,0,0,2.32857,0,0.891788,34.6857,0,10.1514,7.43629,0,0,0,0,0,0,0,0,12.0368,0,8.75827,4.32902,0,0,0,0,1.67459,1.05079,0,5.51261,0,0,0
RHAMCAT-PWY: L-rhamnose degradation I,209.296,148.88,149.216,178.032,119.085,134.648,105.147,130.786,180.344,219.152,181.606,114.092,129.482,150.311,206.209,137.575,323.837,134.024,140.971,142.347,196.246,147.556,124.529,181.364,296.394,210.805,242.185,76.1737,123.606,145.012,295.898,262.659,155.272,198.843,186.65,148.409,67.7604,175.492,126.621,201.589,223.981,203.911
RIBOSYN2-PWY: flavin biosynthesis I (bacteria and plants),471.021,360.269,431.066,407.619,455.12,369.301,488.838,451.13,359.543,459.77,419.784,281.409,240.46,597.559,419.568,309.778,417.57,329.426,444.337,302.599,466.434,400.6,438.641,405.033,462.74,407.44,430.011,353.847,354.402,457.757,516.427,555.41,505.563,323.953,315.461,340.517,375.597,377.262,484.638,472.936,536.441,524.388
RUMP-PWY: formaldehyde oxidation I,3.59018,4.75421,0,2.20079,0,0,0,0,0,3.53738,0,2.4588,0,0,3.63706,5.12471,11.9326,5.3199,9.05959,0,0,2.29482,15.1904,17.0616,2.37213,0,1.45071,0,0,13.5952,4.77966,10.4172,0,2.64254,7.14197,0,0,2.24199,4.45708,7.27518,23.858,2.48921
SALVADEHYPOX-PWY: adenosine nucleotides degradation II,84.7257,79.8498,85.356,117.276,92.5619,94.8978,75.4356,163.808,125.103,106.211,167.454,78.064,60.0577,147.023,152.592,415.641,117.132,84.9265,92.5401,13.7758,160.646,162.102,177.64,144.329,109.955,70.7047,110.117,108.657,100.639,117.415,102.757,139.488,49.9506,81.9614,56.5602,66.8833,36.5959,38.0494,86.9796,68.9614,109.908,56.4244
SER-GLYSYN-PWY: superpathway of L-serine and glycine biosynthesis I,382.671,548.224,509.615,401.853,319.182,370.076,241.587,452.108,638.073,442.936,586.863,535.391,537.733,236.968,378.168,375.832,529.496,454.362,465.417,483.119,414.099,498.424,731.118,518.845,441.344,412.905,481.717,416.014,458.378,322.028,316.201,386.246,661.801,505.712,487.858,528.65,485.517,467.175,630.766,493.145,547.984,439.114
SO4ASSIM-PWY: assimilatory sulfate reduction I,6.49295,1.76087,5.40122,0,14.4967,6.71006,0,12.1141,4.84899,2.72274,0,1.38649,6.02613,0,5.49829,174.441,2.0564,11.5641,3.82496,0,1.32224,0.950277,0,3.1686,22.74,12.1606,23.4486,13.7718,3.98938,13.6967,10.8477,10.0134,2.00583,1.47564,0,3.36267,7.54344,4.15695,19.3634,4.58059,2.31012,0
SULFATE-CYS-PWY: superpathway of sulfate assimilation and cysteine biosynthesis,14.3191,3.94526,11.9786,0,30.7876,14.7474,0,26.347,10.802,6.08052,0,3.10828,13.3422,0,12.1069,252.826,4.60061,25.0298,8.50449,0,2.96348,2.13271,0,7.06739,48.4074,26.4996,49.8888,29.6357,8.8764,29.3555,23.4405,21.7951,4.4932,3.30638,0,7.49745,16.6627,9.21989,41.3767,10.1752,5.16983,0
TCA-GLYOX-BYPASS: superpathway of glyoxylate bypass and TCA,0,0,0,0,8.2296,0,0,0,0,0,0,0,0,0,0,214.791,0,19.8431,9.92913,0,0,0,0,0,0,0,0,10.8546,0,11.1453,0,0,0,0,0,0,6.7581,0,16.9007,0,0,0
TCA: TCA cycle I (prokaryotic),0,0,6.95375,0,31.7845,0,5.54939,0,0,0,0,0,4.80581,0,0,214.195,0,23.6653,19.7906,0,0,0,0,0,0,0,0,31.0049,0,24.9155,0,0,0,0,0,3.87375,16.6088,0,23.0623,0,0,0
THISYN-PWY: superpathway of thiamine diphosphate biosynthesis I,237.303,152.088,144.222,248.804,119.876,201.468,135.868,102.892,202.382,281.383,216.734,114.834,174.119,137.076,190.152,358.222,291.964,282.122,284.967,106.736,359.508,218.7,86.5516,104.074,136.063,262.071,274.371,267.741,286.039,141.695,327.369,116.934,65.1253,247.25,209.897,256.069,162.487,241.778,182.372,262.257,156.654,152.303
THISYNARA-PWY: superpathway of thiamine diphosphate biosynthesis III (eukaryotes),288.313,304.34,283.836,280.646,138.424,221.759,115.782,313.516,292.323,385.11,317.818,292.545,279.295,464.523,324.821,168.872,353.738,178.562,269.796,319.38,417.746,337.463,362.491,301.309,293.695,317.17,279.477,155.603,195.873,321.73,350.426,438.463,312.621,240.367,319.835,308.451,286.124,282.482,397.997,335.107,364.485,358.552
THRESYN-PWY: superpathway of L-threonine biosynthesis,414.713,571.99,467.642,391.056,424.921,377.168,390.184,453.732,685.722,457.735,487.885,580.667,558.962,368.931,416.606,398.934,483.489,383.715,402.232,563.611,478.65,555.978,476.381,404.443,458.327,471.376,498.605,381.687,401.869,380.556,433.163,459.29,471.175,528.185,534.038,535.374,576.347,584.323,563.09,428.477,437.738,522.079
TRNA-CHARGING-PWY: tRNA charging,812.21,863.294,838.66,783.999,899.351,831.222,871.973,808.503,1033.52,837.172,892.132,867.949,817.957,913.88,851.567,632.659,850.549,815.546,826.343,1058.27,786.319,910.231,989.764,894.436,736.168,739.602,760.919,825.992,869.279,839.579,849.126,888.201,982.179,834.391,813.559,869.977,727.295,729.218,842.655,864.585,852.381,833.594
TRPSYN-PWY: L-tryptophan biosynthesis,345.137,384.308,434.812,293.543,314.155,344.463,218.768,358.142,113,445.217,588.773,388.918,488.674,351.446,409.926,367.162,476.301,359.012,520.524,275.212,494.981,578.324,610.15,487.402,402.264,305.585,382.699,311.261,350.098,366.107,283.25,407.68,535.324,444.056,425.36,309.782,444.849,450.6,431.855,618.609,549.347,627.302
UBISYN-PWY: superpathway of ubiquinol-8 biosynthesis (early decarboxylation),0,0,0,0,0,0,0,0,0,0,0,0,0,0,0,0,0,0,0,0,0,0,0,0,0,0,0,0,0,0,0,0,0,0,0,0,0,0,0.831424,0,0,0
UDPNACETYLGALSYN-PWY: UDP-N-acetyl-D-glucosamine biosynthesis II,0,0,0,0,0,0,0,0,0,0,0,0,22.5326,0,0,0,0,0,0,0,0,0,0,0,0,0,0,0,0,0,0,2.26598,0,0,0,0,0,0,2.24323,0,0,0
UDPNAGSYN-PWY: UDP-N-acetyl-D-glucosamine biosynthesis I,437.655,591.487,558.352,344.854,352.089,361.734,255.886,390.013,753.432,307.877,284.927,465.42,534.023,250.282,329.064,408.268,312.81,371.802,443.891,622.684,123.769,309.07,302.825,345.789,257.473,321.681,318.86,423.192,444.455,245.932,179.625,220.531,309.648,394.867,442.29,474.042,478.374,375.424,514.304,199.284,194.444,368.601
URDEGR-PWY: superpathway of allantoin degradation in plants,0,0,0,0,0,0,0,0,0,0,0,0,0,0,0,2.35328,0,0.808607,0,0,0,0,0,0,0,0,0,0,0,0,0,0,0,0,0,0,0,0,0,0,0,0
VALSYN-PWY: L-valine biosynthesis,961.377,1138.17,1011.65,828.855,1038.61,901.427,956.065,887.086,909.45,937.016,1177.86,1312.31,1192.91,1059.89,1007.78,935.93,1006.68,872.606,946.196,1348.74,855.968,1039.14,1373.65,1243.43,1016.26,904.144,1094.68,977.106,905.332,1022.74,964.22,1128.6,1259.85,1047.85,1059.56,1113.71,1038.03,1048.38,1015.06,1020.45,1129.44,1069
