#mpa_vOct22_CHOCOPhlAnSGB_202403
clade_name	Nottingham_11A_S19_metaphlan	Nottingham_11B_S20_metaphlan	Nottingham_11C_S21_metaphlan	Nottingham_14A_S22_metaphlan	Nottingham_15A_S23_metaphlan	Nottingham_15B_S24_metaphlan	Nottingham_15C_S25_metaphlan	Nottingham_16A_S26_metaphlan	Nottingham_16B_S27_metaphlan	Nottingham_16C_S28_metaphlan	Nottingham_18A_S29_metaphlan	Nottingham_18B_S30_metaphlan	Nottingham_18C_S31_metaphlan	Nottingham_19A_S32_metaphlan	Nottingham_20A_S33_metaphlan	Nottingham_20B_S34_metaphlan	Nottingham_20C_S35_metaphlan	Nottingham_21A_S36_metaphlan	Nottingham_21B_S37_metaphlan	Nottingham_21C_S38_metaphlan	Nottingham_22A_S39_metaphlan	Nottingham_22B_S40_metaphlan	Nottingham_22C_S41_metaphlan	Nottingham_23a_S42_metaphlan	Nottingham_3A_S1_metaphlan	Nottingham_3B_S2_metaphlan	Nottingham_3c_S3_metaphlan	Nottingham_4a_S4_metaphlan	Nottingham_4b_S5_metaphlan	Nottingham_4c_S6_metaphlan	Nottingham_5A_S7_metaphlan	Nottingham_5B_S8_metaphlan	Nottingham_5C_S9_metaphlan	Nottingham_6A_S10_metaphlan	Nottingham_6B_S11_metaphlan	Nottingham_6C_S12_metaphlan	Nottingham_7A_S13_metaphlan	Nottingham_7B_S14_metaphlan	Nottingham_7C_S15_metaphlan	Nottingham_9A_S16_metaphlan	Nottingham_9B_S17_metaphlan	Nottingham_9C_S18_metaphlan	Nottingham_CnEG_S43_metaphlan	Nottingham_NegLP_S44_metaphlan
UNCLASSIFIED	0.0	25.43653	16.95185	18.81203	21.25621	18.87496	23.65479	33.41333	31.12691	14.87468	17.54183	25.43293	17.75146	14.28303	23.30614	16.15995	18.90134	19.48692	13.61476	20.87897	11.69558	15.95638	25.15156	20.43639	11.5549	14.3339	8.71052	21.65605	18.77813	7.52628	14.25197	14.06509	18.4398	14.40124	12.93549	24.05822	1.80706	4.46992	16.301	13.77674	12.5266	16.83346	100.0	100.0
k__Bacteria	100.0	74.56347032000383	83.04814929010844	81.18796523072066	78.74379053492532	81.12503648571823	76.34521134082432	66.58667054691195	68.873092383515	85.12532493012087	82.45817167946791	74.56707417955762	82.24854040171607	85.7169711103625	76.69385673727153	83.84004818946725	81.0986588315351	80.51308163945897	86.38523828856171	79.12102599963706	88.30442491474751	84.04361626433062	74.84844056191503	79.56360737895234	88.4451009810143	85.66610265671784	91.28947628384492	78.34394966373725	81.22186826918781	92.47372353462391	85.74803144694447	85.93490606175726	81.56019767646406	85.59875959334293	87.06451497042602	75.94178267369341	98.19293520964727	95.53007926130958	83.69899544181222	86.22326196572342	87.47340301737607	83.1665401123752	0.0	0.0
k__Bacteria|p__Firmicutes	76.79731	59.4803614445867	70.74996410248274	58.01100135120767	61.66886100526725	62.79330122858061	60.14355123996221	61.581497012575774	53.2023563496384	65.623334314475	72.33560652409643	56.31008665084957	55.84715372575914	78.53841478738875	67.3303191069894	78.21929398277791	70.31224525176914	51.33824060696216	68.40160257426808	61.9987058624414	64.7427115326224	75.06111860161523	73.1939681772023	74.92660851546404	78.41922966910947	62.89341405460041	62.05926151988228	39.20440139263445	62.5171786370478	81.9415120189991	57.55276676230799	77.97585568005427	77.82884310082513	58.89196371997186	61.72954210756978	51.74827233204297	56.96647425318053	52.00832335030741	68.74492279110038	77.61618004186663	81.10107057564385	78.15624675319127	0.0	0.0
k__Bacteria|p__Bacteroidetes	16.56979	3.2477461640343432	5.280134893345663	14.802993581720775	13.269297253758497	13.459876653535236	14.433459199081808	2.446580718571076	10.187136178702756	14.742616673737828	3.5170389217413374	1.4358635804015616	8.96492640670625	5.237272648054704	5.488350437061278	2.6926740596914818	6.017852989801114	20.71343948722033	14.271204183271209	4.366602391791369	21.273242397362	7.913420842024975	1.5330008505248065	3.651897971447271	6.935617172648395	19.055679240893767	20.895184323975865	34.0967205879373	12.40631549064536	5.343964009342382	26.59372297689246	4.57026751559183	2.0319499848125875	13.406024054083526	7.555031993010215	7.879430791448268	0.0501176741310039	18.09267098348965	2.616012102533841	6.609435523656333	6.178981231702618	2.28904258343697	0.0	0.0
k__Bacteria|p__Actinobacteria	6.45692	11.652160264806543	6.946886335153352	7.727283798339963	2.8438162464107206	2.4111334343993285	1.4399012239724829	2.558592815765091	4.864251684605846	4.262931559448072	6.605526233630143	16.77987344287036	17.30496130285642	1.9280318311853837	3.844402279126516	0.8445794934462364	4.768560589964848	4.675885780601384	2.422682646326542	12.672292535590268	0.0443023299797288	0.566252268942554	0.0033981192015109	0.9850929356802848	3.090254139256444	3.717017927833924	8.244562568989489	1.8613660656657671	1.9288081945357105	2.4541601488853844	1.3270108102634783	3.3887828661111543	1.6994045908263402	12.342519385267956	16.46208013254468	13.79888770804945	41.17635310162926	25.405125983633777	12.215751206138876	1.9976550225266667	0.193351210029608	2.644305092835004	0.0	0.0
k__Bacteria|p__Proteobacteria	0.1035	0.1832024465762494	0.0608327693550044	0.5641021012195703	0.1088081697611598	0.1352354358216922	0.1692726025848756	0.0	0.602398502532414	0.4329474025945948	0.0	0.0412505054361312	0.0	0.013251843733662	0.0178850073911317	1.900486212358844	0.0	0.5601697655065357	0.4394676227453999	0.0251763104730845	2.2441598243409016	0.5028245517478637	0.0	0.0	0.0	0.0	0.0904678709972903	0.178185479115204	0.0	0.1278634175313245	0.210948732162628	0.0	0.0	0.006068952055168	0.0739351861128857	0.0597889654989988	0.0	0.0239589438787364	0.1223177119386643	0.0	0.0	0.0769456829119695	0.0	0.0
k__Bacteria|p__Bacteria_unclassified	0.07248	0.0	0.0	0.0	0.853015734106739	0.9638627834941156	0.1119526179101847	0.0	0.016949668035583	0.0	0.0	0.0	0.0	0.0	0.0128922373175353	0.0499519007112845	0.0	0.2138830013752227	0.0799495380360638	0.0582488993409328	0.0	0.0	0.1180659301423647	0.0	0.0	0.0	0.0	0.0	0.0	0.2680813245268747	0.0	0.0	0.0	0.1916984221092915	0.1738155976869585	0.6861871657046916	0.0	0.0	0.0	0.0	0.0	0.0	0.0	0.0
k__Bacteria|p__Firmicutes|c__Clostridia	59.68037	41.26546751417689	56.10053632178533	45.41965724913348	47.42929063891646	44.40009753129777	49.42198094722902	52.38274157786447	35.7994620423164	62.9210393871008	68.17642459040123	53.493099179201664	48.74829865339511	69.28470202401579	61.952147064516886	70.20811747412492	68.0441590602276	32.95755494193086	55.02813106433926	43.886154436449885	61.783109257622215	71.2819040959722	70.9837536061614	68.57597663260862	71.25518533415742	49.600801937393605	55.91795371078681	33.54982497851965	46.87320515564289	72.96356185905483	52.92588015865916	72.35818774890993	69.83013664245708	53.77100936742416	59.48209354392918	48.5545634442356	56.08565416646943	51.69294034663413	68.14325256236691	69.57962019778462	69.35019977120011	68.25013046063405	0.0	0.0
k__Bacteria|p__Bacteroidetes|c__Bacteroidia	12.7137	2.665733540104521	3.815680438393749	14.802993581720775	1.9936589119004	6.004502025505029	4.050922720870943	2.446580718571076	10.187136178702756	14.742616673737828	0.5618864734582303	0.2314934817904366	8.301024413437638	5.237272648054704	4.893397843421894	2.101752632042478	5.989671205857156	20.593797047904093	14.271204183271209	4.366602391791369	21.273242397362	7.913420842024975	1.5330008505248065	2.6096385838652094	6.935617172648395	19.055679240893767	20.895184323975865	33.83513014001008	12.27852100311062	5.23298629372848	26.59372297689246	4.57026751559183	2.0319499848125875	13.406024054083526	7.555031993010215	7.879430791448268	0.0501176741310039	18.09267098348965	2.616012102533841	6.609435523656333	6.178981231702618	2.28904258343697	0.0	0.0
k__Bacteria|p__Firmicutes|c__CFGB14936	6.20188	6.62198179911954	6.715098950484659	0.0	1.211055875289991	1.5028169633869846	2.399865911372008	0.0	0.0	0.0	0.0	0.0	2.935746501682693	0.0	0.0	0.0514358695642381	0.0	3.243300416374162	3.608095440217501	4.286136308349739	0.0	0.0	0.0	3.093512618501046	0.0	0.0	0.0	0.0	0.0	0.0	0.0	0.0	0.0	0.0	0.0	0.0	0.0	0.0	0.0	0.0	0.0	0.0	0.0	0.0
k__Bacteria|p__Actinobacteria|c__Actinomycetia	5.77961	10.038696243246044	5.487746961756005	7.263034775557656	2.743835255568526	2.2932830938965254	1.246411920350298	0.0	0.200172755703448	2.678229998016449	6.407074151849168	16.516592017357176	17.11098634517301	1.5217933900020426	2.937428398737216	0.3321658869218503	3.896385063561104	4.367142266438551	2.2791535729100967	11.568032024123736	0.0	0.5468550023087465	0.0033981192015109	0.7890641198200219	3.027272382847864	3.416783937852925	8.03022400762265	1.235766124415926	1.060903798958477	0.2158799075915795	0.9929793537619064	2.335246698265829	1.375308833319375	12.176021237982944	16.066537334582538	12.915821470763207	40.95935653410946	25.07875702084544	12.04983468747457	0.3093087076496396	0.0	2.373556421499166	0.0	0.0
k__Bacteria|p__Firmicutes|c__Negativicutes	5.74572	4.577123363675628	4.940393219414758	0.701618276727365	0.9422718206780768	3.5920787030255776	1.366571648479621	1.5280309157105352	0.0353181217742664	0.3011393494727956	1.190193004204272	0.5547790318959087	0.3064991858069949	0.1729939910949335	0.1980848931810249	0.0872607221555975	0.1859754444324763	0.5831240450819456	0.6479324797833571	0.0366013866274321	0.6195879974143259	0.9422550037475428	0.0	0.297703149729826	0.8535571360374749	0.5663214714430302	0.3827220003723914	3.0976257569645744	6.669103237022529	0.0363329259767537	0.7930320940339212	0.2986753595082435	0.2566780981076	0.993459203840338	0.3808027755776493	0.2375914612729172	0.1643553349539076	0.2601284058285459	0.2999102404671016	0.0	0.0	0.0	0.0	0.0
k__Bacteria|p__Bacteroidetes|c__CFGB4405	3.85609	0.5820126239298219	1.4644544549519145	0.0	11.275638341858096	7.45536651552656	10.382528843689732	0.0	0.0	0.0	2.955152448283106	1.204370098611125	0.663901993268612	0.0	0.0	0.0	0.0	0.0	0.0	0.0	0.0	0.0	0.0	0.3353367360200704	0.0	0.0	0.0	0.0	0.0	0.0	0.0	0.0	0.0	0.0	0.0	0.0	0.0	0.0	0.0	0.0	0.0	0.0	0.0	0.0
k__Bacteria|p__Firmicutes|c__Bacilli	3.60087	4.337767167601383	0.964986275491344	0.1726380892666044	0.0	0.6405714005948797	0.0	0.8089548018073786	0.3866053294763847	0.0	0.9314969821942772	0.0	1.6120713918736351	0.0	0.0	0.1005745218080849	0.1008056329275981	0.0	0.0	0.0	0.0	0.5218268133852288	0.0	0.0	0.0	0.8347562041178557	0.024931155973118	0.0	0.0	0.0	0.1205445826081145	0.2371201862962068	0.2410103841339512	0.0	0.1729275396342601	0.0	0.6846895179233494	0.0	0.2280713926793941	0.5487679507808467	2.4818828638120114	7.51141061990747	0.0	0.0
k__Bacteria|p__Actinobacteria|c__Coriobacteriia	0.60843	1.6134714779075308	1.3670472806495462	0.1336272719732431	0.0999809908421946	0.1178503405028028	0.1934893036221851	0.7895714220111725	3.509139155413996	0.3263790083145764	0.0228986342753882	0.1654941644341102	0.1939749576834072	0.2108808923257138	0.3056096803266796	0.1018824265598406	0.3825585934401174	0.3087354628546694	0.1435290734164452	1.1042525993639345	0.0443023299797288	0.0193972666338075	0.0	0.1336668603966399	0.0420998680669628	0.0052684653133881	0.0	0.4114467548440153	0.3690234362942279	1.7833187688758083	0.3016101258114824	0.5486084402982583	0.3241039135267328	0.1664981472850113	0.3955427979621424	0.8830662372862418	0.2169965675197994	0.326368962788338	0.0	0.4548535738477808	0.1585892796705028	0.0	0.0	0.0
k__Bacteria|p__Firmicutes|c__CFGB3035	0.47993	0.4826418870343528	0.0	0.2513498215577881	0.0	0.0	0.2544967620046378	0.0	0.0	0.0	0.0	0.0	0.0	0.0	0.0	0.1964288489031028	0.0	0.0	0.0	0.0	0.0	0.0	0.0	0.0	0.0	0.0	0.0	0.0	0.0	0.0	0.0	0.0	0.0	0.0	0.0730210087056963	1.0156757781910453	0.0	0.0	0.0	0.0	0.0	0.0	0.0	0.0
k__Bacteria|p__Firmicutes|c__CFGB3005	0.47873	1.4841709640256122	1.0533245918912324	1.969660630479899	7.740309875727767	0.7227916250731551	0.9482762355432448	5.252969170109445	15.868456907491192	1.4297564449938172	0.2224309181053646	0.3841919362953347	1.1440936466959508	3.3124637749830703	1.790249359046782	1.4542391718655854	0.8404335113370816	3.452916224422493	1.378250561322515	2.659344716976401	0.2226596074225358	0.8213498573896767	0.4547641551660834	0.5768361534974045	4.300766858343194	10.876485357876726	4.861191998957628	0.9372365042222552	6.3364753198997255	6.8514706504038205	0.6295277476708875	0.9407036361862382	3.797524364013843	3.946727688198141	1.6206972397229835	1.1476929731909935	0.0	0.0	0.0	4.873588813762389	5.807639141213253	0.5803860168282217	0.0	0.0
k__Bacteria|p__Firmicutes|c__CFGB38642	0.4	0.1440342556171514	0.4793705273323639	5.219801610985678	2.8259414059592927	3.0688141051890465	3.899690491725904	0.0	0.0	0.0	0.0	0.0409224103097412	0.4754376877921197	3.1897513591414755	2.210838469393979	2.8976545935099107	0.0	7.343799459039151	5.940488235484838	9.82333427980574	1.104714847010966	0.2273800038031465	0.5324718061574636	0.2836283475844893	0.0	0.0	0.0	0.7359395599562487	0.4077500230849766	0.3671946614112846	0.4713998028795771	0.0	0.0	0.0	0.0	0.0	0.0	0.0	0.0	0.0	0.0	0.0	0.0	0.0
k__Bacteria|p__Firmicutes|c__CFGB1325	0.18529	0.0	0.0	0.0	0.3107938668622967	0.4861255561333694	0.0	0.0	0.0	0.0	0.0	0.0	0.0	0.0	0.0	0.0	0.0	0.0293711721820746	0.0352883698408774	0.0	0.0	0.0	0.0	0.0	0.0	0.0	0.0	0.0	0.0	0.0	0.0	0.0	0.0	0.0	0.0	0.0559159345826404	0.0	0.0	0.0	0.0	0.0	0.0	0.0	0.0
k__Bacteria|p__Proteobacteria|c__Betaproteobacteria	0.1035	0.1832024465762494	0.0	0.4726276207941173	0.0704284462544372	0.0926691291776359	0.0926525484832243	0.0	0.1994909120888512	0.3016586139548693	0.0	0.0412505054361312	0.0	0.0	0.0	0.0	0.0	0.0	0.0	0.0	0.3823228381108908	0.1576742284735106	0.0	0.0	0.0	0.0	0.0	0.0	0.0	0.0	0.0134281417245915	0.0	0.0	0.0	0.0	0.0	0.0	0.0	0.0	0.0	0.0	0.0	0.0	0.0
k__Bacteria|p__Bacteria_unclassified|c__CFGB2989	0.07248	0.0	0.0	0.0	0.853015734106739	0.9638627834941156	0.1119526179101847	0.0	0.016949668035583	0.0	0.0	0.0	0.0	0.0	0.0128922373175353	0.0499519007112845	0.0	0.2138830013752227	0.0799495380360638	0.0582488993409328	0.0	0.0	0.1180659301423647	0.0	0.0	0.0	0.0	0.0	0.0	0.2680813245268747	0.0	0.0	0.0	0.1916984221092915	0.1738155976869585	0.6861871657046916	0.0	0.0	0.0	0.0	0.0	0.0	0.0	0.0
k__Bacteria|p__Actinobacteria|c__CFGB12107	0.06887	0.0	0.0920920927478012	0.3306298696055869	0.0	0.0	0.0	1.769021393753919	1.1549397734884013	1.2583225531170468	0.1755452016884192	0.0977872610790718	0.0	0.1953575488576271	0.6013642000626198	0.4105395639693643	0.4896250428295101	0.0	0.0	0.0	0.0	0.0	0.0	0.0623619554636228	0.0208818883416174	0.2949569580573452	0.2143294324192111	0.2141531864058257	0.4988809592830053	0.4549614724179962	0.0324213306900897	0.5049277275470672	0.0	0.0	0.0	0.0	0.0	0.0	0.1659081487647601	1.2334841187030496	0.0347706776994069	0.2707403546818263	0.0	0.0
k__Bacteria|p__Firmicutes|c__Firmicutes_unclassified	0.02453	0.3592840817369385	0.0558332707677399	1.91411182466904	0.2973129299227175	0.0437426196730992	0.1195107938329264	1.5664247899478847	0.1262719275759364	0.1578904526803882	1.3342391843111343	1.719524187288017	0.6213877227349649	1.6948559546738646	0.3398764955168925	2.5581527023714816	0.9943668756652184	1.9699135684726423	1.0622015285199835	0.8145114021532636	0.4196491185223546	0.7834798039009694	0.1684838397048707	1.410583195221446	0.9057574346364694	0.9627584947075234	0.8075375782592639	0.0718570706315798	0.8714050580996352	0.2906726551863833	2.01311510908306	2.957638848908712	3.331261025937033	0.095588134837886	0.0	0.1495445584410371	0.0	0.0	0.0	0.805523580262378	1.09738883021419	1.313000068678135	0.0	0.0
k__Bacteria|p__Firmicutes|c__Clostridia|o__Eubacteriales	59.20331	39.87993656503761	54.90436060830019	44.03106700460638	43.23860910168017	42.48041145542528	45.62905923356325	51.89309649599776	35.467135596947465	62.67609126461439	67.64531150661378	49.13698764282834	41.28400509117221	53.41625345854171	55.73650111463039	65.4647326037287	66.63797319501585	32.95755494193086	54.995088710693885	33.055427517308964	61.627684639329765	71.10983319603261	70.71000291965025	63.02579442178913	71.24886150943726	49.40060025548486	55.72100579465205	31.534066491251554	44.85434627575714	65.84671011685136	43.949690478761575	68.24029017231778	54.14631452976724	52.1317588817078	55.40530633689049	45.4787845507422	56.08565416646943	51.69294034663413	68.14325256236691	61.895627271880464	68.81780165107516	61.8098466607959	0.0	0.0
k__Bacteria|p__Bacteroidetes|c__Bacteroidia|o__Bacteroidales	12.7137	2.665733540104521	3.815680438393749	14.802993581720775	1.9936589119004	6.004502025505029	4.050922720870943	2.446580718571076	10.187136178702756	14.742616673737828	0.5618864734582303	0.2314934817904366	8.301024413437638	5.237272648054704	4.893397843421894	2.101752632042478	5.989671205857156	20.593797047904093	14.271204183271209	4.366602391791369	21.273242397362	7.913420842024975	1.5330008505248065	2.6096385838652094	6.935617172648395	19.055679240893767	20.895184323975865	33.83513014001008	12.27852100311062	5.23298629372848	26.59372297689246	4.57026751559183	2.0319499848125875	13.406024054083526	7.555031993010215	7.879430791448268	0.0501176741310039	18.09267098348965	2.616012102533841	6.609435523656333	6.178981231702618	2.28904258343697	0.0	0.0
k__Bacteria|p__Firmicutes|c__CFGB14936|o__OFGB14936	6.20188	6.62198179911954	6.715098950484659	0.0	1.211055875289991	1.5028169633869846	2.399865911372008	0.0	0.0	0.0	0.0	0.0	2.935746501682693	0.0	0.0	0.0514358695642381	0.0	3.243300416374162	3.608095440217501	4.286136308349739	0.0	0.0	0.0	3.093512618501046	0.0	0.0	0.0	0.0	0.0	0.0	0.0	0.0	0.0	0.0	0.0	0.0	0.0	0.0	0.0	0.0	0.0	0.0	0.0	0.0
k__Bacteria|p__Actinobacteria|c__Actinomycetia|o__Bifidobacteriales	5.77961	10.038696243246044	5.487746961756005	7.263034775557656	2.743835255568526	2.2932830938965254	1.246411920350298	0.0	0.200172755703448	2.678229998016449	6.401499979443636	16.47671354608595	17.085670244437363	1.5217933900020426	2.937428398737216	0.3321658869218503	3.896385063561104	4.367142266438551	2.2791535729100967	11.568032024123736	0.0	0.5407870532144619	0.0033981192015109	0.7890641198200219	3.027272382847864	3.416783937852925	8.019177980992303	1.235766124415926	1.060903798958477	0.2158799075915795	0.9929793537619064	2.335246698265829	1.3662067152586816	12.176021237982944	16.066537334582538	12.915821470763207	40.95935653410946	25.07875702084544	12.04983468747457	0.3093087076496396	0.0	2.373556421499166	0.0	0.0
k__Bacteria|p__Firmicutes|c__Negativicutes|o__Veillonellales	5.74572	4.577123363675628	4.940393219414758	0.701618276727365	0.9422718206780768	3.5920787030255776	1.366571648479621	1.5280309157105352	0.0353181217742664	0.152135980715112	1.190193004204272	0.5547790318959087	0.3064991858069949	0.1171579561136434	0.0	0.0	0.0	0.0	0.0	0.0	0.0	0.0	0.0	0.0	0.025463344572434	0.0544408082383441	0.0	2.4918154973997937	5.313697065906805	0.0	0.0	0.0197736218848103	0.0	0.0	0.0	0.0	0.1643553349539076	0.2601284058285459	0.2999102404671016	0.0	0.0	0.0	0.0	0.0
k__Bacteria|p__Bacteroidetes|c__CFGB4405|o__OFGB4405	3.85609	0.5820126239298219	1.4644544549519145	0.0	11.275638341858096	7.45536651552656	10.382528843689732	0.0	0.0	0.0	2.955152448283106	1.204370098611125	0.663901993268612	0.0	0.0	0.0	0.0	0.0	0.0	0.0	0.0	0.0	0.0	0.3353367360200704	0.0	0.0	0.0	0.0	0.0	0.0	0.0	0.0	0.0	0.0	0.0	0.0	0.0	0.0	0.0	0.0	0.0	0.0	0.0	0.0
k__Bacteria|p__Firmicutes|c__Bacilli|o__Lactobacillales	3.60087	4.337767167601383	0.964986275491344	0.1726380892666044	0.0	0.6405714005948797	0.0	0.8089548018073786	0.3866053294763847	0.0	0.9314969821942772	0.0	1.6120713918736351	0.0	0.0	0.1005745218080849	0.1008056329275981	0.0	0.0	0.0	0.0	0.5218268133852288	0.0	0.0	0.0	0.8347562041178557	0.024931155973118	0.0	0.0	0.0	0.1205445826081145	0.2371201862962068	0.2410103841339512	0.0	0.1729275396342601	0.0	0.6846895179233494	0.0	0.2280713926793941	0.5487679507808467	2.4818828638120114	7.51141061990747	0.0	0.0
k__Bacteria|p__Firmicutes|c__CFGB3035|o__OFGB3035	0.47993	0.4826418870343528	0.0	0.2513498215577881	0.0	0.0	0.2544967620046378	0.0	0.0	0.0	0.0	0.0	0.0	0.0	0.0	0.1964288489031028	0.0	0.0	0.0	0.0	0.0	0.0	0.0	0.0	0.0	0.0	0.0	0.0	0.0	0.0	0.0	0.0	0.0	0.0	0.0730210087056963	1.0156757781910453	0.0	0.0	0.0	0.0	0.0	0.0	0.0	0.0
k__Bacteria|p__Firmicutes|c__CFGB3005|o__OFGB3005	0.47873	1.4841709640256122	1.0533245918912324	1.969660630479899	7.740309875727767	0.7227916250731551	0.9482762355432448	5.252969170109445	15.868456907491192	1.4297564449938172	0.2224309181053646	0.3841919362953347	1.1440936466959508	3.3124637749830703	1.790249359046782	1.4542391718655854	0.8404335113370816	3.452916224422493	1.378250561322515	2.659344716976401	0.2226596074225358	0.8213498573896767	0.4547641551660834	0.5768361534974045	4.300766858343194	10.876485357876726	4.861191998957628	0.9372365042222552	6.3364753198997255	6.8514706504038205	0.6295277476708875	0.9407036361862382	3.797524364013843	3.946727688198141	1.6206972397229835	1.1476929731909935	0.0	0.0	0.0	4.873588813762389	5.807639141213253	0.5803860168282217	0.0	0.0
k__Bacteria|p__Firmicutes|c__Clostridia|o__Clostridiales	0.47706	1.385530949139279	1.1961757134851478	1.388590244527108	4.190689411615351	1.919686075872496	3.792921713665761	0.4896384231996623	0.2387623493659314	0.2449481224864228	0.5311130837874528	4.356111536373323	7.464285337368858	15.868448565474075	6.215645949886498	4.743384870396213	1.4061939750776369	0.0	0.0330423536453748	10.830726919140917	0.1554246182924471	0.1720708999395905	0.273750686511148	5.550174254458743	0.0	0.1452383104441994	0.1864313684668681	2.0157584872680943	2.018850757698932	7.116851742203485	8.976189679897592	4.117897576592133	15.683822112689846	1.6392504857163546	4.076787207038701	3.075786487671663	0.0	0.0	0.0	7.683992925904161	0.5323981201249577	6.440283799838156	0.0	0.0
k__Bacteria|p__Firmicutes|c__CFGB38642|o__OFGB38642	0.4	0.1440342556171514	0.4793705273323639	5.219801610985678	2.8259414059592927	3.0688141051890465	3.899690491725904	0.0	0.0	0.0	0.0	0.0409224103097412	0.4754376877921197	3.1897513591414755	2.210838469393979	2.8976545935099107	0.0	7.343799459039151	5.940488235484838	9.82333427980574	1.104714847010966	0.2273800038031465	0.5324718061574636	0.2836283475844893	0.0	0.0	0.0	0.7359395599562487	0.4077500230849766	0.3671946614112846	0.4713998028795771	0.0	0.0	0.0	0.0	0.0	0.0	0.0	0.0	0.0	0.0	0.0	0.0	0.0
k__Bacteria|p__Actinobacteria|c__Coriobacteriia|o__Eggerthellales	0.32218	0.4140434943399492	0.2954936199891348	0.1336272719732431	0.0999809908421946	0.1178503405028028	0.1934893036221851	0.7895714220111725	3.311149676739105	0.3263790083145764	0.0228986342753882	0.1654941644341102	0.1939749576834072	0.2108808923257138	0.1558725944328306	0.1018824265598406	0.2973482326058234	0.3087354628546694	0.1435290734164452	1.1042525993639345	0.0443023299797288	0.0193972666338075	0.0	0.1336668603966399	0.0	0.0052684653133881	0.0	0.1484774534027148	0.1382883529151191	1.155940038927506	0.0441259369825976	0.3091851985195964	0.0	0.1328235952609902	0.3229919376372864	0.8075876994868579	0.2169965675197994	0.3232355761885671	0.0	0.3479194843578906	0.1225589849676456	0.0	0.0	0.0
k__Bacteria|p__Actinobacteria|c__Coriobacteriia|o__Coriobacteriales	0.28626	1.1994279835675816	1.0715453558454822	0.0	0.0	0.0	0.0	0.0	0.1979963659841289	0.0	0.0	0.0	0.0	0.0	0.1497370858938489	0.0	0.0852103608342939	0.0	0.0	0.0	0.0	0.0	0.0	0.0	0.0420998680669628	0.0	0.0	0.2629614670463341	0.2307432055659356	0.6273787299483026	0.2574927636320295	0.2394232417786619	0.3241039135267328	0.0336745520240211	0.072550860324856	0.0754785377993838	0.0	0.0031333865997709	0.0	0.1069340894898902	0.0360302947028572	0.0	0.0	0.0
k__Bacteria|p__Firmicutes|c__CFGB1325|o__OFGB1325	0.18529	0.0	0.0	0.0	0.3107938668622967	0.4861255561333694	0.0	0.0	0.0	0.0	0.0	0.0	0.0	0.0	0.0	0.0	0.0	0.0293711721820746	0.0352883698408774	0.0	0.0	0.0	0.0	0.0	0.0	0.0	0.0	0.0	0.0	0.0	0.0	0.0	0.0	0.0	0.0	0.0559159345826404	0.0	0.0	0.0	0.0	0.0	0.0	0.0	0.0
k__Bacteria|p__Proteobacteria|c__Betaproteobacteria|o__Burkholderiales	0.1035	0.1832024465762494	0.0	0.4726276207941173	0.0704284462544372	0.0926691291776359	0.0926525484832243	0.0	0.1994909120888512	0.3016586139548693	0.0	0.0412505054361312	0.0	0.0	0.0	0.0	0.0	0.0	0.0	0.0	0.3823228381108908	0.1576742284735106	0.0	0.0	0.0	0.0	0.0	0.0	0.0	0.0	0.0134281417245915	0.0	0.0	0.0	0.0	0.0	0.0	0.0	0.0	0.0	0.0	0.0	0.0	0.0
k__Bacteria|p__Bacteria_unclassified|c__CFGB2989|o__OFGB2989	0.07248	0.0	0.0	0.0	0.853015734106739	0.9638627834941156	0.1119526179101847	0.0	0.016949668035583	0.0	0.0	0.0	0.0	0.0	0.0128922373175353	0.0499519007112845	0.0	0.2138830013752227	0.0799495380360638	0.0582488993409328	0.0	0.0	0.1180659301423647	0.0	0.0	0.0	0.0	0.0	0.0	0.2680813245268747	0.0	0.0	0.0	0.1916984221092915	0.1738155976869585	0.6861871657046916	0.0	0.0	0.0	0.0	0.0	0.0	0.0	0.0
k__Bacteria|p__Actinobacteria|c__CFGB12107|o__OFGB12107	0.06887	0.0	0.0920920927478012	0.3306298696055869	0.0	0.0	0.0	1.769021393753919	1.1549397734884013	1.2583225531170468	0.1755452016884192	0.0977872610790718	0.0	0.1953575488576271	0.6013642000626198	0.4105395639693643	0.4896250428295101	0.0	0.0	0.0	0.0	0.0	0.0	0.0623619554636228	0.0208818883416174	0.2949569580573452	0.2143294324192111	0.2141531864058257	0.4988809592830053	0.4549614724179962	0.0324213306900897	0.5049277275470672	0.0	0.0	0.0	0.0	0.0	0.0	0.1659081487647601	1.2334841187030496	0.0347706776994069	0.2707403546818263	0.0	0.0
k__Bacteria|p__Firmicutes|c__Firmicutes_unclassified|o__Firmicutes_unclassified	0.02453	0.3592840817369385	0.0558332707677399	1.91411182466904	0.2973129299227175	0.0437426196730992	0.1195107938329264	1.5664247899478847	0.1262719275759364	0.1578904526803882	1.3342391843111343	1.719524187288017	0.6213877227349649	1.6948559546738646	0.3398764955168925	2.5581527023714816	0.9943668756652184	1.9699135684726423	1.0622015285199835	0.8145114021532636	0.4196491185223546	0.7834798039009694	0.1684838397048707	1.410583195221446	0.9057574346364694	0.9627584947075234	0.8075375782592639	0.0718570706315798	0.8714050580996352	0.2906726551863833	2.01311510908306	2.957638848908712	3.331261025937033	0.095588134837886	0.0	0.1495445584410371	0.0	0.0	0.0	0.805523580262378	1.09738883021419	1.313000068678135	0.0	0.0
k__Bacteria|p__Firmicutes|c__Clostridia|o__Eubacteriales|f__Lachnospiraceae	32.40695	21.881015726409693	34.97153414199002	18.73863702785562	13.712790156430248	23.199545721419355	10.174228569067427	27.76508348997148	3.794521701014328	42.3922841272128	50.093858781758335	21.01567100505497	26.12985134467471	21.099138150147507	29.04022088619595	42.89665166407828	40.5461341286096	18.45476575144777	40.73642766402218	6.414784655536173	48.41156756269411	49.921866039204254	61.96050464203651	39.45846514544884	41.9401627481214	20.15859604615795	24.58148989210804	8.147191019801163	19.322674339052952	34.84029835780902	15.84097985706764	40.92924892890587	41.711981188824	32.659890007429496	27.301647072168706	9.472689391942357	40.02148635204156	43.7280340111511	57.4716390134354	44.19301726745723	51.29796369689213	39.58592579554078	0.0	0.0
k__Bacteria|p__Firmicutes|c__Clostridia|o__Eubacteriales|f__Oscillospiraceae	23.18004	16.550913157707505	17.308205975405293	16.0870786774029	20.94828933979672	11.816226626809046	26.46263209905498	15.91720400221951	22.62606433826605	11.776271500962894	9.705920505509466	21.823389009275356	10.652946100786828	27.167599695362284	22.639305586589227	17.274143624808445	21.19845142076791	7.540058146843497	8.645279154490337	20.606295835550675	9.50615678136489	14.4347180111627	3.488835511471984	17.72325501258443	20.64853478718917	23.12449358589777	24.01121366271049	18.005139696434526	17.70856027312621	18.588901452227734	22.1415308377105	19.283870261673783	8.873610854863239	12.698344869021522	21.093990687034815	32.51903835288053	12.199392077511368	4.760407144709948	8.175466777769891	14.740642642398113	11.34446062668471	17.33779515045895	0.0	0.0
k__Bacteria|p__Bacteroidetes|c__Bacteroidia|o__Bacteroidales|f__Prevotellaceae	11.92858	1.2308639426544952	1.0595615079029197	0.0	0.0	0.0	0.0	0.0	0.0	0.0	0.079027911737602	0.1863878586192222	2.9830640869758	0.0855455371681417	0.0	0.0016516489493325	0.0	0.0	0.0	0.0	0.6035695747347907	0.4939747589552296	0.1522342432588789	1.2615685149614062	0.0391458016941969	1.23956280561191	1.306854497741382	18.97435620090952	7.169007591845727	3.3256047773586195	0.0	0.0	0.0	0.0	0.0	0.0	0.0	0.0	0.0	2.6815865587649816	1.280540641451972	0.2434617295249672	0.0	0.0
k__Bacteria|p__Firmicutes|c__CFGB14936|o__OFGB14936|f__FGB14936	6.20188	6.62198179911954	6.715098950484659	0.0	1.211055875289991	1.5028169633869846	2.399865911372008	0.0	0.0	0.0	0.0	0.0	2.935746501682693	0.0	0.0	0.0514358695642381	0.0	3.243300416374162	3.608095440217501	4.286136308349739	0.0	0.0	0.0	3.093512618501046	0.0	0.0	0.0	0.0	0.0	0.0	0.0	0.0	0.0	0.0	0.0	0.0	0.0	0.0	0.0	0.0	0.0	0.0	0.0	0.0
k__Bacteria|p__Actinobacteria|c__Actinomycetia|o__Bifidobacteriales|f__Bifidobacteriaceae	5.77961	10.038696243246044	5.487746961756005	7.263034775557656	2.743835255568526	2.2932830938965254	1.246411920350298	0.0	0.200172755703448	2.678229998016449	6.401499979443636	16.47671354608595	17.085670244437363	1.5217933900020426	2.937428398737216	0.3321658869218503	3.896385063561104	4.367142266438551	2.2791535729100967	11.568032024123736	0.0	0.5407870532144619	0.0033981192015109	0.7890641198200219	3.027272382847864	3.416783937852925	8.019177980992303	1.235766124415926	1.060903798958477	0.2158799075915795	0.9929793537619064	2.335246698265829	1.3662067152586816	12.176021237982944	16.066537334582538	12.915821470763207	40.95935653410946	25.07875702084544	12.04983468747457	0.3093087076496396	0.0	2.373556421499166	0.0	0.0
k__Bacteria|p__Firmicutes|c__Negativicutes|o__Veillonellales|f__Veillonellaceae	5.74572	4.577123363675628	4.940393219414758	0.701618276727365	0.9422718206780768	3.5920787030255776	1.366571648479621	1.5280309157105352	0.0353181217742664	0.152135980715112	1.190193004204272	0.5547790318959087	0.3064991858069949	0.1171579561136434	0.0	0.0	0.0	0.0	0.0	0.0	0.0	0.0	0.0	0.0	0.025463344572434	0.0544408082383441	0.0	2.4918154973997937	5.313697065906805	0.0	0.0	0.0197736218848103	0.0	0.0	0.0	0.0	0.1643553349539076	0.2601284058285459	0.2999102404671016	0.0	0.0	0.0	0.0	0.0
k__Bacteria|p__Bacteroidetes|c__CFGB4405|o__OFGB4405|f__FGB4405	3.85609	0.5820126239298219	1.4644544549519145	0.0	11.275638341858096	7.45536651552656	10.382528843689732	0.0	0.0	0.0	2.955152448283106	1.204370098611125	0.663901993268612	0.0	0.0	0.0	0.0	0.0	0.0	0.0	0.0	0.0	0.0	0.3353367360200704	0.0	0.0	0.0	0.0	0.0	0.0	0.0	0.0	0.0	0.0	0.0	0.0	0.0	0.0	0.0	0.0	0.0	0.0	0.0	0.0
k__Bacteria|p__Firmicutes|c__Bacilli|o__Lactobacillales|f__Lactobacillaceae	3.60087	4.283343290614812	0.964986275491344	0.1726380892666044	0.0	0.0	0.0	0.0815020847494202	0.3866053294763847	0.0	0.0283326277890651	0.0	1.167953948266489	0.0	0.0	0.0	0.0	0.0	0.0	0.0	0.0	0.1752309399111293	0.0	0.0	0.0	0.0	0.024931155973118	0.0	0.0	0.0	0.0	0.0	0.0	0.0	0.0	0.0	0.0	0.0	0.0	0.0	0.0	0.0	0.0	0.0
k__Bacteria|p__Firmicutes|c__Clostridia|o__Eubacteriales|f__Clostridiaceae	2.96466	0.4759908254818085	0.9864210028231212	1.4784328468514234	1.3036979448543309	2.955555441751335	1.695077458358054	1.6944842747437057	0.2558842001324733	4.056740997402333	5.293798130187503	0.2455419185658653	0.3702253549102445	2.302417845904114	1.5367531543730786	3.938704855883344	1.5755523043155315	0.5285361757303924	0.8031408374164158	0.964880912065574	2.1949742596633874	2.512979765558124	0.7399217440188672	5.062274301289532	7.473566810345218	3.868252865464094	3.16819214548321	0.9143914085003092	2.1733347511469274	3.4947762071928605	2.2190733058154755	5.595316262077684	2.642786929290697	1.4251337484695663	1.9049628811014243	0.2697224295221569	2.336147398746802	1.252007665790797	1.184901568771103	0.7810620408427023	1.9768464241508887	2.2596764781232905	0.0	0.0
k__Bacteria|p__Bacteroidetes|c__Bacteroidia|o__Bacteroidales|f__Bacteroidaceae	0.52452	0.8339178520589229	1.3542080367692952	2.491959048402171	0.4670372960416956	2.795155019611773	0.7969447576234628	1.6917542212512824	1.917468215812488	12.371901912031442	0.4079123294811598	0.0391626273591036	1.978875207503168	1.8966251329705468	1.7721342700854386	0.9295262302718044	4.569852656095821	7.748369642969268	8.610750974746399	0.0943201750941673	15.176952153637588	4.003821070109458	0.7960505895962473	0.3868939536016315	5.928165560903956	12.999951010700652	16.13225631729017	1.9537727542941448	1.0100670316087923	0.4353662904010094	14.772010597837449	3.204357964212017	1.267135543141081	9.77001986320922	3.797571307528545	2.562738992284725	0.0501176741310039	15.083960690162629	2.4152768017657427	1.7252412486721602	2.7746738383917724	1.408325556954939	0.0	0.0
k__Bacteria|p__Firmicutes|c__CFGB3035|o__OFGB3035|f__FGB3035	0.47993	0.4826418870343528	0.0	0.2513498215577881	0.0	0.0	0.2544967620046378	0.0	0.0	0.0	0.0	0.0	0.0	0.0	0.0	0.1964288489031028	0.0	0.0	0.0	0.0	0.0	0.0	0.0	0.0	0.0	0.0	0.0	0.0	0.0	0.0	0.0	0.0	0.0	0.0	0.0730210087056963	1.0156757781910453	0.0	0.0	0.0	0.0	0.0	0.0	0.0	0.0
k__Bacteria|p__Firmicutes|c__CFGB3005|o__OFGB3005|f__FGB3005	0.47873	1.4841709640256122	1.0533245918912324	1.969660630479899	7.740309875727767	0.7227916250731551	0.9482762355432448	5.252969170109445	15.868456907491192	1.4297564449938172	0.2224309181053646	0.3841919362953347	1.1440936466959508	3.3124637749830703	1.790249359046782	1.4542391718655854	0.8404335113370816	3.452916224422493	1.378250561322515	2.659344716976401	0.2226596074225358	0.8213498573896767	0.4547641551660834	0.5768361534974045	4.300766858343194	10.876485357876726	4.861191998957628	0.9372365042222552	6.3364753198997255	6.8514706504038205	0.6295277476708875	0.9407036361862382	3.797524364013843	3.946727688198141	1.6206972397229835	1.1476929731909935	0.0	0.0	0.0	4.873588813762389	5.807639141213253	0.5803860168282217	0.0	0.0
k__Bacteria|p__Firmicutes|c__Clostridia|o__Clostridiales|f__Ruminococcaceae	0.47706	1.385530949139279	1.1961757134851478	1.388590244527108	4.190689411615351	1.919686075872496	3.792921713665761	0.0	0.0	0.0	0.5311130837874528	4.356111536373323	7.464285337368858	15.697040338344683	6.062825770951811	4.724663387635505	1.36004072833661	0.0	0.0	10.810717211665608	0.1554246182924471	0.1720708999395905	0.273750686511148	5.486459717669678	0.0	0.0	0.0	1.970914410480571	2.018850757698932	6.9899315566522136	8.798116742991724	4.117897576592133	15.683822112689846	1.3443969984211257	3.933426776688398	2.3424622574614102	0.0	0.0	0.0	7.683992925904161	0.5323981201249577	6.440283799838156	0.0	0.0
k__Bacteria|p__Firmicutes|c__CFGB38642|o__OFGB38642|f__FGB38642	0.4	0.1440342556171514	0.4793705273323639	5.219801610985678	2.8259414059592927	3.0688141051890465	3.899690491725904	0.0	0.0	0.0	0.0	0.0409224103097412	0.4754376877921197	3.1897513591414755	2.210838469393979	2.8976545935099107	0.0	7.343799459039151	5.940488235484838	9.82333427980574	1.104714847010966	0.2273800038031465	0.5324718061574636	0.2836283475844893	0.0	0.0	0.0	0.7359395599562487	0.4077500230849766	0.3671946614112846	0.4713998028795771	0.0	0.0	0.0	0.0	0.0	0.0	0.0	0.0	0.0	0.0	0.0	0.0	0.0
k__Bacteria|p__Firmicutes|c__Clostridia|o__Eubacteriales|f__Eubacteriales_unclassified	0.39027	0.4894644445686332	0.4415753145904356	7.541769297787766	7.20948223497373	4.137847385983247	7.019888741140857	6.516324729063061	8.761208335922177	4.450794639036356	2.04991839376874	5.975201331448893	4.046899607947757	2.651200201352179	2.178688404649715	0.10873215849692	2.3110117116610738	6.253998539891927	4.408126409055529	5.069466114156545	1.209938399739379	3.709483517228519	4.326621591525554	0.6457302811268393	1.0924385092770963	2.227824099080338	3.960110094350308	4.059438758196344	4.38614333027268	6.597362105503028	3.748106478167955	2.16484637303597	0.9179437128090676	5.307414130569879	4.970896243527491	3.2173267822188936	1.528618518876184	1.8925081882140995	1.2823606790635491	1.917001783283929	2.516303647899349	2.461787803904385	0.0	0.0
k__Bacteria|p__Actinobacteria|c__Coriobacteriia|o__Eggerthellales|f__Eggerthellaceae	0.32218	0.4140434943399492	0.2954936199891348	0.1336272719732431	0.0999809908421946	0.1178503405028028	0.1934893036221851	0.7895714220111725	3.311149676739105	0.3263790083145764	0.0228986342753882	0.1654941644341102	0.1939749576834072	0.2108808923257138	0.1558725944328306	0.1018824265598406	0.2973482326058234	0.3087354628546694	0.1435290734164452	1.1042525993639345	0.0443023299797288	0.0193972666338075	0.0	0.1336668603966399	0.0	0.0052684653133881	0.0	0.1484774534027148	0.1382883529151191	1.155940038927506	0.0441259369825976	0.3091851985195964	0.0	0.1328235952609902	0.3229919376372864	0.8075876994868579	0.2169965675197994	0.3232355761885671	0.0	0.3479194843578906	0.1225589849676456	0.0	0.0	0.0
k__Bacteria|p__Actinobacteria|c__Coriobacteriia|o__Coriobacteriales|f__Coriobacteriaceae	0.28626	1.1994279835675816	1.0715453558454822	0.0	0.0	0.0	0.0	0.0	0.1979963659841289	0.0	0.0	0.0	0.0	0.0	0.1497370858938489	0.0	0.0852103608342939	0.0	0.0	0.0	0.0	0.0	0.0	0.0	0.0420998680669628	0.0	0.0	0.2629614670463341	0.2307432055659356	0.6273787299483026	0.2574927636320295	0.2394232417786619	0.3241039135267328	0.0336745520240211	0.072550860324856	0.0754785377993838	0.0	0.0	0.0	0.1069340894898902	0.0360302947028572	0.0	0.0	0.0
k__Bacteria|p__Firmicutes|c__Clostridia|o__Eubacteriales|f__Eubacteriaceae	0.26139	0.4825524108699688	1.1584718537074388	0.1851410359121354	0.0643415512460874	0.3549463721359629	0.2626122579701674	0.0	0.0	0.0	0.4975113788280697	0.0771843784832601	0.0631668790285179	0.1958889940785114	0.3415254134367438	1.2304533152382593	1.006823629661742	0.1490699706554583	0.3333001648887576	0.0	0.3050476358679952	0.505102133748627	0.1753549265484545	0.1360776377002222	0.0941674990144859	0.0214336588847108	0.0	0.407897773924248	1.2396081535243442	2.2847390399975995	0.0	0.2670083466244859	0.0	0.0224525546413338	0.0571056153691024	0.0	0.0	0.0599833367681762	0.0288761534274252	0.2638949155722931	1.6822360027883665	0.1646614327684916	0.0	0.0
k__Bacteria|p__Bacteroidetes|c__Bacteroidia|o__Bacteroidales|f__Rikenellaceae	0.24701	0.1246924914161424	1.1423522079302286	11.382008765979991	1.4024190350479664	2.847821393298301	3.0963632744343483	0.5965166880945106	8.176889020140436	2.1073625439700723	0.0	0.0059504525195286	2.787205637717194	3.2162121881232446	3.016031932507245	1.0816959177356875	1.086162447596633	11.32729689146568	4.829461770284159	4.272282216697202	4.251937533627515	2.76064789832748	0.5847160176696802	0.7719022497083818	0.67664924505525	4.25363896148587	2.6622019652847424	10.536039064157906	2.807571953900534	0.8562511956964967	9.59199774253697	0.9155504891819616	0.6755386492948487	2.7709003270441857	3.2301109183058	5.080368565661277	0.0	0.0	0.0	1.9058013815545816	1.052541216487181	0.5692583337611858	0.0	0.0
k__Bacteria|p__Firmicutes|c__CFGB1325|o__OFGB1325|f__FGB1325	0.18529	0.0	0.0	0.0	0.3107938668622967	0.4861255561333694	0.0	0.0	0.0	0.0	0.0	0.0	0.0	0.0	0.0	0.0	0.0	0.0293711721820746	0.0352883698408774	0.0	0.0	0.0	0.0	0.0	0.0	0.0	0.0	0.0	0.0	0.0	0.0	0.0	0.0	0.0	0.0	0.0559159345826404	0.0	0.0	0.0	0.0	0.0	0.0	0.0	0.0
k__Bacteria|p__Proteobacteria|c__Betaproteobacteria|o__Burkholderiales|f__Sutterellaceae	0.1035	0.1832024465762494	0.0	0.4726276207941173	0.0704284462544372	0.0926691291776359	0.0926525484832243	0.0	0.1994909120888512	0.3016586139548693	0.0	0.0412505054361312	0.0	0.0	0.0	0.0	0.0	0.0	0.0	0.0	0.3823228381108908	0.1576742284735106	0.0	0.0	0.0	0.0	0.0	0.0	0.0	0.0	0.0134281417245915	0.0	0.0	0.0	0.0	0.0	0.0	0.0	0.0	0.0	0.0	0.0	0.0	0.0
k__Bacteria|p__Bacteria_unclassified|c__CFGB2989|o__OFGB2989|f__FGB2989	0.07248	0.0	0.0	0.0	0.853015734106739	0.9638627834941156	0.1119526179101847	0.0	0.016949668035583	0.0	0.0	0.0	0.0	0.0	0.0128922373175353	0.0499519007112845	0.0	0.2138830013752227	0.0799495380360638	0.0582488993409328	0.0	0.0	0.1180659301423647	0.0	0.0	0.0	0.0	0.0	0.0	0.2680813245268747	0.0	0.0	0.0	0.1916984221092915	0.1738155976869585	0.6861871657046916	0.0	0.0	0.0	0.0	0.0	0.0	0.0	0.0
k__Bacteria|p__Actinobacteria|c__CFGB12107|o__OFGB12107|f__FGB12107	0.06887	0.0	0.0920920927478012	0.3306298696055869	0.0	0.0	0.0	1.769021393753919	1.1549397734884013	1.2583225531170468	0.1755452016884192	0.0977872610790718	0.0	0.1953575488576271	0.6013642000626198	0.4105395639693643	0.4896250428295101	0.0	0.0	0.0	0.0	0.0	0.0	0.0623619554636228	0.0208818883416174	0.2949569580573452	0.2143294324192111	0.2141531864058257	0.4988809592830053	0.4549614724179962	0.0324213306900897	0.5049277275470672	0.0	0.0	0.0	0.0	0.0	0.0	0.1659081487647601	1.2334841187030496	0.0347706776994069	0.2707403546818263	0.0	0.0
k__Bacteria|p__Firmicutes|c__Firmicutes_unclassified|o__Firmicutes_unclassified|f__Firmicutes_unclassified	0.02453	0.3592840817369385	0.0558332707677399	1.91411182466904	0.2973129299227175	0.0437426196730992	0.1195107938329264	1.5664247899478847	0.1262719275759364	0.1578904526803882	1.3342391843111343	1.719524187288017	0.6213877227349649	1.6948559546738646	0.3398764955168925	2.5581527023714816	0.9943668756652184	1.9699135684726423	1.0622015285199835	0.8145114021532636	0.4196491185223546	0.7834798039009694	0.1684838397048707	1.410583195221446	0.9057574346364694	0.9627584947075234	0.8075375782592639	0.0718570706315798	0.8714050580996352	0.2906726551863833	2.01311510908306	2.957638848908712	3.331261025937033	0.095588134837886	0.0	0.1495445584410371	0.0	0.0	0.0	0.805523580262378	1.09738883021419	1.313000068678135	0.0	0.0
k__Bacteria|p__Bacteroidetes|c__Bacteroidia|o__Bacteroidales|f__Tannerellaceae	0.01359	0.4495133371711751	0.255813214258321	0.339316981885274	0.0664676335905304	0.0802245485807267	0.0266826513636181	0.1583098092252831	0.0908918200185247	0.2468719548298435	0.0749462322394683	0.0	0.423012468140066	0.0143147341754305	0.0	0.0888704510808352	0.239159944894197	0.3124954237672321	0.1326186178205999	0.0	0.6439158664783389	0.1847362729106251	0.0	0.1844523109866252	0.2916477204848947	0.5625264630953376	0.7816935275233073	0.4219918504687543	0.4021619585480565	0.4960383004120762	1.302435424450784	0.4226794289553592	0.0892676363568899	0.6706748412898013	0.3278936698301214	0.171894225081905	0.0	3.008710293327019	0.2007353007680982	0.2968063346646097	0.9625310847823012	0.0680052798498892	0.0	0.0
k__Bacteria|p__Firmicutes|c__Clostridia|o__Eubacteriales|f__Oscillospiraceae|g__Faecalibacterium	17.02183	14.491179309934752	8.529651183583955	9.704226989301056	17.236677149795852	6.485711404427364	20.46076857853834	11.557461724161614	10.352927486688351	7.423609336505981	9.406127330734424	21.29243415757981	5.347512227028173	23.78544802286649	17.10868916508004	9.187745824919872	16.876882308684834	1.6732631191720562	5.253120894422753	17.292794299814474	6.651124606348749	7.405385586068723	1.0633493405309584	11.214418852816692	17.29785404809413	18.837359178273125	18.589769018851275	8.352820384483575	4.128873062530027	11.761159559282902	19.085136579618755	17.441657899956073	7.838799534803566	9.599198978564743	16.54435609919173	28.268516023207766	11.550326956482078	3.871958301563917	6.900931954780152	12.188399598907912	9.61171748099411	11.558876627556437	0.0	0.0
k__Bacteria|p__Firmicutes|c__Clostridia|o__Eubacteriales|f__Lachnospiraceae|g__Roseburia	15.10813	3.2238112900616214	5.743261202676882	1.2075248444695548	4.301867769471612	1.806330062391002	0.5979051571367997	7.050809274876068	0.0211578139802158	4.731827386760656	0.1107578161998612	0.5772759181758813	0.2046508182275499	2.452979705659465	2.4918217523223207	2.189675690578773	5.779852755728209	0.024395463736756	0.2796894860068762	0.1970271789442961	1.721256341765733	0.4912685545115182	0.7109703672095185	5.976706797256569	5.765585776280656	2.5925732309721115	6.766905461121032	1.6119816050961588	3.86167748248488	0.8137687671046905	0.8542647632901842	12.33553468412555	0.0	0.0888001532021339	0.3959432947310064	4.564685890415562	0.1785245755046597	0.0	1.576186002562031	2.1502874408583903	2.9571258624054155	0.5169632133385244	0.0	0.0
k__Bacteria|p__Bacteroidetes|c__Bacteroidia|o__Bacteroidales|f__Prevotellaceae|g__Prevotella	11.92858	1.2308639426544952	1.0595615079029197	0.0	0.0	0.0	0.0	0.0	0.0	0.0	0.079027911737602	0.1863878586192222	2.9830640869758	0.0	0.0	0.0016516489493325	0.0	0.0	0.0	0.0	0.0	0.0	0.0	1.1565047714174996	0.0	0.0	0.0	18.97435620090952	7.169007591845727	3.3256047773586195	0.0	0.0	0.0	0.0	0.0	0.0	0.0	0.0	0.0	0.0	0.0	0.0	0.0	0.0
k__Bacteria|p__Firmicutes|c__CFGB14936|o__OFGB14936|f__FGB14936|g__GGB3256	6.20188	6.62198179911954	6.715098950484659	0.0	1.211055875289991	1.5028169633869846	2.399865911372008	0.0	0.0	0.0	0.0	0.0	2.935746501682693	0.0	0.0	0.0514358695642381	0.0	3.243300416374162	3.608095440217501	4.286136308349739	0.0	0.0	0.0	3.093512618501046	0.0	0.0	0.0	0.0	0.0	0.0	0.0	0.0	0.0	0.0	0.0	0.0	0.0	0.0	0.0	0.0	0.0	0.0	0.0	0.0
k__Bacteria|p__Firmicutes|c__Clostridia|o__Eubacteriales|f__Lachnospiraceae|g__Fusicatenibacter	6.04587	4.281337533263204	4.746226646374484	5.771660567048455	4.964221163556136	4.569359567554431	2.921792314182419	0.0	0.0	8.04902509876758	14.771202304521658	7.578989962902819	9.023890385320238	7.466522487419013	8.723588750894994	4.464138821891554	13.310593116165728	2.4260845864254894	4.614829007232399	4.595697322573319	10.48406647419828	11.580722868250426	1.737584093112689	2.8709413832191646	0.0	0.0	0.0	0.5502017240934604	1.729148597956393	3.3973736341938414	3.8158388482078966	10.253031138077956	0.0	9.61056649383874	9.20560977427105	1.8341535293133109	17.837846441706773	12.655672052411475	13.375961571254644	18.16170576275973	6.988617555350848	14.72967581922684	0.0	0.0
k__Bacteria|p__Actinobacteria|c__Actinomycetia|o__Bifidobacteriales|f__Bifidobacteriaceae|g__Bifidobacterium	5.77961	10.038696243246044	5.487746961756005	7.263034775557656	2.743835255568526	2.2932830938965254	1.246411920350298	0.0	0.200172755703448	2.678229998016449	6.401499979443636	16.47671354608595	17.085670244437363	1.5217933900020426	2.937428398737216	0.3321658869218503	3.896385063561104	4.367142266438551	2.2791535729100967	11.568032024123736	0.0	0.5407870532144619	0.0033981192015109	0.7890641198200219	3.027272382847864	3.416783937852925	8.019177980992303	1.235766124415926	1.060903798958477	0.2158799075915795	0.9929793537619064	2.335246698265829	1.3662067152586816	12.176021237982944	16.066537334582538	12.915821470763207	40.95935653410946	25.07875702084544	12.04983468747457	0.3093087076496396	0.0	2.373556421499166	0.0	0.0
k__Bacteria|p__Firmicutes|c__Negativicutes|o__Veillonellales|f__Veillonellaceae|g__Dialister	5.74572	4.577123363675628	4.940393219414758	0.701618276727365	0.9422718206780768	3.5920787030255776	1.366571648479621	1.5280309157105352	0.0353181217742664	0.152135980715112	0.0	0.0	0.0	0.1171579561136434	0.0	0.0	0.0	0.0	0.0	0.0	0.0	0.0	0.0	0.0	0.0	0.0	0.0	2.4918154973997937	5.313697065906805	0.0	0.0	0.0	0.0	0.0	0.0	0.0	0.0	0.0	0.005867299580471	0.0	0.0	0.0	0.0	0.0
k__Bacteria|p__Firmicutes|c__Clostridia|o__Eubacteriales|f__Lachnospiraceae|g__Blautia	4.10696	5.268520598564895	3.434032668331055	2.4950604286739844	0.8960413412550222	3.969650847837407	0.7239205629759643	6.4618435152215765	1.2883262915075548	9.726377063853146	8.290888804586787	3.709734310555246	4.910583305852136	1.536510993941692	3.11726015401477	6.557440377076535	6.794169901465985	1.8058118054750971	5.911004953656952	0.0461038218499885	3.835538017942024	9.347221744217707	14.555312175744133	5.909244814559955	25.77579458066965	10.924321309600238	12.362256557300968	1.776668421684301	6.395133753163733	6.485080510387287	2.491957841092232	5.024734266299433	20.739804014811995	6.670933891884157	5.103591270793918	1.2482322992726964	5.730991386336979	8.289479332781246	4.111570862786774	9.189864951483129	15.806653861407096	11.325004000106423	0.0	0.0
k__Bacteria|p__Bacteroidetes|c__CFGB4405|o__OFGB4405|f__FGB4405|g__GGB1266	3.85609	0.5820126239298219	1.4644544549519145	0.0	11.275638341858096	7.45536651552656	10.382528843689732	0.0	0.0	0.0	2.955152448283106	1.204370098611125	0.663901993268612	0.0	0.0	0.0	0.0	0.0	0.0	0.0	0.0	0.0	0.0	0.3353367360200704	0.0	0.0	0.0	0.0	0.0	0.0	0.0	0.0	0.0	0.0	0.0	0.0	0.0	0.0	0.0	0.0	0.0	0.0	0.0	0.0
k__Bacteria|p__Firmicutes|c__Bacilli|o__Lactobacillales|f__Lactobacillaceae|g__Ligilactobacillus	3.60087	4.283343290614812	0.964986275491344	0.0	0.0	0.0	0.0	0.0815020847494202	0.3866053294763847	0.0	0.0	0.0	0.0	0.0	0.0	0.0	0.0	0.0	0.0	0.0	0.0	0.0	0.0	0.0	0.0	0.0	0.0	0.0	0.0	0.0	0.0	0.0	0.0	0.0	0.0	0.0	0.0	0.0	0.0	0.0	0.0	0.0	0.0	0.0
k__Bacteria|p__Firmicutes|c__Clostridia|o__Eubacteriales|f__Oscillospiraceae|g__Oscillospiraceae_unclassified	2.76163	0.3162087649330722	0.6052050831367363	0.1449286367333594	0.0594121899586011	0.0	0.0	0.1694431005407268	3.862919569060397	1.250695324003308	0.0	0.0	0.0	0.0554245935199603	1.824063680482245	0.2624277348378515	0.0	1.898434054593131	0.6748501200340729	0.0	0.158789016881699	0.0209268604498183	0.1888950094461049	0.0	0.0	0.0	0.084050220814536	0.0	0.12940268052647	0.5221806220553143	0.073468913343742	0.0	0.0	0.1335255050896556	0.0840694956554433	0.0	0.0	0.0	0.0	0.0841021697213666	0.0	0.0	0.0	0.0
k__Bacteria|p__Firmicutes|c__Clostridia|o__Eubacteriales|f__Clostridiaceae|g__Clostridium	2.41683	0.2243987639280515	0.5273059191026145	0.6841060326270986	0.7943673589163266	1.8358514631681548	0.8810237388731126	0.7419419765689663	0.0553188678024392	2.643141339080253	0.5404803320902404	0.0465969646548055	0.0923733357251673	0.7871218023122367	1.1549788049206144	2.746776042788145	1.0715403594093071	0.1821930524419317	0.4586537841692895	0.0	1.0154125820946815	0.9619128055917696	0.7399217440188672	4.857469619535371	5.632997725400017	3.580029263075567	2.164373064266051	0.6045959283449931	1.650980671934127	2.4982793623837534	1.1838973457785282	4.431774820982702	0.8103168759552056	0.1889849414301825	0.347822737306852	0.045565069604216	1.89632160335575	1.1714567029576608	1.0840526491632634	0.3526445191136123	0.4689361662358513	0.0629404375570455	0.0	0.0
k__Bacteria|p__Firmicutes|c__Clostridia|o__Eubacteriales|f__Oscillospiraceae|g__Ruminococcus	2.37185	0.136935813242687	3.680718890982394	0.0376387406809621	2.301027423874427	1.9809841534411048	0.506435959429358	0.6556123582048949	0.0	0.0	0.1788517743727659	0.53095485169554	3.653652886579072	1.0437069836339958	0.8151866726461329	5.9249845895544695	0.6683908164918628	0.3337589286282132	0.453341092014543	0.0	0.0	0.0	0.0	5.939073210966324	1.7457913147339472	1.034932186195808	2.997143053770169	1.5922781017557288	4.264927814067744	1.198579672849321	0.0	0.0387652361244586	0.3876393075166983	0.0	0.6620298653836224	0.2635331742342509	0.1201586948160453	0.014081133683117	0.293975981690277	1.0007416676789724	1.3556365579423892	4.687524017007815	0.0	0.0
k__Bacteria|p__Firmicutes|c__Clostridia|o__Eubacteriales|f__Lachnospiraceae|g__Coprococcus	1.92851	1.265431567494849	4.436050113590858	3.161191445799002	0.3785607729966534	1.3150774039517354	0.4484823095005383	1.5203667899305855	0.2812019488926534	1.0326297791298171	1.6908048102874895	0.9657778313587944	1.4963312458203402	1.8082595074528744	3.325898121882844	5.379554772053072	2.546789842481996	5.360472411165375	7.408976816723586	1.0609417497317333	1.3079563113947488	1.4693429475109188	5.703585898010937	2.0055280257583	1.445113349438891	0.6057878449369801	0.5727045294667011	0.995571409141874	1.521626724528618	2.4087832927469446	1.5960452589282668	1.0072860014028877	0.005464533244323	1.2515309041383076	0.5777775342467412	0.1626672984870513	0.3540248086048623	0.5813769563684779	0.5991759986693012	0.1595302792889814	2.1837472643078883	0.1270036234056082	0.0	0.0
k__Bacteria|p__Firmicutes|c__Clostridia|o__Eubacteriales|f__Lachnospiraceae|g__Dorea	1.52772	2.805443114443112	2.024082713758239	0.4145619880611058	0.0684204795957966	1.2376354441224686	0.2652996094093645	2.0884376523674555	0.2359454398874456	2.2339779522711343	1.597280751968637	0.2368026574720211	1.1492177307629778	0.169316733034299	0.9760750453095812	2.094995124158408	2.7148668129103526	0.8336324472949582	0.8648630901735931	0.0	3.63779791923043	3.1805550182689544	9.317358426468868	2.511194532455232	2.437405470875185	1.0733363000168148	1.6871299401493665	0.2007015302485621	0.9694723418478526	2.404575738326119	0.7118887318756776	1.0698637999970593	1.6772609971571804	2.036916643159148	1.0421883635504907	0.2964083719536927	2.5363038778781477	3.4789093434511846	3.0900329933190003	1.958069922958203	5.800947425882423	1.9765193590026868	0.0	0.0
k__Bacteria|p__Firmicutes|c__Clostridia|o__Eubacteriales|f__Lachnospiraceae|g__Waltera	1.37172	0.2754523720561582	0.3468589003250669	0.0	0.0	0.1517038182282931	0.1342530541428395	0.0	0.0	0.1402099226924021	0.0	0.0	0.0348487065682071	0.0431070647714013	0.2631673000082735	0.017304585946306	0.0	0.519510659278609	0.7727764261579865	0.0	0.0	0.0	0.0	2.0576183195093	0.0	0.0	0.0	0.096410064456195	0.0	0.0	0.5179524091521234	0.3119866764572097	0.0674339714389004	0.0	0.0392051510911828	0.0	0.0	0.0	0.0	1.3071360290741705	3.000538912322939	0.0	0.0	0.0
k__Bacteria|p__Firmicutes|c__Clostridia|o__Eubacteriales|f__Lachnospiraceae|g__Lachnospiraceae_unclassified	1.10019	3.2282850982808218	12.340307208945651	4.224875572269289	2.6217745058603383	7.013575791832635	4.643101987157181	8.34137214741515	1.5992814163098867	14.365903060792071	13.05806782134337	5.882305670436001	7.565500391187211	5.840677266186101	9.396485311136466	17.905207667530565	7.323955000148871	4.777163185995659	17.68419856281399	0.5150145824368375	21.2932256887202	18.7111933811569	22.924445648110325	14.21843832573789	0.2403495619159064	0.0	0.0	2.2065338390942606	2.2648961632467826	16.385641010036494	3.930861257590828	6.679771809124029	16.261317248357816	4.0234926558014505	8.856045746664789	0.019760051851695	9.328446676438745	14.658603459243722	30.861778175889505	7.393722314496553	7.954813775719576	5.884839428389636	0.0	0.0
k__Bacteria|p__Firmicutes|c__Clostridia|o__Eubacteriales|f__Oscillospiraceae|g__Agathobaculum	0.82376	1.0953150099597604	0.8128669804366525	0.1508634769917251	0.1196984359921399	0.0154543194505293	0.0714591178150115	2.267289449456461	1.8219687859135056	1.6039313723333375	0.1209331545851076	0.0	0.0	0.5704807295279065	0.6209748192303401	0.3470474954754807	0.8597025526754543	0.0	0.0303212186392851	0.3472067983942072	0.1257808228485663	0.4177303902802289	0.0	0.0	0.8066193209468505	1.088233635268818	0.9984512600116688	0.549880513899839	1.3313888646685264	0.5825474687787168	0.5660570547938591	1.2917735079203352	0.3904694463760716	0.7204248403654521	1.304844592313272	1.4373804973780648	0.4808704423086846	0.5902134887001489	0.9535993948676552	1.303919901402849	0.2247279196919409	1.0913945058947	0.0	0.0
k__Bacteria|p__Firmicutes|c__Clostridia|o__Eubacteriales|f__Lachnospiraceae|g__Faecalicatena	0.50066	0.2888588840196948	0.5803321624243488	0.5190671369060895	0.3385195555096439	0.1853382583552718	0.1891070884912218	0.0	0.0	0.0	2.08032072166696	0.8862520467462963	0.2622083468006708	0.8975338327994947	0.1128166632605264	0.2769404471794482	0.1318501995283097	0.1208823407734837	0.6522085490786409	0.0	0.4681635695705169	0.5100354940233432	0.3494673689835813	0.5711553119305472	0.0	0.0	0.0	0.128084523305244	0.3458833260243362	0.0	0.2892709840862671	0.8287218600971623	1.711035075015004	0.0	0.0	0.096742236948018	0.0575214214458113	0.2422833870225333	1.4859668553753016	0.9428772365737752	0.1219204291256187	0.0083416039732712	0.0	0.0
k__Bacteria|p__Firmicutes|c__CFGB3035|o__OFGB3035|f__FGB3035|g__GGB9602	0.47993	0.4826418870343528	0.0	0.2513498215577881	0.0	0.0	0.2544967620046378	0.0	0.0	0.0	0.0	0.0	0.0	0.0	0.0	0.1964288489031028	0.0	0.0	0.0	0.0	0.0	0.0	0.0	0.0	0.0	0.0	0.0	0.0	0.0	0.0	0.0	0.0	0.0	0.0	0.0730210087056963	1.0156757781910453	0.0	0.0	0.0	0.0	0.0	0.0	0.0	0.0
k__Bacteria|p__Firmicutes|c__CFGB3005|o__OFGB3005|f__FGB3005|g__GGB9468	0.47873	1.4841709640256122	1.0533245918912324	1.969660630479899	7.740309875727767	0.7227916250731551	0.9482762355432448	5.252969170109445	15.868456907491192	1.4297564449938172	0.2224309181053646	0.3841919362953347	1.1440936466959508	3.3124637749830703	1.790249359046782	1.4542391718655854	0.8404335113370816	3.452916224422493	1.378250561322515	2.659344716976401	0.2226596074225358	0.8213498573896767	0.4547641551660834	0.5768361534974045	4.300766858343194	10.876485357876726	4.861191998957628	0.9372365042222552	6.3364753198997255	6.8514706504038205	0.6295277476708875	0.9407036361862382	3.797524364013843	3.946727688198141	1.6206972397229835	1.1476929731909935	0.0	0.0	0.0	4.873588813762389	5.807639141213253	0.5803860168282217	0.0	0.0
k__Bacteria|p__Firmicutes|c__Clostridia|o__Clostridiales|f__Ruminococcaceae|g__Candidatus_Cibionibacter	0.47706	1.385530949139279	1.1961757134851478	1.388590244527108	4.190689411615351	1.919686075872496	3.792921713665761	0.0	0.0	0.0	0.5311130837874528	4.356111536373323	7.464285337368858	15.697040338344683	6.062825770951811	4.724663387635505	1.36004072833661	0.0	0.0	10.810717211665608	0.1554246182924471	0.1720708999395905	0.273750686511148	5.486459717669678	0.0	0.0	0.0	1.970914410480571	2.018850757698932	6.9899315566522136	8.798116742991724	4.117897576592133	15.683822112689846	1.3443969984211257	3.933426776688398	2.3424622574614102	0.0	0.0	0.0	7.683992925904161	0.5323981201249577	6.440283799838156	0.0	0.0
k__Bacteria|p__Firmicutes|c__Clostridia|o__Eubacteriales|f__Lachnospiraceae|g__Lacrimispora	0.43271	0.5426803933360199	0.4200243198496524	0.3603446648800306	0.0557663524568341	0.1591916590959248	0.0173838046223056	0.8199948717840565	0.0235890341413538	0.422570625485613	2.417566398018816	0.6000188758006463	0.9821051463747712	0.1248210533309098	0.1540779581851785	0.9043155277812316	0.6591861187144836	0.5246554451953704	0.8936380130475132	0.0	0.8688184062937093	1.589416062067768	1.4376289675608145	1.1041360050406732	0.1364088792430184	0.926727331930108	0.4646816921800275	0.2594124861265668	0.7089938103085672	1.503844681609468	0.4481449367511658	0.8524141136983887	0.0	3.057236737759877	0.8563230369916252	0.613366590298887	0.1379119775019495	0.2414140633012554	0.1495449951558858	1.784536985925988	2.3458529747796897	3.3873898120850643	0.0	0.0
k__Bacteria|p__Firmicutes|c__CFGB38642|o__OFGB38642|f__FGB38642|g__GGB9758	0.4	0.1440342556171514	0.4793705273323639	5.219801610985678	2.8259414059592927	3.0688141051890465	3.899690491725904	0.0	0.0	0.0	0.0	0.0409224103097412	0.4754376877921197	3.1897513591414755	2.210838469393979	2.8976545935099107	0.0	7.343799459039151	5.940488235484838	9.82333427980574	1.104714847010966	0.2273800038031465	0.5324718061574636	0.2836283475844893	0.0	0.0	0.0	0.7359395599562487	0.4077500230849766	0.3671946614112846	0.4713998028795771	0.0	0.0	0.0	0.0	0.0	0.0	0.0	0.0	0.0	0.0	0.0	0.0	0.0
k__Bacteria|p__Firmicutes|c__Clostridia|o__Eubacteriales|f__Clostridiaceae|g__GGB3480	0.39483	0.0	0.2032852598323274	0.157382870599752	0.0	0.0	0.0	0.0	0.0	0.0	0.0	0.0	0.0	0.0	0.0	0.0	0.0	0.0	0.0	0.0	0.0	0.0	0.0	0.0	0.0	0.0	0.0	0.0	0.0	0.0	0.0	0.0	0.0	0.0	0.0	0.0	0.0	0.0	0.0	0.0	0.0	0.0	0.0	0.0
k__Bacteria|p__Firmicutes|c__Clostridia|o__Eubacteriales|f__Eubacteriales_unclassified|g__Gemmiger	0.39027	0.4894644445686332	0.4415753145904356	5.904776354840745	7.000008003392721	3.865956826201362	6.536234192775601	6.516324729063061	8.761208335922177	4.450794639036356	2.04991839376874	5.975201331448893	4.046899607947757	2.651200201352179	2.162575025349214	0.10873215849692	2.3110117116610738	5.501040200399706	3.736619397743223	4.341093773009086	0.7803197116441494	2.720290153797348	2.2975103072682628	0.1737748748763698	1.0924385092770963	2.218726358978195	2.26298395654786	3.463539008264026	3.500930554567283	4.917133043623618	3.748106478167955	2.16484637303597	0.9179437128090676	4.351678300082327	3.674697157550783	2.448674434708838	1.528618518876184	1.8925081882140995	1.2823606790635491	0.7696891925894234	0.660371708739379	1.598236351301548	0.0	0.0
k__Bacteria|p__Bacteroidetes|c__Bacteroidia|o__Bacteroidales|f__Bacteroidaceae|g__Bacteroides	0.34199	0.7526884074923107	1.2895135284723007	0.8071545127307788	0.4269724554175255	2.0565196749129573	0.6376199360762965	0.907309972872222	1.8358398267195457	7.812683146631592	0.1698390962082	0.0369554419633887	1.7759598334780946	1.6655493222512314	1.4548901316917149	0.7952480090915537	2.38321384761879	6.163678964908781	7.657109775183651	0.0943201750941673	10.475589249406465	1.7786066466404022	0.71173382130325	0.1145477255434776	4.209066977646079	8.480584365383908	11.585173148329996	1.3113445326565332	0.6445361356501398	0.2021753017637482	7.32012937375961	1.520248642666729	0.6281195503657526	1.6937768955773138	1.23987705124234	0.3467501796880841	0.0035840421351521	0.7378265671747245	0.1106500719740757	0.5486903498450777	1.195822650629643	0.8034719440256569	0.0	0.0
k__Bacteria|p__Actinobacteria|c__Coriobacteriia|o__Eggerthellales|f__Eggerthellaceae|g__Adlercreutzia	0.32218	0.4140434943399492	0.2954936199891348	0.1336272719732431	0.0999809908421946	0.1178503405028028	0.1934893036221851	0.4580230720239885	2.7470101770257345	0.3263790083145764	0.0228986342753882	0.1654941644341102	0.1939749576834072	0.0	0.1089819704236628	0.0500189727498361	0.1901682450940666	0.0622929712644494	0.1435290734164452	0.4844976027087774	0.0	0.0	0.0	0.0	0.0	0.0	0.0	0.1276614659770598	0.130296121077431	1.1473307352664324	0.0441259369825976	0.0	0.0	0.1039168941463183	0.1967135651241805	0.6866807872920706	0.0	0.0	0.0	0.0	0.0767579111477474	0.0	0.0	0.0
k__Bacteria|p__Actinobacteria|c__Coriobacteriia|o__Coriobacteriales|f__Coriobacteriaceae|g__Collinsella	0.28626	1.1994279835675816	1.0715453558454822	0.0	0.0	0.0	0.0	0.0	0.0	0.0	0.0	0.0	0.0	0.0	0.0	0.0	0.0	0.0	0.0	0.0	0.0	0.0	0.0	0.0	0.0	0.0	0.0	0.1207750328016173	0.2307432055659356	0.1231102681416448	0.2267435195551552	0.2394232417786619	0.3241039135267328	0.0	0.0	0.0	0.0	0.0	0.0	0.0	0.0	0.0	0.0	0.0
k__Bacteria|p__Firmicutes|c__Clostridia|o__Eubacteriales|f__Eubacteriaceae|g__Eubacterium	0.26139	0.4580732235639115	1.1584718537074388	0.1851410359121354	0.0643415512460874	0.1244295809617946	0.1214652312432514	0.0	0.0	0.0	0.4975113788280697	0.0771843784832601	0.0378836777090304	0.0780281588017629	0.3415254134367438	0.7793016319259171	0.9439397296037696	0.132299095749959	0.3188133604277658	0.0	0.2870688549553526	0.3876763931041043	0.0	0.1360776377002222	0.0941674990144859	0.0214336588847108	0.0	0.0429481532056607	0.4185444093779517	0.4516879026048705	0.0	0.2670083466244859	0.0	0.0	0.0	0.0	0.0	0.0599833367681762	0.0288761534274252	0.2638949155722931	1.6822360027883665	0.1646614327684916	0.0	0.0
k__Bacteria|p__Bacteroidetes|c__Bacteroidia|o__Bacteroidales|f__Rikenellaceae|g__Alistipes	0.24701	0.1246924914161424	1.1423522079302286	11.382008765979991	1.4024190350479664	2.847821393298301	3.0963632744343483	0.5965166880945106	8.176889020140436	2.1073625439700723	0.0	0.0059504525195286	2.787205637717194	3.067578960217876	3.016031932507245	1.0816959177356875	1.086162447596633	10.96753223746792	4.730351986395693	3.945385785677101	4.251937533627515	2.76064789832748	0.5847160176696802	0.7719022497083818	0.67664924505525	4.25363896148587	2.6622019652847424	10.536039064157906	2.807571953900534	0.8562511956964967	9.59199774253697	0.9155504891819616	0.6755386492948487	2.7709003270441857	3.2301109183058	5.080368565661277	0.0	0.0	0.0	1.9058013815545816	1.052541216487181	0.5692583337611858	0.0	0.0
k__Bacteria|p__Firmicutes|c__CFGB1325|o__OFGB1325|f__FGB1325|g__GGB3175	0.18529	0.0	0.0	0.0	0.3107938668622967	0.4861255561333694	0.0	0.0	0.0	0.0	0.0	0.0	0.0	0.0	0.0	0.0	0.0	0.0293711721820746	0.0352883698408774	0.0	0.0	0.0	0.0	0.0	0.0	0.0	0.0	0.0	0.0	0.0	0.0	0.0	0.0	0.0	0.0	0.0559159345826404	0.0	0.0	0.0	0.0	0.0	0.0	0.0	0.0
k__Bacteria|p__Bacteroidetes|c__Bacteroidia|o__Bacteroidales|f__Bacteroidaceae|g__Phocaeicola	0.18253	0.0812294445666121	0.0646945082969944	1.6848045356713923	0.04006484062417	0.7386353446988159	0.1593171870260321	0.7844375897120055	0.0816283890929419	4.5592102528673575	0.2380649874557918	0.0022071853957149	0.2029153740250737	0.2310758107193152	0.3172441383937237	0.1342782211802507	2.186638808477032	1.5846906780604872	0.953641199562748	0.0	4.701362904231123	2.225214423469055	0.0843167682929972	0.2723462280581538	1.7190985832578771	4.519366645316743	4.547083168960174	0.2922386010356727	0.1549956912180911	0.125255658527648	7.451881224077841	1.6841093215452878	0.6390159927753282	1.1670278086677597	0.3535254630374149	0.0626823474188665	0.0465336319958518	14.346134122987904	2.304626729791667	1.1765508988270823	1.5788511877621294	0.6048536129292824	0.0	0.0
k__Bacteria|p__Firmicutes|c__Clostridia|o__Eubacteriales|f__Lachnospiraceae|g__Anaerobutyricum	0.17668	0.2551636517820851	0.1081037759309341	0.1344391516255503	0.0	0.6064745477599324	0.0096882073191506	0.25519341487104	0.0	0.6777763496261153	0.1963493984031489	0.016002094118933	0.1075152920131232	0.0063001973766116	0.1850776150783837	0.1944418397610124	0.2803418438488506	1.1185521406006758	0.879712712635397	0.0	0.8850222682655655	0.4389766164718517	1.7222251931093835	0.2166596592536251	1.2188530921092602	0.3499888624040207	0.1746276391833669	0.1204851601878615	0.5335708192207754	0.2120145059478322	0.2420581179715795	0.2119584458013242	0.0	0.8679457426486193	0.3176287635151082	0.2049061180101595	0.0277002270226414	0.1585512725499955	0.3103391352991513	0.1989343100073171	0.5007502429132711	0.3963800468295915	0.0	0.0
k__Bacteria|p__Firmicutes|c__Clostridia|o__Eubacteriales|f__Clostridiaceae|g__Clostridiaceae_unclassified	0.15299	0.2515920615537569	0.255829823888179	0.4967891592467798	0.2279317760823948	0.3878587994382189	0.4508184729675676	0.9525422981747396	0.2005584450207957	1.4135996583220802	0.789561731282409	0.0629271539001286	0.0971108516523061	1.5153046152889882	0.3817743494524639	1.191928813095199	0.5040119449062245	0.3463431232884607	0.2636563857805191	0.0	1.179561677568706	1.5510669599663538	0.0	0.2048046817541612	1.8405690849452023	0.2882236023885272	1.0038099522695303	0.3097954801553162	0.5223622013996275	0.9965060921814608	1.0351759600369477	1.163541441094981	1.832461897315724	1.236148807039384	1.5571401437945722	0.2241573599179408	0.439825795391052	0.0805509628331362	0.1008489196078395	0.42841752172909	1.5079102579150374	2.196736040566245	0.0	0.0
k__Bacteria|p__Firmicutes|c__Clostridia|o__Eubacteriales|f__Oscillospiraceae|g__Oscillibacter	0.10411	0.4790702968060246	1.229112609493605	2.2870649805494017	0.5507655685174816	0.387761449394436	1.1239160287539451	0.0	0.0	0.0	0.0	0.0	0.8668996158340875	0.0	1.4892489795100126	0.6487878289093734	1.6182994073856336	0.2713934955902883	0.6910300751655205	1.0052247232227889	1.798964235690711	2.9638401493697515	0.0704623219449868	0.5216428790586253	0.0	0.0	0.0	2.231274858398069	1.375402995083599	0.1235171525251971	0.8884953774438045	0.2657279165241658	0.1697512394240246	1.60973603340857	1.7853362375320592	1.9530859551585824	0.0	0.0	0.0	0.0364638174853044	0.0920395146548831	0.0	0.0	0.0
k__Bacteria|p__Proteobacteria|c__Betaproteobacteria|o__Burkholderiales|f__Sutterellaceae|g__Sutterella	0.1035	0.1832024465762494	0.0	0.0	0.0	0.0	0.0	0.0	0.0	0.0	0.0	0.0	0.0	0.0	0.0	0.0	0.0	0.0	0.0	0.0	0.3823228381108908	0.1576742284735106	0.0	0.0	0.0	0.0	0.0	0.0	0.0	0.0	0.0	0.0	0.0	0.0	0.0	0.0	0.0	0.0	0.0	0.0	0.0	0.0	0.0	0.0
k__Bacteria|p__Firmicutes|c__Clostridia|o__Eubacteriales|f__Oscillospiraceae|g__GGB13489	0.09685	0.0166425665754248	0.2613940498906163	0.0	0.0	0.0467685835340165	0.1819230041040502	0.0	0.0	0.0	0.0	0.0	0.061061316394234	0.0	0.0751139632884837	0.0066401318166058	0.0212154091503295	0.6198541129258668	0.0604351127066777	0.4557054613475095	0.0	0.0196830149291062	0.1326314366757134	0.0300113927033408	0.0	0.0	0.0	0.0	0.0	0.0	0.0	0.0	0.0	0.0	0.0	0.0	0.0	0.0	0.0	0.0	0.0	0.0	0.0	0.0
k__Bacteria|p__Firmicutes|c__Clostridia|o__Eubacteriales|f__Lachnospiraceae|g__Mediterraneibacter	0.08901	0.1633611071240964	0.7922461249679185	0.4499193469190848	0.0311195460194024	0.2596001167542983	0.0258046814331986	1.2270525061714386	0.2774965765224202	0.5688074211830677	3.763259022376228	0.5625041807809109	0.3930082006015199	0.7531007364785338	0.2939598834882881	2.2920946934470265	0.7364650307150534	0.4423388705271875	0.384206985812207	0.0	1.6918774595965966	1.2594524202523794	3.4954072045533198	1.488332752352158	2.042321204792994	1.285060072732893	0.5221849332912214	0.1119926760443124	0.2746842362995662	0.7088943172440735	0.5956487004461997	0.97463073709942	0.0012560270442175	3.960372130477319	0.7212772678209973	0.4153711745120335	3.037912668103109	3.3533350542621934	1.0682502788238493	0.8236821992323593	3.025774989093452	1.2338255224911536	0.0	0.0
k__Bacteria|p__Bacteria_unclassified|c__CFGB2989|o__OFGB2989|f__FGB2989|g__GGB9365	0.07248	0.0	0.0	0.0	0.853015734106739	0.9638627834941156	0.1119526179101847	0.0	0.016949668035583	0.0	0.0	0.0	0.0	0.0	0.0128922373175353	0.0499519007112845	0.0	0.2138830013752227	0.0799495380360638	0.0582488993409328	0.0	0.0	0.1180659301423647	0.0	0.0	0.0	0.0	0.0	0.0	0.2680813245268747	0.0	0.0	0.0	0.1916984221092915	0.1738155976869585	0.6861871657046916	0.0	0.0	0.0	0.0	0.0	0.0	0.0	0.0
k__Bacteria|p__Actinobacteria|c__CFGB12107|o__OFGB12107|f__FGB12107|g__GGB34797	0.06887	0.0	0.0920920927478012	0.3306298696055869	0.0	0.0	0.0	1.769021393753919	1.1549397734884013	1.2583225531170468	0.1755452016884192	0.0977872610790718	0.0	0.0	0.6013642000626198	0.4105395639693643	0.4896250428295101	0.0	0.0	0.0	0.0	0.0	0.0	0.0623619554636228	0.0	0.0	0.0	0.2141531864058257	0.4988809592830053	0.4549614724179962	0.0324213306900897	0.5049277275470672	0.0	0.0	0.0	0.0	0.0	0.0	0.1659081487647601	1.2334841187030496	0.0347706776994069	0.2707403546818263	0.0	0.0
k__Bacteria|p__Firmicutes|c__Firmicutes_unclassified|o__Firmicutes_unclassified|f__Firmicutes_unclassified|g__Firmicutes_unclassified	0.02453	0.2206034832887633	0.0558332707677399	1.91411182466904	0.2973129299227175	0.0437426196730992	0.1195107938329264	1.5664247899478847	0.1262719275759364	0.1578904526803882	1.3342391843111343	1.719524187288017	0.6213877227349649	1.6948559546738646	0.3398764955168925	2.5581527023714816	0.9943668756652184	0.0672203718607842	0.2087326512766516	0.6389814059730689	0.2079039380192815	0.626217389147154	0.1684838397048707	1.410583195221446	0.9057574346364694	0.9627584947075234	0.8075375782592639	0.0718570706315798	0.8714050580996352	0.1726854313285567	2.01311510908306	2.957638848908712	3.331261025937033	0.095588134837886	0.0	0.1495445584410371	0.0	0.0	0.0	0.805523580262378	1.09738883021419	1.313000068678135	0.0	0.0
k__Bacteria|p__Firmicutes|c__Clostridia|o__Eubacteriales|f__Lachnospiraceae|g__Anaerostipes	0.0188	0.0286174599088174	0.0	0.0	0.0	0.0	0.0	0.0	0.0	0.0	0.0	0.0	0.0	0.0	0.0	0.0	0.2137517350822771	0.0	0.0	0.0	0.914939807426682	0.1266957515184784	0.0	0.4532579585164156	0.0	0.0	0.0	0.0	0.0	0.0	0.0	0.0	0.0	0.0	0.0	0.0	0.0	0.0	0.0	0.0	0.0	0.0	0.0	0.0
k__Bacteria|p__Bacteroidetes|c__Bacteroidia|o__Bacteroidales|f__Tannerellaceae|g__Parabacteroides	0.01359	0.4495133371711751	0.255813214258321	0.339316981885274	0.0664676335905304	0.0802245485807267	0.0266826513636181	0.1583098092252831	0.0908918200185247	0.2468719548298435	0.0749462322394683	0.0	0.423012468140066	0.0143147341754305	0.0	0.0888704510808352	0.239159944894197	0.3124954237672321	0.1326186178205999	0.0	0.6439158664783389	0.1847362729106251	0.0	0.1844523109866252	0.2916477204848947	0.5625264630953376	0.7816935275233073	0.4219918504687543	0.4021619585480565	0.4960383004120762	1.302435424450784	0.4226794289553592	0.0892676363568899	0.6706748412898013	0.3278936698301214	0.171894225081905	0.0	3.008710293327019	0.2007353007680982	0.2968063346646097	0.9625310847823012	0.0680052798498892	0.0	0.0
k__Bacteria|p__Firmicutes|c__Clostridia|o__Eubacteriales|f__Oscillospiraceae|g__Faecalibacterium|s__Faecalibacterium_prausnitzii	17.02183	14.491179309934752	8.529651183583955	9.704226989301056	17.094284753371547	6.485711404427364	20.442033463675305	11.557461724161614	10.352927486688351	7.423609336505981	6.597725690589266	17.914717201516464	5.269869604888953	23.78544802286649	16.390780980319462	8.963381471960039	16.83629242993965	1.054769677325896	3.814081040916576	17.292794299814474	6.573469695078719	7.05615914740555	1.0633493405309584	11.0087469277421	17.29785404809413	18.837359178273125	18.589769018851275	8.352820384483575	4.128873062530027	11.761159559282902	17.752552147311228	15.450331289240005	7.838799534803566	9.599198978564743	16.52555016395812	28.2364609967412	11.550326956482078	3.871958301563917	6.900931954780152	7.1257662832856745	6.963678888150594	11.529044789618126	0.0	0.0
k__Bacteria|p__Firmicutes|c__Clostridia|o__Eubacteriales|f__Lachnospiraceae|g__Roseburia|s__Roseburia_faecis	13.71785	2.5895222170904453	5.375424339841134	1.1741241155736362	3.929716741024501	0.8944684272842319	0.0517315152045425	4.6830738328995904	0.0211578139802158	4.152285662103901	0.0	0.5228792375618939	0.0	2.1157177111286334	0.3622711016841758	0.0976065841021777	5.0487402364960365	0.0	0.0054077159168639	0.1970271789442961	0.0	0.0	0.0	5.612886289794834	0.0	0.0	0.0	0.0	0.0	0.0776686803967306	0.3331911257933921	6.705380411130432	0.0	0.0	0.0	4.407250980754728	0.0	0.0	0.0	0.6602546285025273	1.641989490060071	0.0	0.0	0.0
k__Bacteria|p__Bacteroidetes|c__Bacteroidia|o__Bacteroidales|f__Prevotellaceae|g__Prevotella|s__Prevotella_copri_clade_C	11.92858	1.2308639426544952	1.0595615079029197	0.0	0.0	0.0	0.0	0.0	0.0	0.0	0.0	0.0	0.0	0.0	0.0	0.0	0.0	0.0	0.0	0.0	0.0	0.0	0.0	0.0	0.0	0.0	0.0	10.053714538053107	4.67278342558147	2.6487618526916465	0.0	0.0	0.0	0.0	0.0	0.0	0.0	0.0	0.0	0.0	0.0	0.0	0.0	0.0
k__Bacteria|p__Firmicutes|c__CFGB14936|o__OFGB14936|f__FGB14936|g__GGB3256|s__GGB3256_SGB4303	6.20188	6.62198179911954	6.715098950484659	0.0	1.211055875289991	1.5028169633869846	2.399865911372008	0.0	0.0	0.0	0.0	0.0	2.935746501682693	0.0	0.0	0.0514358695642381	0.0	3.243300416374162	3.608095440217501	4.286136308349739	0.0	0.0	0.0	3.093512618501046	0.0	0.0	0.0	0.0	0.0	0.0	0.0	0.0	0.0	0.0	0.0	0.0	0.0	0.0	0.0	0.0	0.0	0.0	0.0	0.0
k__Bacteria|p__Firmicutes|c__Clostridia|o__Eubacteriales|f__Lachnospiraceae|g__Fusicatenibacter|s__Fusicatenibacter_saccharivorans	6.04587	4.281337533263204	4.746226646374484	5.771660567048455	4.964221163556136	4.569359567554431	2.921792314182419	0.0	0.0	8.04902509876758	14.771202304521658	7.578989962902819	9.023890385320238	7.466522487419013	8.723588750894994	4.464138821891554	13.310593116165728	2.4260845864254894	4.614829007232399	4.595697322573319	10.48406647419828	11.580722868250426	1.737584093112689	2.8709413832191646	0.0	0.0	0.0	0.5502017240934604	1.729148597956393	3.3973736341938414	3.8158388482078966	10.253031138077956	0.0	9.61056649383874	9.20560977427105	1.8341535293133109	17.837846441706773	12.655672052411475	13.375961571254644	18.16170576275973	6.988617555350848	14.72967581922684	0.0	0.0
k__Bacteria|p__Firmicutes|c__Negativicutes|o__Veillonellales|f__Veillonellaceae|g__Dialister|s__Dialister_invisus	5.74572	4.577123363675628	4.940393219414758	0.701618276727365	0.9422718206780768	3.5920787030255776	1.366571648479621	0.0	0.0	0.152135980715112	0.0	0.0	0.0	0.1171579561136434	0.0	0.0	0.0	0.0	0.0	0.0	0.0	0.0	0.0	0.0	0.0	0.0	0.0	2.4918154973997937	5.313697065906805	0.0	0.0	0.0	0.0	0.0	0.0	0.0	0.0	0.0	0.005867299580471	0.0	0.0	0.0	0.0	0.0
k__Bacteria|p__Bacteroidetes|c__CFGB4405|o__OFGB4405|f__FGB4405|g__GGB1266|s__GGB1266_SGB1699	3.85609	0.5820126239298219	1.4644544549519145	0.0	11.275638341858096	7.45536651552656	10.382528843689732	0.0	0.0	0.0	2.955152448283106	1.204370098611125	0.663901993268612	0.0	0.0	0.0	0.0	0.0	0.0	0.0	0.0	0.0	0.0	0.3353367360200704	0.0	0.0	0.0	0.0	0.0	0.0	0.0	0.0	0.0	0.0	0.0	0.0	0.0	0.0	0.0	0.0	0.0	0.0	0.0	0.0
k__Bacteria|p__Actinobacteria|c__Actinomycetia|o__Bifidobacteriales|f__Bifidobacteriaceae|g__Bifidobacterium|s__Bifidobacterium_longum	3.80131	5.341130505962514	3.16431719388157	7.263034775557656	2.743835255568526	2.2932830938965254	1.246411920350298	0.0	0.0382934393652343	0.0	3.9533415997317376	7.305962620794369	8.116993304288798	0.0	1.4798002963599806	0.3321658869218503	2.164734060726634	4.000686975356552	2.2791535729100967	9.889360776002434	0.0	0.5407870532144619	0.0033981192015109	0.7193823124775355	0.6747653644043544	0.5546708814817167	0.8629776772064429	1.235766124415926	1.060903798958477	0.2158799075915795	0.5190328343483548	1.4556169998176811	0.7922105120710305	7.760092508949852	6.56546542230785	4.876973689126324	21.0261612286705	25.07875702084544	12.04983468747457	0.0	0.0	2.373556421499166	0.0	0.0
k__Bacteria|p__Firmicutes|c__Bacilli|o__Lactobacillales|f__Lactobacillaceae|g__Ligilactobacillus|s__Ligilactobacillus_ruminis	3.60087	4.283343290614812	0.964986275491344	0.0	0.0	0.0	0.0	0.0815020847494202	0.3866053294763847	0.0	0.0	0.0	0.0	0.0	0.0	0.0	0.0	0.0	0.0	0.0	0.0	0.0	0.0	0.0	0.0	0.0	0.0	0.0	0.0	0.0	0.0	0.0	0.0	0.0	0.0	0.0	0.0	0.0	0.0	0.0	0.0	0.0	0.0	0.0
k__Bacteria|p__Firmicutes|c__Clostridia|o__Eubacteriales|f__Lachnospiraceae|g__Blautia|s__Blautia_sp_MSK_20_85	2.44479	2.7210447223879	1.6526996949478032	0.0	0.258885960141674	1.3620650250842634	0.2146369271635934	0.6871944160452953	0.1052931836359177	1.9280800971347447	0.7830475357197311	0.2525139400016539	0.224497391026484	0.0	0.0	0.0	0.0	0.0	0.0	0.0	0.161914993523681	0.194611397821684	0.6768394783132852	0.9100883230041464	4.42996746185626	1.8671698068955564	4.4864395698648165	0.059933121492759	0.1631097558581829	0.0912438230116134	0.0	0.0	0.0	0.6161569913048011	0.1699673461252656	0.4649915353110247	0.0	0.0	0.0	0.0	0.0	0.0	0.0	0.0
k__Bacteria|p__Firmicutes|c__Clostridia|o__Eubacteriales|f__Oscillospiraceae|g__Ruminococcus|s__Ruminococcus_bicirculans	2.37185	0.0815500674889881	3.680718890982394	0.0376387406809621	0.4400124271301092	1.346878418254137	0.3931320312784407	0.0	0.0	0.0	0.1788517743727659	0.0	1.6690614055179842	0.8974566875254952	0.0	0.0070928680768289	0.4639329877116797	0.3337589286282132	0.453341092014543	0.0	0.0	0.0	0.0	1.4218016638618782	1.7457913147339472	1.034932186195808	2.997143053770169	0.2432031229411395	0.2972476713047466	0.0362774417426329	0.0	0.0	0.3876393075166983	0.0	0.1578479656413823	0.2635331742342509	0.1201586948160453	0.014081133683117	0.293975981690277	0.0	0.0	0.113098177898819	0.0	0.0
k__Bacteria|p__Firmicutes|c__Clostridia|o__Eubacteriales|f__Oscillospiraceae|g__Oscillospiraceae_unclassified|s__Eubacterium_siraeum	2.00522	0.1239095749777823	0.0514068044105771	0.0769580722422001	0.0	0.0	0.0	0.0	0.0	0.1581713662526576	0.0	0.0	0.0	0.0	0.0	0.0	0.0	0.0	0.0	0.0	0.158789016881699	0.0209268604498183	0.1533345153351391	0.0	0.0	0.0	0.0	0.0	0.0	0.0	0.0	0.0	0.0	0.0	0.0	0.0	0.0	0.0	0.0	0.0	0.0	0.0	0.0	0.0
k__Bacteria|p__Actinobacteria|c__Actinomycetia|o__Bifidobacteriales|f__Bifidobacteriaceae|g__Bifidobacterium|s__Bifidobacterium_bifidum	1.93409	4.026561611526783	2.1972630194729024	0.0	0.0	0.0	0.0	0.0	0.0	2.678229998016449	0.0	0.0	0.0	0.0	1.4576281023772353	0.0	1.731642892968587	0.0	0.0	0.0	0.0	0.0	0.0	0.0	0.0	0.0	0.0	0.0	0.0	0.0	0.0	0.1715690399522983	0.0	0.0	0.0	0.0	0.0	0.0	0.0	0.0	0.0	0.0	0.0	0.0
k__Bacteria|p__Firmicutes|c__Clostridia|o__Eubacteriales|f__Clostridiaceae|g__Clostridium|s__Clostridium_sp_AF34_10BH	1.89599	0.0	0.0815532826028864	0.0	0.452272835316397	1.460915882042111	0.1783118756076292	0.0835729302034291	0.0167568233769092	0.3482306792241385	0.0654552966791616	0.0	0.0	0.4144758421070468	1.0278127210645445	0.0	0.4096212158922007	0.0	0.0	0.0	0.2845168570753165	0.3023132920644236	0.0	0.2433771186114773	2.5669421657719784	1.374898114588993	1.069675309408325	0.1699045236357469	0.0	0.1214457411180216	0.3727038186841441	0.877515699759028	0.1822136376289883	0.0	0.0	0.0	0.0262371522880177	0.0	0.0613764733574809	0.0	0.0	0.0	0.0	0.0
k__Bacteria|p__Firmicutes|c__Clostridia|o__Eubacteriales|f__Lachnospiraceae|g__Coprococcus|s__Coprococcus_eutactus	1.5394	0.3714081020109711	3.330695856169373	2.324646889654702	0.1706062965729692	0.3276396848548702	0.116426447294757	0.0	0.0	0.0	0.1704245492271242	0.7970847394423812	0.997773493321298	1.1143034810404904	2.7906670344847733	4.452032318932996	0.4065556865883686	4.150320537583487	6.743093484423865	1.0609417497317333	0.0	0.0	2.909456187614368	0.0	0.0	0.0	0.0	0.7512009613507447	0.4117461390038206	0.5981755280560683	1.0446682671181242	0.069933826553058	0.0	0.0	0.0	0.0	0.0	0.0	0.0	0.0	0.0	0.0	0.0	0.0
k__Bacteria|p__Firmicutes|c__Clostridia|o__Eubacteriales|f__Lachnospiraceae|g__Waltera|s__Waltera_intestinalis	1.37172	0.2754523720561582	0.3468589003250669	0.0	0.0	0.1517038182282931	0.1342530541428395	0.0	0.0	0.1402099226924021	0.0	0.0	0.0348487065682071	0.0431070647714013	0.2631673000082735	0.017304585946306	0.0	0.519510659278609	0.7727764261579865	0.0	0.0	0.0	0.0	2.0576183195093	0.0	0.0	0.0	0.096410064456195	0.0	0.0	0.5179524091521234	0.3119866764572097	0.0674339714389004	0.0	0.0392051510911828	0.0	0.0	0.0	0.0	1.3071360290741705	3.000538912322939	0.0	0.0	0.0
k__Bacteria|p__Firmicutes|c__Clostridia|o__Eubacteriales|f__Lachnospiraceae|g__Dorea|s__Dorea_longicatena	1.22151	1.8820118162650248	1.5727243271814286	0.3378637173076441	0.0684204795957966	1.1830545195748774	0.2240350226796489	1.7306341781836243	0.2308350564325889	1.8404435751191852	1.3141441278728478	0.208675957091492	0.8500222153436553	0.1506561484235731	0.6928292936074899	1.0623120985942829	1.7550074165779523	0.3638869237776987	0.4414285676545503	0.0	2.338627898114699	1.790574457596443	6.344932245809763	2.090517871160497	0.0	0.0	0.8667388036293372	0.085614268192532	0.6502785217367714	1.5425356875363547	0.6399547082948359	0.8254133662137846	0.2478369726794713	0.1858777064569441	0.0243432383857311	0.0	2.3609705727678008	3.230215888110217	2.7892271736006715	1.1538224469729177	3.238046696195719	0.6746053901215315	0.0	0.0
k__Bacteria|p__Firmicutes|c__Clostridia|o__Eubacteriales|f__Lachnospiraceae|g__Lachnospiraceae_unclassified|s__Eubacterium_rectale	1.10019	3.2235577742625336	12.340307208945651	4.211219756517481	2.540392798342493	6.86244796136339	4.551403753815717	8.189334802555386	1.5992814163098867	14.35790128024864	13.001988018784164	5.840756896703151	7.565500391187211	5.81982232711495	9.33394147096722	17.819246466121903	7.279464275913891	4.777163185995659	17.575595041237612	0.5150145824368375	21.2932256887202	18.697931298510387	22.924445648110325	14.135795606753376	0.0	0.0	0.0	2.2065338390942606	2.2648961632467826	16.385641010036494	3.930861257590828	6.628391328789704	16.261317248357816	3.937628540053368	8.674324691018516	0.019760051851695	9.31530846170769	14.658603459243722	30.84285383302011	7.338884319886353	7.954813775719576	5.871981881288263	0.0	0.0
k__Bacteria|p__Firmicutes|c__Clostridia|o__Eubacteriales|f__Lachnospiraceae|g__Blautia|s__Blautia_wexlerae	1.0358	1.6886463686841588	1.1003215395745047	0.3738299859048533	0.1282421372651793	0.8250010585415115	0.2109494534558316	1.5303348145114584	0.1942152332122739	3.250323256741819	4.217290207277714	0.9169960514305278	1.5794516207503144	0.4181959586532365	1.4494678760203896	2.4508542086986016	2.13574129019436	1.076967133933895	4.052417913354718	0.0461038218499885	2.4641526381310124	4.919795635051145	7.348372894514963	2.0035548482953023	6.895931855838215	1.719087381843154	2.8251810672942907	0.294173696592367	1.2225759277482957	2.157966812403984	0.6584762830873759	1.2306050417855765	8.550665096143511	2.742156263572741	1.4922509607871135	0.4499094972720292	2.249531410598372	3.937788079182885	3.7945190680531895	3.512847782724128	8.828069505382343	4.30368548442717	0.0	0.0
k__Bacteria|p__Firmicutes|c__Clostridia|o__Eubacteriales|f__Lachnospiraceae|g__Roseburia|s__Roseburia_intestinalis	0.92556	0.0	0.0	0.0186164004274042	0.372158902826164	0.4450113876424073	0.0680617559103448	2.188257730184332	0.0	0.3915424445485839	0.0	0.0	0.1578513987389735	0.1877201667316938	1.476525468677299	0.0	0.0	0.024395463736756	0.2742817700900122	0.0	0.0	0.0	0.0	0.021036617790995	5.765585776280656	2.577941460638344	6.610754811937516	0.0	0.0	0.0	0.0439544409197037	1.1947358119953988	0.0	0.0	0.1415059561814334	0.0456865764564939	0.0	0.0	0.0	0.9549484932489766	0.2965873202707152	0.3053459520225856	0.0	0.0
k__Bacteria|p__Firmicutes|c__Clostridia|o__Eubacteriales|f__Oscillospiraceae|g__Agathobaculum|s__Agathobaculum_butyriciproducens	0.82376	1.0953150099597604	0.8128669804366525	0.1508634769917251	0.1196984359921399	0.0154543194505293	0.0714591178150115	2.267289449456461	1.8219687859135056	1.6039313723333375	0.1209331545851076	0.0	0.0	0.5704807295279065	0.6209748192303401	0.3470474954754807	0.8597025526754543	0.0	0.0303212186392851	0.3472067983942072	0.1257808228485663	0.4177303902802289	0.0	0.0	0.8066193209468505	1.088233635268818	0.9984512600116688	0.549880513899839	1.3313888646685264	0.5825474687787168	0.5660570547938591	1.2917735079203352	0.3904694463760716	0.7204248403654521	1.304844592313272	1.4373804973780648	0.4808704423086846	0.5902134887001489	0.9535993948676552	1.303919901402849	0.2247279196919409	1.0913945058947	0.0	0.0
k__Bacteria|p__Firmicutes|c__Clostridia|o__Eubacteriales|f__Oscillospiraceae|g__Oscillospiraceae_unclassified|s__Oscillospiraceae_bacterium	0.75642	0.1080275557996215	0.4630349563669996	0.0	0.0	0.0	0.0	0.0	0.0	0.0	0.0	0.0	0.0	0.0	1.824063680482245	0.2624277348378515	0.0	0.0	0.0	0.0	0.0	0.0	0.0	0.0	0.0	0.0	0.0	0.0	0.0	0.0	0.0	0.0	0.0	0.0	0.0	0.0	0.0	0.0	0.0	0.0	0.0	0.0	0.0	0.0
k__Bacteria|p__Firmicutes|c__Clostridia|o__Eubacteriales|f__Clostridiaceae|g__Clostridium|s__Clostridium_fessum	0.52084	0.2243987639280515	0.445752636499728	0.4604900199921246	0.1461799727490353	0.0229340478145125	0.539676664447153	0.6058121873028596	0.03856204442553	0.2851272758534399	0.1592762044160602	0.0	0.0812368833547749	0.3726459602051899	0.1271660838560699	0.4544465972061883	0.4510301910915825	0.0361101171152973	0.2213362575429528	0.0	0.6084704703175592	0.5607558164388668	0.0	0.0	0.5268055549732156	1.261544727553624	0.8242526813668359	0.190219109783554	0.0732215142446728	0.0	0.0	0.1192862431043252	0.6281032383262173	0.0646955425006485	0.2374510516788428	0.045565069604216	1.7002008538615214	0.9668121671640836	0.934616462701452	0.3526445191136123	0.0684566852013985	0.0333996825091298	0.0	0.0
k__Bacteria|p__Firmicutes|c__Clostridia|o__Eubacteriales|f__Lachnospiraceae|g__Faecalicatena|s__Faecalicatena_fissicatena	0.50066	0.2888588840196948	0.5803321624243488	0.5190671369060895	0.3385195555096439	0.1853382583552718	0.1891070884912218	0.0	0.0	0.0	2.08032072166696	0.8862520467462963	0.2622083468006708	0.8975338327994947	0.1128166632605264	0.2769404471794482	0.1318501995283097	0.1208823407734837	0.6522085490786409	0.0	0.4681635695705169	0.5100354940233432	0.3494673689835813	0.5711553119305472	0.0	0.0	0.0	0.128084523305244	0.3458833260243362	0.0	0.2892709840862671	0.8287218600971623	1.711035075015004	0.0	0.0	0.096742236948018	0.0575214214458113	0.2422833870225333	1.4859668553753016	0.9428772365737752	0.1219204291256187	0.0083416039732712	0.0	0.0
k__Bacteria|p__Firmicutes|c__CFGB3035|o__OFGB3035|f__FGB3035|g__GGB9602|s__GGB9602_SGB15031	0.47993	0.4826418870343528	0.0	0.2513498215577881	0.0	0.0	0.2544967620046378	0.0	0.0	0.0	0.0	0.0	0.0	0.0	0.0	0.1964288489031028	0.0	0.0	0.0	0.0	0.0	0.0	0.0	0.0	0.0	0.0	0.0	0.0	0.0	0.0	0.0	0.0	0.0	0.0	0.0730210087056963	1.0156757781910453	0.0	0.0	0.0	0.0	0.0	0.0	0.0	0.0
k__Bacteria|p__Firmicutes|c__CFGB3005|o__OFGB3005|f__FGB3005|g__GGB9468|s__GGB9468_SGB14861	0.47873	1.4841709640256122	1.0533245918912324	1.969660630479899	7.740309875727767	0.7227916250731551	0.9482762355432448	5.252969170109445	15.868456907491192	1.4297564449938172	0.2224309181053646	0.3841919362953347	1.1440936466959508	3.3124637749830703	1.790249359046782	1.4542391718655854	0.8404335113370816	3.452916224422493	1.378250561322515	2.659344716976401	0.2226596074225358	0.8213498573896767	0.4547641551660834	0.5768361534974045	4.300766858343194	10.876485357876726	4.861191998957628	0.9372365042222552	6.3364753198997255	6.8514706504038205	0.6295277476708875	0.9407036361862382	3.797524364013843	3.946727688198141	1.6206972397229835	1.1476929731909935	0.0	0.0	0.0	4.873588813762389	5.807639141213253	0.5803860168282217	0.0	0.0
k__Bacteria|p__Firmicutes|c__Clostridia|o__Clostridiales|f__Ruminococcaceae|g__Candidatus_Cibionibacter|s__Candidatus_Cibionibacter_quicibialis	0.47706	1.385530949139279	1.1961757134851478	1.388590244527108	4.190689411615351	1.919686075872496	3.792921713665761	0.0	0.0	0.0	0.5311130837874528	4.356111536373323	7.464285337368858	15.697040338344683	6.062825770951811	4.724663387635505	1.36004072833661	0.0	0.0	10.810717211665608	0.1554246182924471	0.1720708999395905	0.273750686511148	5.486459717669678	0.0	0.0	0.0	1.970914410480571	2.018850757698932	6.9899315566522136	8.798116742991724	4.117897576592133	15.683822112689846	1.3443969984211257	3.933426776688398	2.3424622574614102	0.0	0.0	0.0	7.683992925904161	0.5323981201249577	6.440283799838156	0.0	0.0
k__Bacteria|p__Firmicutes|c__Clostridia|o__Eubacteriales|f__Lachnospiraceae|g__Blautia|s__Blautia_massiliensis	0.40664	0.4550161212807914	0.3120202016978664	1.8088110337647951	0.1321714524128721	0.7271561520360867	0.0596714171839882	2.442751985014629	0.8827739743164652	2.0378236660346567	2.8290574121508643	2.308723380625209	2.460539109803698	0.6926274133601731	0.7955146983930228	0.8157469008738785	3.7510887063985257	0.1882878927220387	1.1987852287780285	0.0	0.2868480938930658	0.3160292102387624	0.7333126267172502	0.6091310217325212	0.0	0.0	0.0	0.9942630651824894	3.221088729632623	2.1438183327031863	0.9942827238398998	1.596043229813199	7.894064724749138	2.8261029671059323	2.962492012189704	0.2809770017143982	3.3357023827134062	4.243073553478252	0.2886443556806336	2.9487234689871857	3.8417531344604416	4.4916169151191045	0.0	0.0
k__Bacteria|p__Firmicutes|c__CFGB38642|o__OFGB38642|f__FGB38642|g__GGB9758|s__GGB9758_SGB15368	0.4	0.1440342556171514	0.4793705273323639	5.219801610985678	2.8259414059592927	3.0688141051890465	3.899690491725904	0.0	0.0	0.0	0.0	0.0409224103097412	0.4754376877921197	3.1897513591414755	2.210838469393979	2.8976545935099107	0.0	7.343799459039151	5.940488235484838	9.82333427980574	1.104714847010966	0.2273800038031465	0.5324718061574636	0.2836283475844893	0.0	0.0	0.0	0.7359395599562487	0.4077500230849766	0.3671946614112846	0.4713998028795771	0.0	0.0	0.0	0.0	0.0	0.0	0.0	0.0	0.0	0.0	0.0	0.0	0.0
k__Bacteria|p__Firmicutes|c__Clostridia|o__Eubacteriales|f__Clostridiaceae|g__GGB3480|s__GGB3480_SGB4648	0.39483	0.0	0.2032852598323274	0.157382870599752	0.0	0.0	0.0	0.0	0.0	0.0	0.0	0.0	0.0	0.0	0.0	0.0	0.0	0.0	0.0	0.0	0.0	0.0	0.0	0.0	0.0	0.0	0.0	0.0	0.0	0.0	0.0	0.0	0.0	0.0	0.0	0.0	0.0	0.0	0.0	0.0	0.0	0.0	0.0	0.0
k__Bacteria|p__Firmicutes|c__Clostridia|o__Eubacteriales|f__Eubacteriales_unclassified|g__Gemmiger|s__Gemmiger_formicilis	0.39027	0.4894644445686332	0.4415753145904356	5.904776354840745	7.000008003392721	3.865956826201362	6.536234192775601	6.516324729063061	8.761208335922177	4.450794639036356	2.04991839376874	5.975201331448893	4.046899607947757	2.651200201352179	2.162575025349214	0.10873215849692	2.3110117116610738	5.501040200399706	3.736619397743223	4.341093773009086	0.7803197116441494	2.720290153797348	2.2975103072682628	0.1737748748763698	1.0924385092770963	2.218726358978195	2.26298395654786	3.463539008264026	3.500930554567283	4.917133043623618	3.748106478167955	2.16484637303597	0.9179437128090676	4.351678300082327	3.674697157550783	2.448674434708838	1.528618518876184	1.858566351052556	1.2823606790635491	0.7696891925894234	0.660371708739379	1.598236351301548	0.0	0.0
k__Bacteria|p__Firmicutes|c__Clostridia|o__Eubacteriales|f__Lachnospiraceae|g__Roseburia|s__Roseburia_inulinivorans	0.36873	0.449058500002223	0.0	0.0147843284685142	0.0	0.0671958677211204	0.0328895170456271	0.1794843704592011	0.0	0.0	0.1107578161998612	0.0	0.0	0.073305153693582	0.6172398284072351	1.3173367571770045	0.6874408914513904	0.0	0.0	0.0	0.0	0.0	0.0	0.3427838896707403	0.0	0.0146317703337674	0.0	0.9315017271068696	0.3037129320189739	0.0	0.3836109682841954	3.5295270552591003	0.0	0.0888001532021339	0.1428293368089838	0.1117483332043398	0.0	0.0	0.1370905846341442	0.0	0.0	0.0	0.0	0.0
k__Bacteria|p__Actinobacteria|c__Coriobacteriia|o__Eggerthellales|f__Eggerthellaceae|g__Adlercreutzia|s__Adlercreutzia_equolifaciens	0.32218	0.4140434943399492	0.2954936199891348	0.1336272719732431	0.0999809908421946	0.1178503405028028	0.1934893036221851	0.4580230720239885	2.7470101770257345	0.3263790083145764	0.0228986342753882	0.1654941644341102	0.1939749576834072	0.0	0.1089819704236628	0.0500189727498361	0.1901682450940666	0.0622929712644494	0.1435290734164452	0.4844976027087774	0.0	0.0	0.0	0.0	0.0	0.0	0.0	0.1276614659770598	0.130296121077431	1.1473307352664324	0.0441259369825976	0.0	0.0	0.1039168941463183	0.1967135651241805	0.6866807872920706	0.0	0.0	0.0	0.0	0.0767579111477474	0.0	0.0	0.0
k__Bacteria|p__Firmicutes|c__Clostridia|o__Eubacteriales|f__Lachnospiraceae|g__Lacrimispora|s__Lacrimispora_celerecrescens	0.31085	0.5426803933360199	0.4200243198496524	0.3603446648800306	0.0557663524568341	0.1591916590959248	0.0173838046223056	0.8199948717840565	0.0235890341413538	0.422570625485613	2.417566398018816	0.6000188758006463	0.9821051463747712	0.1248210533309098	0.1540779581851785	0.9043155277812316	0.6004706897204523	0.5246554451953704	0.8936380130475132	0.0	0.814502354528648	1.51198667840344	1.4376289675608145	1.1041360050406732	0.0	0.0	0.0	0.2264766896879316	0.7089938103085672	1.503844681609468	0.4481449367511658	0.7431392871502582	0.0	3.057236737759877	0.8220979761567506	0.613366590298887	0.0	0.0	0.0	1.784536985925988	2.3458529747796897	3.3873898120850643	0.0	0.0
k__Bacteria|p__Firmicutes|c__Clostridia|o__Eubacteriales|f__Lachnospiraceae|g__Dorea|s__Dorea_formicigenerans	0.30621	0.7774061979033919	0.3853268030762452	0.0536652450175063	0.0	0.0545728120439426	0.0412645867297155	0.1718402206804156	0.0	0.1642408019201752	0.2449502447910273	0.0247562686276131	0.2359381629963627	0.0186605846107259	0.1881913856619169	0.6944387351485383	0.6590158115309375	0.0258688531307581	0.0830939607097675	0.0	0.9982197105637804	1.0609834204441628	1.4083557424570494	0.3240625728544729	1.3144534017596383	0.7416114506992063	0.529725444032267	0.0943026122102405	0.2474099329347729	0.6613720707196302	0.0719425983839864	0.1900966056992132	0.4686775199280331	0.4388220410552725	0.1587273172425836	0.0045413186038868	0.1753234858168252	0.2486934553409672	0.3008058197183289	0.7336823583925373	1.9842291793655555	0.7705795774112125	0.0	0.0
k__Bacteria|p__Actinobacteria|c__Coriobacteriia|o__Coriobacteriales|f__Coriobacteriaceae|g__Collinsella|s__Collinsella_bouchesdurhonensis	0.28626	1.1994279835675816	1.0715453558454822	0.0	0.0	0.0	0.0	0.0	0.0	0.0	0.0	0.0	0.0	0.0	0.0	0.0	0.0	0.0	0.0	0.0	0.0	0.0	0.0	0.0	0.0	0.0	0.0	0.1207750328016173	0.2307432055659356	0.1231102681416448	0.2267435195551552	0.2394232417786619	0.3241039135267328	0.0	0.0	0.0	0.0	0.0	0.0	0.0	0.0	0.0	0.0	0.0
k__Bacteria|p__Firmicutes|c__Clostridia|o__Eubacteriales|f__Eubacteriaceae|g__Eubacterium|s__Eubacterium_ramulus	0.26139	0.4410876650250147	1.1584718537074388	0.1851410359121354	0.0643415512460874	0.1244295809617946	0.1214652312432514	0.0	0.0	0.0	0.3552627868638195	0.0771843784832601	0.0378836777090304	0.0780281588017629	0.3415254134367438	0.7254176329545464	0.932229083268496	0.132299095749959	0.3188133604277658	0.0	0.2870688549553526	0.3876763931041043	0.0	0.1360776377002222	0.0	0.0	0.0	0.0429481532056607	0.4035995856164211	0.4516879026048705	0.0	0.0873356450305639	0.0	0.0	0.0	0.0	0.0	0.0	0.0	0.2638949155722931	1.2230531209889524	0.1409756021444872	0.0	0.0
k__Bacteria|p__Bacteroidetes|c__Bacteroidia|o__Bacteroidales|f__Bacteroidaceae|g__Bacteroides|s__Bacteroides_uniformis	0.24996	0.5010068697741697	0.969587142962016	0.4615129883540316	0.404325741259681	1.7967329705747417	0.6365587376386591	0.515713763385833	0.5461980591474658	3.963264878096568	0.0556427742493049	0.0369554419633887	1.1170750011739874	1.6591205494179544	1.174612432245356	0.3380933783288457	1.474000563726683	2.6073356358122397	3.558899047012165	0.0484774526299776	2.9778901214000304	0.2343220065065802	0.2138195401532226	0.0327642935186525	0.4541744380476066	1.7237133513866163	2.656286407221549	0.8959179051696001	0.6072715424882364	0.1916425446531546	2.386847904144567	0.629773959073588	0.3894254758458129	0.5161177209680612	0.4037181559178655	0.1140417750410854	0.0035840421351521	0.2383284417411151	0.0726339882444046	0.2594544175810583	0.0384882973276454	0.0347968803830177	0.0	0.0
k__Bacteria|p__Firmicutes|c__Clostridia|o__Eubacteriales|f__Lachnospiraceae|g__Coprococcus|s__Coprococcus_comes	0.24141	0.4455241915090548	0.7391866623864682	0.5750624765257176	0.2022691747470626	0.5684106806408333	0.2956239273539399	1.5203667899305855	0.2812019488926534	1.0326297791298171	1.2279258635647965	0.1686930919164132	0.3188117923051318	0.4096842634219775	0.4261494149606493	0.6496597654105438	2.0017906354023136	0.7393113721543321	0.3696165190652689	0.0	1.2963796012884254	1.1693240461705112	2.037606582261069	1.0975163129067445	1.445113349438891	0.6057878449369801	0.5727045294667011	0.1526375171298593	0.7664339155485368	1.622497716276744	0.3225326454845368	0.7081036259488798	0.0	1.2515309041383076	0.5777775342467412	0.1626672984870513	0.3540248086048623	0.5813769563684779	0.4390430805900259	0.1595302792889814	2.1837472643078883	0.1270036234056082	0.0	0.0
k__Bacteria|p__Bacteroidetes|c__Bacteroidia|o__Bacteroidales|f__Rikenellaceae|g__Alistipes|s__Alistipes_shahii	0.22222	0.1201888578088141	0.4287194610803267	1.3628942535315849	0.0802477969341423	0.2824124770140823	0.3778935270948121	0.0	1.4885059345202414	0.1260195310265509	0.0	0.0	0.4074099200258604	0.1074547949839504	0.0	0.0	0.0	0.4493918164788042	0.4206961104652955	0.271393031281355	0.2556942927831429	0.2010827562740374	0.0	0.0	0.0	0.1889108895785941	0.3498486599625789	2.127617978597978	0.110096242438884	0.0	0.7718351806602365	0.0	0.0348669845066883	0.4018176972830704	0.2007968908762935	0.1328601487876266	0.0	0.0	0.0	0.149700827424889	0.0896864801137156	0.0	0.0	0.0
k__Bacteria|p__Firmicutes|c__Clostridia|o__Eubacteriales|f__Lachnospiraceae|g__Blautia|s__Blautia_SGB4815	0.19728	0.1594838066674562	0.0539314681489964	0.1372644928155794	0.0639005860190918	0.4195543511931889	0.0413332974199222	0.1624914521356292	0.0	0.1189796666548299	0.2394750221915107	0.1077941624339685	0.2142574477464703	0.0	0.103805135093897	0.191364909992459	0.032123178763171	0.1316227858641875	0.2055623130314614	0.0	0.1082435640604975	0.2227576049086083	1.6943216944679018	0.0	0.0	0.0	0.0	0.0	0.0	0.1244233950158364	0.0	0.0612200270783958	0.0	0.2003952560839751	0.4042840752651732	0.0523618591535116	0.0	0.0	0.0	0.0	0.0	0.0842227551718023	0.0	0.0
k__Bacteria|p__Firmicutes|c__CFGB1325|o__OFGB1325|f__FGB1325|g__GGB3175|s__GGB3175_SGB4191	0.18529	0.0	0.0	0.0	0.3107938668622967	0.4861255561333694	0.0	0.0	0.0	0.0	0.0	0.0	0.0	0.0	0.0	0.0	0.0	0.0293711721820746	0.0352883698408774	0.0	0.0	0.0	0.0	0.0	0.0	0.0	0.0	0.0	0.0	0.0	0.0	0.0	0.0	0.0	0.0	0.0559159345826404	0.0	0.0	0.0	0.0	0.0	0.0	0.0	0.0
k__Bacteria|p__Bacteroidetes|c__Bacteroidia|o__Bacteroidales|f__Bacteroidaceae|g__Phocaeicola|s__Phocaeicola_vulgatus	0.18253	0.0812294445666121	0.0646945082969944	1.6848045356713923	0.04006484062417	0.7386353446988159	0.1593171870260321	0.0	0.0	0.0	0.0	0.0	0.0	0.0	0.3172441383937237	0.1342782211802507	1.7633686883034836	0.0	0.0	0.0	1.2906486441114582	0.3044059781094055	0.0435093984986412	0.2723462280581538	0.6904643698284845	1.9596891977648117	2.4607626069168105	0.2922386010356727	0.1549956912180911	0.125255658527648	4.223382092068935	1.2572706431365397	0.4906498371820724	0.7817306719862044	0.2862681252227607	0.0535237684284191	0.0465336319958518	7.849735271925586	2.1776888333046145	1.1765508988270823	1.5788511877621294	0.6048536129292824	0.0	0.0
k__Bacteria|p__Firmicutes|c__Clostridia|o__Eubacteriales|f__Lachnospiraceae|g__Anaerobutyricum|s__Anaerobutyricum_hallii	0.17668	0.195706740548914	0.1024565017792067	0.1344391516255503	0.0	0.6064745477599324	0.0096882073191506	0.25519341487104	0.0	0.6777763496261153	0.1963493984031489	0.016002094118933	0.1075152920131232	0.0	0.1850776150783837	0.1774809980122832	0.2803418438488506	0.9656336446428512	0.6682589263526557	0.0	0.7633564316180264	0.373464617593806	1.3011503210402184	0.0	1.2188530921092602	0.3499888624040207	0.1746276391833669	0.1204851601878615	0.5335708192207754	0.2120145059478322	0.0061052598390224	0.0	0.0	0.8679457426486193	0.3176287635151082	0.2049061180101595	0.0	0.0	0.3103391352991513	0.1989343100073171	0.3742899441710505	0.3617661328348209	0.0	0.0
k__Bacteria|p__Firmicutes|c__Clostridia|o__Eubacteriales|f__Clostridiaceae|g__Clostridiaceae_unclassified|s__Clostridiaceae_bacterium	0.14907	0.2515920615537569	0.114116461939538	0.0845572657877955	0.039505759711372	0.1504707176737101	0.0516399009509335	0.9220922137336366	0.2005584450207957	1.4073088968097442	0.614305133194868	0.0629271539001286	0.0971108516523061	0.1288240358817638	0.2309635495642932	1.191928813095199	0.5040119449062245	0.3463431232884607	0.2636563857805191	0.0	0.5481673785432782	0.3367291529246671	0.0	0.2048046817541612	1.8405690849452023	0.2882236023885272	0.9869579149475326	0.1895610206063786	0.4960381938935838	0.9965060921814608	0.2084963384632454	0.6978515916557121	1.5876834320491198	0.9564976594479326	0.743705086877379	0.0162363531356356	0.439825795391052	0.0805509628331362	0.1008489196078395	0.42841752172909	1.5079102579150374	2.0999884044535198	0.0	0.0
k__Bacteria|p__Firmicutes|c__Clostridia|o__Eubacteriales|f__Lachnospiraceae|g__Coprococcus|s__Coprococcus_catus	0.1477	0.4397977169884786	0.3661675950350171	0.2614820796185821	0.0056853016766216	0.4007333427285023	0.0364319348518413	0.0	0.0	0.0	0.2911433125658653	0.0	0.1797459601939103	0.2842717629904062	0.1090740030517476	0.258403412524757	0.1384435204913136	0.47084855273572	0.2962668132344512	0.0	0.0115855405488148	0.2785205442999917	0.7565156432914437	0.9080037564908178	0.0	0.0	0.0	0.0917329306612699	0.3434547921630875	0.1814796824366994	0.22885292112875	0.2292485489009498	0.005464533244323	0.0	0.0	0.0	0.0	0.0	0.1601329180792751	0.0	0.0	0.0	0.0	0.0
k__Bacteria|p__Firmicutes|c__Clostridia|o__Eubacteriales|f__Lachnospiraceae|g__Lacrimispora|s__Lacrimispora_amygdalina	0.12186	0.0	0.0	0.0	0.0	0.0	0.0	0.0	0.0	0.0	0.0	0.0	0.0	0.0	0.0	0.0	0.0587073191281482	0.0	0.0	0.0	0.0543160517650612	0.0774209793027013	0.0	0.0	0.0388627773710576	0.8104698640146761	0.2950841031399003	0.0329357964386351	0.0	0.0	0.0	0.1092748265481305	0.0	0.0	0.0342250608348744	0.0	0.1379119775019495	0.2414140633012554	0.1495449951558858	0.0	0.0	0.0	0.0	0.0
k__Bacteria|p__Firmicutes|c__Clostridia|o__Eubacteriales|f__Oscillospiraceae|g__Oscillibacter|s__Oscillibacter_sp_ER4	0.10411	0.4790702968060246	1.229112609493605	2.2870649805494017	0.5507655685174816	0.387761449394436	1.1239160287539451	0.0	0.0	0.0	0.0	0.0	0.8668996158340875	0.0	1.4892489795100126	0.6487878289093734	1.6182994073856336	0.2713934955902883	0.6910300751655205	1.0052247232227889	1.798964235690711	2.9638401493697515	0.0704623219449868	0.5216428790586253	0.0	0.0	0.0	2.231274858398069	1.375402995083599	0.1235171525251971	0.8884953774438045	0.2657279165241658	0.1697512394240246	1.60973603340857	1.7853362375320592	1.9530859551585824	0.0	0.0	0.0	0.0364638174853044	0.0920395146548831	0.0	0.0	0.0
k__Bacteria|p__Proteobacteria|c__Betaproteobacteria|o__Burkholderiales|f__Sutterellaceae|g__Sutterella|s__Sutterella_wadsworthensis	0.1035	0.1832024465762494	0.0	0.0	0.0	0.0	0.0	0.0	0.0	0.0	0.0	0.0	0.0	0.0	0.0	0.0	0.0	0.0	0.0	0.0	0.3823228381108908	0.1576742284735106	0.0	0.0	0.0	0.0	0.0	0.0	0.0	0.0	0.0	0.0	0.0	0.0	0.0	0.0	0.0	0.0	0.0	0.0	0.0	0.0	0.0	0.0
k__Bacteria|p__Firmicutes|c__Clostridia|o__Eubacteriales|f__Oscillospiraceae|g__GGB13489|s__GGB13489_SGB15224	0.09685	0.0166425665754248	0.2613940498906163	0.0	0.0	0.0467685835340165	0.1819230041040502	0.0	0.0	0.0	0.0	0.0	0.061061316394234	0.0	0.0751139632884837	0.0066401318166058	0.0212154091503295	0.6198541129258668	0.0604351127066777	0.4557054613475095	0.0	0.0196830149291062	0.1326314366757134	0.0300113927033408	0.0	0.0	0.0	0.0	0.0	0.0	0.0	0.0	0.0	0.0	0.0	0.0	0.0	0.0	0.0	0.0	0.0	0.0	0.0	0.0
k__Bacteria|p__Firmicutes|c__Clostridia|o__Eubacteriales|f__Lachnospiraceae|g__Roseburia|s__Roseburia_hominis	0.09599	0.1852231166219215	0.3073861149674783	0.0	0.0	0.1119850003648854	0.148094440958931	0.0	0.0	0.1879992801081719	0.0	0.0	0.0	0.0762366741055564	0.0357853535536109	0.0275749918495157	0.0436716277807816	0.0	0.0	0.0	0.23519883576043	0.2018391488204164	0.7109703672095185	0.0	0.0	0.0	0.1561506491835167	0.3334945249285967	2.9125999517594208	0.7361000867079599	0.0934996534897482	0.9058914057406202	0.0	0.0	0.0458568800349233	0.0	0.1785245755046597	0.0	1.4390954179278868	0.5350843191068865	1.0185490520746288	0.2116172613159387	0.0	0.0
k__Bacteria|p__Firmicutes|c__Clostridia|o__Eubacteriales|f__Lachnospiraceae|g__Mediterraneibacter|s__Ruminococcus_torques	0.08901	0.1633611071240964	0.6840509960727652	0.4499193469190848	0.0311195460194024	0.1421391764266269	0.0258046814331986	1.1813141221727648	0.2516347303324104	0.5080790143779194	3.402298375849357	0.541409155495514	0.3502718590087882	0.6985333126696771	0.2939598834882881	1.1449700021042786	0.5565638758290592	0.4423388705271875	0.384206985812207	0.0	1.6918774595965966	1.2594524202523794	3.4954072045533198	0.6189253018008702	1.7813462453283149	1.0320281053157454	0.4683515291266381	0.0402061149674299	0.0872810196420692	0.7088943172440735	0.5956487004461997	0.97463073709942	0.0	1.8832925493169757	0.5688011827532902	0.4153711745120335	0.9057512729608284	0.4203896667973189	0.0221551240934476	0.8236821992323593	1.877004281946856	0.0624996548944499	0.0	0.0
k__Bacteria|p__Bacteroidetes|c__Bacteroidia|o__Bacteroidales|f__Bacteroidaceae|g__Bacteroides|s__Bacteroides_caccae	0.07863	0.040204623196546	0.0442895780164148	0.3456415243767471	0.0	0.004129264357123	0.0	0.0	0.0	0.0637163057101954	0.0926087726132104	0.0	0.3419647564282149	0.0	0.0	0.0169189217246344	0.0615214425896025	0.2729554493740938	0.2778322033836721	0.0	0.0	0.0	0.0	0.081791388385563	0.0	0.0	0.0	0.0788296821516524	0.0114116724918208	0.0	0.0	0.0	0.0	0.4142551970519831	0.222354064782971	0.0040021319469036	0.0	0.0	0.0	0.0	0.0	0.0	0.0	0.0
k__Bacteria|p__Bacteria_unclassified|c__CFGB2989|o__OFGB2989|f__FGB2989|g__GGB9365|s__GGB9365_SGB14341	0.07248	0.0	0.0	0.0	0.853015734106739	0.9638627834941156	0.1119526179101847	0.0	0.016949668035583	0.0	0.0	0.0	0.0	0.0	0.0128922373175353	0.0499519007112845	0.0	0.2138830013752227	0.0799495380360638	0.0582488993409328	0.0	0.0	0.1180659301423647	0.0	0.0	0.0	0.0	0.0	0.0	0.2680813245268747	0.0	0.0	0.0	0.1916984221092915	0.1738155976869585	0.6861871657046916	0.0	0.0	0.0	0.0	0.0	0.0	0.0	0.0
k__Bacteria|p__Actinobacteria|c__CFGB12107|o__OFGB12107|f__FGB12107|g__GGB34797|s__GGB34797_SGB14322	0.06887	0.0	0.0920920927478012	0.3306298696055869	0.0	0.0	0.0	1.769021393753919	1.1549397734884013	1.2583225531170468	0.1755452016884192	0.0977872610790718	0.0	0.0	0.6013642000626198	0.4105395639693643	0.4896250428295101	0.0	0.0	0.0	0.0	0.0	0.0	0.0623619554636228	0.0	0.0	0.0	0.2141531864058257	0.4988809592830053	0.4549614724179962	0.0324213306900897	0.5049277275470672	0.0	0.0	0.0	0.0	0.0	0.0	0.1659081487647601	1.2334841187030496	0.0347706776994069	0.2707403546818263	0.0	0.0
k__Bacteria|p__Bacteroidetes|c__Bacteroidia|o__Bacteroidales|f__Rikenellaceae|g__Alistipes|s__Alistipes_communis	0.02479	0.0	0.0598777156381681	0.0	0.0	0.0	0.041776099645699	0.0	1.0991594559669926	0.0	0.0	0.0	0.3600429856085121	0.2079065134281842	0.0680657978543284	0.0	0.0	0.3995461676358152	0.2119375436171573	0.3297210516482874	0.0	0.0	0.0	0.0	0.0	0.0	0.0058607843774228	0.1097912110587613	0.0	0.0	0.3045084092743891	0.0	0.0	0.0092361061601217	0.1705767977300586	0.0	0.0	0.0	0.0	0.0	0.0	0.0	0.0	0.0
k__Bacteria|p__Firmicutes|c__Firmicutes_unclassified|o__Firmicutes_unclassified|f__Firmicutes_unclassified|g__Firmicutes_unclassified|s__Firmicutes_bacterium_AF16_15	0.02453	0.2206034832887633	0.0558332707677399	1.91411182466904	0.2973129299227175	0.0437426196730992	0.1195107938329264	1.5664247899478847	0.1262719275759364	0.1578904526803882	1.3342391843111343	1.719524187288017	0.6213877227349649	1.6948559546738646	0.3398764955168925	2.5581527023714816	0.9943668756652184	0.0672203718607842	0.2087326512766516	0.6389814059730689	0.2079039380192815	0.626217389147154	0.1684838397048707	1.410583195221446	0.9057574346364694	0.9627584947075234	0.8075375782592639	0.0718570706315798	0.8714050580996352	0.1726854313285567	2.01311510908306	2.957638848908712	3.331261025937033	0.095588134837886	0.0	0.1495445584410371	0.0	0.0	0.0	0.805523580262378	1.09738883021419	1.313000068678135	0.0	0.0
k__Bacteria|p__Actinobacteria|c__Actinomycetia|o__Bifidobacteriales|f__Bifidobacteriaceae|g__Bifidobacterium|s__Bifidobacterium_catenulatum	0.02291	0.0640201956167553	0.1261667484015327	0.0	0.0	0.0	0.0	0.0	0.0	0.0	2.448158379711898	9.170743468584163	7.1902414256043805	0.0	0.0	0.0	0.0	0.0	0.0	0.0	0.0	0.0	0.0	0.0696897637032243	0.0	0.0	0.9454212032383832	0.0	0.0	0.0	0.0	0.0	0.0	2.7280752676196363	2.328348910951109	6.246826753350939	0.0	0.0	0.0	0.0	0.0	0.0	0.0	0.0
k__Bacteria|p__Actinobacteria|c__Actinomycetia|o__Bifidobacteriales|f__Bifidobacteriaceae|g__Bifidobacterium|s__Bifidobacterium_animalis	0.02131	0.6069764737929592	0.0	0.0	0.0	0.0	0.0	0.0	0.1618724290289753	0.0	0.0	0.0	1.7271782241658369	1.5217933900020426	0.0	0.0	0.0	0.3664552910819975	0.0	0.0	0.0	0.0	0.0	0.0	0.0	0.6092144890432488	0.0	0.0	0.0	0.0	0.0234263621913052	0.0	0.0	0.0	1.961354567447769	0.0	19.93319530543896	0.0	0.0	0.3093087076496396	0.0	0.0	0.0	0.0
k__Bacteria|p__Firmicutes|c__Clostridia|o__Eubacteriales|f__Lachnospiraceae|g__Anaerostipes|s__Anaerostipes_hadrus	0.0188	0.0286174599088174	0.0	0.0	0.0	0.0	0.0	0.0	0.0	0.0	0.0	0.0	0.0	0.0	0.0	0.0	0.2137517350822771	0.0	0.0	0.0	0.914939807426682	0.1266957515184784	0.0	0.4532579585164156	0.0	0.0	0.0	0.0	0.0	0.0	0.0	0.0	0.0	0.0	0.0	0.0	0.0	0.0	0.0	0.0	0.0	0.0	0.0	0.0
k__Bacteria|p__Firmicutes|c__Clostridia|o__Eubacteriales|f__Lachnospiraceae|g__Blautia|s__Blautia_obeum	0.0188	0.1062380325119414	0.1510313642989912	0.0280423231906909	0.0	0.0	0.0	1.0497721545073402	0.0666347168810507	1.762894404107845	0.082276763701773	0.0379919242944846	0.1397484949965557	0.3511995740333772	0.0848234055514223	0.152957783916864	0.2036549520577509	0.0218029425079654	0.0419832258082409	0.0	0.2765606283904978	3.150769960664876	2.5331930769096207	1.2588156141460944	2.9300446833394345	0.9031605870892448	0.5291503203316787	0.1270033767998844	0.7284302033853839	1.2255172685149571	0.0055221732251832	0.0924401784506322	3.8901930606138415	0.169870738412989	0.0249091577330388	0.0	0.0115769470612174	0.0	0.0	1.7441500100212433	1.6499845590958595	2.2325725027006675	0.0	0.0
k__Bacteria|p__Bacteroidetes|c__Bacteroidia|o__Bacteroidales|f__Tannerellaceae|g__Parabacteroides|s__Parabacteroides_merdae	0.01359	0.2988876707777353	0.1797328046936527	0.0	0.0	0.0	0.0	0.1225594258086461	0.0516410446691595	0.2059947737983995	0.0365949365913478	0.0	0.2637792939223436	0.0	0.0	0.0	0.0656574741900108	0.0	0.0	0.0	0.1967510891525489	0.0608811956218811	0.0	0.1844523109866252	0.0979883273768657	0.2630806012587804	0.1818577657050474	0.2785440786344514	0.1391330603451187	0.1924193239308454	0.7573866373614263	0.3273604311516581	0.0742524039646528	0.6226453772819766	0.2805741059436948	0.1191222803019554	0.0	0.5402799162702624	0.0309267788157496	0.0	0.0	0.0	0.0	0.0
k__Bacteria|p__Bacteroidetes|c__Bacteroidia|o__Bacteroidales|f__Bacteroidaceae|g__Bacteroides|s__Bacteroides_stercoris	0.0134	0.2114769145215948	0.2756368074938699	0.0	0.0	0.0	0.0	0.3915962094863891	1.28964176757208	3.373286788603379	0.0	0.0	0.0	0.0	0.0	0.0	0.1277222777937846	0.0	0.0	0.0	0.3081647820674859	0.2620059737040507	0.0	0.0	3.272663315519688	6.211991768049237	8.172507785358649	0.2675602568915954	0.0	0.0	2.778930777935721	0.7596130086422971	0.2306848631081109	0.3087889653570253	0.5021532965434292	0.0091282022773779	0.0	0.0	0.0	0.0	0.0	0.0	0.0	0.0
k__Bacteria|p__Firmicutes|c__Clostridia|o__Eubacteriales|f__Clostridiaceae|g__Clostridiaceae_unclassified|s__Clostridiaceae_bacterium_Marseille_Q4143	0.00392	0.0	0.0079061838124183	0.0053096929260891	0.0	0.0	0.0	0.0304500844411028	0.0	0.0	0.1081109088889503	0.0	0.0	0.0	0.0	0.0	0.0	0.0	0.0	0.0	0.1433357425216181	0.2171182782572717	0.0	0.0	0.0	0.0	0.0	0.0512526118700169	0.0	0.0	0.001877881888688	0.1417840015112933	0.0	0.0	0.0	0.0	0.0	0.0	0.0	0.0	0.0	0.0	0.0	0.0
k__Bacteria|p__Firmicutes|c__Clostridia|o__Eubacteriales|f__Lachnospiraceae|g__Blautia|s__Blautia_luti	0.00366	0.0274020753426014	0.099624559888414	0.0	0.0586956214647333	0.3093703266382864	0.0497770777942174	0.0	0.0	0.0	0.0	0.0	0.0	0.0	0.0	0.0730582179923017	0.1668037214847014	0.0	0.0	0.0	0.0	0.0	0.0	0.5175055714749197	0.0	0.0	0.0	0.2567879638128316	0.7123970065890463	0.3738342747610707	0.0	0.0	0.0	0.0	0.0	0.0	0.0	0.0	0.0	0.0	0.0	0.0	0.0	0.0
k__Bacteria|p__Firmicutes|c__Clostridia|o__Eubacteriales|f__Lachnospiraceae|g__Roseburia|s__Roseburia_faecis|t__SGB4925	13.71785	2.5895222170904453	5.375424339841134	1.1741241155736362	3.929716741024501	0.8944684272842319	0.0517315152045425	4.6830738328995904	0.0211578139802158	4.152285662103901	0.0	0.5228792375618939	0.0	2.1157177111286334	0.3622711016841758	0.0976065841021777	5.0487402364960365	0.0	0.0054077159168639	0.1970271789442961	0.0	0.0	0.0	5.612886289794834	0.0	0.0	0.0	0.0	0.0	0.0776686803967306	0.3331911257933921	6.705380411130432	0.0	0.0	0.0	4.407250980754728	0.0	0.0	0.0	0.6602546285025273	1.641989490060071	0.0	0.0	0.0
k__Bacteria|p__Bacteroidetes|c__Bacteroidia|o__Bacteroidales|f__Prevotellaceae|g__Prevotella|s__Prevotella_copri_clade_C|t__SGB1644	11.92858	1.2308639426544952	1.0595615079029197	0.0	0.0	0.0	0.0	0.0	0.0	0.0	0.0	0.0	0.0	0.0	0.0	0.0	0.0	0.0	0.0	0.0	0.0	0.0	0.0	0.0	0.0	0.0	0.0	10.053714538053107	4.67278342558147	2.6487618526916465	0.0	0.0	0.0	0.0	0.0	0.0	0.0	0.0	0.0	0.0	0.0	0.0	0.0	0.0
k__Bacteria|p__Firmicutes|c__Clostridia|o__Eubacteriales|f__Oscillospiraceae|g__Faecalibacterium|s__Faecalibacterium_prausnitzii|t__SGB15318	7.25208	5.072716925504564	2.4800170533609345	3.3716874832526917	0.1949066303320471	0.0140995313412178	0.0687870354180827	2.8180544362181887	1.2015737443412795	1.8378557652413092	2.268778873040384	2.803214933046946	0.8046868198742294	17.544661078931437	0.517990308403532	0.2339472704678894	1.729428899582486	0.9658832351959334	3.022610849192945	14.720000073179076	3.1492360275046063	1.486756784800888	0.0095057519513632	1.473247492393109	12.565651987165548	11.774754410504272	8.943949504695281	1.274358354020283	1.4268814151926106	8.227803314631394	10.666935064755863	8.572823261267873	4.690942925381598	0.8816929034393102	1.8639032558413715	3.475468089883312	7.193476963349465	1.7757131133092223	3.247219706758724	4.766266719593653	5.527339368584373	10.099079298925949	0.0	0.0
k__Bacteria|p__Firmicutes|c__CFGB14936|o__OFGB14936|f__FGB14936|g__GGB3256|s__GGB3256_SGB4303|t__SGB4303	6.20188	6.62198179911954	6.715098950484659	0.0	1.211055875289991	1.5028169633869846	2.399865911372008	0.0	0.0	0.0	0.0	0.0	2.935746501682693	0.0	0.0	0.0514358695642381	0.0	3.243300416374162	3.608095440217501	4.286136308349739	0.0	0.0	0.0	3.093512618501046	0.0	0.0	0.0	0.0	0.0	0.0	0.0	0.0	0.0	0.0	0.0	0.0	0.0	0.0	0.0	0.0	0.0	0.0	0.0	0.0
k__Bacteria|p__Firmicutes|c__Clostridia|o__Eubacteriales|f__Lachnospiraceae|g__Fusicatenibacter|s__Fusicatenibacter_saccharivorans|t__SGB4874	6.04587	4.281337533263204	4.746226646374484	5.771660567048455	4.964221163556136	4.569359567554431	2.921792314182419	0.0	0.0	8.04902509876758	14.771202304521658	7.578989962902819	9.023890385320238	7.466522487419013	8.723588750894994	4.464138821891554	13.310593116165728	2.4260845864254894	4.614829007232399	4.595697322573319	10.48406647419828	11.580722868250426	1.737584093112689	2.8709413832191646	0.0	0.0	0.0	0.5502017240934604	1.729148597956393	3.3973736341938414	3.8158388482078966	10.253031138077956	0.0	9.61056649383874	9.20560977427105	1.8341535293133109	17.837846441706773	12.655672052411475	13.375961571254644	18.16170576275973	6.988617555350848	14.72967581922684	0.0	0.0
k__Bacteria|p__Firmicutes|c__Negativicutes|o__Veillonellales|f__Veillonellaceae|g__Dialister|s__Dialister_invisus|t__SGB5825_group	5.74572	4.577123363675628	4.940393219414758	0.701618276727365	0.9422718206780768	3.5920787030255776	1.366571648479621	0.0	0.0	0.152135980715112	0.0	0.0	0.0	0.1171579561136434	0.0	0.0	0.0	0.0	0.0	0.0	0.0	0.0	0.0	0.0	0.0	0.0	0.0	2.4918154973997937	5.313697065906805	0.0	0.0	0.0	0.0	0.0	0.0	0.0	0.0	0.0	0.005867299580471	0.0	0.0	0.0	0.0	0.0
k__Bacteria|p__Firmicutes|c__Clostridia|o__Eubacteriales|f__Oscillospiraceae|g__Faecalibacterium|s__Faecalibacterium_prausnitzii|t__SGB15317	4.73039	2.317112034623343	2.164915765324405	0.0	1.9281991988287164	0.270746696767436	0.9549411724932988	0.0	0.0	0.0	1.0909381029536964	2.7680416441564484	0.0634300743578034	0.0	1.316565091680372	0.3038111826241725	0.6991758673843136	0.0272375755186289	0.4624633731778151	0.4163190146048902	0.5584901658158121	0.5154563072723926	0.0	2.6477415954389896	3.292704975401985	5.644933568123359	8.259260174671187	1.3548880998796384	0.3937961061163301	1.0862333461271063	1.3324986842760829	1.0296892314131878	0.1036956353258563	0.9322389709791792	0.9871810029921756	1.3472907605922624	0.0	0.0	0.0	0.905930568821463	0.7797204198162868	1.3428651732324888	0.0	0.0
k__Bacteria|p__Bacteroidetes|c__CFGB4405|o__OFGB4405|f__FGB4405|g__GGB1266|s__GGB1266_SGB1699|t__SGB1699	3.85609	0.5820126239298219	1.4644544549519145	0.0	11.275638341858096	7.45536651552656	10.382528843689732	0.0	0.0	0.0	2.955152448283106	1.204370098611125	0.663901993268612	0.0	0.0	0.0	0.0	0.0	0.0	0.0	0.0	0.0	0.0	0.3353367360200704	0.0	0.0	0.0	0.0	0.0	0.0	0.0	0.0	0.0	0.0	0.0	0.0	0.0	0.0	0.0	0.0	0.0	0.0	0.0	0.0
k__Bacteria|p__Actinobacteria|c__Actinomycetia|o__Bifidobacteriales|f__Bifidobacteriaceae|g__Bifidobacterium|s__Bifidobacterium_longum|t__SGB17248	3.80131	5.341130505962514	3.16431719388157	7.263034775557656	2.743835255568526	2.2932830938965254	1.246411920350298	0.0	0.0382934393652343	0.0	3.9533415997317376	7.305962620794369	8.116993304288798	0.0	1.4798002963599806	0.3321658869218503	2.164734060726634	4.000686975356552	2.2791535729100967	9.889360776002434	0.0	0.5407870532144619	0.0033981192015109	0.7193823124775355	0.6747653644043544	0.5546708814817167	0.8629776772064429	1.235766124415926	1.060903798958477	0.2158799075915795	0.5190328343483548	1.4556169998176811	0.7922105120710305	7.760092508949852	6.56546542230785	4.876973689126324	21.0261612286705	25.07875702084544	12.04983468747457	0.0	0.0	2.373556421499166	0.0	0.0
k__Bacteria|p__Firmicutes|c__Bacilli|o__Lactobacillales|f__Lactobacillaceae|g__Ligilactobacillus|s__Ligilactobacillus_ruminis|t__SGB7061	3.60087	4.283343290614812	0.964986275491344	0.0	0.0	0.0	0.0	0.0815020847494202	0.3866053294763847	0.0	0.0	0.0	0.0	0.0	0.0	0.0	0.0	0.0	0.0	0.0	0.0	0.0	0.0	0.0	0.0	0.0	0.0	0.0	0.0	0.0	0.0	0.0	0.0	0.0	0.0	0.0	0.0	0.0	0.0	0.0	0.0	0.0	0.0	0.0
k__Bacteria|p__Firmicutes|c__Clostridia|o__Eubacteriales|f__Oscillospiraceae|g__Faecalibacterium|s__Faecalibacterium_prausnitzii|t__SGB15316	2.48208	0.876090950871917	0.8538097180366758	5.460840560959165	1.1799520780286954	0.2922772814507456	0.2805762861986634	8.739407287943427	9.151353742347071	5.173508647693081	0.1771036611331611	0.2542513528300376	0.0	6.07831899689247	5.723823585401723	2.316031027205119	2.474814782769009	0.0529695564106	0.0473304720583029	1.178927023702392	0.6426001305471091	0.8409320199792658	0.0	1.3835156559911264	0.0	0.0	0.0	3.568692257502694	0.983426258816499	1.9301115576146703	2.5732298252976458	2.7217217512973697	1.2714582336179334	0.2508899643680881	0.4728473808043837	0.7689181437494133	1.1278440538180086	0.1050639811715882	1.6087114321907192	1.440980398623563	0.6566190997499335	0.0871003174596905	0.0	0.0
k__Bacteria|p__Firmicutes|c__Clostridia|o__Eubacteriales|f__Lachnospiraceae|g__Blautia|s__Blautia_sp_MSK_20_85|t__SGB4828	2.44479	2.7210447223879	1.6526996949478032	0.0	0.258885960141674	1.3620650250842634	0.2146369271635934	0.6871944160452953	0.1052931836359177	1.9280800971347447	0.7830475357197311	0.2525139400016539	0.224497391026484	0.0	0.0	0.0	0.0	0.0	0.0	0.0	0.161914993523681	0.194611397821684	0.6768394783132852	0.9100883230041464	4.42996746185626	1.8671698068955564	4.4864395698648165	0.059933121492759	0.1631097558581829	0.0912438230116134	0.0	0.0	0.0	0.6161569913048011	0.1699673461252656	0.4649915353110247	0.0	0.0	0.0	0.0	0.0	0.0	0.0	0.0
k__Bacteria|p__Firmicutes|c__Clostridia|o__Eubacteriales|f__Oscillospiraceae|g__Ruminococcus|s__Ruminococcus_bicirculans|t__SGB4262	2.37185	0.0815500674889881	3.680718890982394	0.0376387406809621	0.4400124271301092	1.346878418254137	0.3931320312784407	0.0	0.0	0.0	0.1788517743727659	0.0	1.6690614055179842	0.8974566875254952	0.0	0.0070928680768289	0.4639329877116797	0.3337589286282132	0.453341092014543	0.0	0.0	0.0	0.0	1.4218016638618782	1.7457913147339472	1.034932186195808	2.997143053770169	0.2432031229411395	0.2972476713047466	0.0362774417426329	0.0	0.0	0.3876393075166983	0.0	0.1578479656413823	0.2635331742342509	0.1201586948160453	0.014081133683117	0.293975981690277	0.0	0.0	0.113098177898819	0.0	0.0
k__Bacteria|p__Firmicutes|c__Clostridia|o__Eubacteriales|f__Oscillospiraceae|g__Oscillospiraceae_unclassified|s__Eubacterium_siraeum|t__SGB4198	2.00522	0.1239095749777823	0.0514068044105771	0.0769580722422001	0.0	0.0	0.0	0.0	0.0	0.1581713662526576	0.0	0.0	0.0	0.0	0.0	0.0	0.0	0.0	0.0	0.0	0.158789016881699	0.0209268604498183	0.1533345153351391	0.0	0.0	0.0	0.0	0.0	0.0	0.0	0.0	0.0	0.0	0.0	0.0	0.0	0.0	0.0	0.0	0.0	0.0	0.0	0.0	0.0
k__Bacteria|p__Actinobacteria|c__Actinomycetia|o__Bifidobacteriales|f__Bifidobacteriaceae|g__Bifidobacterium|s__Bifidobacterium_bifidum|t__SGB17256	1.93409	4.026561611526783	2.1972630194729024	0.0	0.0	0.0	0.0	0.0	0.0	2.678229998016449	0.0	0.0	0.0	0.0	1.4576281023772353	0.0	1.731642892968587	0.0	0.0	0.0	0.0	0.0	0.0	0.0	0.0	0.0	0.0	0.0	0.0	0.0	0.0	0.1715690399522983	0.0	0.0	0.0	0.0	0.0	0.0	0.0	0.0	0.0	0.0	0.0	0.0
k__Bacteria|p__Firmicutes|c__Clostridia|o__Eubacteriales|f__Clostridiaceae|g__Clostridium|s__Clostridium_sp_AF34_10BH|t__SGB4914	1.89599	0.0	0.0815532826028864	0.0	0.452272835316397	1.460915882042111	0.1783118756076292	0.0835729302034291	0.0167568233769092	0.3482306792241385	0.0654552966791616	0.0	0.0	0.4144758421070468	1.0278127210645445	0.0	0.4096212158922007	0.0	0.0	0.0	0.2845168570753165	0.3023132920644236	0.0	0.2433771186114773	2.5669421657719784	1.374898114588993	1.069675309408325	0.1699045236357469	0.0	0.1214457411180216	0.3727038186841441	0.877515699759028	0.1822136376289883	0.0	0.0	0.0	0.0262371522880177	0.0	0.0613764733574809	0.0	0.0	0.0	0.0	0.0
k__Bacteria|p__Firmicutes|c__Clostridia|o__Eubacteriales|f__Lachnospiraceae|g__Waltera|s__Waltera_intestinalis|t__SGB4910	1.37172	0.2754523720561582	0.3468589003250669	0.0	0.0	0.1517038182282931	0.1342530541428395	0.0	0.0	0.1402099226924021	0.0	0.0	0.0348487065682071	0.0431070647714013	0.2631673000082735	0.017304585946306	0.0	0.519510659278609	0.7727764261579865	0.0	0.0	0.0	0.0	2.0576183195093	0.0	0.0	0.0	0.096410064456195	0.0	0.0	0.5179524091521234	0.3119866764572097	0.0674339714389004	0.0	0.0392051510911828	0.0	0.0	0.0	0.0	1.3071360290741705	3.000538912322939	0.0	0.0	0.0
k__Bacteria|p__Firmicutes|c__Clostridia|o__Eubacteriales|f__Lachnospiraceae|g__Coprococcus|s__Coprococcus_eutactus|t__SGB5117	1.29503	0.3591647801844265	0.719172058407552	2.324646889654702	0.0	0.0	0.0	0.0	0.0	0.0	0.1704245492271242	0.7970847394423812	0.997773493321298	0.0	2.7906670344847733	4.452032318932996	0.4065556865883686	4.150320537583487	6.743093484423865	1.0609417497317333	0.0	0.0	2.909456187614368	0.0	0.0	0.0	0.0	0.7512009613507447	0.4117461390038206	0.5981755280560683	0.0	0.0	0.0	0.0	0.0	0.0	0.0	0.0	0.0	0.0	0.0	0.0	0.0	0.0
k__Bacteria|p__Firmicutes|c__Clostridia|o__Eubacteriales|f__Lachnospiraceae|g__Dorea|s__Dorea_longicatena|t__SGB4581	1.22151	1.8820118162650248	1.5727243271814286	0.3378637173076441	0.0684204795957966	1.1830545195748774	0.2240350226796489	1.7306341781836243	0.2308350564325889	1.8404435751191852	1.11269056864274	0.1742035986982825	0.7542684646079775	0.0721479745835921	0.5011943537780694	0.6830532566044087	1.689795985011515	0.3638869237776987	0.4414285676545503	0.0	0.4135649436457285	1.328023606762447	2.0801504358764618	1.4449546736091534	0.0	0.0	0.8667388036293372	0.085614268192532	0.6502785217367714	1.5287663501020492	0.5959230941468299	0.7061013426376408	0.0	0.1858777064569441	0.0243432383857311	0.0	2.3609705727678008	3.230215888110217	2.7892271736006715	0.5054752509478571	1.0199836158841138	0.6116067359864074	0.0	0.0
k__Bacteria|p__Firmicutes|c__Clostridia|o__Eubacteriales|f__Oscillospiraceae|g__Faecalibacterium|s__Faecalibacterium_prausnitzii|t__SGB15323	1.17002	5.346670571807291	2.0371877117162183	0.0	8.584128335100027	5.344712103766683	18.822904221559103	0.0	0.0	0.0	3.0122712238054743	11.813050112259043	4.250588118252606	0.0	0.0	0.1009434180201185	0.0	0.0	0.0	0.0	2.1937468281570727	4.213014035353004	1.053843588579595	5.4729816425796844	0.0	0.0	0.0	1.7092299498137558	0.7767409706318967	0.0	0.0	0.0	0.0	0.0	0.0	0.0	0.0	0.0	0.0	0.0	0.0	0.0	0.0	0.0
k__Bacteria|p__Firmicutes|c__Clostridia|o__Eubacteriales|f__Lachnospiraceae|g__Lachnospiraceae_unclassified|s__Eubacterium_rectale|t__SGB4933	1.10019	3.2235577742625336	12.340307208945651	4.211219756517481	2.540392798342493	6.86244796136339	4.551403753815717	8.189334802555386	1.5992814163098867	14.35790128024864	13.001988018784164	5.840756896703151	7.565500391187211	5.81982232711495	9.33394147096722	17.819246466121903	7.279464275913891	4.777163185995659	17.575595041237612	0.5150145824368375	21.2932256887202	18.697931298510387	22.924445648110325	14.135795606753376	0.0	0.0	0.0	2.2065338390942606	2.2648961632467826	16.385641010036494	3.930861257590828	6.628391328789704	16.261317248357816	3.937628540053368	8.674324691018516	0.019760051851695	9.31530846170769	14.658603459243722	30.84285383302011	7.338884319886353	7.954813775719576	5.871981881288263	0.0	0.0
k__Bacteria|p__Firmicutes|c__Clostridia|o__Eubacteriales|f__Lachnospiraceae|g__Blautia|s__Blautia_wexlerae|t__SGB4837	1.0358	1.6886463686841588	1.1003215395745047	0.3738299859048533	0.1282421372651793	0.8250010585415115	0.2109494534558316	1.5303348145114584	0.1942152332122739	3.250323256741819	4.217290207277714	0.9169960514305278	1.5794516207503144	0.4181959586532365	1.4494678760203896	2.4508542086986016	2.13574129019436	1.076967133933895	4.052417913354718	0.0461038218499885	2.4641526381310124	4.919795635051145	7.348372894514963	2.0035548482953023	6.895931855838215	1.719087381843154	2.8251810672942907	0.294173696592367	1.2225759277482957	2.157966812403984	0.6584762830873759	1.2306050417855765	8.550665096143511	2.742156263572741	1.4922509607871135	0.4499094972720292	2.249531410598372	3.937788079182885	3.7945190680531895	3.512847782724128	8.828069505382343	4.30368548442717	0.0	0.0
k__Bacteria|p__Firmicutes|c__Clostridia|o__Eubacteriales|f__Oscillospiraceae|g__Faecalibacterium|s__Faecalibacterium_prausnitzii|t__SGB15342	0.97619	0.7877481512367766	0.6590701127663006	0.8717070638857248	0.0464352132784454	0.0129232183121749	0.0950650571615944	0.0	0.0	0.4122534361040824	0.0194766201506903	0.2363627117343617	0.1511563675502738	0.1624765187396921	0.0471130361937059	0.0281451041772041	0.0894356009594169	0.0086793102007336	0.0416290463312578	0.977548188328116	0.0294053734966109	0.0	0.0	0.0312605413391903	1.4394970855265965	1.417671199645492	1.3865593394848073	0.445651723267203	0.548028311772691	0.5170113409097289	0.0826782519211438	0.1136059458136431	0.1355041124196773	0.0227949496797072	0.075206328031454	0.0729800531494193	2.6900740144164548	1.2358248703639312	1.4190997279168378	0.0125885962469956	0.0	0.0	0.0	0.0
k__Bacteria|p__Firmicutes|c__Clostridia|o__Eubacteriales|f__Lachnospiraceae|g__Roseburia|s__Roseburia_intestinalis|t__SGB4951	0.92556	0.0	0.0	0.0186164004274042	0.372158902826164	0.4450113876424073	0.0680617559103448	2.188257730184332	0.0	0.3915424445485839	0.0	0.0	0.1578513987389735	0.1877201667316938	1.476525468677299	0.0	0.0	0.024395463736756	0.2742817700900122	0.0	0.0	0.0	0.0	0.021036617790995	5.765585776280656	2.577941460638344	6.610754811937516	0.0	0.0	0.0	0.0439544409197037	1.1947358119953988	0.0	0.0	0.1415059561814334	0.0456865764564939	0.0	0.0	0.0	0.9549484932489766	0.2965873202707152	0.3053459520225856	0.0	0.0
k__Bacteria|p__Firmicutes|c__Clostridia|o__Eubacteriales|f__Oscillospiraceae|g__Agathobaculum|s__Agathobaculum_butyriciproducens|t__SGB14993	0.82376	1.0953150099597604	0.8128669804366525	0.1508634769917251	0.1196984359921399	0.0154543194505293	0.0714591178150115	2.267289449456461	1.8219687859135056	1.6039313723333375	0.1209331545851076	0.0	0.0	0.5704807295279065	0.6209748192303401	0.3470474954754807	0.8597025526754543	0.0	0.0303212186392851	0.3472067983942072	0.1257808228485663	0.4177303902802289	0.0	0.0	0.8066193209468505	1.088233635268818	0.9984512600116688	0.549880513899839	1.3313888646685264	0.5825474687787168	0.5660570547938591	1.2917735079203352	0.3904694463760716	0.7204248403654521	1.304844592313272	1.4373804973780648	0.4808704423086846	0.5902134887001489	0.9535993948676552	1.303919901402849	0.2247279196919409	1.0913945058947	0.0	0.0
k__Bacteria|p__Firmicutes|c__Clostridia|o__Eubacteriales|f__Oscillospiraceae|g__Oscillospiraceae_unclassified|s__Oscillospiraceae_bacterium|t__SGB4184	0.75642	0.1080275557996215	0.4630349563669996	0.0	0.0	0.0	0.0	0.0	0.0	0.0	0.0	0.0	0.0	0.0	0.0	0.0	0.0	0.0	0.0	0.0	0.0	0.0	0.0	0.0	0.0	0.0	0.0	0.0	0.0	0.0	0.0	0.0	0.0	0.0	0.0	0.0	0.0	0.0	0.0	0.0	0.0	0.0	0.0	0.0
k__Bacteria|p__Firmicutes|c__Clostridia|o__Eubacteriales|f__Clostridiaceae|g__Clostridium|s__Clostridium_fessum|t__SGB4705	0.52084	0.2243987639280515	0.445752636499728	0.4604900199921246	0.1461799727490353	0.0229340478145125	0.539676664447153	0.6058121873028596	0.03856204442553	0.2851272758534399	0.1592762044160602	0.0	0.0812368833547749	0.3726459602051899	0.1271660838560699	0.4544465972061883	0.4510301910915825	0.0361101171152973	0.2213362575429528	0.0	0.6084704703175592	0.5607558164388668	0.0	0.0	0.5268055549732156	1.261544727553624	0.8242526813668359	0.190219109783554	0.0732215142446728	0.0	0.0	0.1192862431043252	0.6281032383262173	0.0646955425006485	0.2374510516788428	0.045565069604216	1.7002008538615214	0.9668121671640836	0.934616462701452	0.3526445191136123	0.0684566852013985	0.0333996825091298	0.0	0.0
k__Bacteria|p__Firmicutes|c__Clostridia|o__Eubacteriales|f__Lachnospiraceae|g__Faecalicatena|s__Faecalicatena_fissicatena|t__SGB4871	0.50066	0.2888588840196948	0.5803321624243488	0.5190671369060895	0.3385195555096439	0.1853382583552718	0.1891070884912218	0.0	0.0	0.0	2.08032072166696	0.8862520467462963	0.2622083468006708	0.8975338327994947	0.1128166632605264	0.2769404471794482	0.1318501995283097	0.1208823407734837	0.6522085490786409	0.0	0.4681635695705169	0.5100354940233432	0.3494673689835813	0.5711553119305472	0.0	0.0	0.0	0.128084523305244	0.3458833260243362	0.0	0.2892709840862671	0.8287218600971623	1.711035075015004	0.0	0.0	0.096742236948018	0.0575214214458113	0.2422833870225333	1.4859668553753016	0.9428772365737752	0.1219204291256187	0.0083416039732712	0.0	0.0
k__Bacteria|p__Firmicutes|c__CFGB3035|o__OFGB3035|f__FGB3035|g__GGB9602|s__GGB9602_SGB15031|t__SGB15031	0.47993	0.4826418870343528	0.0	0.2513498215577881	0.0	0.0	0.2544967620046378	0.0	0.0	0.0	0.0	0.0	0.0	0.0	0.0	0.1964288489031028	0.0	0.0	0.0	0.0	0.0	0.0	0.0	0.0	0.0	0.0	0.0	0.0	0.0	0.0	0.0	0.0	0.0	0.0	0.0730210087056963	1.0156757781910453	0.0	0.0	0.0	0.0	0.0	0.0	0.0	0.0
k__Bacteria|p__Firmicutes|c__CFGB3005|o__OFGB3005|f__FGB3005|g__GGB9468|s__GGB9468_SGB14861|t__SGB14861	0.47873	1.4841709640256122	1.0533245918912324	1.969660630479899	7.740309875727767	0.7227916250731551	0.9482762355432448	5.252969170109445	15.868456907491192	1.4297564449938172	0.2224309181053646	0.3841919362953347	1.1440936466959508	3.3124637749830703	1.790249359046782	1.4542391718655854	0.8404335113370816	3.452916224422493	1.378250561322515	2.659344716976401	0.2226596074225358	0.8213498573896767	0.4547641551660834	0.5768361534974045	4.300766858343194	10.876485357876726	4.861191998957628	0.9372365042222552	6.3364753198997255	6.8514706504038205	0.6295277476708875	0.9407036361862382	3.797524364013843	3.946727688198141	1.6206972397229835	1.1476929731909935	0.0	0.0	0.0	4.873588813762389	5.807639141213253	0.5803860168282217	0.0	0.0
k__Bacteria|p__Firmicutes|c__Clostridia|o__Clostridiales|f__Ruminococcaceae|g__Candidatus_Cibionibacter|s__Candidatus_Cibionibacter_quicibialis|t__SGB15286	0.47706	1.385530949139279	1.1961757134851478	1.388590244527108	4.190689411615351	1.919686075872496	3.792921713665761	0.0	0.0	0.0	0.5311130837874528	4.356111536373323	7.464285337368858	15.697040338344683	6.062825770951811	4.724663387635505	1.36004072833661	0.0	0.0	10.810717211665608	0.1554246182924471	0.1720708999395905	0.273750686511148	5.486459717669678	0.0	0.0	0.0	1.970914410480571	2.018850757698932	6.9899315566522136	8.798116742991724	4.117897576592133	15.683822112689846	1.3443969984211257	3.933426776688398	2.3424622574614102	0.0	0.0	0.0	7.683992925904161	0.5323981201249577	6.440283799838156	0.0	0.0
k__Bacteria|p__Firmicutes|c__Clostridia|o__Eubacteriales|f__Oscillospiraceae|g__Faecalibacterium|s__Faecalibacterium_prausnitzii|t__SGB15332	0.41108	0.0908481322378926	0.33465912719435	0.0	0.0	0.0	0.0	0.0	0.0	0.0	0.0	0.0	0.0	0.0	0.0	0.0	0.0	0.0	0.0	0.0	0.0	0.0	0.0	0.0	0.0	0.0	0.0	0.0	0.0	0.0	3.0972017462573445	3.0124996929385377	1.6372067840782687	0.9931424884298428	1.364205178620108	2.7572790569599257	0.5389417441916701	0.7553563367191748	0.6259094578134159	0.0	0.0	0.0	0.0	0.0
k__Bacteria|p__Firmicutes|c__Clostridia|o__Eubacteriales|f__Lachnospiraceae|g__Blautia|s__Blautia_massiliensis|t__SGB4826	0.40664	0.4550161212807914	0.3120202016978664	1.8088110337647951	0.1321714524128721	0.7271561520360867	0.0596714171839882	2.442751985014629	0.8827739743164652	2.0378236660346567	2.8290574121508643	2.308723380625209	2.460539109803698	0.6926274133601731	0.7955146983930228	0.8157469008738785	3.7510887063985257	0.1882878927220387	1.1987852287780285	0.0	0.2868480938930658	0.3160292102387624	0.7333126267172502	0.6091310217325212	0.0	0.0	0.0	0.9942630651824894	3.221088729632623	2.1438183327031863	0.9942827238398998	1.596043229813199	7.894064724749138	2.8261029671059323	2.962492012189704	0.2809770017143982	3.3357023827134062	4.243073553478252	0.2886443556806336	2.9487234689871857	3.8417531344604416	4.4916169151191045	0.0	0.0
k__Bacteria|p__Firmicutes|c__CFGB38642|o__OFGB38642|f__FGB38642|g__GGB9758|s__GGB9758_SGB15368|t__SGB15368	0.4	0.1440342556171514	0.4793705273323639	5.219801610985678	2.8259414059592927	3.0688141051890465	3.899690491725904	0.0	0.0	0.0	0.0	0.0409224103097412	0.4754376877921197	3.1897513591414755	2.210838469393979	2.8976545935099107	0.0	7.343799459039151	5.940488235484838	9.82333427980574	1.104714847010966	0.2273800038031465	0.5324718061574636	0.2836283475844893	0.0	0.0	0.0	0.7359395599562487	0.4077500230849766	0.3671946614112846	0.4713998028795771	0.0	0.0	0.0	0.0	0.0	0.0	0.0	0.0	0.0	0.0	0.0	0.0	0.0
k__Bacteria|p__Firmicutes|c__Clostridia|o__Eubacteriales|f__Clostridiaceae|g__GGB3480|s__GGB3480_SGB4648|t__SGB4648	0.39483	0.0	0.2032852598323274	0.157382870599752	0.0	0.0	0.0	0.0	0.0	0.0	0.0	0.0	0.0	0.0	0.0	0.0	0.0	0.0	0.0	0.0	0.0	0.0	0.0	0.0	0.0	0.0	0.0	0.0	0.0	0.0	0.0	0.0	0.0	0.0	0.0	0.0	0.0	0.0	0.0	0.0	0.0	0.0	0.0	0.0
k__Bacteria|p__Firmicutes|c__Clostridia|o__Eubacteriales|f__Eubacteriales_unclassified|g__Gemmiger|s__Gemmiger_formicilis|t__SGB15300	0.39027	0.4894644445686332	0.4415753145904356	5.904776354840745	7.000008003392721	3.865956826201362	6.536234192775601	6.516324729063061	8.761208335922177	4.450794639036356	2.04991839376874	5.975201331448893	4.046899607947757	2.651200201352179	2.162575025349214	0.10873215849692	2.3110117116610738	5.501040200399706	3.736619397743223	4.341093773009086	0.7803197116441494	2.720290153797348	2.2975103072682628	0.1737748748763698	1.0924385092770963	2.218726358978195	2.26298395654786	3.463539008264026	3.500930554567283	4.917133043623618	3.748106478167955	2.16484637303597	0.9179437128090676	4.351678300082327	3.674697157550783	2.448674434708838	1.528618518876184	1.858566351052556	1.2823606790635491	0.7696891925894234	0.660371708739379	1.598236351301548	0.0	0.0
k__Bacteria|p__Firmicutes|c__Clostridia|o__Eubacteriales|f__Lachnospiraceae|g__Roseburia|s__Roseburia_inulinivorans|t__SGB4940	0.36873	0.449058500002223	0.0	0.0147843284685142	0.0	0.0671958677211204	0.0328895170456271	0.1794843704592011	0.0	0.0	0.1107578161998612	0.0	0.0	0.073305153693582	0.6172398284072351	1.3173367571770045	0.6874408914513904	0.0	0.0	0.0	0.0	0.0	0.0	0.3427838896707403	0.0	0.0146317703337674	0.0	0.9315017271068696	0.3037129320189739	0.0	0.3836109682841954	3.5295270552591003	0.0	0.0888001532021339	0.1428293368089838	0.1117483332043398	0.0	0.0	0.1370905846341442	0.0	0.0	0.0	0.0	0.0
k__Bacteria|p__Actinobacteria|c__Coriobacteriia|o__Eggerthellales|f__Eggerthellaceae|g__Adlercreutzia|s__Adlercreutzia_equolifaciens|t__SGB14797	0.32218	0.4140434943399492	0.2954936199891348	0.0788172766459836	0.0999809908421946	0.1178503405028028	0.1934893036221851	0.4580230720239885	2.7470101770257345	0.3263790083145764	0.0228986342753882	0.1654941644341102	0.1939749576834072	0.0	0.1089819704236628	0.0	0.1901682450940666	0.0622929712644494	0.1435290734164452	0.4844976027087774	0.0	0.0	0.0	0.0	0.0	0.0	0.0	0.1276614659770598	0.130296121077431	1.1473307352664324	0.0441259369825976	0.0	0.0	0.1039168941463183	0.1967135651241805	0.6866807872920706	0.0	0.0	0.0	0.0	0.0	0.0	0.0	0.0
k__Bacteria|p__Firmicutes|c__Clostridia|o__Eubacteriales|f__Lachnospiraceae|g__Lacrimispora|s__Lacrimispora_celerecrescens|t__SGB4868	0.31085	0.5426803933360199	0.4200243198496524	0.3603446648800306	0.0557663524568341	0.1591916590959248	0.0173838046223056	0.8199948717840565	0.0235890341413538	0.422570625485613	2.417566398018816	0.6000188758006463	0.9821051463747712	0.1248210533309098	0.1540779581851785	0.9043155277812316	0.6004706897204523	0.5246554451953704	0.8936380130475132	0.0	0.814502354528648	1.51198667840344	1.4376289675608145	1.1041360050406732	0.0	0.0	0.0	0.2264766896879316	0.7089938103085672	1.503844681609468	0.4481449367511658	0.7431392871502582	0.0	3.057236737759877	0.8220979761567506	0.613366590298887	0.0	0.0	0.0	1.784536985925988	2.3458529747796897	3.3873898120850643	0.0	0.0
k__Bacteria|p__Firmicutes|c__Clostridia|o__Eubacteriales|f__Lachnospiraceae|g__Dorea|s__Dorea_formicigenerans|t__SGB4575	0.30621	0.7774061979033919	0.3853268030762452	0.0536652450175063	0.0	0.0545728120439426	0.0412645867297155	0.1718402206804156	0.0	0.1642408019201752	0.2449502447910273	0.0247562686276131	0.2359381629963627	0.0186605846107259	0.1881913856619169	0.6944387351485383	0.6590158115309375	0.0258688531307581	0.0830939607097675	0.0	0.9982197105637804	1.0609834204441628	1.4083557424570494	0.3240625728544729	1.3144534017596383	0.7416114506992063	0.529725444032267	0.0943026122102405	0.2474099329347729	0.6613720707196302	0.0719425983839864	0.1900966056992132	0.4686775199280331	0.4388220410552725	0.1587273172425836	0.0045413186038868	0.1753234858168252	0.2486934553409672	0.3008058197183289	0.7336823583925373	1.9842291793655555	0.7705795774112125	0.0	0.0
k__Bacteria|p__Actinobacteria|c__Coriobacteriia|o__Coriobacteriales|f__Coriobacteriaceae|g__Collinsella|s__Collinsella_bouchesdurhonensis|t__SGB14397	0.28626	1.1994279835675816	1.0715453558454822	0.0	0.0	0.0	0.0	0.0	0.0	0.0	0.0	0.0	0.0	0.0	0.0	0.0	0.0	0.0	0.0	0.0	0.0	0.0	0.0	0.0	0.0	0.0	0.0	0.1207750328016173	0.2307432055659356	0.1231102681416448	0.2267435195551552	0.2394232417786619	0.3241039135267328	0.0	0.0	0.0	0.0	0.0	0.0	0.0	0.0	0.0	0.0	0.0
k__Bacteria|p__Firmicutes|c__Clostridia|o__Eubacteriales|f__Eubacteriaceae|g__Eubacterium|s__Eubacterium_ramulus|t__SGB4959	0.26139	0.4410876650250147	1.1584718537074388	0.1851410359121354	0.0643415512460874	0.1244295809617946	0.1214652312432514	0.0	0.0	0.0	0.3552627868638195	0.0771843784832601	0.0378836777090304	0.0780281588017629	0.3415254134367438	0.7254176329545464	0.932229083268496	0.132299095749959	0.3188133604277658	0.0	0.2870688549553526	0.3876763931041043	0.0	0.1360776377002222	0.0	0.0	0.0	0.0429481532056607	0.4035995856164211	0.4516879026048705	0.0	0.0873356450305639	0.0	0.0	0.0	0.0	0.0	0.0	0.0	0.2638949155722931	1.2230531209889524	0.1409756021444872	0.0	0.0
k__Bacteria|p__Bacteroidetes|c__Bacteroidia|o__Bacteroidales|f__Bacteroidaceae|g__Bacteroides|s__Bacteroides_uniformis|t__SGB1836	0.24996	0.5010068697741697	0.969587142962016	0.4615129883540316	0.404325741259681	1.7967329705747417	0.6365587376386591	0.515713763385833	0.5461980591474658	3.963264878096568	0.0556427742493049	0.0369554419633887	1.1170750011739874	1.6591205494179544	1.174612432245356	0.3380933783288457	1.474000563726683	2.6073356358122397	3.558899047012165	0.0484774526299776	2.9778901214000304	0.2343220065065802	0.2138195401532226	0.0327642935186525	0.4541744380476066	1.7237133513866163	2.656286407221549	0.8959179051696001	0.6072715424882364	0.1916425446531546	2.386847904144567	0.629773959073588	0.3894254758458129	0.5161177209680612	0.4037181559178655	0.1140417750410854	0.0035840421351521	0.2383284417411151	0.0726339882444046	0.2594544175810583	0.0384882973276454	0.0347968803830177	0.0	0.0
k__Bacteria|p__Firmicutes|c__Clostridia|o__Eubacteriales|f__Lachnospiraceae|g__Coprococcus|s__Coprococcus_eutactus|t__SGB5121	0.24436	0.0122358654795126	2.611523797761821	0.0	0.0	0.0	0.0	0.0	0.0	0.0	0.0	0.0	0.0	1.1143034810404904	0.0	0.0	0.0	0.0	0.0	0.0	0.0	0.0	0.0	0.0	0.0	0.0	0.0	0.0	0.0	0.0	0.0	0.0	0.0	0.0	0.0	0.0	0.0	0.0	0.0	0.0	0.0	0.0	0.0	0.0
k__Bacteria|p__Firmicutes|c__Clostridia|o__Eubacteriales|f__Lachnospiraceae|g__Coprococcus|s__Coprococcus_comes|t__SGB4577	0.24141	0.4455241915090548	0.7391866623864682	0.5750624765257176	0.2022691747470626	0.5684106806408333	0.2956239273539399	1.5203667899305855	0.2812019488926534	1.0326297791298171	1.2279258635647965	0.1686930919164132	0.3188117923051318	0.4096842634219775	0.4261494149606493	0.6496597654105438	2.0017906354023136	0.7393113721543321	0.3696165190652689	0.0	1.2963796012884254	1.1693240461705112	2.037606582261069	1.0975163129067445	1.445113349438891	0.6057878449369801	0.5727045294667011	0.1526375171298593	0.7664339155485368	1.622497716276744	0.3225326454845368	0.7081036259488798	0.0	1.2515309041383076	0.5777775342467412	0.1626672984870513	0.3540248086048623	0.5813769563684779	0.4390430805900259	0.1595302792889814	2.1837472643078883	0.1270036234056082	0.0	0.0
k__Bacteria|p__Bacteroidetes|c__Bacteroidia|o__Bacteroidales|f__Rikenellaceae|g__Alistipes|s__Alistipes_shahii|t__SGB2295	0.22222	0.1201888578088141	0.4287194610803267	1.3628942535315849	0.0802477969341423	0.2824124770140823	0.3778935270948121	0.0	1.4885059345202414	0.1260195310265509	0.0	0.0	0.4074099200258604	0.1074547949839504	0.0	0.0	0.0	0.4493918164788042	0.4206961104652955	0.271393031281355	0.2556942927831429	0.2010827562740374	0.0	0.0	0.0	0.1889108895785941	0.3498486599625789	2.127617978597978	0.110096242438884	0.0	0.7718351806602365	0.0	0.0348669845066883	0.4018176972830704	0.2007968908762935	0.1328601487876266	0.0	0.0	0.0	0.149700827424889	0.0896864801137156	0.0	0.0	0.0
k__Bacteria|p__Firmicutes|c__Clostridia|o__Eubacteriales|f__Lachnospiraceae|g__Blautia|s__Blautia_SGB4815|t__SGB4815	0.19728	0.1594838066674562	0.0539314681489964	0.1372644928155794	0.0639005860190918	0.4195543511931889	0.0413332974199222	0.1624914521356292	0.0	0.1189796666548299	0.2394750221915107	0.1077941624339685	0.2142574477464703	0.0	0.103805135093897	0.191364909992459	0.032123178763171	0.1316227858641875	0.2055623130314614	0.0	0.1082435640604975	0.2227576049086083	1.6943216944679018	0.0	0.0	0.0	0.0	0.0	0.0	0.1244233950158364	0.0	0.0612200270783958	0.0	0.2003952560839751	0.4042840752651732	0.0523618591535116	0.0	0.0	0.0	0.0	0.0	0.0842227551718023	0.0	0.0
k__Bacteria|p__Firmicutes|c__CFGB1325|o__OFGB1325|f__FGB1325|g__GGB3175|s__GGB3175_SGB4191|t__SGB4191	0.18529	0.0	0.0	0.0	0.3107938668622967	0.4861255561333694	0.0	0.0	0.0	0.0	0.0	0.0	0.0	0.0	0.0	0.0	0.0	0.0293711721820746	0.0352883698408774	0.0	0.0	0.0	0.0	0.0	0.0	0.0	0.0	0.0	0.0	0.0	0.0	0.0	0.0	0.0	0.0	0.0559159345826404	0.0	0.0	0.0	0.0	0.0	0.0	0.0	0.0
k__Bacteria|p__Bacteroidetes|c__Bacteroidia|o__Bacteroidales|f__Bacteroidaceae|g__Phocaeicola|s__Phocaeicola_vulgatus|t__SGB1814	0.18253	0.0812294445666121	0.0646945082969944	1.6848045356713923	0.04006484062417	0.7386353446988159	0.1593171870260321	0.0	0.0	0.0	0.0	0.0	0.0	0.0	0.3172441383937237	0.1342782211802507	1.7633686883034836	0.0	0.0	0.0	1.2906486441114582	0.3044059781094055	0.0435093984986412	0.2723462280581538	0.6904643698284845	1.9596891977648117	2.4607626069168105	0.2922386010356727	0.1549956912180911	0.125255658527648	4.223382092068935	1.2572706431365397	0.4906498371820724	0.7817306719862044	0.2862681252227607	0.0535237684284191	0.0465336319958518	7.849735271925586	2.1776888333046145	1.1765508988270823	1.5788511877621294	0.6048536129292824	0.0	0.0
k__Bacteria|p__Firmicutes|c__Clostridia|o__Eubacteriales|f__Lachnospiraceae|g__Anaerobutyricum|s__Anaerobutyricum_hallii|t__SGB4532	0.17668	0.195706740548914	0.1024565017792067	0.1344391516255503	0.0	0.6064745477599324	0.0096882073191506	0.25519341487104	0.0	0.6777763496261153	0.1963493984031489	0.016002094118933	0.1075152920131232	0.0	0.1850776150783837	0.1774809980122832	0.2803418438488506	0.9656336446428512	0.6682589263526557	0.0	0.7633564316180264	0.373464617593806	1.3011503210402184	0.0	1.2188530921092602	0.3499888624040207	0.1746276391833669	0.1204851601878615	0.5335708192207754	0.2120145059478322	0.0061052598390224	0.0	0.0	0.8679457426486193	0.3176287635151082	0.2049061180101595	0.0	0.0	0.3103391352991513	0.1989343100073171	0.3742899441710505	0.3617661328348209	0.0	0.0
k__Bacteria|p__Firmicutes|c__Clostridia|o__Eubacteriales|f__Clostridiaceae|g__Clostridiaceae_unclassified|s__Clostridiaceae_bacterium|t__SGB4269	0.14907	0.2515920615537569	0.114116461939538	0.0845572657877955	0.039505759711372	0.1504707176737101	0.0516399009509335	0.7362621335713148	0.0	1.351373045798162	0.614305133194868	0.0629271539001286	0.0971108516523061	0.1288240358817638	0.2309635495642932	0.5805923337120608	0.4995028594751911	0.0	0.0757857695505551	0.0	0.528987657451795	0.2490380437144644	0.0	0.2048046817541612	1.8405690849452023	0.2882236023885272	0.9869579149475326	0.1848212116517225	0.4684633696161945	0.3039426345136019	0.0754754172796005	0.5716218081415969	0.8955309704875754	0.9564976594479326	0.743705086877379	0.0162363531356356	0.439825795391052	0.0805509628331362	0.1008489196078395	0.42841752172909	1.5079102579150374	2.0999884044535198	0.0	0.0
k__Bacteria|p__Firmicutes|c__Clostridia|o__Eubacteriales|f__Lachnospiraceae|g__Coprococcus|s__Coprococcus_catus|t__SGB4670	0.1477	0.4397977169884786	0.3661675950350171	0.2614820796185821	0.0056853016766216	0.4007333427285023	0.0364319348518413	0.0	0.0	0.0	0.2911433125658653	0.0	0.1797459601939103	0.2842717629904062	0.1090740030517476	0.258403412524757	0.1384435204913136	0.47084855273572	0.2962668132344512	0.0	0.0115855405488148	0.2785205442999917	0.7565156432914437	0.9080037564908178	0.0	0.0	0.0	0.0917329306612699	0.3434547921630875	0.1814796824366994	0.22885292112875	0.2292485489009498	0.005464533244323	0.0	0.0	0.0	0.0	0.0	0.1601329180792751	0.0	0.0	0.0	0.0	0.0
k__Bacteria|p__Firmicutes|c__Clostridia|o__Eubacteriales|f__Lachnospiraceae|g__Lacrimispora|s__Lacrimispora_amygdalina|t__SGB4716	0.12186	0.0	0.0	0.0	0.0	0.0	0.0	0.0	0.0	0.0	0.0	0.0	0.0	0.0	0.0	0.0	0.0587073191281482	0.0	0.0	0.0	0.0543160517650612	0.0774209793027013	0.0	0.0	0.0388627773710576	0.8104698640146761	0.2950841031399003	0.0329357964386351	0.0	0.0	0.0	0.1092748265481305	0.0	0.0	0.0342250608348744	0.0	0.1379119775019495	0.2414140633012554	0.1495449951558858	0.0	0.0	0.0	0.0	0.0
k__Bacteria|p__Firmicutes|c__Clostridia|o__Eubacteriales|f__Oscillospiraceae|g__Oscillibacter|s__Oscillibacter_sp_ER4|t__SGB15254	0.10411	0.4790702968060246	1.229112609493605	2.2870649805494017	0.5507655685174816	0.387761449394436	1.1239160287539451	0.0	0.0	0.0	0.0	0.0	0.8668996158340875	0.0	1.4892489795100126	0.6487878289093734	1.6182994073856336	0.2713934955902883	0.6910300751655205	1.0052247232227889	1.798964235690711	2.9638401493697515	0.0704623219449868	0.5216428790586253	0.0	0.0	0.0	2.231274858398069	1.375402995083599	0.1235171525251971	0.8884953774438045	0.2657279165241658	0.1697512394240246	1.60973603340857	1.7853362375320592	1.9530859551585824	0.0	0.0	0.0	0.0364638174853044	0.0920395146548831	0.0	0.0	0.0
k__Bacteria|p__Proteobacteria|c__Betaproteobacteria|o__Burkholderiales|f__Sutterellaceae|g__Sutterella|s__Sutterella_wadsworthensis|t__SGB9286	0.1035	0.1832024465762494	0.0	0.0	0.0	0.0	0.0	0.0	0.0	0.0	0.0	0.0	0.0	0.0	0.0	0.0	0.0	0.0	0.0	0.0	0.3823228381108908	0.1576742284735106	0.0	0.0	0.0	0.0	0.0	0.0	0.0	0.0	0.0	0.0	0.0	0.0	0.0	0.0	0.0	0.0	0.0	0.0	0.0	0.0	0.0	0.0
k__Bacteria|p__Firmicutes|c__Clostridia|o__Eubacteriales|f__Oscillospiraceae|g__GGB13489|s__GGB13489_SGB15224|t__SGB15224	0.09685	0.0166425665754248	0.2613940498906163	0.0	0.0	0.0467685835340165	0.1819230041040502	0.0	0.0	0.0	0.0	0.0	0.061061316394234	0.0	0.0751139632884837	0.0066401318166058	0.0212154091503295	0.6198541129258668	0.0604351127066777	0.4557054613475095	0.0	0.0196830149291062	0.1326314366757134	0.0300113927033408	0.0	0.0	0.0	0.0	0.0	0.0	0.0	0.0	0.0	0.0	0.0	0.0	0.0	0.0	0.0	0.0	0.0	0.0	0.0	0.0
k__Bacteria|p__Firmicutes|c__Clostridia|o__Eubacteriales|f__Lachnospiraceae|g__Roseburia|s__Roseburia_hominis|t__SGB4936	0.09599	0.1852231166219215	0.3073861149674783	0.0	0.0	0.1119850003648854	0.148094440958931	0.0	0.0	0.1879992801081719	0.0	0.0	0.0	0.0762366741055564	0.0357853535536109	0.0275749918495157	0.0436716277807816	0.0	0.0	0.0	0.23519883576043	0.2018391488204164	0.7109703672095185	0.0	0.0	0.0	0.1561506491835167	0.3334945249285967	2.9125999517594208	0.7361000867079599	0.0934996534897482	0.9058914057406202	0.0	0.0	0.0458568800349233	0.0	0.1785245755046597	0.0	1.4390954179278868	0.5350843191068865	1.0185490520746288	0.2116172613159387	0.0	0.0
k__Bacteria|p__Firmicutes|c__Clostridia|o__Eubacteriales|f__Lachnospiraceae|g__Mediterraneibacter|s__Ruminococcus_torques|t__SGB4563	0.08901	0.1633611071240964	0.6840509960727652	0.4499193469190848	0.0311195460194024	0.1421391764266269	0.0258046814331986	0.0	0.0	0.2708091962001935	3.402298375849357	0.541409155495514	0.3502718590087882	0.6985333126696771	0.2939598834882881	1.1171183380957377	0.445620910547519	0.4081369134467454	0.384206985812207	0.0	1.6918774595965966	1.2594524202523794	3.4954072045533198	0.6189253018008702	1.7813462453283149	1.0320281053157454	0.4683515291266381	0.0402061149674299	0.0872810196420692	0.0299429916805112	0.329375338394003	0.7588567814689535	0.0	1.6337807249783398	0.4504021488450079	0.4153711745120335	0.0	0.0	0.0	0.0	1.4119256927840709	0.0624996548944499	0.0	0.0
k__Bacteria|p__Bacteroidetes|c__Bacteroidia|o__Bacteroidales|f__Bacteroidaceae|g__Bacteroides|s__Bacteroides_caccae|t__SGB1877	0.07863	0.040204623196546	0.0442895780164148	0.3456415243767471	0.0	0.004129264357123	0.0	0.0	0.0	0.0637163057101954	0.0926087726132104	0.0	0.3419647564282149	0.0	0.0	0.0169189217246344	0.0615214425896025	0.2729554493740938	0.2778322033836721	0.0	0.0	0.0	0.0	0.081791388385563	0.0	0.0	0.0	0.0788296821516524	0.0114116724918208	0.0	0.0	0.0	0.0	0.4142551970519831	0.222354064782971	0.0040021319469036	0.0	0.0	0.0	0.0	0.0	0.0	0.0	0.0
k__Bacteria|p__Bacteria_unclassified|c__CFGB2989|o__OFGB2989|f__FGB2989|g__GGB9365|s__GGB9365_SGB14341|t__SGB14341	0.07248	0.0	0.0	0.0	0.853015734106739	0.9638627834941156	0.1119526179101847	0.0	0.016949668035583	0.0	0.0	0.0	0.0	0.0	0.0128922373175353	0.0499519007112845	0.0	0.2138830013752227	0.0799495380360638	0.0582488993409328	0.0	0.0	0.1180659301423647	0.0	0.0	0.0	0.0	0.0	0.0	0.2680813245268747	0.0	0.0	0.0	0.1916984221092915	0.1738155976869585	0.6861871657046916	0.0	0.0	0.0	0.0	0.0	0.0	0.0	0.0
k__Bacteria|p__Actinobacteria|c__CFGB12107|o__OFGB12107|f__FGB12107|g__GGB34797|s__GGB34797_SGB14322|t__SGB14322	0.06887	0.0	0.0920920927478012	0.3306298696055869	0.0	0.0	0.0	1.769021393753919	1.1549397734884013	1.2583225531170468	0.1755452016884192	0.0977872610790718	0.0	0.0	0.6013642000626198	0.4105395639693643	0.4896250428295101	0.0	0.0	0.0	0.0	0.0	0.0	0.0623619554636228	0.0	0.0	0.0	0.2141531864058257	0.4988809592830053	0.4549614724179962	0.0324213306900897	0.5049277275470672	0.0	0.0	0.0	0.0	0.0	0.0	0.1659081487647601	1.2334841187030496	0.0347706776994069	0.2707403546818263	0.0	0.0
k__Bacteria|p__Bacteroidetes|c__Bacteroidia|o__Bacteroidales|f__Rikenellaceae|g__Alistipes|s__Alistipes_communis|t__SGB2290	0.02479	0.0	0.0598777156381681	0.0	0.0	0.0	0.041776099645699	0.0	1.0991594559669926	0.0	0.0	0.0	0.3600429856085121	0.2079065134281842	0.0680657978543284	0.0	0.0	0.3995461676358152	0.2119375436171573	0.3297210516482874	0.0	0.0	0.0	0.0	0.0	0.0	0.0058607843774228	0.1097912110587613	0.0	0.0	0.3045084092743891	0.0	0.0	0.0092361061601217	0.1705767977300586	0.0	0.0	0.0	0.0	0.0	0.0	0.0	0.0	0.0
k__Bacteria|p__Firmicutes|c__Firmicutes_unclassified|o__Firmicutes_unclassified|f__Firmicutes_unclassified|g__Firmicutes_unclassified|s__Firmicutes_bacterium_AF16_15|t__SGB4993	0.02453	0.2206034832887633	0.0558332707677399	1.91411182466904	0.2973129299227175	0.0437426196730992	0.1195107938329264	1.5664247899478847	0.1262719275759364	0.1578904526803882	1.3342391843111343	1.719524187288017	0.6213877227349649	1.6948559546738646	0.3398764955168925	2.5581527023714816	0.9943668756652184	0.0672203718607842	0.2087326512766516	0.6389814059730689	0.2079039380192815	0.626217389147154	0.1684838397048707	1.410583195221446	0.9057574346364694	0.9627584947075234	0.8075375782592639	0.0718570706315798	0.8714050580996352	0.1726854313285567	2.01311510908306	2.957638848908712	3.331261025937033	0.095588134837886	0.0	0.1495445584410371	0.0	0.0	0.0	0.805523580262378	1.09738883021419	1.313000068678135	0.0	0.0
k__Bacteria|p__Actinobacteria|c__Actinomycetia|o__Bifidobacteriales|f__Bifidobacteriaceae|g__Bifidobacterium|s__Bifidobacterium_catenulatum|t__SGB17241	0.02291	0.0640201956167553	0.1261667484015327	0.0	0.0	0.0	0.0	0.0	0.0	0.0	2.448158379711898	9.170743468584163	7.1902414256043805	0.0	0.0	0.0	0.0	0.0	0.0	0.0	0.0	0.0	0.0	0.0696897637032243	0.0	0.0	0.9454212032383832	0.0	0.0	0.0	0.0	0.0	0.0	2.7280752676196363	2.328348910951109	6.246826753350939	0.0	0.0	0.0	0.0	0.0	0.0	0.0	0.0
k__Bacteria|p__Actinobacteria|c__Actinomycetia|o__Bifidobacteriales|f__Bifidobacteriaceae|g__Bifidobacterium|s__Bifidobacterium_animalis|t__SGB17278	0.02131	0.6069764737929592	0.0	0.0	0.0	0.0	0.0	0.0	0.1618724290289753	0.0	0.0	0.0	1.7271782241658369	1.5217933900020426	0.0	0.0	0.0	0.3664552910819975	0.0	0.0	0.0	0.0	0.0	0.0	0.0	0.6092144890432488	0.0	0.0	0.0	0.0	0.0234263621913052	0.0	0.0	0.0	1.961354567447769	0.0	19.93319530543896	0.0	0.0	0.3093087076496396	0.0	0.0	0.0	0.0
k__Bacteria|p__Firmicutes|c__Clostridia|o__Eubacteriales|f__Lachnospiraceae|g__Anaerostipes|s__Anaerostipes_hadrus|t__SGB4547	0.0188	0.0286174599088174	0.0	0.0	0.0	0.0	0.0	0.0	0.0	0.0	0.0	0.0	0.0	0.0	0.0	0.0	0.2137517350822771	0.0	0.0	0.0	0.914939807426682	0.1266957515184784	0.0	0.4532579585164156	0.0	0.0	0.0	0.0	0.0	0.0	0.0	0.0	0.0	0.0	0.0	0.0	0.0	0.0	0.0	0.0	0.0	0.0	0.0	0.0
k__Bacteria|p__Firmicutes|c__Clostridia|o__Eubacteriales|f__Lachnospiraceae|g__Blautia|s__Blautia_obeum|t__SGB4811	0.0188	0.0674277462103794	0.1510313642989912	0.0280423231906909	0.0	0.0	0.0	0.880229173960793	0.0666347168810507	1.7176162437775138	0.082276763701773	0.0379919242944846	0.1397484949965557	0.3511995740333772	0.0848234055514223	0.1264224086648976	0.2036549520577509	0.0218029425079654	0.0419832258082409	0.0	0.0700077480724118	0.2142776040275373	2.2571894523375597	0.1280178442727343	2.9300446833394345	0.9031605870892448	0.5291503203316787	0.1270033767998844	0.709123765297798	1.2255172685149571	0.0	0.0594583615041298	0.0579240523898247	0.095177260791838	0.0044925289724739	0.0	0.0	0.0	0.0	0.0519840046391346	0.1767312634563066	0.7249211468895186	0.0	0.0
k__Bacteria|p__Bacteroidetes|c__Bacteroidia|o__Bacteroidales|f__Tannerellaceae|g__Parabacteroides|s__Parabacteroides_merdae|t__SGB1949	0.01359	0.2988876707777353	0.1797328046936527	0.0	0.0	0.0	0.0	0.1225594258086461	0.0516410446691595	0.2059947737983995	0.0365949365913478	0.0	0.2637792939223436	0.0	0.0	0.0	0.0656574741900108	0.0	0.0	0.0	0.1967510891525489	0.0608811956218811	0.0	0.1844523109866252	0.0979883273768657	0.2630806012587804	0.1818577657050474	0.2785440786344514	0.1391330603451187	0.1924193239308454	0.7573866373614263	0.3273604311516581	0.0742524039646528	0.6226453772819766	0.2805741059436948	0.1191222803019554	0.0	0.5402799162702624	0.0309267788157496	0.0	0.0	0.0	0.0	0.0
k__Bacteria|p__Bacteroidetes|c__Bacteroidia|o__Bacteroidales|f__Bacteroidaceae|g__Bacteroides|s__Bacteroides_stercoris|t__SGB1830	0.0134	0.2114769145215948	0.2756368074938699	0.0	0.0	0.0	0.0	0.3915962094863891	1.28964176757208	3.373286788603379	0.0	0.0	0.0	0.0	0.0	0.0	0.1277222777937846	0.0	0.0	0.0	0.3081647820674859	0.2620059737040507	0.0	0.0	3.272663315519688	6.211991768049237	8.172507785358649	0.2675602568915954	0.0	0.0	2.778930777935721	0.7596130086422971	0.2306848631081109	0.3087889653570253	0.5021532965434292	0.0091282022773779	0.0	0.0	0.0	0.0	0.0	0.0	0.0	0.0
k__Bacteria|p__Firmicutes|c__Clostridia|o__Eubacteriales|f__Clostridiaceae|g__Clostridiaceae_unclassified|s__Clostridiaceae_bacterium_Marseille_Q4143|t__SGB4768	0.00392	0.0	0.0079061838124183	0.0053096929260891	0.0	0.0	0.0	0.0304500844411028	0.0	0.0	0.1081109088889503	0.0	0.0	0.0	0.0	0.0	0.0	0.0	0.0	0.0	0.1433357425216181	0.2171182782572717	0.0	0.0	0.0	0.0	0.0	0.0512526118700169	0.0	0.0	0.001877881888688	0.1417840015112933	0.0	0.0	0.0	0.0	0.0	0.0	0.0	0.0	0.0	0.0	0.0	0.0
k__Bacteria|p__Firmicutes|c__Clostridia|o__Eubacteriales|f__Lachnospiraceae|g__Blautia|s__Blautia_luti|t__SGB4832	0.00366	0.0274020753426014	0.099624559888414	0.0	0.0586956214647333	0.3093703266382864	0.0497770777942174	0.0	0.0	0.0	0.0	0.0	0.0	0.0	0.0	0.0730582179923017	0.1668037214847014	0.0	0.0	0.0	0.0	0.0	0.0	0.5175055714749197	0.0	0.0	0.0	0.2567879638128316	0.7123970065890463	0.3738342747610707	0.0	0.0	0.0	0.0	0.0	0.0	0.0	0.0	0.0	0.0	0.0	0.0	0.0	0.0
k__Bacteria|p__Firmicutes|c__Erysipelotrichia	0.0	0.2078829552521706	0.0	0.0	0.0	0.0	0.0	0.042369098469	0.0	0.0121899465299933	0.4808218448801453	0.070965484496685	0.0036189357776755	0.0	0.0344738886034035	0.0940266140444875	0.146496617313285	0.0	0.0	0.0	0.5929818741875125	0.4829230234164701	1.05450225485654	0.6883763746819578	1.1039717504450206	0.0522820224513949	0.0649250755330705	0.0	0.0048733120961512	0.0	0.0220543936881541	0.0444369399245346	0.1414906309291298	0.0851878855472948	0.0	0.0	0.0317654145403208	0.0552545978447414	0.0736802256874273	0.0614254518243813	0.828084464344594	0.2070347849557468	0.0	0.0
k__Bacteria|p__Firmicutes|c__Erysipelotrichia|o__Erysipelotrichales	0.0	0.2078829552521706	0.0	0.0	0.0	0.0	0.0	0.042369098469	0.0	0.0121899465299933	0.4808218448801453	0.070965484496685	0.0036189357776755	0.0	0.0344738886034035	0.0940266140444875	0.146496617313285	0.0	0.0	0.0	0.5929818741875125	0.4829230234164701	1.05450225485654	0.6883763746819578	1.1039717504450206	0.0522820224513949	0.0649250755330705	0.0	0.0048733120961512	0.0	0.0220543936881541	0.0444369399245346	0.1414906309291298	0.0851878855472948	0.0	0.0	0.0317654145403208	0.0552545978447414	0.0736802256874273	0.0614254518243813	0.828084464344594	0.2070347849557468	0.0	0.0
k__Bacteria|p__Firmicutes|c__Erysipelotrichia|o__Erysipelotrichales|f__Erysipelotrichaceae	0.0	0.2078829552521706	0.0	0.0	0.0	0.0	0.0	0.042369098469	0.0	0.0121899465299933	0.4808218448801453	0.070965484496685	0.0036189357776755	0.0	0.0344738886034035	0.0940266140444875	0.146496617313285	0.0	0.0	0.0	0.5929818741875125	0.4829230234164701	1.05450225485654	0.6883763746819578	1.1039717504450206	0.0522820224513949	0.0649250755330705	0.0	0.0048733120961512	0.0	0.0220543936881541	0.0444369399245346	0.1414906309291298	0.0851878855472948	0.0	0.0	0.0317654145403208	0.0552545978447414	0.0736802256874273	0.0614254518243813	0.828084464344594	0.2070347849557468	0.0	0.0
k__Bacteria|p__Firmicutes|c__Bacilli|o__Lactobacillales|f__Streptococcaceae	0.0	0.0544238769865708	0.0	0.0	0.0	0.6405714005948797	0.0	0.7274527170579582	0.0	0.0	0.903164354405212	0.0	0.4441092187531061	0.0	0.0	0.1005745218080849	0.1008056329275981	0.0	0.0	0.0	0.0	0.3466042778357259	0.0	0.0	0.0	0.8347562041178557	0.0	0.0	0.0	0.0	0.1205445826081145	0.2371201862962068	0.2410103841339512	0.0	0.1729275396342601	0.0	0.6846895179233494	0.0	0.2280713926793941	0.5487679507808467	2.4818828638120114	7.51141061990747	0.0	0.0
k__Bacteria|p__Bacteroidetes|c__Bacteroidia|o__Bacteroidales|f__Barnesiellaceae	0.0	0.0187228873973529	0.0037537763479129	0.4157148571673821	0.0577349472202072	0.2813010640142279	0.1309396719706478	0.0	0.0018940100405466	0.0164887754389644	0.0	0.0	0.0883020329752823	0.0245750556173409	0.105239310214884	0.0	0.0944961572705047	0.8654914736996921	0.5466544264138473	0.0	0.2261917844191257	0.3118690512336781	0.0	0.0048295109679024	0.0	0.0	0.0121780161362649	1.70885389885537	0.7879983215740063	0.1197257298602775	0.6085109051632414	0.0276710397518858	0.0	0.0634115611067484	0.0586901895415641	0.0	0.0	0.0	0.0	0.0	0.0914621901949684	0.0	0.0	0.0
k__Bacteria|p__Bacteroidetes|c__Bacteroidia|o__Bacteroidales|f__Odoribacteraceae	0.0	0.0080230294064324	0.0	0.1739939282859574	0.0	0.0	0.0	0.0	0.0	0.0	0.0	0.0	0.0405649801261263	0.0	0.0	0.0	0.0	0.3401436160022223	0.1517183940062009	0.0	0.3706754844646356	0.158380194850131	0.0	0.0	0.0	0.0	0.0	0.2401242057193547	0.1017222678203308	0.0	0.318768306904016	0.0	0.0	0.1310174614335706	0.1407572013526877	0.0644290084203614	0.0	0.0	0.0	0.0	0.017232260394423	0.0	0.0	0.0
k__Bacteria|p__Firmicutes|c__Clostridia|o__Eubacteriales|f__Lachnospiraceae|g__Anaerotignum	0.0	0.254060112421349	0.0	0.0	0.0	0.0	0.0126656705614427	0.0	0.0675369543912748	0.182406546260263	0.0	0.0	0.0	0.0	0.0	0.6143547211179592	0.0	0.0	0.0	0.0	0.45099718936709	0.9825455133846628	0.0	0.0	0.4416859897890873	1.2887608483676631	0.3613876497648569	0.0	0.0	0.0	0.0	0.0	0.0	0.7733163139181787	0.1135669533274237	0.0163958308792504	0.0	0.0	0.0	0.1226870794510278	0.5576866809372811	0.0	0.0	0.0
k__Bacteria|p__Firmicutes|c__Erysipelotrichia|o__Erysipelotrichales|f__Erysipelotrichaceae|g__Holdemanella	0.0	0.2078829552521706	0.0	0.0	0.0	0.0	0.0	0.042369098469	0.0	0.0121899465299933	0.478842848759838	0.070965484496685	0.0036189357776755	0.0	0.0344738886034035	0.0940266140444875	0.146496617313285	0.0	0.0	0.0	0.5929818741875125	0.4829230234164701	1.05450225485654	0.620389272176643	0.561369900436596	0.0403487343513141	0.0649250755330705	0.0	0.0048733120961512	0.0	0.0	0.0	0.1126020089121262	0.0	0.0	0.0	0.0317654145403208	0.0552545978447414	0.0736802256874273	0.0614254518243813	0.807519467295209	0.2070347849557468	0.0	0.0
k__Bacteria|p__Firmicutes|c__Firmicutes_unclassified|o__Firmicutes_unclassified|f__Firmicutes_unclassified|g__GGB9512	0.0	0.1386805984481751	0.0	0.0	0.0	0.0	0.0	0.0	0.0	0.0	0.0	0.0	0.0	0.0	0.0	0.0	0.0	1.9026931966118583	0.8534688772433319	0.1755220840775948	0.211745180503073	0.1572624147538154	0.0	0.0	0.0	0.0	0.0	0.0	0.0	0.1179872238578266	0.0	0.0	0.0	0.0	0.0	0.0	0.0	0.0	0.0	0.0	0.0	0.0	0.0	0.0
k__Bacteria|p__Firmicutes|c__Bacilli|o__Lactobacillales|f__Streptococcaceae|g__Streptococcus	0.0	0.0544238769865708	0.0	0.0	0.0	0.6405714005948797	0.0	0.7274527170579582	0.0	0.0	0.903164354405212	0.0	0.4441092187531061	0.0	0.0	0.1005745218080849	0.1008056329275981	0.0	0.0	0.0	0.0	0.3466042778357259	0.0	0.0	0.0	0.8347562041178557	0.0	0.0	0.0	0.0	0.1205445826081145	0.2371201862962068	0.2410103841339512	0.0	0.1729275396342601	0.0	0.6846895179233494	0.0	0.2280713926793941	0.5487679507808467	2.4818828638120114	7.51141061990747	0.0	0.0
k__Bacteria|p__Firmicutes|c__Clostridia|o__Eubacteriales|f__Eubacteriaceae|g__Eubacteriaceae_unclassified	0.0	0.0244717309590252	0.0	0.0	0.0	0.1032153839207793	0.0258733921234053	0.0	0.0	0.0	0.0	0.0	0.0252832013194875	0.0	0.0	0.0	0.0	0.0167789262136632	0.0144868044609917	0.0	0.0179787809126425	0.1174257406445227	0.1753549265484545	0.0	0.0	0.0	0.0	0.0052177070476049	0.0050438780195165	1.1039513115563404	0.0	0.0	0.0	0.0224525546413338	0.0571056153691024	0.0	0.0	0.0	0.0	0.0	0.0	0.0	0.0	0.0
k__Bacteria|p__Bacteroidetes|c__Bacteroidia|o__Bacteroidales|f__Barnesiellaceae|g__Barnesiella	0.0	0.0187228873973529	0.0037537763479129	0.4157148571673821	0.0577349472202072	0.2813010640142279	0.1309396719706478	0.0	0.0018940100405466	0.0164887754389644	0.0	0.0	0.0883020329752823	0.0245750556173409	0.105239310214884	0.0	0.0944961572705047	0.8654914736996921	0.5466544264138473	0.0	0.2261917844191257	0.3118690512336781	0.0	0.0048295109679024	0.0	0.0	0.0	1.70885389885537	0.7879983215740063	0.1197257298602775	0.6085109051632414	0.0276710397518858	0.0	0.0634115611067484	0.0586901895415641	0.0	0.0	0.0	0.0	0.0	0.0914621901949684	0.0	0.0	0.0
k__Bacteria|p__Bacteroidetes|c__Bacteroidia|o__Bacteroidales|f__Odoribacteraceae|g__Odoribacter	0.0	0.0080230294064324	0.0	0.1132490927003322	0.0	0.0	0.0	0.0	0.0	0.0	0.0	0.0	0.0405649801261263	0.0	0.0	0.0	0.0	0.3093393109669653	0.1517183940062009	0.0	0.3549219750598447	0.158380194850131	0.0	0.0	0.0	0.0	0.0	0.2401242057193547	0.1017222678203308	0.0	0.3024504565196624	0.0	0.0	0.1310174614335706	0.1407572013526877	0.0644290084203614	0.0	0.0	0.0	0.0	0.017232260394423	0.0	0.0	0.0
k__Bacteria|p__Firmicutes|c__Clostridia|o__Eubacteriales|f__Oscillospiraceae|g__Vescimonas	0.0	0.0079857476712724	0.1950801026824647	0.499176085424563	0.4130820507671647	1.2844689276856738	0.9585217629051832	0.2458579636603629	1.9389979444915744	0.2798495057077723	0.0	0.0	0.5605155779836549	0.0027429430755316	0.1538171990722718	0.0531294385376653	0.0325854411185108	1.822051294041776	0.7681116232904042	0.7771267173684351	0.3335787955579502	0.433606229392561	0.446074251216845	0.0	0.0	0.0	0.0	0.9045749116074432	1.6818612262500718	0.0	0.0	0.0	0.0	0.1663269497658246	0.1334176627406808	0.2690769243694305	0.0	0.0	0.0	0.0	0.0080737950985038	0.0	0.0	0.0
k__Bacteria|p__Firmicutes|c__Clostridia|o__Eubacteriales|f__Oscillospiraceae|g__GGB9635	0.0	0.0075756485845123	1.6816834990500509	0.061069587446548	0.0	0.4745814634414516	0.1447199826176665	0.0	0.0	0.0	0.0	0.0	0.0	0.2876404399550434	0.0287141799624344	0.1468877644279466	0.0	0.0	0.0	0.0	0.0	0.0	0.0	0.0	0.0	0.0	0.0	2.402378044463671	1.087154706783079	1.8192633052137168	0.0	0.0	0.0	0.0	0.0	0.0	0.0	0.0	0.0	0.0	0.0	0.0	0.0	0.0
k__Bacteria|p__Firmicutes|c__Clostridia|o__Eubacteriales|f__Lachnospiraceae|g__Anaerotignum|s__Anaerotignum_faecicola	0.0	0.254060112421349	0.0	0.0	0.0	0.0	0.0126656705614427	0.0	0.0675369543912748	0.182406546260263	0.0	0.0	0.0	0.0	0.0	0.6143547211179592	0.0	0.0	0.0	0.0	0.45099718936709	0.9825455133846628	0.0	0.0	0.4416859897890873	1.2887608483676631	0.3613876497648569	0.0	0.0	0.0	0.0	0.0	0.0	0.7733163139181787	0.1135669533274237	0.0163958308792504	0.0	0.0	0.0	0.1226870794510278	0.5576866809372811	0.0	0.0	0.0
k__Bacteria|p__Firmicutes|c__Erysipelotrichia|o__Erysipelotrichales|f__Erysipelotrichaceae|g__Holdemanella|s__Holdemanella_porci	0.0	0.2078829552521706	0.0	0.0	0.0	0.0	0.0	0.0	0.0	0.0	0.478842848759838	0.070965484496685	0.0036189357776755	0.0	0.0	0.0	0.0	0.0	0.0	0.0	0.0	0.0	0.0	0.5727465840781264	0.561369900436596	0.0403487343513141	0.0649250755330705	0.0	0.0048733120961512	0.0	0.0	0.0	0.0	0.0	0.0	0.0	0.0	0.0	0.0	0.0	0.0	0.0	0.0	0.0
k__Bacteria|p__Bacteroidetes|c__Bacteroidia|o__Bacteroidales|f__Tannerellaceae|g__Parabacteroides|s__Parabacteroides_distasonis	0.0	0.1506256663934397	0.0760804095646683	0.339316981885274	0.0664676335905304	0.0802245485807267	0.0266826513636181	0.035750383416637	0.0392507753493652	0.040877181031444	0.0383595414652884	0.0	0.1592331742177223	0.0143147341754305	0.0	0.0888704510808352	0.1735024707041862	0.3124954237672321	0.1326186178205999	0.0	0.4471736077682813	0.123855077288744	0.0	0.0	0.1936593931080289	0.2994458618365572	0.5998266328706314	0.1434477718343029	0.2630288982029378	0.3036189764812307	0.5147282831697182	0.0953275912943073	0.015015232392237	0.0480294640078247	0.0473108574349295	0.0527719447799495	0.0	2.4684303770567566	0.1698085219523486	0.2968063346646097	0.7024988996325473	0.036102595062782	0.0	0.0
k__Bacteria|p__Firmicutes|c__Firmicutes_unclassified|o__Firmicutes_unclassified|f__Firmicutes_unclassified|g__GGB9512|s__GGB9512_SGB14909	0.0	0.1386805984481751	0.0	0.0	0.0	0.0	0.0	0.0	0.0	0.0	0.0	0.0	0.0	0.0	0.0	0.0	0.0	1.9026931966118583	0.8534688772433319	0.1755220840775948	0.211745180503073	0.1572624147538154	0.0	0.0	0.0	0.0	0.0	0.0	0.0	0.1179872238578266	0.0	0.0	0.0	0.0	0.0	0.0	0.0	0.0	0.0	0.0	0.0	0.0	0.0	0.0
k__Bacteria|p__Firmicutes|c__Clostridia|o__Eubacteriales|f__Lachnospiraceae|g__Dorea|s__Dorea_sp_AF36_15AT	0.0	0.1227836665759503	0.0660315835005652	0.0	0.0	0.0	0.0	0.1125714252266093	0.0051103834548568	0.154247088773379	0.0381863793047615	0.0033778884603339	0.0	0.0	0.0950543660401743	0.3382442904155867	0.1827071684815654	0.2107268885749559	0.1614626488851507	0.0	0.221882528483286	0.2224214304435509	1.2916894781531925	0.0966140884402618	0.952456447954445	0.3173072442404828	0.2569707467913951	0.0	0.0120370808774936	0.2006679800701339	0.0	0.0389113254647636	0.4731470187607032	0.8427369079483797	0.4521521455959134	0.0872571082920737	0.0	0.0	0.0	0.070565117592748	0.5786802976614513	0.5313427081239539	0.0	0.0
k__Bacteria|p__Firmicutes|c__Clostridia|o__Eubacteriales|f__Oscillospiraceae|g__Oscillospiraceae_unclassified|s__Ruminococcaceae_bacterium_AM28_23LB	0.0	0.0842716341556683	0.0	0.0	0.0	0.0	0.0	0.0	0.0	0.0	0.0	0.0	0.0	0.0	0.0	0.0	0.0	0.0	0.0	0.0	0.0	0.0	0.0	0.0	0.0	0.0	0.0	0.0	0.12940268052647	0.518934794359249	0.0	0.0	0.0	0.0	0.0	0.0	0.0	0.0	0.0	0.0	0.0	0.0	0.0	0.0
k__Bacteria|p__Firmicutes|c__Clostridia|o__Eubacteriales|f__Lachnospiraceae|g__Blautia|s__Blautia_faecis	0.0	0.0619920692240511	0.0570042496727304	0.066476705930914	0.0	0.0365062664185732	0.0	0.5385596500504785	0.0394022961526089	0.3885375205785507	0.1263259190129448	0.0068527141171013	0.2857643287717223	0.0101574610765779	0.0506026066752517	0.725006816718418	0.0645302028322524	0.3084053592199476	0.3258623958721124	0.0	0.1697917482260765	0.2634179064572914	0.6128290919447356	0.5701687231990483	0.0	0.0	0.0	0.0	0.130003722351662	0.245887630878565	0.057133913353099	0.1114317926902806	0.1539367170945582	0.0577192435937911	0.0373245575678216	0.0	0.0	0.0	0.028407439052951	0.2209212418085765	0.7614909626274656	0.0853039201932632	0.0	0.0
k__Bacteria|p__Firmicutes|c__Clostridia|o__Eubacteriales|f__Lachnospiraceae|g__Anaerobutyricum|s__Anaerobutyricum_soehngenii	0.0	0.059456911233171	0.0056472741517273	0.0	0.0	0.0	0.0	0.0	0.0	0.0	0.0	0.0	0.0	0.0063001973766116	0.0	0.0169608417487292	0.0	0.1529184959578244	0.2114624248065702	0.0	0.1216746670900306	0.0655119988780457	0.4210748720691654	0.2166596592536251	0.0	0.0	0.0	0.0	0.0	0.0	0.2359528581325571	0.2119584458013242	0.0	0.0	0.0	0.0	0.0277002270226414	0.1585512725499955	0.0	0.0	0.1264602987422206	0.0346139139947705	0.0	0.0
k__Bacteria|p__Firmicutes|c__Bacilli|o__Lactobacillales|f__Streptococcaceae|g__Streptococcus|s__Streptococcus_thermophilus	0.0	0.0544238769865708	0.0	0.0	0.0	0.6405714005948797	0.0	0.7274527170579582	0.0	0.0	0.6709291596871586	0.0	0.0	0.0	0.0	0.1005745218080849	0.0117268660670399	0.0	0.0	0.0	0.0	0.0	0.0	0.0	0.0	0.7437788030964212	0.0	0.0	0.0	0.0	0.0	0.0	0.0922119594930102	0.0	0.1729275396342601	0.0	0.6495757242923795	0.0	0.1281599018205028	0.5487679507808467	2.4818828638120114	7.51141061990747	0.0	0.0
k__Bacteria|p__Firmicutes|c__Clostridia|o__Eubacteriales|f__Lachnospiraceae|g__Blautia|s__Blautia_glucerasea	0.0	0.0486974024659945	0.0073995901017486	0.0806440058636748	0.108524692115234	0.1036534591178021	0.0480974831447193	0.0507390429567469	0.0	0.2397384526006994	0.0082458171679467	0.0615327496129709	0.0	0.064339158515438	0.633038762895113	2.0779169063422134	0.4402359596011052	0.078717639918899	0.0863852382885617	0.0	0.0	0.0439800243911242	0.6185400279596096	0.0399807127079235	0.4209809916494319	0.0	0.011849374021643	0.0444993634090027	0.2175284075985387	0.0	0.7765513223898184	1.8037135238020416	0.0	0.0585324318099278	0.0123544546743034	0.0	0.0	0.008100950721359	0.0	0.7327166578585211	0.6100307653028789	0.0	0.0	0.0
k__Bacteria|p__Firmicutes|c__Clostridia|o__Eubacteriales|f__Oscillospiraceae|g__Ruminococcus|s__Ruminococcus_sp_AF46_10NS	0.0	0.0469227918723784	0.0	0.0	0.0	0.0	0.0	0.0	0.0	0.0	0.0	0.0	0.0	0.0	0.0	0.0	0.0	0.0	0.0	0.0	0.0	0.0	0.0	0.0	0.0	0.0	0.0	0.0	0.0	0.0	0.0	0.0	0.0	0.0	0.0	0.0	0.0	0.0	0.0	0.2203780352581925	0.7551841302699129	0.5427947406974281	0.0	0.0
k__Bacteria|p__Firmicutes|c__Clostridia|o__Eubacteriales|f__Eubacteriaceae|g__Eubacteriaceae_unclassified|s__Eubacteriaceae_bacterium	0.0	0.0244717309590252	0.0	0.0	0.0	0.1032153839207793	0.0258733921234053	0.0	0.0	0.0	0.0	0.0	0.0252832013194875	0.0	0.0	0.0	0.0	0.0167789262136632	0.0144868044609917	0.0	0.0179787809126425	0.1174257406445227	0.1753549265484545	0.0	0.0	0.0	0.0	0.0052177070476049	0.0050438780195165	1.1039513115563404	0.0	0.0	0.0	0.0224525546413338	0.0571056153691024	0.0	0.0	0.0	0.0	0.0	0.0	0.0	0.0	0.0
k__Bacteria|p__Firmicutes|c__Clostridia|o__Eubacteriales|f__Lachnospiraceae|g__Dorea|s__Dorea_sp_AF24_7LB	0.0	0.0232339773517131	0.0	0.0230330257359554	0.0	0.0	0.0	0.073398486943861	0.0	0.0750464864583945	0.0	0.0	0.0632573524229598	0.0	0.0	0.0	0.1181364163198971	0.2331578331197092	0.1788779129241247	0.0	0.0790766125111564	0.1065757097847976	0.272380960048865	0.0	0.1704956211611012	0.0144176050771256	0.0336949456963671	0.0207846498457894	0.0597386841119876	0.0	0.0	0.0154425026192977	0.4875994857889727	0.5694799876985512	0.4069569558747653	0.2046175392359995	0.0	0.0	0.0	0.0	0.0	0.0	0.0	0.0
k__Bacteria|p__Bacteroidetes|c__Bacteroidia|o__Bacteroidales|f__Barnesiellaceae|g__Barnesiella|s__Barnesiella_intestinihominis	0.0	0.0187228873973529	0.0037537763479129	0.4157148571673821	0.0577349472202072	0.2813010640142279	0.1309396719706478	0.0	0.0018940100405466	0.0164887754389644	0.0	0.0	0.0883020329752823	0.0245750556173409	0.105239310214884	0.0	0.0944961572705047	0.8654914736996921	0.5466544264138473	0.0	0.2261917844191257	0.3118690512336781	0.0	0.0048295109679024	0.0	0.0	0.0	1.70885389885537	0.7879983215740063	0.1197257298602775	0.6085109051632414	0.0276710397518858	0.0	0.0634115611067484	0.0586901895415641	0.0	0.0	0.0	0.0	0.0	0.0914621901949684	0.0	0.0	0.0
k__Bacteria|p__Firmicutes|c__Clostridia|o__Eubacteriales|f__Eubacteriaceae|g__Eubacterium|s__Eubacterium_ventriosum	0.0	0.0169855585388968	0.0	0.0	0.0	0.0	0.0	0.0	0.0	0.0	0.14224859196425	0.0	0.0	0.0	0.0	0.0538839989713706	0.0117106463352736	0.0	0.0	0.0	0.0	0.0	0.0	0.0	0.0941674990144859	0.0214336588847108	0.0	0.0	0.0149448237615305	0.0	0.0	0.179672701593922	0.0	0.0	0.0	0.0	0.0	0.0599833367681762	0.0288761534274252	0.0	0.0	0.0	0.0	0.0
k__Bacteria|p__Firmicutes|c__Clostridia|o__Eubacteriales|f__Lachnospiraceae|g__Coprococcus|s__Coprococcus_SGB4669	0.0	0.0087015569863444	0.0	0.0	0.0	0.0182936957275294	0.0	0.0	0.0	0.0	0.0013028391125355	0.0	0.0	0.0	0.0	0.0194592751847753	0.0	0.0	0.0	0.0	0.0	0.0214983570404157	0.0	0.0	0.0	0.0	0.0	0.0	0.0	0.006621118605079	0.0	0.0	0.0	0.0	0.0	0.0	0.0	0.0	0.0	0.0	0.0	0.0	0.0	0.0
k__Bacteria|p__Firmicutes|c__Clostridia|o__Eubacteriales|f__Oscillospiraceae|g__Ruminococcus|s__Ruminococcus_sp_AF41_9	0.0	0.0084629538813204	0.0	0.0	0.0	0.0050865397876545	0.0187427493841723	0.0	0.0	0.0	0.0	0.0	0.0	0.0	0.5247777147247805	3.600267733356921	0.2044578287801831	0.0	0.0	0.0	0.0	0.0	0.0	1.0158363135715118	0.0	0.0	0.0	0.1654937592696785	0.2327575078990114	0.0	0.0	0.0387652361244586	0.0	0.0	0.0	0.0	0.0	0.0	0.0	0.7803550100945833	0.6004524276724763	1.6469719438074	0.0	0.0
k__Bacteria|p__Bacteroidetes|c__Bacteroidia|o__Bacteroidales|f__Odoribacteraceae|g__Odoribacter|s__Odoribacter_splanchnicus	0.0	0.0080230294064324	0.0	0.1132490927003322	0.0	0.0	0.0	0.0	0.0	0.0	0.0	0.0	0.0405649801261263	0.0	0.0	0.0	0.0	0.3093393109669653	0.1517183940062009	0.0	0.3549219750598447	0.158380194850131	0.0	0.0	0.0	0.0	0.0	0.2401242057193547	0.1017222678203308	0.0	0.3024504565196624	0.0	0.0	0.1310174614335706	0.1407572013526877	0.0644290084203614	0.0	0.0	0.0	0.0	0.017232260394423	0.0	0.0	0.0
k__Bacteria|p__Firmicutes|c__Clostridia|o__Eubacteriales|f__Oscillospiraceae|g__Vescimonas|s__Vescimonas_coprocola	0.0	0.0079857476712724	0.1950801026824647	0.499176085424563	0.4130820507671647	1.2844689276856738	0.9585217629051832	0.2458579636603629	1.9389979444915744	0.2798495057077723	0.0	0.0	0.5605155779836549	0.0027429430755316	0.1538171990722718	0.0531294385376653	0.0325854411185108	1.822051294041776	0.7681116232904042	0.7771267173684351	0.3335787955579502	0.433606229392561	0.446074251216845	0.0	0.0	0.0	0.0	0.9045749116074432	1.6818612262500718	0.0	0.0	0.0	0.0	0.1663269497658246	0.1334176627406808	0.2690769243694305	0.0	0.0	0.0	0.0	0.0080737950985038	0.0	0.0	0.0
k__Bacteria|p__Firmicutes|c__Clostridia|o__Eubacteriales|f__Oscillospiraceae|g__GGB9635|s__GGB9635_SGB15106	0.0	0.0075756485845123	1.6816834990500509	0.061069587446548	0.0	0.4745814634414516	0.1447199826176665	0.0	0.0	0.0	0.0	0.0	0.0	0.2876404399550434	0.0287141799624344	0.1468877644279466	0.0	0.0	0.0	0.0	0.0	0.0	0.0	0.0	0.0	0.0	0.0	2.402378044463671	1.087154706783079	1.8192633052137168	0.0	0.0	0.0	0.0	0.0	0.0	0.0	0.0	0.0	0.0	0.0	0.0	0.0	0.0
k__Bacteria|p__Firmicutes|c__Clostridia|o__Eubacteriales|f__Lachnospiraceae|g__Lachnospiraceae_unclassified|s__Lachnospiraceae_bacterium_Marseille_Q4251	0.0	0.0047273240182882	0.0	0.0136558157518072	0.0069924485995013	0.0198675214353523	0.0188114600743791	0.152037344859764	0.0	0.0079932680109383	0.0560798025592061	0.0415487737328495	0.0	0.0208549390711511	0.0625438401692449	0.0859612014086607	0.0444907242349801	0.0	0.0	0.0	0.0	0.0132620826465113	0.0	0.0488918367343662	0.0	0.0	0.0	0.0	0.0	0.0	0.0	0.0	0.0	0.0708072939356132	0.0758506054422351	0.0	0.0131480340245717	0.0	0.0	0.0548293722840035	0.0	0.0128575471013732	0.0	0.0
k__Bacteria|p__Bacteroidetes|c__Bacteroidia|o__Bacteroidales|f__Rikenellaceae|g__Alistipes|s__Alistipes_ihumii	0.0	0.0045036336073282	0.2553730590670834	0.4039750773950199	0.0	0.0	0.0	0.0	0.7307572848075709	0.0926418911214505	0.0	0.0	0.0	0.1548305649166478	0.0962968065193181	0.0	0.0	0.5964167548606203	0.3741258285039319	0.0	0.0	0.0	0.0	0.0	0.0	0.0	0.0246846743871516	0.2442921038414655	0.0295566378631574	0.0	0.3202260234386141	0.0	0.0	0.0	0.0095335643892616	0.0	0.0	0.0	0.0	0.0	0.0	0.0	0.0	0.0
k__Bacteria|p__Firmicutes|c__Clostridia|o__Eubacteriales|f__Lachnospiraceae|g__Anaerotignum|s__Anaerotignum_faecicola|t__SGB5190	0.0	0.254060112421349	0.0	0.0	0.0	0.0	0.0126656705614427	0.0	0.0675369543912748	0.182406546260263	0.0	0.0	0.0	0.0	0.0	0.6143547211179592	0.0	0.0	0.0	0.0	0.45099718936709	0.9825455133846628	0.0	0.0	0.4416859897890873	1.2887608483676631	0.3613876497648569	0.0	0.0	0.0	0.0	0.0	0.0	0.7733163139181787	0.1135669533274237	0.0163958308792504	0.0	0.0	0.0	0.1226870794510278	0.5576866809372811	0.0	0.0	0.0
k__Bacteria|p__Firmicutes|c__Erysipelotrichia|o__Erysipelotrichales|f__Erysipelotrichaceae|g__Holdemanella|s__Holdemanella_porci|t__SGB6796	0.0	0.2078829552521706	0.0	0.0	0.0	0.0	0.0	0.0	0.0	0.0	0.478842848759838	0.070965484496685	0.0036189357776755	0.0	0.0	0.0	0.0	0.0	0.0	0.0	0.0	0.0	0.0	0.5727465840781264	0.561369900436596	0.0403487343513141	0.0649250755330705	0.0	0.0048733120961512	0.0	0.0	0.0	0.0	0.0	0.0	0.0	0.0	0.0	0.0	0.0	0.0	0.0	0.0	0.0
k__Bacteria|p__Bacteroidetes|c__Bacteroidia|o__Bacteroidales|f__Tannerellaceae|g__Parabacteroides|s__Parabacteroides_distasonis|t__SGB1934	0.0	0.1506256663934397	0.0760804095646683	0.339316981885274	0.0664676335905304	0.0802245485807267	0.0266826513636181	0.035750383416637	0.0392507753493652	0.040877181031444	0.0383595414652884	0.0	0.1592331742177223	0.0143147341754305	0.0	0.0888704510808352	0.1735024707041862	0.3124954237672321	0.1326186178205999	0.0	0.4471736077682813	0.123855077288744	0.0	0.0	0.1936593931080289	0.2994458618365572	0.5998266328706314	0.1434477718343029	0.2630288982029378	0.3036189764812307	0.5147282831697182	0.0953275912943073	0.015015232392237	0.0480294640078247	0.0473108574349295	0.0527719447799495	0.0	2.4684303770567566	0.1698085219523486	0.2968063346646097	0.7024988996325473	0.036102595062782	0.0	0.0
k__Bacteria|p__Firmicutes|c__Firmicutes_unclassified|o__Firmicutes_unclassified|f__Firmicutes_unclassified|g__GGB9512|s__GGB9512_SGB14909|t__SGB14909	0.0	0.1386805984481751	0.0	0.0	0.0	0.0	0.0	0.0	0.0	0.0	0.0	0.0	0.0	0.0	0.0	0.0	0.0	1.9026931966118583	0.8534688772433319	0.1755220840775948	0.211745180503073	0.1572624147538154	0.0	0.0	0.0	0.0	0.0	0.0	0.0	0.1179872238578266	0.0	0.0	0.0	0.0	0.0	0.0	0.0	0.0	0.0	0.0	0.0	0.0	0.0	0.0
k__Bacteria|p__Firmicutes|c__Clostridia|o__Eubacteriales|f__Lachnospiraceae|g__Dorea|s__Dorea_sp_AF36_15AT|t__SGB4552	0.0	0.1227836665759503	0.0660315835005652	0.0	0.0	0.0	0.0	0.1125714252266093	0.0051103834548568	0.154247088773379	0.0381863793047615	0.0033778884603339	0.0	0.0	0.0950543660401743	0.3382442904155867	0.1827071684815654	0.2107268885749559	0.1614626488851507	0.0	0.221882528483286	0.2224214304435509	1.2916894781531925	0.0966140884402618	0.952456447954445	0.3173072442404828	0.2569707467913951	0.0	0.0120370808774936	0.2006679800701339	0.0	0.0389113254647636	0.4731470187607032	0.8427369079483797	0.4521521455959134	0.0872571082920737	0.0	0.0	0.0	0.070565117592748	0.5786802976614513	0.5313427081239539	0.0	0.0
k__Bacteria|p__Firmicutes|c__Clostridia|o__Eubacteriales|f__Oscillospiraceae|g__Oscillospiraceae_unclassified|s__Ruminococcaceae_bacterium_AM28_23LB|t__SGB14974	0.0	0.0842716341556683	0.0	0.0	0.0	0.0	0.0	0.0	0.0	0.0	0.0	0.0	0.0	0.0	0.0	0.0	0.0	0.0	0.0	0.0	0.0	0.0	0.0	0.0	0.0	0.0	0.0	0.0	0.12940268052647	0.518934794359249	0.0	0.0	0.0	0.0	0.0	0.0	0.0	0.0	0.0	0.0	0.0	0.0	0.0	0.0
k__Bacteria|p__Firmicutes|c__Clostridia|o__Eubacteriales|f__Lachnospiraceae|g__Blautia|s__Blautia_faecis|t__SGB4820	0.0	0.0619920692240511	0.0570042496727304	0.066476705930914	0.0	0.0365062664185732	0.0	0.5385596500504785	0.0394022961526089	0.3885375205785507	0.1263259190129448	0.0068527141171013	0.2857643287717223	0.0101574610765779	0.0506026066752517	0.725006816718418	0.0645302028322524	0.3084053592199476	0.3258623958721124	0.0	0.1697917482260765	0.2634179064572914	0.6128290919447356	0.5701687231990483	0.0	0.0	0.0	0.0	0.130003722351662	0.245887630878565	0.057133913353099	0.1114317926902806	0.1539367170945582	0.0577192435937911	0.0373245575678216	0.0	0.0	0.0	0.028407439052951	0.2209212418085765	0.7614909626274656	0.0853039201932632	0.0	0.0
k__Bacteria|p__Firmicutes|c__Clostridia|o__Eubacteriales|f__Lachnospiraceae|g__Anaerobutyricum|s__Anaerobutyricum_soehngenii|t__SGB4537	0.0	0.059456911233171	0.0056472741517273	0.0	0.0	0.0	0.0	0.0	0.0	0.0	0.0	0.0	0.0	0.0063001973766116	0.0	0.0169608417487292	0.0	0.1529184959578244	0.2114624248065702	0.0	0.1216746670900306	0.0655119988780457	0.4210748720691654	0.2166596592536251	0.0	0.0	0.0	0.0	0.0	0.0	0.2359528581325571	0.2119584458013242	0.0	0.0	0.0	0.0	0.0277002270226414	0.1585512725499955	0.0	0.0	0.1264602987422206	0.0346139139947705	0.0	0.0
k__Bacteria|p__Firmicutes|c__Bacilli|o__Lactobacillales|f__Streptococcaceae|g__Streptococcus|s__Streptococcus_thermophilus|t__SGB8002	0.0	0.0544238769865708	0.0	0.0	0.0	0.6405714005948797	0.0	0.7274527170579582	0.0	0.0	0.6709291596871586	0.0	0.0	0.0	0.0	0.1005745218080849	0.0117268660670399	0.0	0.0	0.0	0.0	0.0	0.0	0.0	0.0	0.7437788030964212	0.0	0.0	0.0	0.0	0.0	0.0	0.0922119594930102	0.0	0.1729275396342601	0.0	0.6495757242923795	0.0	0.1281599018205028	0.5487679507808467	2.4818828638120114	7.51141061990747	0.0	0.0
k__Bacteria|p__Firmicutes|c__Clostridia|o__Eubacteriales|f__Oscillospiraceae|g__Ruminococcus|s__Ruminococcus_sp_AF46_10NS|t__SGB4824	0.0	0.0469227918723784	0.0	0.0	0.0	0.0	0.0	0.0	0.0	0.0	0.0	0.0	0.0	0.0	0.0	0.0	0.0	0.0	0.0	0.0	0.0	0.0	0.0	0.0	0.0	0.0	0.0	0.0	0.0	0.0	0.0	0.0	0.0	0.0	0.0	0.0	0.0	0.0	0.0	0.2203780352581925	0.7551841302699129	0.5427947406974281	0.0	0.0
k__Bacteria|p__Firmicutes|c__Clostridia|o__Eubacteriales|f__Lachnospiraceae|g__Blautia|s__Blautia_glucerasea|t__SGB4816	0.0	0.040726567488786	0.0	0.0	0.108524692115234	0.064891916684926	0.0480974831447193	0.0	0.0	0.0	0.0082458171679467	0.0615327496129709	0.0	0.0	0.633038762895113	2.0779169063422134	0.4402359596011052	0.0	0.0	0.0	0.0	0.0439800243911242	0.0	0.0077813208016615	0.0	0.0	0.0	0.0444993634090027	0.2175284075985387	0.0	0.727031834229208	1.617518362838032	0.0	0.0	0.0123544546743034	0.0	0.0	0.0	0.0	0.7327166578585211	0.6100307653028789	0.0	0.0	0.0
k__Bacteria|p__Firmicutes|c__Clostridia|o__Eubacteriales|f__Lachnospiraceae|g__Blautia|s__Blautia_obeum|t__SGB4809	0.0	0.038817742648594	0.0	0.0	0.0	0.0	0.0	0.1695429805465472	0.0	0.0452781603303312	0.0	0.0	0.0	0.0	0.0	0.0265353752519663	0.0	0.0	0.0	0.0	0.0	0.0	0.0	0.0	0.0	0.0	0.0	0.0	0.0	0.0	0.0055221732251832	0.0329818169465024	0.0	0.074693477621151	0.0204253352120619	0.0	0.0115769470612174	0.0	0.0	1.2783288372514223	0.850057783182559	1.24112754471302	0.0	0.0
k__Bacteria|p__Firmicutes|c__Clostridia|o__Eubacteriales|f__Eubacteriaceae|g__Eubacteriaceae_unclassified|s__Eubacteriaceae_bacterium|t__SGB3958	0.0	0.0244717309590252	0.0	0.0	0.0	0.1032153839207793	0.0258733921234053	0.0	0.0	0.0	0.0	0.0	0.0252832013194875	0.0	0.0	0.0	0.0	0.0167789262136632	0.0144868044609917	0.0	0.0179787809126425	0.1174257406445227	0.1753549265484545	0.0	0.0	0.0	0.0	0.0	0.0050438780195165	0.0	0.0	0.0	0.0	0.0224525546413338	0.0571056153691024	0.0	0.0	0.0	0.0	0.0	0.0	0.0	0.0	0.0
k__Bacteria|p__Firmicutes|c__Clostridia|o__Eubacteriales|f__Lachnospiraceae|g__Dorea|s__Dorea_sp_AF24_7LB|t__SGB4571	0.0	0.0232339773517131	0.0	0.0230330257359554	0.0	0.0	0.0	0.073398486943861	0.0	0.0750464864583945	0.0	0.0	0.0632573524229598	0.0	0.0	0.0	0.1181364163198971	0.2331578331197092	0.1788779129241247	0.0	0.0790766125111564	0.1065757097847976	0.272380960048865	0.0	0.1704956211611012	0.0144176050771256	0.0336949456963671	0.0207846498457894	0.0597386841119876	0.0	0.0	0.0154425026192977	0.4875994857889727	0.5694799876985512	0.4069569558747653	0.2046175392359995	0.0	0.0	0.0	0.0	0.0	0.0	0.0	0.0
k__Bacteria|p__Bacteroidetes|c__Bacteroidia|o__Bacteroidales|f__Barnesiellaceae|g__Barnesiella|s__Barnesiella_intestinihominis|t__SGB1965	0.0	0.0187228873973529	0.0037537763479129	0.4157148571673821	0.0577349472202072	0.2813010640142279	0.1309396719706478	0.0	0.0018940100405466	0.0164887754389644	0.0	0.0	0.0883020329752823	0.0245750556173409	0.105239310214884	0.0	0.0944961572705047	0.8654914736996921	0.5466544264138473	0.0	0.2261917844191257	0.3118690512336781	0.0	0.0048295109679024	0.0	0.0	0.0	1.70885389885537	0.7879983215740063	0.1197257298602775	0.6085109051632414	0.0276710397518858	0.0	0.0634115611067484	0.0586901895415641	0.0	0.0	0.0	0.0	0.0	0.0914621901949684	0.0	0.0	0.0
k__Bacteria|p__Firmicutes|c__Clostridia|o__Eubacteriales|f__Eubacteriaceae|g__Eubacterium|s__Eubacterium_ventriosum|t__SGB5045	0.0	0.0169855585388968	0.0	0.0	0.0	0.0	0.0	0.0	0.0	0.0	0.14224859196425	0.0	0.0	0.0	0.0	0.0538839989713706	0.0117106463352736	0.0	0.0	0.0	0.0	0.0	0.0	0.0	0.0941674990144859	0.0214336588847108	0.0	0.0	0.0149448237615305	0.0	0.0	0.179672701593922	0.0	0.0	0.0	0.0	0.0	0.0599833367681762	0.0288761534274252	0.0	0.0	0.0	0.0	0.0
k__Bacteria|p__Firmicutes|c__Clostridia|o__Eubacteriales|f__Lachnospiraceae|g__Coprococcus|s__Coprococcus_SGB4669|t__SGB4669	0.0	0.0087015569863444	0.0	0.0	0.0	0.0182936957275294	0.0	0.0	0.0	0.0	0.0013028391125355	0.0	0.0	0.0	0.0	0.0194592751847753	0.0	0.0	0.0	0.0	0.0	0.0214983570404157	0.0	0.0	0.0	0.0	0.0	0.0	0.0	0.006621118605079	0.0	0.0	0.0	0.0	0.0	0.0	0.0	0.0	0.0	0.0	0.0	0.0	0.0	0.0
k__Bacteria|p__Firmicutes|c__Clostridia|o__Eubacteriales|f__Oscillospiraceae|g__Ruminococcus|s__Ruminococcus_sp_AF41_9|t__SGB25497	0.0	0.0084629538813204	0.0	0.0	0.0	0.0050865397876545	0.0187427493841723	0.0	0.0	0.0	0.0	0.0	0.0	0.0	0.5247777147247805	3.600267733356921	0.2044578287801831	0.0	0.0	0.0	0.0	0.0	0.0	1.0158363135715118	0.0	0.0	0.0	0.1654937592696785	0.2327575078990114	0.0	0.0	0.0387652361244586	0.0	0.0	0.0	0.0	0.0	0.0	0.0	0.7803550100945833	0.6004524276724763	1.6469719438074	0.0	0.0
k__Bacteria|p__Bacteroidetes|c__Bacteroidia|o__Bacteroidales|f__Odoribacteraceae|g__Odoribacter|s__Odoribacter_splanchnicus|t__SGB1790	0.0	0.0080230294064324	0.0	0.1132490927003322	0.0	0.0	0.0	0.0	0.0	0.0	0.0	0.0	0.0405649801261263	0.0	0.0	0.0	0.0	0.3093393109669653	0.1517183940062009	0.0	0.3549219750598447	0.158380194850131	0.0	0.0	0.0	0.0	0.0	0.2401242057193547	0.1017222678203308	0.0	0.3024504565196624	0.0	0.0	0.1310174614335706	0.1407572013526877	0.0644290084203614	0.0	0.0	0.0	0.0	0.017232260394423	0.0	0.0	0.0
k__Bacteria|p__Firmicutes|c__Clostridia|o__Eubacteriales|f__Oscillospiraceae|g__Vescimonas|s__Vescimonas_coprocola|t__SGB15089	0.0	0.0079857476712724	0.1950801026824647	0.499176085424563	0.4130820507671647	1.2844689276856738	0.9585217629051832	0.2458579636603629	1.9389979444915744	0.2798495057077723	0.0	0.0	0.5605155779836549	0.0027429430755316	0.1538171990722718	0.0531294385376653	0.0325854411185108	1.822051294041776	0.7681116232904042	0.7771267173684351	0.3335787955579502	0.433606229392561	0.446074251216845	0.0	0.0	0.0	0.0	0.9045749116074432	1.6818612262500718	0.0	0.0	0.0	0.0	0.1663269497658246	0.1334176627406808	0.2690769243694305	0.0	0.0	0.0	0.0	0.0080737950985038	0.0	0.0	0.0
k__Bacteria|p__Firmicutes|c__Clostridia|o__Eubacteriales|f__Lachnospiraceae|g__Blautia|s__Blautia_glucerasea|t__SGB4804	0.0	0.0079633786301764	0.0073995901017486	0.0806440058636748	0.0	0.0387615424328761	0.0	0.0507390429567469	0.0	0.2397384526006994	0.0	0.0	0.0	0.064339158515438	0.0	0.0	0.0	0.078717639918899	0.0863852382885617	0.0	0.0	0.0	0.6185400279596096	0.032199391906262	0.4209809916494319	0.0	0.011849374021643	0.0	0.0	0.0	0.0495109133574657	0.1861951609640094	0.0	0.0585324318099278	0.0	0.0	0.0	0.008100950721359	0.0	0.0	0.0	0.0	0.0	0.0
k__Bacteria|p__Firmicutes|c__Clostridia|o__Eubacteriales|f__Oscillospiraceae|g__GGB9635|s__GGB9635_SGB15106|t__SGB15106	0.0	0.0075756485845123	1.6816834990500509	0.061069587446548	0.0	0.4745814634414516	0.1447199826176665	0.0	0.0	0.0	0.0	0.0	0.0	0.2876404399550434	0.0287141799624344	0.1468877644279466	0.0	0.0	0.0	0.0	0.0	0.0	0.0	0.0	0.0	0.0	0.0	2.402378044463671	1.087154706783079	1.8192633052137168	0.0	0.0	0.0	0.0	0.0	0.0	0.0	0.0	0.0	0.0	0.0	0.0	0.0	0.0
k__Bacteria|p__Firmicutes|c__Clostridia|o__Eubacteriales|f__Lachnospiraceae|g__Lachnospiraceae_unclassified|s__Lachnospiraceae_bacterium_Marseille_Q4251|t__SGB4780	0.0	0.0047273240182882	0.0	0.0136558157518072	0.0069924485995013	0.0198675214353523	0.0188114600743791	0.152037344859764	0.0	0.0079932680109383	0.0560798025592061	0.0415487737328495	0.0	0.0208549390711511	0.0625438401692449	0.0859612014086607	0.0444907242349801	0.0	0.0	0.0	0.0	0.0132620826465113	0.0	0.0488918367343662	0.0	0.0	0.0	0.0	0.0	0.0	0.0	0.0	0.0	0.0708072939356132	0.0758506054422351	0.0	0.0131480340245717	0.0	0.0	0.0548293722840035	0.0	0.0128575471013732	0.0	0.0
k__Bacteria|p__Bacteroidetes|c__Bacteroidia|o__Bacteroidales|f__Rikenellaceae|g__Alistipes|s__Alistipes_ihumii|t__SGB2328	0.0	0.0045036336073282	0.2553730590670834	0.4039750773950199	0.0	0.0	0.0	0.0	0.7307572848075709	0.0926418911214505	0.0	0.0	0.0	0.1548305649166478	0.0962968065193181	0.0	0.0	0.5964167548606203	0.3741258285039319	0.0	0.0	0.0	0.0	0.0	0.0	0.0	0.0246846743871516	0.2442921038414655	0.0295566378631574	0.0	0.3202260234386141	0.0	0.0	0.0	0.0095335643892616	0.0	0.0	0.0	0.0	0.0	0.0	0.0	0.0	0.0
k__Bacteria|p__Verrucomicrobia	0.0	0.0	0.0103311897716894	0.082584398232689	0.0	1.3616269498872404	0.0470744573127522	0.0	0.0	0.0634949798653771	0.0	0.0	0.1314989663942636	0.0	0.0	0.1330625404815034	0.0	3.01146299779334	0.7703317239144202	0.0	0.0	0.0	0.0	0.0	0.0	0.0	0.0	3.0032839727795024	4.3695659469589385	2.3381518627111983	0.0	0.0	0.0	0.7604850598551367	1.0701099535015064	1.7692157109490354	0.0	0.0	0.0	0.0	0.0	0.0	0.0	0.0
k__Bacteria|p__Firmicutes|c__CFGB1354	0.0	0.0	0.4240023262006486	0.0	0.0	0.0	0.0	0.0	0.398678782571215	0.7238121253483247	0.0	0.0	0.0	0.0	0.0	0.0	0.0	0.0	0.0	0.0	0.0	0.0	0.0	0.0	0.0	0.0	0.0	0.3877790476506003	0.8948456892821228	0.0411138174834938	0.5772128736851067	0.1278969206917133	0.2307419552464844	0.0	0.0	0.0	0.0	0.0	0.0	0.0	0.0	0.0	0.0	0.0
k__Bacteria|p__Proteobacteria|c__Deltaproteobacteria	0.0	0.0	0.0608327693550044	0.0914744804254529	0.026300426038665	0.0	0.0713827726036707	0.0	0.4029075904435627	0.1312887886397254	0.0	0.0	0.0	0.013251843733662	0.0022317912310546	0.0	0.0	0.0821555485049039	0.2176821619633466	0.0251763104730845	0.2214851585711697	0.2056715377220699	0.0	0.0	0.0	0.0	0.0904678709972903	0.178185479115204	0.0	0.1278634175313245	0.1460889211761592	0.0	0.0	0.006068952055168	0.0739351861128857	0.0597889654989988	0.0	0.0239589438787364	0.0	0.0	0.0	0.0769456829119695	0.0	0.0
k__Bacteria|p__Firmicutes|c__CFGB9989	0.0	0.0	0.0164186191146544	0.0	0.0	0.0	0.0	0.0	0.0	0.0	0.0	0.0	0.0	0.0	0.0	0.0	0.0	0.0	0.0	0.0	0.0	0.0	0.0	0.0	0.0	0.0	0.0	0.0	0.0	0.0	0.0	0.0	0.0	0.0	0.0	0.0	0.0	0.0	0.0	0.0	0.0	0.0	0.0	0.0
k__Bacteria|p__Verrucomicrobia|c__Verrucomicrobiae	0.0	0.0	0.0103311897716894	0.082584398232689	0.0	1.3616269498872404	0.0470744573127522	0.0	0.0	0.0634949798653771	0.0	0.0	0.1314989663942636	0.0	0.0	0.1330625404815034	0.0	3.01146299779334	0.7703317239144202	0.0	0.0	0.0	0.0	0.0	0.0	0.0	0.0	3.0032839727795024	4.3695659469589385	2.3381518627111983	0.0	0.0	0.0	0.7604850598551367	1.0701099535015064	1.7692157109490354	0.0	0.0	0.0	0.0	0.0	0.0	0.0	0.0
k__Bacteria|p__Firmicutes|c__CFGB1354|o__OFGB1354	0.0	0.0	0.4240023262006486	0.0	0.0	0.0	0.0	0.0	0.398678782571215	0.7238121253483247	0.0	0.0	0.0	0.0	0.0	0.0	0.0	0.0	0.0	0.0	0.0	0.0	0.0	0.0	0.0	0.0	0.0	0.3877790476506003	0.8948456892821228	0.0411138174834938	0.5772128736851067	0.1278969206917133	0.2307419552464844	0.0	0.0	0.0	0.0	0.0	0.0	0.0	0.0	0.0	0.0	0.0
k__Bacteria|p__Proteobacteria|c__Deltaproteobacteria|o__Desulfovibrionales	0.0	0.0	0.0608327693550044	0.0914744804254529	0.026300426038665	0.0	0.0713827726036707	0.0	0.4029075904435627	0.1312887886397254	0.0	0.0	0.0	0.013251843733662	0.0022317912310546	0.0	0.0	0.0821555485049039	0.2176821619633466	0.0251763104730845	0.2214851585711697	0.2056715377220699	0.0	0.0	0.0	0.0	0.0904678709972903	0.178185479115204	0.0	0.1278634175313245	0.1460889211761592	0.0	0.0	0.006068952055168	0.0739351861128857	0.0597889654989988	0.0	0.0239589438787364	0.0	0.0	0.0	0.0769456829119695	0.0	0.0
k__Bacteria|p__Firmicutes|c__CFGB9989|o__OFGB9989	0.0	0.0	0.0164186191146544	0.0	0.0	0.0	0.0	0.0	0.0	0.0	0.0	0.0	0.0	0.0	0.0	0.0	0.0	0.0	0.0	0.0	0.0	0.0	0.0	0.0	0.0	0.0	0.0	0.0	0.0	0.0	0.0	0.0	0.0	0.0	0.0	0.0	0.0	0.0	0.0	0.0	0.0	0.0	0.0	0.0
k__Bacteria|p__Verrucomicrobia|c__Verrucomicrobiae|o__Verrucomicrobiales	0.0	0.0	0.0103311897716894	0.082584398232689	0.0	1.3616269498872404	0.0470744573127522	0.0	0.0	0.0634949798653771	0.0	0.0	0.1314989663942636	0.0	0.0	0.1330625404815034	0.0	3.01146299779334	0.7703317239144202	0.0	0.0	0.0	0.0	0.0	0.0	0.0	0.0	3.0032839727795024	4.3695659469589385	2.3381518627111983	0.0	0.0	0.0	0.7604850598551367	1.0701099535015064	1.7692157109490354	0.0	0.0	0.0	0.0	0.0	0.0	0.0	0.0
k__Bacteria|p__Firmicutes|c__CFGB1354|o__OFGB1354|f__FGB1354	0.0	0.0	0.4240023262006486	0.0	0.0	0.0	0.0	0.0	0.398678782571215	0.7238121253483247	0.0	0.0	0.0	0.0	0.0	0.0	0.0	0.0	0.0	0.0	0.0	0.0	0.0	0.0	0.0	0.0	0.0	0.3877790476506003	0.8948456892821228	0.0411138174834938	0.5772128736851067	0.1278969206917133	0.2307419552464844	0.0	0.0	0.0	0.0	0.0	0.0	0.0	0.0	0.0	0.0	0.0
k__Bacteria|p__Proteobacteria|c__Deltaproteobacteria|o__Desulfovibrionales|f__Desulfovibrionaceae	0.0	0.0	0.0608327693550044	0.0914744804254529	0.026300426038665	0.0	0.0713827726036707	0.0	0.4029075904435627	0.1312887886397254	0.0	0.0	0.0	0.013251843733662	0.0022317912310546	0.0	0.0	0.0821555485049039	0.2176821619633466	0.0251763104730845	0.2214851585711697	0.2056715377220699	0.0	0.0	0.0	0.0	0.0904678709972903	0.178185479115204	0.0	0.1278634175313245	0.1460889211761592	0.0	0.0	0.006068952055168	0.0739351861128857	0.0597889654989988	0.0	0.0239589438787364	0.0	0.0	0.0	0.0769456829119695	0.0	0.0
k__Bacteria|p__Firmicutes|c__Clostridia|o__Eubacteriales|f__Eubacteriales_Family_XIII_Incertae_Sedis	0.0	0.0	0.0381440149689468	0.0	0.0	0.0162899073263322	0.0146277424929019	0.0	0.0147595036977872	0.0	0.0	0.0	0.0209240286781965	0.0	0.0	0.016046985223464	0.0	0.0311344086699787	0.0688231193444971	0.0	0.0	0.0256837291303794	0.0187645040488721	0.0	0.0	0.0	0.0	0.0	0.0240254286340257	0.0406329541211137	0.0	0.0	0.0	0.0185235715759994	0.0767038376889453	0.0	0.0	0.0	0.0	0.0	0.0	0.0	0.0	0.0
k__Bacteria|p__Firmicutes|c__CFGB9989|o__OFGB9989|f__FGB9989	0.0	0.0	0.0164186191146544	0.0	0.0	0.0	0.0	0.0	0.0	0.0	0.0	0.0	0.0	0.0	0.0	0.0	0.0	0.0	0.0	0.0	0.0	0.0	0.0	0.0	0.0	0.0	0.0	0.0	0.0	0.0	0.0	0.0	0.0	0.0	0.0	0.0	0.0	0.0	0.0	0.0	0.0	0.0	0.0	0.0
k__Bacteria|p__Verrucomicrobia|c__Verrucomicrobiae|o__Verrucomicrobiales|f__Akkermansiaceae	0.0	0.0	0.0103311897716894	0.082584398232689	0.0	1.3616269498872404	0.0470744573127522	0.0	0.0	0.0634949798653771	0.0	0.0	0.1314989663942636	0.0	0.0	0.1330625404815034	0.0	3.01146299779334	0.7703317239144202	0.0	0.0	0.0	0.0	0.0	0.0	0.0	0.0	3.0032839727795024	4.3695659469589385	2.3381518627111983	0.0	0.0	0.0	0.7604850598551367	1.0701099535015064	1.7692157109490354	0.0	0.0	0.0	0.0	0.0	0.0	0.0	0.0
k__Bacteria|p__Firmicutes|c__CFGB1354|o__OFGB1354|f__FGB1354|g__GGB3304	0.0	0.0	0.4240023262006486	0.0	0.0	0.0	0.0	0.0	0.398678782571215	0.7238121253483247	0.0	0.0	0.0	0.0	0.0	0.0	0.0	0.0	0.0	0.0	0.0	0.0	0.0	0.0	0.0	0.0	0.0	0.3877790476506003	0.8948456892821228	0.0411138174834938	0.5772128736851067	0.1278969206917133	0.2307419552464844	0.0	0.0	0.0	0.0	0.0	0.0	0.0	0.0	0.0	0.0	0.0
k__Bacteria|p__Firmicutes|c__Clostridia|o__Eubacteriales|f__Oscillospiraceae|g__Dysosmobacter	0.0	0.0	0.1509566209646301	0.2147340492387331	0.1325494226074398	0.8339816000804805	1.9894493242460043	0.1340256504768243	0.9732250065437354	0.3844855551118769	0.0	0.0	0.0	0.3481823366502924	0.1125482347619459	0.0	0.1242350354640286	0.2322480352971833	0.2122830845703115	0.0	0.1111399491977012	0.5170783490662941	0.0	0.0181086770394495	0.2446126157831912	0.3037206003591274	0.0906230631069728	0.2760527410351446	0.8407762915753245	0.2937520301800863	1.4082570700594583	0.2279853057818419	0.0	0.1425904137305906	0.1224823596603953	0.1477447381916705	0.0	0.0371516478247232	0.0	0.0	0.0	0.0	0.0	0.0
k__Bacteria|p__Firmicutes|c__Clostridia|o__Eubacteriales|f__Oscillospiraceae|g__GGB9634	0.0	0.0	0.1341642851781702	0.4196849486671644	0.1350770982836109	0.1122527129852883	0.8797793119282571	0.302263532280652	1.7182665707116471	0.495803942522996	0.0	0.0	0.0	0.0	0.0	0.0578412492459134	0.0	0.0	0.0	0.0	0.0	0.0	0.0	0.0	0.0	0.0	0.0	0.0	0.0	0.0	0.0	0.0	0.0	0.0	0.0	0.0	0.0	0.0	0.0	0.0	0.0	0.0	0.0	0.0
k__Bacteria|p__Proteobacteria|c__Deltaproteobacteria|o__Desulfovibrionales|f__Desulfovibrionaceae|g__Bilophila	0.0	0.0	0.0608327693550044	0.0914744804254529	0.026300426038665	0.0	0.0713827726036707	0.0	0.3542487506746093	0.1312887886397254	0.0	0.0	0.0	0.013251843733662	0.0022317912310546	0.0	0.0	0.0821555485049039	0.2176821619633466	0.0251763104730845	0.0	0.0	0.0	0.0	0.0	0.0	0.0904678709972903	0.178185479115204	0.0	0.1278634175313245	0.0	0.0	0.0	0.006068952055168	0.0739351861128857	0.0597889654989988	0.0	0.0239589438787364	0.0	0.0	0.0	0.0769456829119695	0.0	0.0
k__Bacteria|p__Firmicutes|c__Clostridia|o__Eubacteriales|f__Eubacteriales_Family_XIII_Incertae_Sedis|g__Eubacteriales_Family_XIII_Incertae_Sedis_unclassified	0.0	0.0	0.0381440149689468	0.0	0.0	0.0162899073263322	0.0146277424929019	0.0	0.0147595036977872	0.0	0.0	0.0	0.0209240286781965	0.0	0.0	0.016046985223464	0.0	0.0311344086699787	0.0688231193444971	0.0	0.0	0.0256837291303794	0.0187645040488721	0.0	0.0	0.0	0.0	0.0	0.0240254286340257	0.0406329541211137	0.0	0.0	0.0	0.0185235715759994	0.0767038376889453	0.0	0.0	0.0	0.0	0.0	0.0	0.0	0.0	0.0
k__Bacteria|p__Firmicutes|c__Clostridia|o__Eubacteriales|f__Oscillospiraceae|g__GGB13493	0.0	0.0	0.0273726700060197	0.0	0.0	0.0	0.0	0.0	0.0	0.0	0.0	0.0	0.0	0.0	0.0	0.0	0.0	0.0	0.0	0.0	0.0	0.0	0.0	0.0	0.0	0.0	0.0	0.0	0.0	0.0	0.0	0.0	0.0	0.0	0.0	0.0	0.0	0.0	0.0	0.0	0.0	0.0	0.0	0.0
k__Bacteria|p__Firmicutes|c__CFGB9989|o__OFGB9989|f__FGB9989|g__GGB9712	0.0	0.0	0.0164186191146544	0.0	0.0	0.0	0.0	0.0	0.0	0.0	0.0	0.0	0.0	0.0	0.0	0.0	0.0	0.0	0.0	0.0	0.0	0.0	0.0	0.0	0.0	0.0	0.0	0.0	0.0	0.0	0.0	0.0	0.0	0.0	0.0	0.0	0.0	0.0	0.0	0.0	0.0	0.0	0.0	0.0
k__Bacteria|p__Verrucomicrobia|c__Verrucomicrobiae|o__Verrucomicrobiales|f__Akkermansiaceae|g__Akkermansia	0.0	0.0	0.0103311897716894	0.082584398232689	0.0	1.3616269498872404	0.0470744573127522	0.0	0.0	0.0634949798653771	0.0	0.0	0.1314989663942636	0.0	0.0	0.1330625404815034	0.0	3.01146299779334	0.7703317239144202	0.0	0.0	0.0	0.0	0.0	0.0	0.0	0.0	3.0032839727795024	4.3695659469589385	2.3381518627111983	0.0	0.0	0.0	0.7604850598551367	1.0701099535015064	1.7692157109490354	0.0	0.0	0.0	0.0	0.0	0.0	0.0	0.0
k__Bacteria|p__Firmicutes|c__CFGB1354|o__OFGB1354|f__FGB1354|g__GGB3304|s__GGB3304_SGB4367	0.0	0.0	0.4240023262006486	0.0	0.0	0.0	0.0	0.0	0.398678782571215	0.7238121253483247	0.0	0.0	0.0	0.0	0.0	0.0	0.0	0.0	0.0	0.0	0.0	0.0	0.0	0.0	0.0	0.0	0.0	0.3877790476506003	0.8948456892821228	0.0411138174834938	0.0	0.0	0.0	0.0	0.0	0.0	0.0	0.0	0.0	0.0	0.0	0.0	0.0	0.0
k__Bacteria|p__Bacteroidetes|c__Bacteroidia|o__Bacteroidales|f__Rikenellaceae|g__Alistipes|s__Alistipes_indistinctus	0.0	0.0	0.3690825850750999	0.0	0.0	0.0	0.0	0.0	0.0	0.0	0.0	0.0	0.0	0.0	0.0	0.0	0.0	0.1368802900952442	0.0601414028964966	0.0	0.0906974748299371	0.0898846475947016	0.0	0.0	0.0	0.0	0.0	1.1428345313248007	0.7904512219957357	0.0780293279185156	0.0	0.0	0.0	0.0	0.0	0.0	0.0	0.0	0.0	0.0	0.0	0.0	0.0	0.0
k__Bacteria|p__Firmicutes|c__Clostridia|o__Eubacteriales|f__Oscillospiraceae|g__Dysosmobacter|s__Dysosmobacter_sp_BX15	0.0	0.0	0.1509566209646301	0.2147340492387331	0.1325494226074398	0.8339816000804805	1.9894493242460043	0.0817417967633891	0.0	0.0	0.0	0.0	0.0	0.2602110091997274	0.1125482347619459	0.0	0.1242350354640286	0.1651242791343664	0.1616872505047009	0.0	0.1111399491977012	0.5170783490662941	0.0	0.0181086770394495	0.0	0.0	0.0	0.2310049699784956	0.8407762915753245	0.2118942901072372	0.4593693540675708	0.201044712731481	0.0	0.0	0.0	0.0	0.0	0.0	0.0	0.0	0.0	0.0	0.0	0.0
k__Bacteria|p__Firmicutes|c__Clostridia|o__Eubacteriales|f__Oscillospiraceae|g__GGB9634|s__GGB9634_SGB15093	0.0	0.0	0.1341642851781702	0.4196849486671644	0.1350770982836109	0.1122527129852883	0.8797793119282571	0.302263532280652	1.7182665707116471	0.495803942522996	0.0	0.0	0.0	0.0	0.0	0.0578412492459134	0.0	0.0	0.0	0.0	0.0	0.0	0.0	0.0	0.0	0.0	0.0	0.0	0.0	0.0	0.0	0.0	0.0	0.0	0.0	0.0	0.0	0.0	0.0	0.0	0.0	0.0	0.0	0.0
k__Bacteria|p__Firmicutes|c__Clostridia|o__Eubacteriales|f__Clostridiaceae|g__Clostridiaceae_unclassified|s__Clostridiaceae_unclassified_SGB15090	0.0	0.0	0.1338071781362227	0.0	0.1753624215212786	0.2107628447898959	0.399178572016634	0.0	0.0	0.0	0.0	0.0	0.0	0.0	0.0	0.0	0.0	0.0	0.0	0.0	0.0	0.0	0.0	0.0	0.0	0.0	0.0	0.0	0.0	0.0	0.0	0.0	0.0	0.0	0.0	0.0	0.0	0.0	0.0	0.0	0.0	0.0967393194587148	0.0	0.0
k__Bacteria|p__Firmicutes|c__Clostridia|o__Eubacteriales|f__Oscillospiraceae|g__Oscillospiraceae_unclassified|s__Oscillospiraceae_unclassified_SGB15256	0.0	0.0	0.0907633223591595	0.0679705644911593	0.0	0.0	0.0	0.1694431005407268	3.837457186806213	1.0925239577506505	0.0	0.0	0.0	0.0	0.0	0.0	0.0	1.8934019869906649	0.6748501200340729	0.0	0.0	0.0	0.0	0.0	0.0	0.0	0.0	0.0	0.0	0.0	0.0	0.0	0.0	0.0	0.0	0.0	0.0	0.0	0.0	0.0	0.0	0.0	0.0	0.0
k__Bacteria|p__Firmicutes|c__Clostridia|o__Eubacteriales|f__Lachnospiraceae|g__Mediterraneibacter|s__Ruminococcus_lactaris	0.0	0.0	0.0718200395060857	0.0	0.0	0.1174609403276714	0.0	0.0	0.0	0.0	0.3609606465268707	0.0210950252853968	0.0427363415927316	0.0	0.0	1.1235572537966885	0.1791144978953284	0.0	0.0	0.0	0.0	0.0	0.0	0.869407450551288	0.0	0.0	0.0	0.0717865610768824	0.187403216657497	0.0	0.0	0.0	0.0	2.047137135054593	0.1373790981718352	0.0	0.0	0.0	0.0	0.0	1.1487707071465965	1.1713175509426923	0.0	0.0
k__Bacteria|p__Proteobacteria|c__Deltaproteobacteria|o__Desulfovibrionales|f__Desulfovibrionaceae|g__Bilophila|s__Bilophila_wadsworthia	0.0	0.0	0.0608327693550044	0.0914744804254529	0.026300426038665	0.0	0.0713827726036707	0.0	0.3542487506746093	0.1312887886397254	0.0	0.0	0.0	0.013251843733662	0.0022317912310546	0.0	0.0	0.0821555485049039	0.2176821619633466	0.0251763104730845	0.0	0.0	0.0	0.0	0.0	0.0	0.0904678709972903	0.178185479115204	0.0	0.1278634175313245	0.0	0.0	0.0	0.006068952055168	0.0739351861128857	0.0597889654989988	0.0	0.0239589438787364	0.0	0.0	0.0	0.0769456829119695	0.0	0.0
k__Bacteria|p__Firmicutes|c__Clostridia|o__Eubacteriales|f__Lachnospiraceae|g__Roseburia|s__Roseburia_sp_AF02_12	0.0	0.0	0.0604590526831989	0.0	0.0	0.2876612668747083	0.2971279280173541	0.0	0.0	0.0	0.0	0.0543966806139872	0.0467994194885764	0.0	0.0	0.7471573574500754	0.0	0.0	0.0	0.0	0.0	0.0	0.0	0.0	0.0	0.0	0.0	0.3469775186657259	0.6315081479797621	0.0	0.0	0.0	0.0	0.0	0.0657511217056657	0.0	0.0	0.0	0.0	0.0	0.0	0.0	0.0	0.0
k__Bacteria|p__Firmicutes|c__Clostridia|o__Eubacteriales|f__Eubacteriales_Family_XIII_Incertae_Sedis|g__Eubacteriales_Family_XIII_Incertae_Sedis_unclassified|s__Clostridiales_Family_XIII_bacterium_BX16	0.0	0.0	0.0381440149689468	0.0	0.0	0.0162899073263322	0.0146277424929019	0.0	0.0147595036977872	0.0	0.0	0.0	0.0209240286781965	0.0	0.0	0.016046985223464	0.0	0.0311344086699787	0.0688231193444971	0.0	0.0	0.0256837291303794	0.0187645040488721	0.0	0.0	0.0	0.0	0.0	0.0240254286340257	0.0406329541211137	0.0	0.0	0.0	0.0185235715759994	0.0767038376889453	0.0	0.0	0.0	0.0	0.0	0.0	0.0	0.0	0.0
k__Bacteria|p__Firmicutes|c__Clostridia|o__Eubacteriales|f__Lachnospiraceae|g__Mediterraneibacter|s__Mediterraneibacter_butyricigenes	0.0	0.0	0.0363833942039965	0.0	0.0	0.0	0.0	0.0314688605004705	0.0124453677937011	0.0607369193376412	0.0	0.0	0.0	0.0	0.0	0.0235674375460592	0.000794766856549	0.0	0.0	0.0	0.0	0.0	0.0	0.0	0.0	0.0	0.0	0.0	0.0	0.0	0.0	0.0	0.0012560270442175	0.0127713349313267	0.0075833192539241	0.0	0.0	0.0	0.0	0.0	0.0	0.0	0.0	0.0
k__Bacteria|p__Bacteroidetes|c__Bacteroidia|o__Bacteroidales|f__Rikenellaceae|g__Alistipes|s__Alistipes_putredinis	0.0	0.0	0.0292993870695502	5.526188754173371	1.2775628807757888	2.332141986373185	2.23801406332946	0.5965166880945106	4.858459457536392	1.8886926092895775	0.0	0.0	1.2312195255434888	2.02106045993146	2.638920569544408	0.9789499386794954	1.086162447596633	5.128981198835603	3.163531088413076	2.5202974258846385	2.4840211337368303	1.7480231746818125	0.0891444927092408	0.7719022497083818	0.67664924505525	4.064728071907276	2.2818169755052176	6.22262488994166	1.4551953584712494	0.4818528312218649	6.944432948777967	0.8604146534527383	0.6406798208079281	2.359837963725034	2.8295532042813605	2.637450518079105	0.0	0.0	0.0	1.7561005541296926	0.9628547363734654	0.5692583337611858	0.0	0.0
k__Bacteria|p__Firmicutes|c__Clostridia|o__Eubacteriales|f__Oscillospiraceae|g__GGB13493|s__GGB13493_SGB15238	0.0	0.0	0.0273726700060197	0.0	0.0	0.0	0.0	0.0	0.0	0.0	0.0	0.0	0.0	0.0	0.0	0.0	0.0	0.0	0.0	0.0	0.0	0.0	0.0	0.0	0.0	0.0	0.0	0.0	0.0	0.0	0.0	0.0	0.0	0.0	0.0	0.0	0.0	0.0	0.0	0.0	0.0	0.0	0.0	0.0
k__Bacteria|p__Firmicutes|c__CFGB9989|o__OFGB9989|f__FGB9989|g__GGB9712|s__GGB9712_SGB15244	0.0	0.0	0.0164186191146544	0.0	0.0	0.0	0.0	0.0	0.0	0.0	0.0	0.0	0.0	0.0	0.0	0.0	0.0	0.0	0.0	0.0	0.0	0.0	0.0	0.0	0.0	0.0	0.0	0.0	0.0	0.0	0.0	0.0	0.0	0.0	0.0	0.0	0.0	0.0	0.0	0.0	0.0	0.0	0.0	0.0
k__Bacteria|p__Verrucomicrobia|c__Verrucomicrobiae|o__Verrucomicrobiales|f__Akkermansiaceae|g__Akkermansia|s__Akkermansia_muciniphila	0.0	0.0	0.0103311897716894	0.082584398232689	0.0	1.3616269498872404	0.0470744573127522	0.0	0.0	0.0634949798653771	0.0	0.0	0.1314989663942636	0.0	0.0	0.1330625404815034	0.0	3.01146299779334	0.7703317239144202	0.0	0.0	0.0	0.0	0.0	0.0	0.0	0.0	3.0032839727795024	4.3695659469589385	2.3381518627111983	0.0	0.0	0.0	0.7604850598551367	1.0701099535015064	1.7692157109490354	0.0	0.0	0.0	0.0	0.0	0.0	0.0	0.0
k__Bacteria|p__Firmicutes|c__CFGB1354|o__OFGB1354|f__FGB1354|g__GGB3304|s__GGB3304_SGB4367|t__SGB4367	0.0	0.0	0.4240023262006486	0.0	0.0	0.0	0.0	0.0	0.398678782571215	0.7238121253483247	0.0	0.0	0.0	0.0	0.0	0.0	0.0	0.0	0.0	0.0	0.0	0.0	0.0	0.0	0.0	0.0	0.0	0.3877790476506003	0.8948456892821228	0.0411138174834938	0.0	0.0	0.0	0.0	0.0	0.0	0.0	0.0	0.0	0.0	0.0	0.0	0.0	0.0
k__Bacteria|p__Bacteroidetes|c__Bacteroidia|o__Bacteroidales|f__Rikenellaceae|g__Alistipes|s__Alistipes_indistinctus|t__SGB2325	0.0	0.0	0.3690825850750999	0.0	0.0	0.0	0.0	0.0	0.0	0.0	0.0	0.0	0.0	0.0	0.0	0.0	0.0	0.1368802900952442	0.0601414028964966	0.0	0.0906974748299371	0.0898846475947016	0.0	0.0	0.0	0.0	0.0	1.1428345313248007	0.7904512219957357	0.0780293279185156	0.0	0.0	0.0	0.0	0.0	0.0	0.0	0.0	0.0	0.0	0.0	0.0	0.0	0.0
k__Bacteria|p__Firmicutes|c__Clostridia|o__Eubacteriales|f__Oscillospiraceae|g__Dysosmobacter|s__Dysosmobacter_sp_BX15|t__SGB15053	0.0	0.0	0.1509566209646301	0.2147340492387331	0.1325494226074398	0.8339816000804805	1.9894493242460043	0.0817417967633891	0.0	0.0	0.0	0.0	0.0	0.2602110091997274	0.1125482347619459	0.0	0.1242350354640286	0.1651242791343664	0.1616872505047009	0.0	0.1111399491977012	0.5170783490662941	0.0	0.0181086770394495	0.0	0.0	0.0	0.2310049699784956	0.8407762915753245	0.2118942901072372	0.4593693540675708	0.201044712731481	0.0	0.0	0.0	0.0	0.0	0.0	0.0	0.0	0.0	0.0	0.0	0.0
k__Bacteria|p__Firmicutes|c__Clostridia|o__Eubacteriales|f__Oscillospiraceae|g__GGB9634|s__GGB9634_SGB15093|t__SGB15093	0.0	0.0	0.1341642851781702	0.4196849486671644	0.1350770982836109	0.1122527129852883	0.8797793119282571	0.302263532280652	1.7182665707116471	0.495803942522996	0.0	0.0	0.0	0.0	0.0	0.0578412492459134	0.0	0.0	0.0	0.0	0.0	0.0	0.0	0.0	0.0	0.0	0.0	0.0	0.0	0.0	0.0	0.0	0.0	0.0	0.0	0.0	0.0	0.0	0.0	0.0	0.0	0.0	0.0	0.0
k__Bacteria|p__Firmicutes|c__Clostridia|o__Eubacteriales|f__Clostridiaceae|g__Clostridiaceae_unclassified|s__Clostridiaceae_unclassified_SGB15090|t__SGB15090	0.0	0.0	0.1338071781362227	0.0	0.1753624215212786	0.2107628447898959	0.399178572016634	0.0	0.0	0.0	0.0	0.0	0.0	0.0	0.0	0.0	0.0	0.0	0.0	0.0	0.0	0.0	0.0	0.0	0.0	0.0	0.0	0.0	0.0	0.0	0.0	0.0	0.0	0.0	0.0	0.0	0.0	0.0	0.0	0.0	0.0	0.0967393194587148	0.0	0.0
k__Bacteria|p__Firmicutes|c__Clostridia|o__Eubacteriales|f__Oscillospiraceae|g__Oscillospiraceae_unclassified|s__Oscillospiraceae_unclassified_SGB15256|t__SGB15256	0.0	0.0	0.0907633223591595	0.0679705644911593	0.0	0.0	0.0	0.1694431005407268	3.837457186806213	1.0925239577506505	0.0	0.0	0.0	0.0	0.0	0.0	0.0	1.8934019869906649	0.6748501200340729	0.0	0.0	0.0	0.0	0.0	0.0	0.0	0.0	0.0	0.0	0.0	0.0	0.0	0.0	0.0	0.0	0.0	0.0	0.0	0.0	0.0	0.0	0.0	0.0	0.0
k__Bacteria|p__Firmicutes|c__Clostridia|o__Eubacteriales|f__Lachnospiraceae|g__Mediterraneibacter|s__Ruminococcus_lactaris|t__SGB4557	0.0	0.0	0.0718200395060857	0.0	0.0	0.1174609403276714	0.0	0.0	0.0	0.0	0.3609606465268707	0.0210950252853968	0.0427363415927316	0.0	0.0	1.1235572537966885	0.1791144978953284	0.0	0.0	0.0	0.0	0.0	0.0	0.869407450551288	0.0	0.0	0.0	0.0717865610768824	0.187403216657497	0.0	0.0	0.0	0.0	2.047137135054593	0.1373790981718352	0.0	0.0	0.0	0.0	0.0	1.1487707071465965	1.1713175509426923	0.0	0.0
k__Bacteria|p__Proteobacteria|c__Deltaproteobacteria|o__Desulfovibrionales|f__Desulfovibrionaceae|g__Bilophila|s__Bilophila_wadsworthia|t__SGB15452	0.0	0.0	0.0608327693550044	0.0914744804254529	0.026300426038665	0.0	0.0713827726036707	0.0	0.3542487506746093	0.1312887886397254	0.0	0.0	0.0	0.013251843733662	0.0022317912310546	0.0	0.0	0.0821555485049039	0.2176821619633466	0.0251763104730845	0.0	0.0	0.0	0.0	0.0	0.0	0.0904678709972903	0.178185479115204	0.0	0.1278634175313245	0.0	0.0	0.0	0.006068952055168	0.0739351861128857	0.0597889654989988	0.0	0.0239589438787364	0.0	0.0	0.0	0.0769456829119695	0.0	0.0
k__Bacteria|p__Firmicutes|c__Clostridia|o__Eubacteriales|f__Lachnospiraceae|g__Roseburia|s__Roseburia_sp_AF02_12|t__SGB4938	0.0	0.0	0.0604590526831989	0.0	0.0	0.2876612668747083	0.2971279280173541	0.0	0.0	0.0	0.0	0.0543966806139872	0.0467994194885764	0.0	0.0	0.7471573574500754	0.0	0.0	0.0	0.0	0.0	0.0	0.0	0.0	0.0	0.0	0.0	0.3469775186657259	0.6315081479797621	0.0	0.0	0.0	0.0	0.0	0.0657511217056657	0.0	0.0	0.0	0.0	0.0	0.0	0.0	0.0	0.0
k__Bacteria|p__Firmicutes|c__Clostridia|o__Eubacteriales|f__Eubacteriales_Family_XIII_Incertae_Sedis|g__Eubacteriales_Family_XIII_Incertae_Sedis_unclassified|s__Clostridiales_Family_XIII_bacterium_BX16|t__SGB3957	0.0	0.0	0.0381440149689468	0.0	0.0	0.0162899073263322	0.0146277424929019	0.0	0.0147595036977872	0.0	0.0	0.0	0.0209240286781965	0.0	0.0	0.016046985223464	0.0	0.0311344086699787	0.0688231193444971	0.0	0.0	0.0256837291303794	0.0187645040488721	0.0	0.0	0.0	0.0	0.0	0.0240254286340257	0.0406329541211137	0.0	0.0	0.0	0.0185235715759994	0.0767038376889453	0.0	0.0	0.0	0.0	0.0	0.0	0.0	0.0	0.0
k__Bacteria|p__Firmicutes|c__Clostridia|o__Eubacteriales|f__Lachnospiraceae|g__Mediterraneibacter|s__Mediterraneibacter_butyricigenes|t__SGB25493	0.0	0.0	0.0363833942039965	0.0	0.0	0.0	0.0	0.0314688605004705	0.0124453677937011	0.0607369193376412	0.0	0.0	0.0	0.0	0.0	0.0235674375460592	0.000794766856549	0.0	0.0	0.0	0.0	0.0	0.0	0.0	0.0	0.0	0.0	0.0	0.0	0.0	0.0	0.0	0.0012560270442175	0.0127713349313267	0.0075833192539241	0.0	0.0	0.0	0.0	0.0	0.0	0.0	0.0	0.0
k__Bacteria|p__Bacteroidetes|c__Bacteroidia|o__Bacteroidales|f__Rikenellaceae|g__Alistipes|s__Alistipes_putredinis|t__SGB2318	0.0	0.0	0.0292993870695502	5.526188754173371	1.2775628807757888	2.332141986373185	2.23801406332946	0.5965166880945106	4.858459457536392	1.8886926092895775	0.0	0.0	1.2312195255434888	2.02106045993146	2.638920569544408	0.9789499386794954	1.086162447596633	5.128981198835603	3.163531088413076	2.5202974258846385	2.4840211337368303	1.7480231746818125	0.0891444927092408	0.7719022497083818	0.67664924505525	4.064728071907276	2.2818169755052176	6.22262488994166	1.4551953584712494	0.4818528312218649	6.944432948777967	0.8604146534527383	0.6406798208079281	2.359837963725034	2.8295532042813605	2.637450518079105	0.0	0.0	0.0	1.7561005541296926	0.9628547363734654	0.5692583337611858	0.0	0.0
k__Bacteria|p__Firmicutes|c__Clostridia|o__Eubacteriales|f__Oscillospiraceae|g__GGB13493|s__GGB13493_SGB15238|t__SGB15238	0.0	0.0	0.0273726700060197	0.0	0.0	0.0	0.0	0.0	0.0	0.0	0.0	0.0	0.0	0.0	0.0	0.0	0.0	0.0	0.0	0.0	0.0	0.0	0.0	0.0	0.0	0.0	0.0	0.0	0.0	0.0	0.0	0.0	0.0	0.0	0.0	0.0	0.0	0.0	0.0	0.0	0.0	0.0	0.0	0.0
k__Bacteria|p__Firmicutes|c__CFGB9989|o__OFGB9989|f__FGB9989|g__GGB9712|s__GGB9712_SGB15244|t__SGB15244	0.0	0.0	0.0164186191146544	0.0	0.0	0.0	0.0	0.0	0.0	0.0	0.0	0.0	0.0	0.0	0.0	0.0	0.0	0.0	0.0	0.0	0.0	0.0	0.0	0.0	0.0	0.0	0.0	0.0	0.0	0.0	0.0	0.0	0.0	0.0	0.0	0.0	0.0	0.0	0.0	0.0	0.0	0.0	0.0	0.0
k__Bacteria|p__Verrucomicrobia|c__Verrucomicrobiae|o__Verrucomicrobiales|f__Akkermansiaceae|g__Akkermansia|s__Akkermansia_muciniphila|t__SGB9228	0.0	0.0	0.0103311897716894	0.0	0.0	0.0	0.0	0.0	0.0	0.0	0.0	0.0	0.1314989663942636	0.0	0.0	0.1330625404815034	0.0	0.0	0.0	0.0	0.0	0.0	0.0	0.0	0.0	0.0	0.0	0.0	0.0	0.0	0.0	0.0	0.0	0.0	0.0	0.0	0.0	0.0	0.0	0.0	0.0	0.0	0.0	0.0
k__Bacteria|p__Firmicutes|c__CFGB4806	0.0	0.0	0.0	2.061614119900213	0.8060214399154956	3.7662298188494687	0.0933320208641577	0.0	0.0	0.0	0.0	0.0465969646548055	0.0	0.8532181587354373	0.8046566061161056	0.3933858901097993	0.0	0.0	0.0	0.0	0.0	0.0	0.0	0.0	0.0	0.0	0.0	0.0	0.0	0.0	0.0	0.0	0.0	0.0	0.0	0.5872805879504732	0.0	0.0	0.0	1.7472540474520093	1.535866757519391	0.2942931188416509	0.0	0.0
k__Bacteria|p__Firmicutes|c__CFGB2982	0.0	0.0	0.0	0.1767218439177096	0.0	0.2630398183012927	0.0	0.0	0.0	0.0	0.0	0.0	0.0	0.0	0.0	0.0	0.0	0.0	0.1013039689409963	0.0	0.0	0.0	0.0	0.0	0.0	0.0	0.0	0.0	0.0	0.0	0.0	0.0	0.0	0.0	0.0	0.0	0.0	0.0	0.0	0.0	0.0	0.0	0.0	0.0
k__Bacteria|p__Firmicutes|c__CFGB2875	0.0	0.0	0.0	0.1238360033664182	0.0	0.0	0.0	0.0	0.0	0.0	0.0	0.0	0.0	0.0	0.0	0.0	0.0	0.2344299398096127	0.0	0.0	0.0	0.0	0.0	0.0	0.0	0.0	0.0	0.0	0.0	0.0	0.0	0.0	0.0	0.0	0.0	0.0	0.0	0.0	0.0	0.0	0.0	0.0	0.0	0.0
k__Bacteria|p__Firmicutes|c__CFGB4806|o__OFGB4806	0.0	0.0	0.0	2.061614119900213	0.8060214399154956	3.7662298188494687	0.0933320208641577	0.0	0.0	0.0	0.0	0.0465969646548055	0.0	0.8532181587354373	0.8046566061161056	0.3933858901097993	0.0	0.0	0.0	0.0	0.0	0.0	0.0	0.0	0.0	0.0	0.0	0.0	0.0	0.0	0.0	0.0	0.0	0.0	0.0	0.5872805879504732	0.0	0.0	0.0	1.7472540474520093	1.535866757519391	0.2942931188416509	0.0	0.0
k__Bacteria|p__Firmicutes|c__CFGB2982|o__OFGB2982	0.0	0.0	0.0	0.1767218439177096	0.0	0.2630398183012927	0.0	0.0	0.0	0.0	0.0	0.0	0.0	0.0	0.0	0.0	0.0	0.0	0.1013039689409963	0.0	0.0	0.0	0.0	0.0	0.0	0.0	0.0	0.0	0.0	0.0	0.0	0.0	0.0	0.0	0.0	0.0	0.0	0.0	0.0	0.0	0.0	0.0	0.0	0.0
k__Bacteria|p__Firmicutes|c__CFGB2875|o__OFGB2875	0.0	0.0	0.0	0.1238360033664182	0.0	0.0	0.0	0.0	0.0	0.0	0.0	0.0	0.0	0.0	0.0	0.0	0.0	0.2344299398096127	0.0	0.0	0.0	0.0	0.0	0.0	0.0	0.0	0.0	0.0	0.0	0.0	0.0	0.0	0.0	0.0	0.0	0.0	0.0	0.0	0.0	0.0	0.0	0.0	0.0	0.0
k__Bacteria|p__Firmicutes|c__CFGB4806|o__OFGB4806|f__FGB4806	0.0	0.0	0.0	2.061614119900213	0.8060214399154956	3.7662298188494687	0.0933320208641577	0.0	0.0	0.0	0.0	0.0465969646548055	0.0	0.8532181587354373	0.8046566061161056	0.3933858901097993	0.0	0.0	0.0	0.0	0.0	0.0	0.0	0.0	0.0	0.0	0.0	0.0	0.0	0.0	0.0	0.0	0.0	0.0	0.0	0.5872805879504732	0.0	0.0	0.0	1.7472540474520093	1.535866757519391	0.2942931188416509	0.0	0.0
k__Bacteria|p__Firmicutes|c__CFGB2982|o__OFGB2982|f__FGB2982	0.0	0.0	0.0	0.1767218439177096	0.0	0.2630398183012927	0.0	0.0	0.0	0.0	0.0	0.0	0.0	0.0	0.0	0.0	0.0	0.0	0.1013039689409963	0.0	0.0	0.0	0.0	0.0	0.0	0.0	0.0	0.0	0.0	0.0	0.0	0.0	0.0	0.0	0.0	0.0	0.0	0.0	0.0	0.0	0.0	0.0	0.0	0.0
k__Bacteria|p__Firmicutes|c__CFGB2875|o__OFGB2875|f__FGB2875	0.0	0.0	0.0	0.1238360033664182	0.0	0.0	0.0	0.0	0.0	0.0	0.0	0.0	0.0	0.0	0.0	0.0	0.0	0.2344299398096127	0.0	0.0	0.0	0.0	0.0	0.0	0.0	0.0	0.0	0.0	0.0	0.0	0.0	0.0	0.0	0.0	0.0	0.0	0.0	0.0	0.0	0.0	0.0	0.0	0.0	0.0
k__Bacteria|p__Firmicutes|c__CFGB4806|o__OFGB4806|f__FGB4806|g__GGB51647	0.0	0.0	0.0	2.061614119900213	0.8060214399154956	3.7662298188494687	0.0933320208641577	0.0	0.0	0.0	0.0	0.0465969646548055	0.0	0.8532181587354373	0.8046566061161056	0.3933858901097993	0.0	0.0	0.0	0.0	0.0	0.0	0.0	0.0	0.0	0.0	0.0	0.0	0.0	0.0	0.0	0.0	0.0	0.0	0.0	0.5872805879504732	0.0	0.0	0.0	1.7472540474520093	1.535866757519391	0.2942931188416509	0.0	0.0
k__Bacteria|p__Firmicutes|c__Clostridia|o__Eubacteriales|f__Eubacteriales_unclassified|g__Evtepia	0.0	0.0	0.0	1.6369929429470211	0.2094742315810083	0.2718905597818846	0.4836545483652561	0.0	0.0	0.0	0.0	0.0	0.0	0.0	0.0161133793005007	0.0	0.0	0.7529502881840563	0.6664880289677402	0.7283644290448588	0.4296186880952296	0.9891933634311716	2.029111284257292	0.4719474498897316	0.0	0.0	1.6971261378024474	0.5029603224462268	0.8526184399689719	1.6802290618794098	0.0	0.0	0.0	0.9557358304875518	1.2961990859767083	0.7686523475100552	0.0	0.0	0.0	1.1473125906945056	1.85593193915997	0.8635514526028368	0.0	0.0
k__Bacteria|p__Firmicutes|c__Clostridia|o__Eubacteriales|f__Oscillospiraceae|g__GGB3343	0.0	0.0	0.0	1.6326980995863158	0.0	0.0	0.0	0.0	0.0	0.0	0.0	0.0	0.0	0.0	0.0115270866676119	0.4980518062695302	0.0	0.0	0.0	0.0	0.0	0.0	0.0	0.0	0.0	0.0	0.0	1.5670748531489045	2.7675783059647863	1.875459587005708	0.0	0.0	0.0	0.0	0.0	0.0	0.0	0.0	0.0	0.0	0.0	0.0	0.0	0.0
k__Bacteria|p__Firmicutes|c__Clostridia|o__Eubacteriales|f__Oscillospiraceae|g__GGB9699	0.0	0.0	0.0	0.5442922377032744	0.0	0.019267196165358	0.0	0.0	0.0501878224198673	0.0463847895544228	0.0	0.0	0.0	0.0992173940602445	0.0306238569951925	0.0	0.0	0.1979414112106099	0.1041114891853745	0.0	0.1362890494134213	0.3228619562410525	0.3636511484700642	0.0	0.0	0.0	0.0	0.0653545228094896	0.101194325676581	0.0	0.0103926614113696	0.0	0.0	0.0770902428897646	0.0498009025630836	0.0260632198136115	0.0	0.0	0.0	0.0	0.0	0.0	0.0	0.0
k__Bacteria|p__Proteobacteria|c__Betaproteobacteria|o__Burkholderiales|f__Sutterellaceae|g__Parasutterella	0.0	0.0	0.0	0.4726276207941173	0.0704284462544372	0.0926691291776359	0.0926525484832243	0.0	0.0132098591191581	0.0674362824096417	0.0	0.0412505054361312	0.0	0.0	0.0	0.0	0.0	0.0	0.0	0.0	0.0	0.0	0.0	0.0	0.0	0.0	0.0	0.0	0.0	0.0	0.0134281417245915	0.0	0.0	0.0	0.0	0.0	0.0	0.0	0.0	0.0	0.0	0.0	0.0	0.0
k__Bacteria|p__Firmicutes|c__Clostridia|o__Eubacteriales|f__Oscillospiraceae|g__GGB9708	0.0	0.0	0.0	0.3226166174373147	0.0	0.0	0.0	0.0	0.0077826594393371	0.0	0.0	0.0	0.1083542271252207	0.3834291551708735	0.0	0.0	0.0	0.1938755005878172	0.0750255794536158	0.5596863137162326	0.0	0.0	0.0	0.0	0.0	0.0	0.0	0.0	0.0	0.0	0.0297802913215238	0.0179775823481196	0.0	0.0	0.0	0.0	0.0	0.0	0.0	0.0	0.0	0.0	0.0	0.0
k__Bacteria|p__Firmicutes|c__CFGB2982|o__OFGB2982|f__FGB2982|g__GGB9342	0.0	0.0	0.0	0.1767218439177096	0.0	0.2630398183012927	0.0	0.0	0.0	0.0	0.0	0.0	0.0	0.0	0.0	0.0	0.0	0.0	0.1013039689409963	0.0	0.0	0.0	0.0	0.0	0.0	0.0	0.0	0.0	0.0	0.0	0.0	0.0	0.0	0.0	0.0	0.0	0.0	0.0	0.0	0.0	0.0	0.0	0.0	0.0
k__Bacteria|p__Firmicutes|c__Bacilli|o__Lactobacillales|f__Lactobacillaceae|g__Lacticaseibacillus	0.0	0.0	0.0	0.1726380892666044	0.0	0.0	0.0	0.0	0.0	0.0	0.0	0.0	0.0	0.0	0.0	0.0	0.0	0.0	0.0	0.0	0.0	0.0	0.0	0.0	0.0	0.0	0.0	0.0	0.0	0.0	0.0	0.0	0.0	0.0	0.0	0.0	0.0	0.0	0.0	0.0	0.0	0.0	0.0	0.0
k__Bacteria|p__Firmicutes|c__Clostridia|o__Eubacteriales|f__Clostridiaceae|g__Butyricicoccus	0.0	0.0	0.0	0.14014666558127	0.2813988098556091	0.7318451791449613	0.3632276119962399	0.0	0.0	0.0	0.5706930061935974	0.1360103433035131	0.180741167532771	0.0	0.0	0.0	0.0	0.0	0.0808306674666071	0.964880912065574	0.0	0.0	0.0	0.0	0.0	0.0	0.0	0.0	0.0	0.0	0.0	0.0	0.0	0.0	0.0	0.0	0.0	0.0	0.0	0.0	0.0	0.0	0.0	0.0
k__Bacteria|p__Firmicutes|c__CFGB2875|o__OFGB2875|f__FGB2875|g__GGB9176	0.0	0.0	0.0	0.1238360033664182	0.0	0.0	0.0	0.0	0.0	0.0	0.0	0.0	0.0	0.0	0.0	0.0	0.0	0.2344299398096127	0.0	0.0	0.0	0.0	0.0	0.0	0.0	0.0	0.0	0.0	0.0	0.0	0.0	0.0	0.0	0.0	0.0	0.0	0.0	0.0	0.0	0.0	0.0	0.0	0.0	0.0
k__Bacteria|p__Bacteroidetes|c__Bacteroidia|o__Bacteroidales|f__Odoribacteraceae|g__Butyricimonas	0.0	0.0	0.0	0.0607448355856252	0.0	0.0	0.0	0.0	0.0	0.0	0.0	0.0	0.0	0.0	0.0	0.0	0.0	0.030804305035257	0.0	0.0	0.0157446789622994	0.0	0.0	0.0	0.0	0.0	0.0	0.0	0.0	0.0	0.0163178503843535	0.0	0.0	0.0	0.0	0.0	0.0	0.0	0.0	0.0	0.0	0.0	0.0	0.0
k__Bacteria|p__Firmicutes|c__Clostridia|o__Eubacteriales|f__Oscillospiraceae|g__Pseudoruminococcus	0.0	0.0	0.0	0.0606636476203944	0.0	0.0	0.0	0.0	0.0	0.0	0.0	0.0	0.0	0.0	0.0	0.0	0.0	0.0	0.0	0.0	0.0	0.0	0.0	0.0	0.0	0.0	0.0	0.0	0.0	0.0	0.0	0.0	0.0	0.0	0.0	0.0	0.0	0.0	0.0	0.0	0.0	0.0	0.0	0.0
k__Bacteria|p__Firmicutes|c__Clostridia|o__Eubacteriales|f__Oscillospiraceae|g__GGB9707	0.0	0.0	0.0	0.0074205800220878	0.0	0.0506869227962767	0.0334926442152196	0.0	0.0	0.0	0.0	0.0	0.0549584746964266	0.0	0.0189280438427586	0.0	0.0	0.0	0.0	0.0	0.0	0.0556957044983719	0.0	0.0	0.0	0.0	0.0	0.0	0.0	0.0	0.0	0.0	0.0	0.0	0.0085758547245869	0.0	0.0	0.0	0.0	0.0	0.0	0.0	0.0	0.0
k__Bacteria|p__Bacteroidetes|c__Bacteroidia|o__Bacteroidales|f__Rikenellaceae|g__Alistipes|s__Alistipes_onderdonkii	0.0	0.0	0.0	4.088950680880016	0.0446083573380351	0.2332588174073856	0.4386795843643765	0.0	0.0	0.0	0.0	0.0059504525195286	0.7885332065393323	0.5763266269576333	0.2127487585891912	0.0723455775826912	0.0	0.1162930951200345	0.0932615032563312	0.1205804436234468	1.3782819553968535	0.7216489154153013	0.4955790098044956	0.0	0.0	0.0	0.0	0.6888705149982753	0.3687878928762472	0.2963782839284696	1.2509951803857622	0.0551358357292234	0.0	0.0	0.0196678739318192	2.310057898794545	0.0	0.0	0.0	0.0	0.0	0.0	0.0	0.0
k__Bacteria|p__Firmicutes|c__CFGB4806|o__OFGB4806|f__FGB4806|g__GGB51647|s__GGB51647_SGB4348	0.0	0.0	0.0	2.061614119900213	0.8060214399154956	3.7662298188494687	0.0933320208641577	0.0	0.0	0.0	0.0	0.0465969646548055	0.0	0.8532181587354373	0.8046566061161056	0.3933858901097993	0.0	0.0	0.0	0.0	0.0	0.0	0.0	0.0	0.0	0.0	0.0	0.0	0.0	0.0	0.0	0.0	0.0	0.0	0.0	0.5872805879504732	0.0	0.0	0.0	1.7472540474520093	1.535866757519391	0.2942931188416509	0.0	0.0
k__Bacteria|p__Firmicutes|c__Clostridia|o__Eubacteriales|f__Eubacteriales_unclassified|g__Evtepia|s__Evtepia_gabavorous	0.0	0.0	0.0	1.6369929429470211	0.2094742315810083	0.2718905597818846	0.4836545483652561	0.0	0.0	0.0	0.0	0.0	0.0	0.0	0.0161133793005007	0.0	0.0	0.7529502881840563	0.6664880289677402	0.7283644290448588	0.4296186880952296	0.9891933634311716	2.029111284257292	0.4719474498897316	0.0	0.0	1.6971261378024474	0.5029603224462268	0.8526184399689719	1.6802290618794098	0.0	0.0	0.0	0.9557358304875518	1.2961990859767083	0.7686523475100552	0.0	0.0	0.0	1.1473125906945056	1.85593193915997	0.8635514526028368	0.0	0.0
k__Bacteria|p__Firmicutes|c__Clostridia|o__Eubacteriales|f__Oscillospiraceae|g__GGB3343|s__GGB3343_SGB4423	0.0	0.0	0.0	1.6326980995863158	0.0	0.0	0.0	0.0	0.0	0.0	0.0	0.0	0.0	0.0	0.0115270866676119	0.4980518062695302	0.0	0.0	0.0	0.0	0.0	0.0	0.0	0.0	0.0	0.0	0.0	1.5670748531489045	2.7675783059647863	1.875459587005708	0.0	0.0	0.0	0.0	0.0	0.0	0.0	0.0	0.0	0.0	0.0	0.0	0.0	0.0
k__Bacteria|p__Firmicutes|c__Clostridia|o__Eubacteriales|f__Oscillospiraceae|g__GGB9699|s__GGB9699_SGB15216	0.0	0.0	0.0	0.5442922377032744	0.0	0.019267196165358	0.0	0.0	0.0501878224198673	0.0463847895544228	0.0	0.0	0.0	0.0992173940602445	0.0306238569951925	0.0	0.0	0.1979414112106099	0.1041114891853745	0.0	0.1362890494134213	0.3228619562410525	0.3636511484700642	0.0	0.0	0.0	0.0	0.0653545228094896	0.101194325676581	0.0	0.0103926614113696	0.0	0.0	0.0770902428897646	0.0498009025630836	0.0260632198136115	0.0	0.0	0.0	0.0	0.0	0.0	0.0	0.0
k__Bacteria|p__Proteobacteria|c__Betaproteobacteria|o__Burkholderiales|f__Sutterellaceae|g__Parasutterella|s__Parasutterella_excrementihominis	0.0	0.0	0.0	0.4726276207941173	0.0	0.0	0.0	0.0	0.0132098591191581	0.0674362824096417	0.0	0.0412505054361312	0.0	0.0	0.0	0.0	0.0	0.0	0.0	0.0	0.0	0.0	0.0	0.0	0.0	0.0	0.0	0.0	0.0	0.0	0.0134281417245915	0.0	0.0	0.0	0.0	0.0	0.0	0.0	0.0	0.0	0.0	0.0	0.0	0.0
k__Bacteria|p__Firmicutes|c__Clostridia|o__Eubacteriales|f__Clostridiaceae|g__Clostridiaceae_unclassified|s__Clostridiaceae_bacterium_Marseille_Q4149	0.0	0.0	0.0	0.4069222005328951	0.0	0.0	0.0	0.0	0.0	0.0	0.0	0.0	0.0	1.3864805794072244	0.1508184692738444	0.0	0.0	0.0	0.0	0.0	0.3348680401617055	0.8260226824539735	0.0	0.0	0.0	0.0	0.0	0.0	0.0	0.0	0.8047452751295737	0.1953730089314051	0.2447784652666039	0.279642587715492	0.8134350569171932	0.2079286009605725	0.0	0.0	0.0	0.0	0.0	0.0	0.0	0.0
k__Bacteria|p__Firmicutes|c__Clostridia|o__Eubacteriales|f__Oscillospiraceae|g__GGB9708|s__GGB9708_SGB15234	0.0	0.0	0.0	0.3226166174373147	0.0	0.0	0.0	0.0	0.0077826594393371	0.0	0.0	0.0	0.1083542271252207	0.3834291551708735	0.0	0.0	0.0	0.1938755005878172	0.0750255794536158	0.5596863137162326	0.0	0.0	0.0	0.0	0.0	0.0	0.0	0.0	0.0	0.0	0.0297802913215238	0.0179775823481196	0.0	0.0	0.0	0.0	0.0	0.0	0.0	0.0	0.0	0.0	0.0	0.0
k__Bacteria|p__Firmicutes|c__Clostridia|o__Eubacteriales|f__Clostridiaceae|g__Clostridium|s__Clostridium_sp_AM49_4BH	0.0	0.0	0.0	0.2125419741775036	0.0	0.0	0.0	0.0	0.0	1.8609417533623585	0.1188881919274568	0.0465969646548055	0.0111364523703923	0.0	0.0	0.0	0.0	0.1326775072336644	0.2346654998108778	0.0	0.0	0.0	0.0	0.529026381823392	0.0	0.0	0.0	0.0	0.0203704445619123	0.0491312893139456	0.7785664011288217	3.174383868977676	0.0	0.0	0.0	0.0	0.0	0.0	0.0	0.0	0.3957646646118163	0.0	0.0	0.0
k__Bacteria|p__Firmicutes|c__CFGB2982|o__OFGB2982|f__FGB2982|g__GGB9342|s__GGB9342_SGB14306	0.0	0.0	0.0	0.1767218439177096	0.0	0.2630398183012927	0.0	0.0	0.0	0.0	0.0	0.0	0.0	0.0	0.0	0.0	0.0	0.0	0.1013039689409963	0.0	0.0	0.0	0.0	0.0	0.0	0.0	0.0	0.0	0.0	0.0	0.0	0.0	0.0	0.0	0.0	0.0	0.0	0.0	0.0	0.0	0.0	0.0	0.0	0.0
k__Bacteria|p__Firmicutes|c__Bacilli|o__Lactobacillales|f__Lactobacillaceae|g__Lacticaseibacillus|s__Lacticaseibacillus_paracasei	0.0	0.0	0.0	0.1726380892666044	0.0	0.0	0.0	0.0	0.0	0.0	0.0	0.0	0.0	0.0	0.0	0.0	0.0	0.0	0.0	0.0	0.0	0.0	0.0	0.0	0.0	0.0	0.0	0.0	0.0	0.0	0.0	0.0	0.0	0.0	0.0	0.0	0.0	0.0	0.0	0.0	0.0	0.0	0.0	0.0
k__Bacteria|p__Firmicutes|c__Clostridia|o__Eubacteriales|f__Clostridiaceae|g__Butyricicoccus|s__Butyricicoccus_sp_AM29_23AC	0.0	0.0	0.0	0.14014666558127	0.2813988098556091	0.7318451791449613	0.3632276119962399	0.0	0.0	0.0	0.5706930061935974	0.1360103433035131	0.180741167532771	0.0	0.0	0.0	0.0	0.0	0.0808306674666071	0.964880912065574	0.0	0.0	0.0	0.0	0.0	0.0	0.0	0.0	0.0	0.0	0.0	0.0	0.0	0.0	0.0	0.0	0.0	0.0	0.0	0.0	0.0	0.0	0.0	0.0
k__Bacteria|p__Firmicutes|c__CFGB2875|o__OFGB2875|f__FGB2875|g__GGB9176|s__GGB9176_SGB14114	0.0	0.0	0.0	0.1238360033664182	0.0	0.0	0.0	0.0	0.0	0.0	0.0	0.0	0.0	0.0	0.0	0.0	0.0	0.2344299398096127	0.0	0.0	0.0	0.0	0.0	0.0	0.0	0.0	0.0	0.0	0.0	0.0	0.0	0.0	0.0	0.0	0.0	0.0	0.0	0.0	0.0	0.0	0.0	0.0	0.0	0.0
k__Bacteria|p__Bacteroidetes|c__Bacteroidia|o__Bacteroidales|f__Odoribacteraceae|g__Butyricimonas|s__Butyricimonas_faecihominis	0.0	0.0	0.0	0.0607448355856252	0.0	0.0	0.0	0.0	0.0	0.0	0.0	0.0	0.0	0.0	0.0	0.0	0.0	0.030804305035257	0.0	0.0	0.0	0.0	0.0	0.0	0.0	0.0	0.0	0.0	0.0	0.0	0.0163178503843535	0.0	0.0	0.0	0.0	0.0	0.0	0.0	0.0	0.0	0.0	0.0	0.0	0.0
k__Bacteria|p__Firmicutes|c__Clostridia|o__Eubacteriales|f__Oscillospiraceae|g__Pseudoruminococcus|s__Pseudoruminococcus_massiliensis	0.0	0.0	0.0	0.0606636476203944	0.0	0.0	0.0	0.0	0.0	0.0	0.0	0.0	0.0	0.0	0.0	0.0	0.0	0.0	0.0	0.0	0.0	0.0	0.0	0.0	0.0	0.0	0.0	0.0	0.0	0.0	0.0	0.0	0.0	0.0	0.0	0.0	0.0	0.0	0.0	0.0	0.0	0.0	0.0	0.0
k__Bacteria|p__Firmicutes|c__Clostridia|o__Eubacteriales|f__Clostridiaceae|g__Clostridium|s__Clostridium_sp_AF12_28	0.0	0.0	0.0	0.0110740384574702	0.0	0.0	0.0	0.0371620208322315	0.0	0.031734721133949	0.0088065327353671	0.0	0.0	0.0	0.0	0.0	0.0	0.0	0.0	0.0	0.0	0.0	0.0	0.0	0.0	0.0	0.0	0.0	0.0	0.0	0.0	0.0	0.0	0.0	0.0	0.0	0.0	0.0	0.0	0.0	0.0	0.0	0.0	0.0
k__Bacteria|p__Firmicutes|c__Clostridia|o__Eubacteriales|f__Oscillospiraceae|g__GGB9707|s__GGB9707_SGB15229	0.0	0.0	0.0	0.0074205800220878	0.0	0.0506869227962767	0.0334926442152196	0.0	0.0	0.0	0.0	0.0	0.0549584746964266	0.0	0.0189280438427586	0.0	0.0	0.0	0.0	0.0	0.0	0.0556957044983719	0.0	0.0	0.0	0.0	0.0	0.0	0.0	0.0	0.0	0.0	0.0	0.0	0.0085758547245869	0.0	0.0	0.0	0.0	0.0	0.0	0.0	0.0	0.0
k__Bacteria|p__Bacteroidetes|c__Bacteroidia|o__Bacteroidales|f__Rikenellaceae|g__Alistipes|s__Alistipes_onderdonkii|t__SGB2303	0.0	0.0	0.0	4.088950680880016	0.0446083573380351	0.2332588174073856	0.4386795843643765	0.0	0.0	0.0	0.0	0.0059504525195286	0.7885332065393323	0.5763266269576333	0.2127487585891912	0.0723455775826912	0.0	0.1162930951200345	0.0932615032563312	0.1205804436234468	1.3782819553968535	0.7216489154153013	0.4955790098044956	0.0	0.0	0.0	0.0	0.6888705149982753	0.3687878928762472	0.2963782839284696	1.2509951803857622	0.0551358357292234	0.0	0.0	0.0196678739318192	2.310057898794545	0.0	0.0	0.0	0.0	0.0	0.0	0.0	0.0
k__Bacteria|p__Firmicutes|c__CFGB4806|o__OFGB4806|f__FGB4806|g__GGB51647|s__GGB51647_SGB4348|t__SGB4348	0.0	0.0	0.0	2.061614119900213	0.8060214399154956	3.7662298188494687	0.0933320208641577	0.0	0.0	0.0	0.0	0.0465969646548055	0.0	0.8532181587354373	0.8046566061161056	0.3933858901097993	0.0	0.0	0.0	0.0	0.0	0.0	0.0	0.0	0.0	0.0	0.0	0.0	0.0	0.0	0.0	0.0	0.0	0.0	0.0	0.5872805879504732	0.0	0.0	0.0	1.7472540474520093	1.535866757519391	0.2942931188416509	0.0	0.0
k__Bacteria|p__Firmicutes|c__Clostridia|o__Eubacteriales|f__Eubacteriales_unclassified|g__Evtepia|s__Evtepia_gabavorous|t__SGB15120	0.0	0.0	0.0	1.6369929429470211	0.2094742315810083	0.2718905597818846	0.4836545483652561	0.0	0.0	0.0	0.0	0.0	0.0	0.0	0.0161133793005007	0.0	0.0	0.7529502881840563	0.6664880289677402	0.7283644290448588	0.4296186880952296	0.9891933634311716	2.029111284257292	0.4719474498897316	0.0	0.0	1.6971261378024474	0.5029603224462268	0.8526184399689719	1.6802290618794098	0.0	0.0	0.0	0.9557358304875518	1.2961990859767083	0.7686523475100552	0.0	0.0	0.0	1.1473125906945056	1.85593193915997	0.8635514526028368	0.0	0.0
k__Bacteria|p__Firmicutes|c__Clostridia|o__Eubacteriales|f__Oscillospiraceae|g__GGB3343|s__GGB3343_SGB4423|t__SGB4423	0.0	0.0	0.0	1.6326980995863158	0.0	0.0	0.0	0.0	0.0	0.0	0.0	0.0	0.0	0.0	0.0115270866676119	0.4980518062695302	0.0	0.0	0.0	0.0	0.0	0.0	0.0	0.0	0.0	0.0	0.0	1.5670748531489045	2.7675783059647863	1.875459587005708	0.0	0.0	0.0	0.0	0.0	0.0	0.0	0.0	0.0	0.0	0.0	0.0	0.0	0.0
k__Bacteria|p__Firmicutes|c__Clostridia|o__Eubacteriales|f__Oscillospiraceae|g__GGB9699|s__GGB9699_SGB15216|t__SGB15216	0.0	0.0	0.0	0.5442922377032744	0.0	0.019267196165358	0.0	0.0	0.0501878224198673	0.0463847895544228	0.0	0.0	0.0	0.0992173940602445	0.0306238569951925	0.0	0.0	0.1979414112106099	0.1041114891853745	0.0	0.1362890494134213	0.3228619562410525	0.3636511484700642	0.0	0.0	0.0	0.0	0.0653545228094896	0.101194325676581	0.0	0.0103926614113696	0.0	0.0	0.0770902428897646	0.0498009025630836	0.0260632198136115	0.0	0.0	0.0	0.0	0.0	0.0	0.0	0.0
k__Bacteria|p__Proteobacteria|c__Betaproteobacteria|o__Burkholderiales|f__Sutterellaceae|g__Parasutterella|s__Parasutterella_excrementihominis|t__SGB9262	0.0	0.0	0.0	0.4726276207941173	0.0	0.0	0.0	0.0	0.0132098591191581	0.0674362824096417	0.0	0.0412505054361312	0.0	0.0	0.0	0.0	0.0	0.0	0.0	0.0	0.0	0.0	0.0	0.0	0.0	0.0	0.0	0.0	0.0	0.0	0.0134281417245915	0.0	0.0	0.0	0.0	0.0	0.0	0.0	0.0	0.0	0.0	0.0	0.0	0.0
k__Bacteria|p__Firmicutes|c__Clostridia|o__Eubacteriales|f__Clostridiaceae|g__Clostridiaceae_unclassified|s__Clostridiaceae_bacterium_Marseille_Q4149|t__SGB15091	0.0	0.0	0.0	0.4069222005328951	0.0	0.0	0.0	0.0	0.0	0.0	0.0	0.0	0.0	1.3864805794072244	0.1508184692738444	0.0	0.0	0.0	0.0	0.0	0.3348680401617055	0.8260226824539735	0.0	0.0	0.0	0.0	0.0	0.0	0.0	0.0	0.8047452751295737	0.1953730089314051	0.2447784652666039	0.279642587715492	0.8134350569171932	0.2079286009605725	0.0	0.0	0.0	0.0	0.0	0.0	0.0	0.0
k__Bacteria|p__Firmicutes|c__Clostridia|o__Eubacteriales|f__Oscillospiraceae|g__GGB9708|s__GGB9708_SGB15234|t__SGB15234	0.0	0.0	0.0	0.3226166174373147	0.0	0.0	0.0	0.0	0.0077826594393371	0.0	0.0	0.0	0.1083542271252207	0.3834291551708735	0.0	0.0	0.0	0.1938755005878172	0.0750255794536158	0.5596863137162326	0.0	0.0	0.0	0.0	0.0	0.0	0.0	0.0	0.0	0.0	0.0297802913215238	0.0179775823481196	0.0	0.0	0.0	0.0	0.0	0.0	0.0	0.0	0.0	0.0	0.0	0.0
k__Bacteria|p__Firmicutes|c__Clostridia|o__Eubacteriales|f__Clostridiaceae|g__Clostridium|s__Clostridium_sp_AM49_4BH|t__SGB4652	0.0	0.0	0.0	0.2125419741775036	0.0	0.0	0.0	0.0	0.0	1.8609417533623585	0.1188881919274568	0.0465969646548055	0.0111364523703923	0.0	0.0	0.0	0.0	0.1326775072336644	0.2346654998108778	0.0	0.0	0.0	0.0	0.529026381823392	0.0	0.0	0.0	0.0	0.0203704445619123	0.0491312893139456	0.7785664011288217	3.174383868977676	0.0	0.0	0.0	0.0	0.0	0.0	0.0	0.0	0.3957646646118163	0.0	0.0	0.0
k__Bacteria|p__Firmicutes|c__CFGB2982|o__OFGB2982|f__FGB2982|g__GGB9342|s__GGB9342_SGB14306|t__SGB14306	0.0	0.0	0.0	0.1767218439177096	0.0	0.2630398183012927	0.0	0.0	0.0	0.0	0.0	0.0	0.0	0.0	0.0	0.0	0.0	0.0	0.1013039689409963	0.0	0.0	0.0	0.0	0.0	0.0	0.0	0.0	0.0	0.0	0.0	0.0	0.0	0.0	0.0	0.0	0.0	0.0	0.0	0.0	0.0	0.0	0.0	0.0	0.0
k__Bacteria|p__Firmicutes|c__Bacilli|o__Lactobacillales|f__Lactobacillaceae|g__Lacticaseibacillus|s__Lacticaseibacillus_paracasei|t__SGB7142	0.0	0.0	0.0	0.1726380892666044	0.0	0.0	0.0	0.0	0.0	0.0	0.0	0.0	0.0	0.0	0.0	0.0	0.0	0.0	0.0	0.0	0.0	0.0	0.0	0.0	0.0	0.0	0.0	0.0	0.0	0.0	0.0	0.0	0.0	0.0	0.0	0.0	0.0	0.0	0.0	0.0	0.0	0.0	0.0	0.0
k__Bacteria|p__Firmicutes|c__Clostridia|o__Eubacteriales|f__Clostridiaceae|g__Butyricicoccus|s__Butyricicoccus_sp_AM29_23AC|t__SGB14991	0.0	0.0	0.0	0.14014666558127	0.2813988098556091	0.7318451791449613	0.3632276119962399	0.0	0.0	0.0	0.5706930061935974	0.1360103433035131	0.180741167532771	0.0	0.0	0.0	0.0	0.0	0.0808306674666071	0.964880912065574	0.0	0.0	0.0	0.0	0.0	0.0	0.0	0.0	0.0	0.0	0.0	0.0	0.0	0.0	0.0	0.0	0.0	0.0	0.0	0.0	0.0	0.0	0.0	0.0
k__Bacteria|p__Firmicutes|c__CFGB2875|o__OFGB2875|f__FGB2875|g__GGB9176|s__GGB9176_SGB14114|t__SGB14114	0.0	0.0	0.0	0.1238360033664182	0.0	0.0	0.0	0.0	0.0	0.0	0.0	0.0	0.0	0.0	0.0	0.0	0.0	0.2344299398096127	0.0	0.0	0.0	0.0	0.0	0.0	0.0	0.0	0.0	0.0	0.0	0.0	0.0	0.0	0.0	0.0	0.0	0.0	0.0	0.0	0.0	0.0	0.0	0.0	0.0	0.0
k__Bacteria|p__Verrucomicrobia|c__Verrucomicrobiae|o__Verrucomicrobiales|f__Akkermansiaceae|g__Akkermansia|s__Akkermansia_muciniphila|t__SGB9226	0.0	0.0	0.0	0.082584398232689	0.0	1.3616269498872404	0.0470744573127522	0.0	0.0	0.0634949798653771	0.0	0.0	0.0	0.0	0.0	0.0	0.0	3.01146299779334	0.7703317239144202	0.0	0.0	0.0	0.0	0.0	0.0	0.0	0.0	3.0032839727795024	4.3695659469589385	2.3381518627111983	0.0	0.0	0.0	0.7604850598551367	1.0701099535015064	1.7692157109490354	0.0	0.0	0.0	0.0	0.0	0.0	0.0	0.0
k__Bacteria|p__Bacteroidetes|c__Bacteroidia|o__Bacteroidales|f__Odoribacteraceae|g__Butyricimonas|s__Butyricimonas_faecihominis|t__SGB1786	0.0	0.0	0.0	0.0607448355856252	0.0	0.0	0.0	0.0	0.0	0.0	0.0	0.0	0.0	0.0	0.0	0.0	0.0	0.030804305035257	0.0	0.0	0.0	0.0	0.0	0.0	0.0	0.0	0.0	0.0	0.0	0.0	0.0163178503843535	0.0	0.0	0.0	0.0	0.0	0.0	0.0	0.0	0.0	0.0	0.0	0.0	0.0
k__Bacteria|p__Firmicutes|c__Clostridia|o__Eubacteriales|f__Oscillospiraceae|g__Pseudoruminococcus|s__Pseudoruminococcus_massiliensis|t__SGB4280	0.0	0.0	0.0	0.0606636476203944	0.0	0.0	0.0	0.0	0.0	0.0	0.0	0.0	0.0	0.0	0.0	0.0	0.0	0.0	0.0	0.0	0.0	0.0	0.0	0.0	0.0	0.0	0.0	0.0	0.0	0.0	0.0	0.0	0.0	0.0	0.0	0.0	0.0	0.0	0.0	0.0	0.0	0.0	0.0	0.0
k__Bacteria|p__Actinobacteria|c__Coriobacteriia|o__Eggerthellales|f__Eggerthellaceae|g__Adlercreutzia|s__Adlercreutzia_equolifaciens|t__SGB14798	0.0	0.0	0.0	0.0548099953272595	0.0	0.0	0.0	0.0	0.0	0.0	0.0	0.0	0.0	0.0	0.0	0.0500189727498361	0.0	0.0	0.0	0.0	0.0	0.0	0.0	0.0	0.0	0.0	0.0	0.0	0.0	0.0	0.0	0.0	0.0	0.0	0.0	0.0	0.0	0.0	0.0	0.0	0.0767579111477474	0.0	0.0	0.0
k__Bacteria|p__Firmicutes|c__Clostridia|o__Eubacteriales|f__Clostridiaceae|g__Clostridium|s__Clostridium_sp_AF12_28|t__SGB4715	0.0	0.0	0.0	0.0110740384574702	0.0	0.0	0.0	0.0371620208322315	0.0	0.031734721133949	0.0088065327353671	0.0	0.0	0.0	0.0	0.0	0.0	0.0	0.0	0.0	0.0	0.0	0.0	0.0	0.0	0.0	0.0	0.0	0.0	0.0	0.0	0.0	0.0	0.0	0.0	0.0	0.0	0.0	0.0	0.0	0.0	0.0	0.0	0.0
k__Bacteria|p__Firmicutes|c__Clostridia|o__Eubacteriales|f__Oscillospiraceae|g__GGB9707|s__GGB9707_SGB15229|t__SGB15229	0.0	0.0	0.0	0.0074205800220878	0.0	0.0506869227962767	0.0334926442152196	0.0	0.0	0.0	0.0	0.0	0.0549584746964266	0.0	0.0189280438427586	0.0	0.0	0.0	0.0	0.0	0.0	0.0556957044983719	0.0	0.0	0.0	0.0	0.0	0.0	0.0	0.0	0.0	0.0	0.0	0.0	0.0085758547245869	0.0	0.0	0.0	0.0	0.0	0.0	0.0	0.0	0.0
k__Bacteria|p__Firmicutes|c__CFGB2942	0.0	0.0	0.0	0.0	0.0597035419835803	1.1863076335379548	0.9168678155976296	0.0	0.0	0.0	0.0	0.0	0.0	0.0	0.0	0.0	0.0	0.0	0.0	0.0	0.0	0.0	0.0	0.0	0.0	0.0	0.0	0.0	0.0	0.0	0.0	0.0	0.0	0.0	0.0	0.0	0.0	0.0	0.0	0.0	0.0	0.0	0.0	0.0
k__Bacteria|p__Firmicutes|c__CFGB2949	0.0	0.0	0.0	0.0	0.0461517356325197	0.5848952880547312	0.4246931416467375	0.0	0.5168994456475184	0.0529479521065351	0.0	0.0	0.0	0.0	0.0	0.0	0.0	0.0	0.0	0.0	0.0	0.0	0.0	0.0	0.0	0.0	0.0	0.0	0.0025666110373063	0.0	0.0	0.0	0.0	0.0	0.0	0.0	0.0	0.0	0.0	0.0	0.0	0.0	0.0	0.0
k__Bacteria|p__Proteobacteria|c__CFGB2403	0.0	0.0	0.0	0.0	0.0120792974680575	0.0425581941404077	0.0052296469768464	0.0	0.0	0.0	0.0	0.0	0.0	0.0	0.0156532161600771	0.0	0.0	0.0	0.0	0.0	1.6403518276588414	0.1394787855522831	0.0	0.0	0.0	0.0	0.0	0.0	0.0	0.0	0.0	0.0	0.0	0.0	0.0	0.0	0.0	0.0	0.0	0.0	0.0	0.0	0.0	0.0
k__Bacteria|p__Firmicutes|c__CFGB2942|o__OFGB2942	0.0	0.0	0.0	0.0	0.0597035419835803	1.1863076335379548	0.9168678155976296	0.0	0.0	0.0	0.0	0.0	0.0	0.0	0.0	0.0	0.0	0.0	0.0	0.0	0.0	0.0	0.0	0.0	0.0	0.0	0.0	0.0	0.0	0.0	0.0	0.0	0.0	0.0	0.0	0.0	0.0	0.0	0.0	0.0	0.0	0.0	0.0	0.0
k__Bacteria|p__Firmicutes|c__CFGB2949|o__OFGB2949	0.0	0.0	0.0	0.0	0.0461517356325197	0.5848952880547312	0.4246931416467375	0.0	0.5168994456475184	0.0529479521065351	0.0	0.0	0.0	0.0	0.0	0.0	0.0	0.0	0.0	0.0	0.0	0.0	0.0	0.0	0.0	0.0	0.0	0.0	0.0025666110373063	0.0	0.0	0.0	0.0	0.0	0.0	0.0	0.0	0.0	0.0	0.0	0.0	0.0	0.0	0.0
k__Bacteria|p__Proteobacteria|c__CFGB2403|o__OFGB2403	0.0	0.0	0.0	0.0	0.0120792974680575	0.0425581941404077	0.0052296469768464	0.0	0.0	0.0	0.0	0.0	0.0	0.0	0.0156532161600771	0.0	0.0	0.0	0.0	0.0	1.6403518276588414	0.1394787855522831	0.0	0.0	0.0	0.0	0.0	0.0	0.0	0.0	0.0	0.0	0.0	0.0	0.0	0.0	0.0	0.0	0.0	0.0	0.0	0.0	0.0	0.0
k__Bacteria|p__Firmicutes|c__CFGB2942|o__OFGB2942|f__FGB2942	0.0	0.0	0.0	0.0	0.0597035419835803	1.1863076335379548	0.9168678155976296	0.0	0.0	0.0	0.0	0.0	0.0	0.0	0.0	0.0	0.0	0.0	0.0	0.0	0.0	0.0	0.0	0.0	0.0	0.0	0.0	0.0	0.0	0.0	0.0	0.0	0.0	0.0	0.0	0.0	0.0	0.0	0.0	0.0	0.0	0.0	0.0	0.0
k__Bacteria|p__Firmicutes|c__CFGB2949|o__OFGB2949|f__FGB2949	0.0	0.0	0.0	0.0	0.0461517356325197	0.5848952880547312	0.4246931416467375	0.0	0.5168994456475184	0.0529479521065351	0.0	0.0	0.0	0.0	0.0	0.0	0.0	0.0	0.0	0.0	0.0	0.0	0.0	0.0	0.0	0.0	0.0	0.0	0.0025666110373063	0.0	0.0	0.0	0.0	0.0	0.0	0.0	0.0	0.0	0.0	0.0	0.0	0.0	0.0	0.0
k__Bacteria|p__Proteobacteria|c__CFGB2403|o__OFGB2403|f__FGB2403	0.0	0.0	0.0	0.0	0.0120792974680575	0.0425581941404077	0.0052296469768464	0.0	0.0	0.0	0.0	0.0	0.0	0.0	0.0156532161600771	0.0	0.0	0.0	0.0	0.0	1.6403518276588414	0.1394787855522831	0.0	0.0	0.0	0.0	0.0	0.0	0.0	0.0	0.0	0.0	0.0	0.0	0.0	0.0	0.0	0.0	0.0	0.0	0.0	0.0	0.0	0.0
k__Bacteria|p__Firmicutes|c__CFGB2942|o__OFGB2942|f__FGB2942|g__GGB9278	0.0	0.0	0.0	0.0	0.0597035419835803	1.1863076335379548	0.9168678155976296	0.0	0.0	0.0	0.0	0.0	0.0	0.0	0.0	0.0	0.0	0.0	0.0	0.0	0.0	0.0	0.0	0.0	0.0	0.0	0.0	0.0	0.0	0.0	0.0	0.0	0.0	0.0	0.0	0.0	0.0	0.0	0.0	0.0	0.0	0.0	0.0	0.0
k__Bacteria|p__Firmicutes|c__CFGB2949|o__OFGB2949|f__FGB2949|g__GGB9290	0.0	0.0	0.0	0.0	0.0461517356325197	0.5848952880547312	0.4246931416467375	0.0	0.5168994456475184	0.0529479521065351	0.0	0.0	0.0	0.0	0.0	0.0	0.0	0.0	0.0	0.0	0.0	0.0	0.0	0.0	0.0	0.0	0.0	0.0	0.0025666110373063	0.0	0.0	0.0	0.0	0.0	0.0	0.0	0.0	0.0	0.0	0.0	0.0	0.0	0.0	0.0
k__Bacteria|p__Firmicutes|c__Clostridia|o__Eubacteriales|f__Lachnospiraceae|g__GGB3746	0.0	0.0	0.0	0.0	0.0444193722407513	0.0	0.0	0.0	0.0	0.0	0.0	0.0	0.0	0.0	0.0	0.0	0.0	0.0	0.0	0.0	0.3059041887896683	0.0194981189733247	0.0	0.0	0.0	0.0	0.0	0.0	0.0	0.0	0.0	0.8018757954434692	0.0335946454229355	0.0	0.0	0.0	0.7943022914978787	0.0	0.0	0.0	0.0	0.0	0.0	0.0
k__Bacteria|p__Firmicutes|c__Clostridia|o__Eubacteriales|f__Lachnospiraceae|g__GGB3653	0.0	0.0	0.0	0.0	0.012087171847111	1.925616316039602	0.0831475696712917	0.0	0.0	0.0	0.0	0.0	0.0	0.0	0.0	0.0	0.0	0.0	0.0	0.0	0.0	0.0	0.0	0.0	0.0	0.0	0.0	0.0	0.6563457952964797	0.4799386251446981	0.0	0.0	0.0	0.0	0.0	0.0	0.0	0.0	0.0	0.0	0.0	0.0	0.0	0.0
k__Bacteria|p__Proteobacteria|c__CFGB2403|o__OFGB2403|f__FGB2403|g__GGB6601	0.0	0.0	0.0	0.0	0.0120792974680575	0.0425581941404077	0.0052296469768464	0.0	0.0	0.0	0.0	0.0	0.0	0.0	0.0156532161600771	0.0	0.0	0.0	0.0	0.0	1.6403518276588414	0.1394787855522831	0.0	0.0	0.0	0.0	0.0	0.0	0.0	0.0	0.0	0.0	0.0	0.0	0.0	0.0	0.0	0.0	0.0	0.0	0.0	0.0	0.0	0.0
k__Bacteria|p__Firmicutes|c__Clostridia|o__Eubacteriales|f__Oscillospiraceae|g__Ruminococcus|s__Ruminococcus_callidus	0.0	0.0	0.0	0.0	1.861014996744318	0.6290191953993134	0.094561178766745	0.0	0.0	0.0	0.0	0.53095485169554	1.984591481061088	0.0	0.0	0.0365123409865129	0.0	0.0	0.0	0.0	0.0	0.0	0.0	3.5014352335329346	0.0	0.0	0.0	0.0	0.0	0.0	0.0	0.0	0.0	0.0	0.0	0.0	0.0	0.0	0.0	0.0	0.0	0.0	0.0	0.0
k__Bacteria|p__Firmicutes|c__Clostridia|o__Eubacteriales|f__Clostridiaceae|g__Clostridium|s__Clostridium_sp_AF36_4	0.0	0.0	0.0	0.0	0.1930955231497438	0.3520096458151799	0.1330086271979841	0.0	0.0	0.0	0.0	0.0	0.0	0.0	0.0	0.8155959887871375	0.0509948366732692	0.0	0.0	0.0	0.0	0.0	0.0	0.0	0.0	0.0	0.0	0.0	0.0	0.0	0.0326271259655623	0.1928894901462203	0.0	0.1242893989295339	0.110371685628009	0.0	0.0	0.0	0.0	0.0	0.0	0.0	0.0	0.0
k__Bacteria|p__Firmicutes|c__Clostridia|o__Eubacteriales|f__Lachnospiraceae|g__Blautia|s__Blautia_faecicola	0.0	0.0	0.0	0.0	0.1456130174571838	0.1735183405393027	0.0896140090718595	0.0	0.0	0.0	0.0	0.0	0.0	0.0	0.0	0.0	0.0	0.0	0.0	0.0	0.0	0.0	0.0	0.0	10.788223859810692	6.375091460897362	4.445496239751511	0.0	0.0	0.0	0.0	0.0	0.0	0.0	0.0	0.0	0.0	0.0	0.0	0.0	0.0	0.0	0.0	0.0
k__Bacteria|p__Firmicutes|c__Clostridia|o__Eubacteriales|f__Oscillospiraceae|g__Faecalibacterium|s__Faecalibacterium_SGB15315	0.0	0.0	0.0	0.0	0.1423923964243054	0.0	0.0187351148630382	0.0	0.0	0.0	2.8084016401451577	3.3777169560633475	0.0776426221392199	0.0	0.7179081847605776	0.2243559689550143	0.0405898787451833	0.61849344184616	1.4390484920300053	0.0	0.0776460808275374	0.3492348430247995	0.0	0.2056719250745918	0.0	0.0	0.0	0.0	0.0	0.0	1.3325844323075298	1.99132661071607	0.0	0.0	0.018805935233612	0.0320550264665659	0.0	0.0	0.0	5.062641937948434	2.648038592843517	0.0298318379383089	0.0	0.0
k__Bacteria|p__Firmicutes|c__Clostridia|o__Eubacteriales|f__Lachnospiraceae|g__Lachnospiraceae_unclassified|s__Lachnospiraceae_bacterium	0.0	0.0	0.0	0.0	0.0743892589183439	0.0978124564908304	0.0728867732670849	0.0	0.0	0.0	0.0	0.0	0.0	0.0	0.0	0.0	0.0	0.0	0.1086035215763797	0.0	0.0	0.0	0.0	0.0337588386108894	0.0	0.0	0.0	0.0	0.0	0.0	0.0	0.0	0.0	0.015056821812469	0.1049040340878663	0.0	0.0	0.0	0.0	0.0	0.0	0.0	0.0	0.0
k__Bacteria|p__Proteobacteria|c__Betaproteobacteria|o__Burkholderiales|f__Sutterellaceae|g__Parasutterella|s__Parasutterella_SGB9260	0.0	0.0	0.0	0.0	0.0704284462544372	0.0926691291776359	0.0926525484832243	0.0	0.0	0.0	0.0	0.0	0.0	0.0	0.0	0.0	0.0	0.0	0.0	0.0	0.0	0.0	0.0	0.0	0.0	0.0	0.0	0.0	0.0	0.0	0.0	0.0	0.0	0.0	0.0	0.0	0.0	0.0	0.0	0.0	0.0	0.0	0.0	0.0
k__Bacteria|p__Firmicutes|c__CFGB2942|o__OFGB2942|f__FGB2942|g__GGB9278|s__GGB9278_SGB14230	0.0	0.0	0.0	0.0	0.0597035419835803	1.1863076335379548	0.9168678155976296	0.0	0.0	0.0	0.0	0.0	0.0	0.0	0.0	0.0	0.0	0.0	0.0	0.0	0.0	0.0	0.0	0.0	0.0	0.0	0.0	0.0	0.0	0.0	0.0	0.0	0.0	0.0	0.0	0.0	0.0	0.0	0.0	0.0	0.0	0.0	0.0	0.0
k__Bacteria|p__Firmicutes|c__Clostridia|o__Eubacteriales|f__Oscillospiraceae|g__Oscillospiraceae_unclassified|s__Clostridium_leptum	0.0	0.0	0.0	0.0	0.0594121899586011	0.0	0.0	0.0	0.0254623822541854	0.0	0.0	0.0	0.0	0.0554245935199603	0.0	0.0	0.0	0.0050320676024661	0.0	0.0	0.0	0.0	0.0355604941109658	0.0	0.0	0.0	0.084050220814536	0.0	0.0	0.0032458276960652	0.073468913343742	0.0	0.0	0.1335255050896556	0.0840694956554433	0.0	0.0	0.0	0.0	0.0841021697213666	0.0	0.0	0.0	0.0
k__Bacteria|p__Firmicutes|c__CFGB2949|o__OFGB2949|f__FGB2949|g__GGB9290|s__GGB9290_SGB14247	0.0	0.0	0.0	0.0	0.0461517356325197	0.5848952880547312	0.4246931416467375	0.0	0.5168994456475184	0.0529479521065351	0.0	0.0	0.0	0.0	0.0	0.0	0.0	0.0	0.0	0.0	0.0	0.0	0.0	0.0	0.0	0.0	0.0	0.0	0.0025666110373063	0.0	0.0	0.0	0.0	0.0	0.0	0.0	0.0	0.0	0.0	0.0	0.0	0.0	0.0	0.0
k__Bacteria|p__Firmicutes|c__Clostridia|o__Eubacteriales|f__Lachnospiraceae|g__GGB3746|s__GGB3746_SGB5089	0.0	0.0	0.0	0.0	0.0444193722407513	0.0	0.0	0.0	0.0	0.0	0.0	0.0	0.0	0.0	0.0	0.0	0.0	0.0	0.0	0.0	0.3059041887896683	0.0194981189733247	0.0	0.0	0.0	0.0	0.0	0.0	0.0	0.0	0.0	0.8018757954434692	0.0335946454229355	0.0	0.0	0.0	0.7943022914978787	0.0	0.0	0.0	0.0	0.0	0.0	0.0
k__Bacteria|p__Bacteroidetes|c__Bacteroidia|o__Bacteroidales|f__Bacteroidaceae|g__Bacteroides|s__Bacteroides_cellulosilyticus	0.0	0.0	0.0	0.0	0.022638839778791	0.2294134906779625	0.0010611984376374	0.0	0.0	0.0468785164390175	0.0215957951628526	0.0	0.2684510110171611	0.0	0.0	0.1456804677340183	0.1229780062521398	0.0391454602931049	0.0	0.0	0.0	0.0	0.0	0.0	0.0	0.0	0.0	0.0	0.0	0.0	1.969872376824366	0.1308616749508439	0.0080092114118287	0.0366191493540321	0.0324315318264836	0.1169579394957552	0.0	0.0	0.0	0.0	0.0	0.0	0.0	0.0
k__Bacteria|p__Firmicutes|c__Clostridia|o__Eubacteriales|f__Clostridiaceae|g__Clostridiaceae_unclassified|s__Clostridiaceae_bacterium_AF18_31LB	0.0	0.0	0.0	0.0	0.0130557204706906	0.0266171244709641	0.0	0.0	0.0	0.0062907615123359	0.0671456891985907	0.0	0.0	0.0	0.0	0.0	0.0	0.0	0.0	0.0	0.1531816858996125	0.1711968463304414	0.0	0.0	0.0	0.0	0.0168611662696261	0.068989682073887	0.0263240075060437	0.0	0.020065039358585	0.1285328389965703	0.0	0.0	0.0	0.0	0.0	0.0	0.0	0.0	0.0	0.0	0.0	0.0
k__Bacteria|p__Firmicutes|c__Clostridia|o__Eubacteriales|f__Lachnospiraceae|g__GGB3653|s__GGB3653_SGB4964	0.0	0.0	0.0	0.0	0.012087171847111	1.925616316039602	0.0831475696712917	0.0	0.0	0.0	0.0	0.0	0.0	0.0	0.0	0.0	0.0	0.0	0.0	0.0	0.0	0.0	0.0	0.0	0.0	0.0	0.0	0.0	0.6563457952964797	0.4799386251446981	0.0	0.0	0.0	0.0	0.0	0.0	0.0	0.0	0.0	0.0	0.0	0.0	0.0	0.0
k__Bacteria|p__Proteobacteria|c__CFGB2403|o__OFGB2403|f__FGB2403|g__GGB6601|s__GGB6601_SGB9333	0.0	0.0	0.0	0.0	0.0120792974680575	0.0425581941404077	0.0052296469768464	0.0	0.0	0.0	0.0	0.0	0.0	0.0	0.0156532161600771	0.0	0.0	0.0	0.0	0.0	1.6403518276588414	0.1394787855522831	0.0	0.0	0.0	0.0	0.0	0.0	0.0	0.0	0.0	0.0	0.0	0.0	0.0	0.0	0.0	0.0	0.0	0.0	0.0	0.0	0.0	0.0
k__Bacteria|p__Firmicutes|c__Clostridia|o__Eubacteriales|f__Clostridiaceae|g__Clostridium|s__Clostridium_sp_AF20_17LB	0.0	0.0	0.0	0.0	0.0028269020802038	0.0	0.0	0.0	0.0	0.0	0.0804049632046491	0.0	0.0	0.0	0.0	0.0	0.0	0.0	0.0	0.0	0.0	0.0	0.0	0.0	0.0	0.0	0.0	0.0	0.0	0.0	0.0	0.0676995189954523	0.0	0.0	0.0	0.0	0.0	0.0	0.0	0.0	0.0	0.0	0.0	0.0
k__Bacteria|p__Firmicutes|c__Clostridia|o__Eubacteriales|f__Oscillospiraceae|g__Faecalibacterium|s__Faecalibacterium_prausnitzii|t__SGB15322	0.0	0.0	0.0	0.0	5.160663297803615	0.5509525727891067	0.2197520563234287	0.0	0.0	0.0	0.0291572095058598	0.0398039041970478	0.0	0.0	8.785288958640129	5.980495085460716	11.843437279244425	0.0	0.2400386616324264	0.0	0.0	0.0	0.0	0.0	0.0	0.0	0.0	0.0	0.0	0.0	0.0	0.0	0.0	6.518439701668616	11.762207017668626	19.814524892406865	0.0	0.0	0.0	0.0	0.0	0.0	0.0	0.0
k__Bacteria|p__Firmicutes|c__Clostridia|o__Eubacteriales|f__Oscillospiraceae|g__Ruminococcus|s__Ruminococcus_callidus|t__SGB4422	0.0	0.0	0.0	0.0	1.861014996744318	0.6290191953993134	0.094561178766745	0.0	0.0	0.0	0.0	0.53095485169554	1.984591481061088	0.0	0.0	0.0365123409865129	0.0	0.0	0.0	0.0	0.0	0.0	0.0	3.5014352335329346	0.0	0.0	0.0	0.0	0.0	0.0	0.0	0.0	0.0	0.0	0.0	0.0	0.0	0.0	0.0	0.0	0.0	0.0	0.0	0.0
k__Bacteria|p__Firmicutes|c__Clostridia|o__Eubacteriales|f__Clostridiaceae|g__Clostridium|s__Clostridium_sp_AF36_4|t__SGB4644	0.0	0.0	0.0	0.0	0.1930955231497438	0.3520096458151799	0.1330086271979841	0.0	0.0	0.0	0.0	0.0	0.0	0.0	0.0	0.8155959887871375	0.0509948366732692	0.0	0.0	0.0	0.0	0.0	0.0	0.0	0.0	0.0	0.0	0.0	0.0	0.0	0.0326271259655623	0.1928894901462203	0.0	0.1242893989295339	0.110371685628009	0.0	0.0	0.0	0.0	0.0	0.0	0.0	0.0	0.0
k__Bacteria|p__Firmicutes|c__Clostridia|o__Eubacteriales|f__Lachnospiraceae|g__Coprococcus|s__Coprococcus_eutactus|t__SGB5118	0.0	0.0	0.0	0.0	0.1706062965729692	0.3276396848548702	0.116426447294757	0.0	0.0	0.0	0.0	0.0	0.0	0.0	0.0	0.0	0.0	0.0	0.0	0.0	0.0	0.0	0.0	0.0	0.0	0.0	0.0	0.0	0.0	0.0	1.0446682671181242	0.069933826553058	0.0	0.0	0.0	0.0	0.0	0.0	0.0	0.0	0.0	0.0	0.0	0.0
k__Bacteria|p__Firmicutes|c__Clostridia|o__Eubacteriales|f__Lachnospiraceae|g__Blautia|s__Blautia_faecicola|t__SGB4867	0.0	0.0	0.0	0.0	0.1456130174571838	0.1735183405393027	0.0896140090718595	0.0	0.0	0.0	0.0	0.0	0.0	0.0	0.0	0.0	0.0	0.0	0.0	0.0	0.0	0.0	0.0	0.0	10.788223859810692	6.375091460897362	4.445496239751511	0.0	0.0	0.0	0.0	0.0	0.0	0.0	0.0	0.0	0.0	0.0	0.0	0.0	0.0	0.0	0.0	0.0
k__Bacteria|p__Firmicutes|c__Clostridia|o__Eubacteriales|f__Oscillospiraceae|g__Faecalibacterium|s__Faecalibacterium_SGB15315|t__SGB15315	0.0	0.0	0.0	0.0	0.1423923964243054	0.0	0.0187351148630382	0.0	0.0	0.0	2.8084016401451577	3.3777169560633475	0.0776426221392199	0.0	0.7179081847605776	0.2243559689550143	0.0405898787451833	0.61849344184616	1.4390484920300053	0.0	0.0776460808275374	0.3492348430247995	0.0	0.2056719250745918	0.0	0.0	0.0	0.0	0.0	0.0	1.3325844323075298	1.99132661071607	0.0	0.0	0.018805935233612	0.0320550264665659	0.0	0.0	0.0	5.062641937948434	2.648038592843517	0.0298318379383089	0.0	0.0
k__Bacteria|p__Firmicutes|c__Clostridia|o__Eubacteriales|f__Lachnospiraceae|g__Lachnospiraceae_unclassified|s__Lachnospiraceae_bacterium|t__SGB4922	0.0	0.0	0.0	0.0	0.0743892589183439	0.0748053961434807	0.0284538602667252	0.0	0.0	0.0	0.0	0.0	0.0	0.0	0.0	0.0	0.0	0.0	0.1086035215763797	0.0	0.0	0.0	0.0	0.0337588386108894	0.0	0.0	0.0	0.0	0.0	0.0	0.0	0.0	0.0	0.0	0.0	0.0	0.0	0.0	0.0	0.0	0.0	0.0	0.0	0.0
k__Bacteria|p__Proteobacteria|c__Betaproteobacteria|o__Burkholderiales|f__Sutterellaceae|g__Parasutterella|s__Parasutterella_SGB9260|t__SGB9260	0.0	0.0	0.0	0.0	0.0704284462544372	0.0926691291776359	0.0926525484832243	0.0	0.0	0.0	0.0	0.0	0.0	0.0	0.0	0.0	0.0	0.0	0.0	0.0	0.0	0.0	0.0	0.0	0.0	0.0	0.0	0.0	0.0	0.0	0.0	0.0	0.0	0.0	0.0	0.0	0.0	0.0	0.0	0.0	0.0	0.0	0.0	0.0
k__Bacteria|p__Firmicutes|c__CFGB2942|o__OFGB2942|f__FGB2942|g__GGB9278|s__GGB9278_SGB14230|t__SGB14230	0.0	0.0	0.0	0.0	0.0597035419835803	1.1863076335379548	0.9168678155976296	0.0	0.0	0.0	0.0	0.0	0.0	0.0	0.0	0.0	0.0	0.0	0.0	0.0	0.0	0.0	0.0	0.0	0.0	0.0	0.0	0.0	0.0	0.0	0.0	0.0	0.0	0.0	0.0	0.0	0.0	0.0	0.0	0.0	0.0	0.0	0.0	0.0
k__Bacteria|p__Firmicutes|c__Clostridia|o__Eubacteriales|f__Oscillospiraceae|g__Oscillospiraceae_unclassified|s__Clostridium_leptum|t__SGB14853	0.0	0.0	0.0	0.0	0.0594121899586011	0.0	0.0	0.0	0.0254623822541854	0.0	0.0	0.0	0.0	0.0554245935199603	0.0	0.0	0.0	0.0050320676024661	0.0	0.0	0.0	0.0	0.0355604941109658	0.0	0.0	0.0	0.084050220814536	0.0	0.0	0.0032458276960652	0.073468913343742	0.0	0.0	0.1335255050896556	0.0840694956554433	0.0	0.0	0.0	0.0	0.0841021697213666	0.0	0.0	0.0	0.0
k__Bacteria|p__Firmicutes|c__CFGB2949|o__OFGB2949|f__FGB2949|g__GGB9290|s__GGB9290_SGB14247|t__SGB14247	0.0	0.0	0.0	0.0	0.0461517356325197	0.5848952880547312	0.4246931416467375	0.0	0.5168994456475184	0.0529479521065351	0.0	0.0	0.0	0.0	0.0	0.0	0.0	0.0	0.0	0.0	0.0	0.0	0.0	0.0	0.0	0.0	0.0	0.0	0.0025666110373063	0.0	0.0	0.0	0.0	0.0	0.0	0.0	0.0	0.0	0.0	0.0	0.0	0.0	0.0	0.0
k__Bacteria|p__Firmicutes|c__Clostridia|o__Eubacteriales|f__Lachnospiraceae|g__GGB3746|s__GGB3746_SGB5089|t__SGB5089	0.0	0.0	0.0	0.0	0.0444193722407513	0.0	0.0	0.0	0.0	0.0	0.0	0.0	0.0	0.0	0.0	0.0	0.0	0.0	0.0	0.0	0.3059041887896683	0.0194981189733247	0.0	0.0	0.0	0.0	0.0	0.0	0.0	0.0	0.0	0.8018757954434692	0.0335946454229355	0.0	0.0	0.0	0.7943022914978787	0.0	0.0	0.0	0.0	0.0	0.0	0.0
k__Bacteria|p__Bacteroidetes|c__Bacteroidia|o__Bacteroidales|f__Bacteroidaceae|g__Bacteroides|s__Bacteroides_cellulosilyticus|t__SGB1844	0.0	0.0	0.0	0.0	0.022638839778791	0.2294134906779625	0.0010611984376374	0.0	0.0	0.0468785164390175	0.0215957951628526	0.0	0.2684510110171611	0.0	0.0	0.1456804677340183	0.1229780062521398	0.0391454602931049	0.0	0.0	0.0	0.0	0.0	0.0	0.0	0.0	0.0	0.0	0.0	0.0	1.969872376824366	0.1308616749508439	0.0080092114118287	0.0366191493540321	0.0324315318264836	0.1169579394957552	0.0	0.0	0.0	0.0	0.0	0.0	0.0	0.0
k__Bacteria|p__Firmicutes|c__Clostridia|o__Eubacteriales|f__Clostridiaceae|g__Clostridiaceae_unclassified|s__Clostridiaceae_bacterium_AF18_31LB|t__SGB4767	0.0	0.0	0.0	0.0	0.0130557204706906	0.0266171244709641	0.0	0.0	0.0	0.0062907615123359	0.0671456891985907	0.0	0.0	0.0	0.0	0.0	0.0	0.0	0.0	0.0	0.1531816858996125	0.1711968463304414	0.0	0.0	0.0	0.0	0.0168611662696261	0.068989682073887	0.0263240075060437	0.0	0.020065039358585	0.1285328389965703	0.0	0.0	0.0	0.0	0.0	0.0	0.0	0.0	0.0	0.0	0.0	0.0
k__Bacteria|p__Firmicutes|c__Clostridia|o__Eubacteriales|f__Lachnospiraceae|g__GGB3653|s__GGB3653_SGB4964|t__SGB4964	0.0	0.0	0.0	0.0	0.012087171847111	1.925616316039602	0.0831475696712917	0.0	0.0	0.0	0.0	0.0	0.0	0.0	0.0	0.0	0.0	0.0	0.0	0.0	0.0	0.0	0.0	0.0	0.0	0.0	0.0	0.0	0.6563457952964797	0.4799386251446981	0.0	0.0	0.0	0.0	0.0	0.0	0.0	0.0	0.0	0.0	0.0	0.0	0.0	0.0
k__Bacteria|p__Proteobacteria|c__CFGB2403|o__OFGB2403|f__FGB2403|g__GGB6601|s__GGB6601_SGB9333|t__SGB9333	0.0	0.0	0.0	0.0	0.0120792974680575	0.0425581941404077	0.0052296469768464	0.0	0.0	0.0	0.0	0.0	0.0	0.0	0.0156532161600771	0.0	0.0	0.0	0.0	0.0	1.6403518276588414	0.1394787855522831	0.0	0.0	0.0	0.0	0.0	0.0	0.0	0.0	0.0	0.0	0.0	0.0	0.0	0.0	0.0	0.0	0.0	0.0	0.0	0.0	0.0	0.0
k__Bacteria|p__Firmicutes|c__Clostridia|o__Eubacteriales|f__Clostridiaceae|g__Clostridium|s__Clostridium_sp_AF20_17LB|t__SGB4714	0.0	0.0	0.0	0.0	0.0028269020802038	0.0	0.0	0.0	0.0	0.0	0.0804049632046491	0.0	0.0	0.0	0.0	0.0	0.0	0.0	0.0	0.0	0.0	0.0	0.0	0.0	0.0	0.0	0.0	0.0	0.0	0.0	0.0	0.0676995189954523	0.0	0.0	0.0	0.0	0.0	0.0	0.0	0.0	0.0	0.0	0.0	0.0
k__Bacteria|p__Firmicutes|c__CFGB3054	0.0	0.0	0.0	0.0	0.0	2.2906546427143883	0.0	0.0	0.0	0.0143861799131904	0.0	0.0	0.0	0.0	0.0	0.0	0.0	1.4882038010237597	0.5999109258187456	0.1505356640669094	0.0	0.0	0.0	0.0	0.0	0.0	0.0	0.0	0.0	0.0	0.0	0.0	0.0	0.0	0.0	0.0	0.0	0.0	0.0	0.0	0.0	0.0	0.0	0.0
k__Bacteria|p__Firmicutes|c__CFGB1474	0.0	0.0	0.0	0.0	0.0	0.1216794422249287	0.0220103244295596	0.0	0.0	0.0	0.0	0.0	0.0	0.0	0.0	0.0	0.0	0.0	0.0	0.0	0.0	0.0	0.0	0.0	0.0	0.0	0.0	0.0	0.0	0.0	0.0	0.0	0.0	0.0	0.0	0.0	0.0	0.0	0.0	0.0	0.0	0.0	0.0	0.0
k__Bacteria|p__Firmicutes|c__CFGB2932	0.0	0.0	0.0	0.0	0.0	0.1071093856720937	0.1897636573087529	0.0	0.0	0.0	0.0	0.0	0.0	0.0	0.0	0.0	0.0	0.0	0.0	0.0	0.0	0.0	0.0	0.0	0.0	0.0	0.0	0.0	0.0	0.0	0.0	0.0	0.0	0.0	0.0	0.0	0.0	0.0	0.0	0.0	0.0	0.0	0.0	0.0
k__Bacteria|p__Firmicutes|c__CFGB1798	0.0	0.0	0.0	0.0	0.0	0.0111384675094891	0.0	0.0	0.0	0.0	0.0	0.0	0.0	0.0	0.0	0.0	0.0	0.0	0.0	0.0	0.0	0.0	0.0	0.0	0.0	0.0	0.0	0.0	0.0	0.0	0.0	0.0	0.0	0.0	0.0	0.0	0.0	0.0	0.0	0.0	0.0	0.0	0.0	0.0
k__Bacteria|p__Firmicutes|c__CFGB3040	0.0	0.0	0.0	0.0	0.0	0.0052001148387345	0.0	0.0	0.0	0.0	0.0	0.0	0.0	0.0	0.0	0.0	0.0	0.0	0.0	0.0	0.0	0.0	0.0	0.0	0.0	0.0	0.0	0.0	0.0	0.0	0.0	0.0	0.0	0.0	0.0	0.0	0.0	0.0	0.0	0.0	0.0	0.0	0.0	0.0
k__Bacteria|p__Firmicutes|c__CFGB3054|o__OFGB3054	0.0	0.0	0.0	0.0	0.0	2.2906546427143883	0.0	0.0	0.0	0.0143861799131904	0.0	0.0	0.0	0.0	0.0	0.0	0.0	1.4882038010237597	0.5999109258187456	0.1505356640669094	0.0	0.0	0.0	0.0	0.0	0.0	0.0	0.0	0.0	0.0	0.0	0.0	0.0	0.0	0.0	0.0	0.0	0.0	0.0	0.0	0.0	0.0	0.0	0.0
k__Bacteria|p__Firmicutes|c__CFGB1474|o__OFGB1474	0.0	0.0	0.0	0.0	0.0	0.1216794422249287	0.0220103244295596	0.0	0.0	0.0	0.0	0.0	0.0	0.0	0.0	0.0	0.0	0.0	0.0	0.0	0.0	0.0	0.0	0.0	0.0	0.0	0.0	0.0	0.0	0.0	0.0	0.0	0.0	0.0	0.0	0.0	0.0	0.0	0.0	0.0	0.0	0.0	0.0	0.0
k__Bacteria|p__Firmicutes|c__CFGB2932|o__OFGB2932	0.0	0.0	0.0	0.0	0.0	0.1071093856720937	0.1897636573087529	0.0	0.0	0.0	0.0	0.0	0.0	0.0	0.0	0.0	0.0	0.0	0.0	0.0	0.0	0.0	0.0	0.0	0.0	0.0	0.0	0.0	0.0	0.0	0.0	0.0	0.0	0.0	0.0	0.0	0.0	0.0	0.0	0.0	0.0	0.0	0.0	0.0
k__Bacteria|p__Firmicutes|c__CFGB1798|o__OFGB1798	0.0	0.0	0.0	0.0	0.0	0.0111384675094891	0.0	0.0	0.0	0.0	0.0	0.0	0.0	0.0	0.0	0.0	0.0	0.0	0.0	0.0	0.0	0.0	0.0	0.0	0.0	0.0	0.0	0.0	0.0	0.0	0.0	0.0	0.0	0.0	0.0	0.0	0.0	0.0	0.0	0.0	0.0	0.0	0.0	0.0
k__Bacteria|p__Firmicutes|c__CFGB3040|o__OFGB3040	0.0	0.0	0.0	0.0	0.0	0.0052001148387345	0.0	0.0	0.0	0.0	0.0	0.0	0.0	0.0	0.0	0.0	0.0	0.0	0.0	0.0	0.0	0.0	0.0	0.0	0.0	0.0	0.0	0.0	0.0	0.0	0.0	0.0	0.0	0.0	0.0	0.0	0.0	0.0	0.0	0.0	0.0	0.0	0.0	0.0
k__Bacteria|p__Firmicutes|c__CFGB3054|o__OFGB3054|f__FGB3054	0.0	0.0	0.0	0.0	0.0	2.2906546427143883	0.0	0.0	0.0	0.0143861799131904	0.0	0.0	0.0	0.0	0.0	0.0	0.0	1.4882038010237597	0.5999109258187456	0.1505356640669094	0.0	0.0	0.0	0.0	0.0	0.0	0.0	0.0	0.0	0.0	0.0	0.0	0.0	0.0	0.0	0.0	0.0	0.0	0.0	0.0	0.0	0.0	0.0	0.0
k__Bacteria|p__Firmicutes|c__CFGB1474|o__OFGB1474|f__FGB1474	0.0	0.0	0.0	0.0	0.0	0.1216794422249287	0.0220103244295596	0.0	0.0	0.0	0.0	0.0	0.0	0.0	0.0	0.0	0.0	0.0	0.0	0.0	0.0	0.0	0.0	0.0	0.0	0.0	0.0	0.0	0.0	0.0	0.0	0.0	0.0	0.0	0.0	0.0	0.0	0.0	0.0	0.0	0.0	0.0	0.0	0.0
k__Bacteria|p__Firmicutes|c__CFGB2932|o__OFGB2932|f__FGB2932	0.0	0.0	0.0	0.0	0.0	0.1071093856720937	0.1897636573087529	0.0	0.0	0.0	0.0	0.0	0.0	0.0	0.0	0.0	0.0	0.0	0.0	0.0	0.0	0.0	0.0	0.0	0.0	0.0	0.0	0.0	0.0	0.0	0.0	0.0	0.0	0.0	0.0	0.0	0.0	0.0	0.0	0.0	0.0	0.0	0.0	0.0
k__Bacteria|p__Firmicutes|c__CFGB1798|o__OFGB1798|f__FGB1798	0.0	0.0	0.0	0.0	0.0	0.0111384675094891	0.0	0.0	0.0	0.0	0.0	0.0	0.0	0.0	0.0	0.0	0.0	0.0	0.0	0.0	0.0	0.0	0.0	0.0	0.0	0.0	0.0	0.0	0.0	0.0	0.0	0.0	0.0	0.0	0.0	0.0	0.0	0.0	0.0	0.0	0.0	0.0	0.0	0.0
k__Bacteria|p__Firmicutes|c__CFGB3040|o__OFGB3040|f__FGB3040	0.0	0.0	0.0	0.0	0.0	0.0052001148387345	0.0	0.0	0.0	0.0	0.0	0.0	0.0	0.0	0.0	0.0	0.0	0.0	0.0	0.0	0.0	0.0	0.0	0.0	0.0	0.0	0.0	0.0	0.0	0.0	0.0	0.0	0.0	0.0	0.0	0.0	0.0	0.0	0.0	0.0	0.0	0.0	0.0	0.0
k__Bacteria|p__Firmicutes|c__CFGB3054|o__OFGB3054|f__FGB3054|g__GGB9677	0.0	0.0	0.0	0.0	0.0	2.2906546427143883	0.0	0.0	0.0	0.0143861799131904	0.0	0.0	0.0	0.0	0.0	0.0	0.0	1.4882038010237597	0.5999109258187456	0.1505356640669094	0.0	0.0	0.0	0.0	0.0	0.0	0.0	0.0	0.0	0.0	0.0	0.0	0.0	0.0	0.0	0.0	0.0	0.0	0.0	0.0	0.0	0.0	0.0	0.0
k__Bacteria|p__Firmicutes|c__Clostridia|o__Eubacteriales|f__Eubacteriaceae|g__GGB3278	0.0	0.0	0.0	0.0	0.0	0.127301407253389	0.0	0.0	0.0	0.0	0.0	0.0	0.0	0.0	0.0	0.4511600673171612	0.0	0.0	0.0	0.0	0.0	0.0	0.0	0.0	0.0	0.0	0.0	0.0	0.0	0.0	0.0	0.0	0.0	0.0	0.0	0.0	0.0	0.0	0.0	0.0	0.0	0.0	0.0	0.0
k__Bacteria|p__Firmicutes|c__Clostridia|o__Eubacteriales|f__Oscillospiraceae|g__Monoglobus	0.0	0.0	0.0	0.0	0.0	0.1243160059107146	0.0	0.0	0.0	0.0	0.0	0.0	0.0	0.0	0.0	0.0	0.0	0.0	0.0	0.0	0.0	0.0	0.0	0.0	0.0	0.0	0.0	0.0	0.0	0.0	0.0	0.0	0.0	0.0	0.0180571804048663	0.0	0.0	0.0	0.0	0.0	0.0	0.0	0.0	0.0
k__Bacteria|p__Firmicutes|c__CFGB1474|o__OFGB1474|f__FGB1474|g__GGB51269	0.0	0.0	0.0	0.0	0.0	0.1216794422249287	0.0220103244295596	0.0	0.0	0.0	0.0	0.0	0.0	0.0	0.0	0.0	0.0	0.0	0.0	0.0	0.0	0.0	0.0	0.0	0.0	0.0	0.0	0.0	0.0	0.0	0.0	0.0	0.0	0.0	0.0	0.0	0.0	0.0	0.0	0.0	0.0	0.0	0.0	0.0
k__Bacteria|p__Firmicutes|c__CFGB2932|o__OFGB2932|f__FGB2932|g__GGB9261	0.0	0.0	0.0	0.0	0.0	0.1071093856720937	0.1897636573087529	0.0	0.0	0.0	0.0	0.0	0.0	0.0	0.0	0.0	0.0	0.0	0.0	0.0	0.0	0.0	0.0	0.0	0.0	0.0	0.0	0.0	0.0	0.0	0.0	0.0	0.0	0.0	0.0	0.0	0.0	0.0	0.0	0.0	0.0	0.0	0.0	0.0
k__Bacteria|p__Firmicutes|c__CFGB1798|o__OFGB1798|f__FGB1798|g__GGB4768	0.0	0.0	0.0	0.0	0.0	0.0111384675094891	0.0	0.0	0.0	0.0	0.0	0.0	0.0	0.0	0.0	0.0	0.0	0.0	0.0	0.0	0.0	0.0	0.0	0.0	0.0	0.0	0.0	0.0	0.0	0.0	0.0	0.0	0.0	0.0	0.0	0.0	0.0	0.0	0.0	0.0	0.0	0.0	0.0	0.0
k__Bacteria|p__Firmicutes|c__CFGB3040|o__OFGB3040|f__FGB3040|g__GGB9542	0.0	0.0	0.0	0.0	0.0	0.0052001148387345	0.0	0.0	0.0	0.0	0.0	0.0	0.0	0.0	0.0	0.0	0.0	0.0	0.0	0.0	0.0	0.0	0.0	0.0	0.0	0.0	0.0	0.0	0.0	0.0	0.0	0.0	0.0	0.0	0.0	0.0	0.0	0.0	0.0	0.0	0.0	0.0	0.0	0.0
k__Bacteria|p__Firmicutes|c__CFGB3054|o__OFGB3054|f__FGB3054|g__GGB9677|s__GGB9677_SGB15180	0.0	0.0	0.0	0.0	0.0	2.2906546427143883	0.0	0.0	0.0	0.0143861799131904	0.0	0.0	0.0	0.0	0.0	0.0	0.0	1.4882038010237597	0.5999109258187456	0.1505356640669094	0.0	0.0	0.0	0.0	0.0	0.0	0.0	0.0	0.0	0.0	0.0	0.0	0.0	0.0	0.0	0.0	0.0	0.0	0.0	0.0	0.0	0.0	0.0	0.0
k__Bacteria|p__Firmicutes|c__Clostridia|o__Eubacteriales|f__Eubacteriaceae|g__GGB3278|s__GGB3278_SGB4328	0.0	0.0	0.0	0.0	0.0	0.127301407253389	0.0	0.0	0.0	0.0	0.0	0.0	0.0	0.0	0.0	0.4511600673171612	0.0	0.0	0.0	0.0	0.0	0.0	0.0	0.0	0.0	0.0	0.0	0.0	0.0	0.0	0.0	0.0	0.0	0.0	0.0	0.0	0.0	0.0	0.0	0.0	0.0	0.0	0.0	0.0
k__Bacteria|p__Firmicutes|c__Clostridia|o__Eubacteriales|f__Oscillospiraceae|g__Monoglobus|s__Monoglobus_pectinilyticus	0.0	0.0	0.0	0.0	0.0	0.1243160059107146	0.0	0.0	0.0	0.0	0.0	0.0	0.0	0.0	0.0	0.0	0.0	0.0	0.0	0.0	0.0	0.0	0.0	0.0	0.0	0.0	0.0	0.0	0.0	0.0	0.0	0.0	0.0	0.0	0.0180571804048663	0.0	0.0	0.0	0.0	0.0	0.0	0.0	0.0	0.0
k__Bacteria|p__Firmicutes|c__CFGB1474|o__OFGB1474|f__FGB1474|g__GGB51269|s__GGB51269_SGB5062	0.0	0.0	0.0	0.0	0.0	0.1216794422249287	0.0220103244295596	0.0	0.0	0.0	0.0	0.0	0.0	0.0	0.0	0.0	0.0	0.0	0.0	0.0	0.0	0.0	0.0	0.0	0.0	0.0	0.0	0.0	0.0	0.0	0.0	0.0	0.0	0.0	0.0	0.0	0.0	0.0	0.0	0.0	0.0	0.0	0.0	0.0
k__Bacteria|p__Firmicutes|c__CFGB2932|o__OFGB2932|f__FGB2932|g__GGB9261|s__GGB9261_SGB14209	0.0	0.0	0.0	0.0	0.0	0.1071093856720937	0.1897636573087529	0.0	0.0	0.0	0.0	0.0	0.0	0.0	0.0	0.0	0.0	0.0	0.0	0.0	0.0	0.0	0.0	0.0	0.0	0.0	0.0	0.0	0.0	0.0	0.0	0.0	0.0	0.0	0.0	0.0	0.0	0.0	0.0	0.0	0.0	0.0	0.0	0.0
k__Bacteria|p__Firmicutes|c__Clostridia|o__Eubacteriales|f__Lachnospiraceae|g__Lachnospiraceae_unclassified|s__Lachnospiraceae_bacterium_OF09_6	0.0	0.0	0.0	0.0	0.0	0.0334478525430616	0.0	0.0	0.0	0.0	0.0	0.0	0.0	0.0	0.0	0.0	0.0	0.0	0.0	0.0	0.0	0.0	0.0	0.0	0.0	0.0	0.0	0.0	0.0	0.0	0.0	0.0513804803343246	0.0	0.0	0.0	0.0	0.0	0.0	0.0	0.0	0.0	0.0	0.0	0.0
k__Bacteria|p__Bacteroidetes|c__Bacteroidia|o__Bacteroidales|f__Bacteroidaceae|g__Bacteroides|s__Bacteroides_xylanisolvens	0.0	0.0	0.0	0.0	0.0	0.0262439493031298	0.0	0.0	0.0	0.0536374672384691	0.0	0.0	0.0	0.0	0.0	0.0	0.0	0.0052655555392206	0.0	0.0	0.047022106267103	0.0279613111311428	0.0	0.0	0.0	0.0	0.0	0.0	0.0	0.0	0.0282454015586235	0.0	0.0	0.1182974857579999	0.0	0.0	0.0	0.0	0.0	0.0236510407571979	0.1897822951864991	0.0	0.0	0.0
k__Bacteria|p__Firmicutes|c__Clostridia|o__Eubacteriales|f__Lachnospiraceae|g__Blautia|s__Blautia_SGB101324	0.0	0.0	0.0	0.0	0.0	0.012825868268392	0.0098408977418322	0.0	0.0	0.0	0.0	0.0	0.0	0.0	0.0	0.0	0.0	0.0	0.0	0.0	0.3058688670197024	0.2038982174188925	0.2219331111101342	0.0	0.0	0.0	0.0	0.0	0.0	0.0964685883913196	0.0	0.0	0.0	0.0	0.0	0.0	0.0	0.0	0.0	0.0	0.0	0.0	0.0	0.0
k__Bacteria|p__Firmicutes|c__CFGB1798|o__OFGB1798|f__FGB1798|g__GGB4768|s__GGB4768_SGB6601	0.0	0.0	0.0	0.0	0.0	0.0111384675094891	0.0	0.0	0.0	0.0	0.0	0.0	0.0	0.0	0.0	0.0	0.0	0.0	0.0	0.0	0.0	0.0	0.0	0.0	0.0	0.0	0.0	0.0	0.0	0.0	0.0	0.0	0.0	0.0	0.0	0.0	0.0	0.0	0.0	0.0	0.0	0.0	0.0	0.0
k__Bacteria|p__Firmicutes|c__CFGB3040|o__OFGB3040|f__FGB3040|g__GGB9542|s__GGB9542_SGB14947	0.0	0.0	0.0	0.0	0.0	0.0052001148387345	0.0	0.0	0.0	0.0	0.0	0.0	0.0	0.0	0.0	0.0	0.0	0.0	0.0	0.0	0.0	0.0	0.0	0.0	0.0	0.0	0.0	0.0	0.0	0.0	0.0	0.0	0.0	0.0	0.0	0.0	0.0	0.0	0.0	0.0	0.0	0.0	0.0	0.0
k__Bacteria|p__Firmicutes|c__CFGB3054|o__OFGB3054|f__FGB3054|g__GGB9677|s__GGB9677_SGB15180|t__SGB15180	0.0	0.0	0.0	0.0	0.0	2.2906546427143883	0.0	0.0	0.0	0.0143861799131904	0.0	0.0	0.0	0.0	0.0	0.0	0.0	1.4882038010237597	0.5999109258187456	0.1505356640669094	0.0	0.0	0.0	0.0	0.0	0.0	0.0	0.0	0.0	0.0	0.0	0.0	0.0	0.0	0.0	0.0	0.0	0.0	0.0	0.0	0.0	0.0	0.0	0.0
k__Bacteria|p__Firmicutes|c__Clostridia|o__Eubacteriales|f__Eubacteriaceae|g__GGB3278|s__GGB3278_SGB4328|t__SGB4328	0.0	0.0	0.0	0.0	0.0	0.127301407253389	0.0	0.0	0.0	0.0	0.0	0.0	0.0	0.0	0.0	0.4511600673171612	0.0	0.0	0.0	0.0	0.0	0.0	0.0	0.0	0.0	0.0	0.0	0.0	0.0	0.0	0.0	0.0	0.0	0.0	0.0	0.0	0.0	0.0	0.0	0.0	0.0	0.0	0.0	0.0
k__Bacteria|p__Firmicutes|c__Clostridia|o__Eubacteriales|f__Oscillospiraceae|g__Monoglobus|s__Monoglobus_pectinilyticus|t__SGB4166	0.0	0.0	0.0	0.0	0.0	0.1243160059107146	0.0	0.0	0.0	0.0	0.0	0.0	0.0	0.0	0.0	0.0	0.0	0.0	0.0	0.0	0.0	0.0	0.0	0.0	0.0	0.0	0.0	0.0	0.0	0.0	0.0	0.0	0.0	0.0	0.0180571804048663	0.0	0.0	0.0	0.0	0.0	0.0	0.0	0.0	0.0
k__Bacteria|p__Firmicutes|c__CFGB1474|o__OFGB1474|f__FGB1474|g__GGB51269|s__GGB51269_SGB5062|t__SGB5062	0.0	0.0	0.0	0.0	0.0	0.1216794422249287	0.0220103244295596	0.0	0.0	0.0	0.0	0.0	0.0	0.0	0.0	0.0	0.0	0.0	0.0	0.0	0.0	0.0	0.0	0.0	0.0	0.0	0.0	0.0	0.0	0.0	0.0	0.0	0.0	0.0	0.0	0.0	0.0	0.0	0.0	0.0	0.0	0.0	0.0	0.0
k__Bacteria|p__Firmicutes|c__CFGB2932|o__OFGB2932|f__FGB2932|g__GGB9261|s__GGB9261_SGB14209|t__SGB14209	0.0	0.0	0.0	0.0	0.0	0.1071093856720937	0.1897636573087529	0.0	0.0	0.0	0.0	0.0	0.0	0.0	0.0	0.0	0.0	0.0	0.0	0.0	0.0	0.0	0.0	0.0	0.0	0.0	0.0	0.0	0.0	0.0	0.0	0.0	0.0	0.0	0.0	0.0	0.0	0.0	0.0	0.0	0.0	0.0	0.0	0.0
k__Bacteria|p__Firmicutes|c__Clostridia|o__Eubacteriales|f__Lachnospiraceae|g__Lachnospiraceae_unclassified|s__Lachnospiraceae_bacterium_OF09_6|t__SGB4966	0.0	0.0	0.0	0.0	0.0	0.0334478525430616	0.0	0.0	0.0	0.0	0.0	0.0	0.0	0.0	0.0	0.0	0.0	0.0	0.0	0.0	0.0	0.0	0.0	0.0	0.0	0.0	0.0	0.0	0.0	0.0	0.0	0.0513804803343246	0.0	0.0	0.0	0.0	0.0	0.0	0.0	0.0	0.0	0.0	0.0	0.0
k__Bacteria|p__Bacteroidetes|c__Bacteroidia|o__Bacteroidales|f__Bacteroidaceae|g__Bacteroides|s__Bacteroides_xylanisolvens|t__SGB1867	0.0	0.0	0.0	0.0	0.0	0.0262439493031298	0.0	0.0	0.0	0.0536374672384691	0.0	0.0	0.0	0.0	0.0	0.0	0.0	0.0052655555392206	0.0	0.0	0.047022106267103	0.0279613111311428	0.0	0.0	0.0	0.0	0.0	0.0	0.0	0.0	0.0282454015586235	0.0	0.0	0.1182974857579999	0.0	0.0	0.0	0.0	0.0	0.0236510407571979	0.1897822951864991	0.0	0.0	0.0
k__Bacteria|p__Firmicutes|c__Clostridia|o__Eubacteriales|f__Lachnospiraceae|g__Lachnospiraceae_unclassified|s__Lachnospiraceae_bacterium|t__SGB4953	0.0	0.0	0.0	0.0	0.0	0.0230070603473496	0.0444329130003597	0.0	0.0	0.0	0.0	0.0	0.0	0.0	0.0	0.0	0.0	0.0	0.0	0.0	0.0	0.0	0.0	0.0	0.0	0.0	0.0	0.0	0.0	0.0	0.0	0.0	0.0	0.0	0.0	0.0	0.0	0.0	0.0	0.0	0.0	0.0	0.0	0.0
k__Bacteria|p__Firmicutes|c__Clostridia|o__Eubacteriales|f__Lachnospiraceae|g__Blautia|s__Blautia_SGB101324|t__SGB101324	0.0	0.0	0.0	0.0	0.0	0.012825868268392	0.0098408977418322	0.0	0.0	0.0	0.0	0.0	0.0	0.0	0.0	0.0	0.0	0.0	0.0	0.0	0.3058688670197024	0.2038982174188925	0.2219331111101342	0.0	0.0	0.0	0.0	0.0	0.0	0.0964685883913196	0.0	0.0	0.0	0.0	0.0	0.0	0.0	0.0	0.0	0.0	0.0	0.0	0.0	0.0
k__Bacteria|p__Firmicutes|c__CFGB1798|o__OFGB1798|f__FGB1798|g__GGB4768|s__GGB4768_SGB6601|t__SGB6601	0.0	0.0	0.0	0.0	0.0	0.0111384675094891	0.0	0.0	0.0	0.0	0.0	0.0	0.0	0.0	0.0	0.0	0.0	0.0	0.0	0.0	0.0	0.0	0.0	0.0	0.0	0.0	0.0	0.0	0.0	0.0	0.0	0.0	0.0	0.0	0.0	0.0	0.0	0.0	0.0	0.0	0.0	0.0	0.0	0.0
k__Bacteria|p__Firmicutes|c__CFGB3040|o__OFGB3040|f__FGB3040|g__GGB9542|s__GGB9542_SGB14947|t__SGB14947	0.0	0.0	0.0	0.0	0.0	0.0052001148387345	0.0	0.0	0.0	0.0	0.0	0.0	0.0	0.0	0.0	0.0	0.0	0.0	0.0	0.0	0.0	0.0	0.0	0.0	0.0	0.0	0.0	0.0	0.0	0.0	0.0	0.0	0.0	0.0	0.0	0.0	0.0	0.0	0.0	0.0	0.0	0.0	0.0	0.0
k__Bacteria|p__Firmicutes|c__CFGB72926	0.0	0.0	0.0	0.0	0.0	0.0	0.0864914899280198	0.0	0.0	0.0	0.0	0.0	0.0	0.0	0.0	0.0	0.0	0.0	0.0	0.0	0.0	0.0	0.0	0.0	0.0	0.0	0.0	0.0	0.0535820664971831	0.0	0.0	0.0	0.0	0.0	0.0	0.0	0.0	0.0	0.0	0.0	0.0	0.0	0.0	0.0
k__Bacteria|p__Firmicutes|c__CFGB72926|o__OFGB72926	0.0	0.0	0.0	0.0	0.0	0.0	0.0864914899280198	0.0	0.0	0.0	0.0	0.0	0.0	0.0	0.0	0.0	0.0	0.0	0.0	0.0	0.0	0.0	0.0	0.0	0.0	0.0	0.0	0.0	0.0535820664971831	0.0	0.0	0.0	0.0	0.0	0.0	0.0	0.0	0.0	0.0	0.0	0.0	0.0	0.0	0.0
k__Bacteria|p__Firmicutes|c__CFGB72926|o__OFGB72926|f__FGB72926	0.0	0.0	0.0	0.0	0.0	0.0	0.0864914899280198	0.0	0.0	0.0	0.0	0.0	0.0	0.0	0.0	0.0	0.0	0.0	0.0	0.0	0.0	0.0	0.0	0.0	0.0	0.0	0.0	0.0	0.0535820664971831	0.0	0.0	0.0	0.0	0.0	0.0	0.0	0.0	0.0	0.0	0.0	0.0	0.0	0.0	0.0
k__Bacteria|p__Firmicutes|c__Clostridia|o__Eubacteriales|f__Eubacteriaceae|g__GGB3277	0.0	0.0	0.0	0.0	0.0	0.0	0.1152736346035106	0.0	0.0	0.0	0.0	0.0	0.0	0.1178608352767484	0.0	0.0	0.0628839000579723	0.0	0.0	0.0	0.0	0.0	0.0	0.0	0.0	0.0	0.0	0.3597319136709824	0.816019866126876	0.7291090732087423	0.0	0.0	0.0	0.0	0.0	0.0	0.0	0.0	0.0	0.0	0.0	0.0	0.0	0.0
k__Bacteria|p__Firmicutes|c__Clostridia|o__Eubacteriales|f__Oscillospiraceae|g__GGB9715	0.0	0.0	0.0	0.0	0.0	0.0	0.112158749980805	0.0	0.0	0.0	0.0	0.0	0.0	0.0159776434149715	0.349869705049759	0.0564075844218735	0.0	0.1328143794724515	0.0741012574039282	0.1685436095844268	0.172758776903212	2.242216447039329	1.223779488031367	0.0	0.0	0.0	0.0	0.0	0.0	0.0	0.0	0.0	0.0	0.0	0.0	0.0323739819537955	0.0	0.0	0.0	0.0	0.0	0.0	0.0	0.0
k__Bacteria|p__Firmicutes|c__Clostridia|o__Eubacteriales|f__Lachnospiraceae|g__Butyrivibrio	0.0	0.0	0.0	0.0	0.0	0.0	0.1016841869848439	0.0	0.0	0.0	0.0	0.0	0.0	0.0	0.0	0.0	0.0	0.0	0.0	0.0	0.0	0.0	0.0	0.0	0.0	0.0	0.0	0.0	0.0	0.0	0.2410462912005056	0.1711221784407772	0.0	0.0	0.0	0.0	0.0	0.0	0.0	0.0	0.0	0.0	0.0	0.0
k__Bacteria|p__Firmicutes|c__CFGB72926|o__OFGB72926|f__FGB72926|g__GGB3614	0.0	0.0	0.0	0.0	0.0	0.0	0.0864914899280198	0.0	0.0	0.0	0.0	0.0	0.0	0.0	0.0	0.0	0.0	0.0	0.0	0.0	0.0	0.0	0.0	0.0	0.0	0.0	0.0	0.0	0.0535820664971831	0.0	0.0	0.0	0.0	0.0	0.0	0.0	0.0	0.0	0.0	0.0	0.0	0.0	0.0	0.0
k__Bacteria|p__Firmicutes|c__Clostridia|o__Eubacteriales|f__Eubacteriaceae|g__GGB3277|s__GGB3277_SGB4327	0.0	0.0	0.0	0.0	0.0	0.0	0.1152736346035106	0.0	0.0	0.0	0.0	0.0	0.0	0.1178608352767484	0.0	0.0	0.0628839000579723	0.0	0.0	0.0	0.0	0.0	0.0	0.0	0.0	0.0	0.0	0.3597319136709824	0.816019866126876	0.7291090732087423	0.0	0.0	0.0	0.0	0.0	0.0	0.0	0.0	0.0	0.0	0.0	0.0	0.0	0.0
k__Bacteria|p__Firmicutes|c__Clostridia|o__Eubacteriales|f__Oscillospiraceae|g__GGB9715|s__GGB9715_SGB15265	0.0	0.0	0.0	0.0	0.0	0.0	0.112158749980805	0.0	0.0	0.0	0.0	0.0	0.0	0.0159776434149715	0.349869705049759	0.0564075844218735	0.0	0.1328143794724515	0.0741012574039282	0.1685436095844268	0.172758776903212	2.242216447039329	1.223779488031367	0.0	0.0	0.0	0.0	0.0	0.0	0.0	0.0	0.0	0.0	0.0	0.0	0.0323739819537955	0.0	0.0	0.0	0.0	0.0	0.0	0.0	0.0
k__Bacteria|p__Firmicutes|c__Clostridia|o__Eubacteriales|f__Lachnospiraceae|g__Butyrivibrio|s__Butyrivibrio_crossotus	0.0	0.0	0.0	0.0	0.0	0.0	0.1016841869848439	0.0	0.0	0.0	0.0	0.0	0.0	0.0	0.0	0.0	0.0	0.0	0.0	0.0	0.0	0.0	0.0	0.0	0.0	0.0	0.0	0.0	0.0	0.0	0.2410462912005056	0.1711221784407772	0.0	0.0	0.0	0.0	0.0	0.0	0.0	0.0	0.0	0.0	0.0	0.0
k__Bacteria|p__Firmicutes|c__CFGB72926|o__OFGB72926|f__FGB72926|g__GGB3614|s__GGB3614_SGB4886	0.0	0.0	0.0	0.0	0.0	0.0	0.0864914899280198	0.0	0.0	0.0	0.0	0.0	0.0	0.0	0.0	0.0	0.0	0.0	0.0	0.0	0.0	0.0	0.0	0.0	0.0	0.0	0.0	0.0	0.0535820664971831	0.0	0.0	0.0	0.0	0.0	0.0	0.0	0.0	0.0	0.0	0.0	0.0	0.0	0.0	0.0
k__Bacteria|p__Firmicutes|c__Clostridia|o__Eubacteriales|f__Clostridiaceae|g__Clostridium|s__Clostridium_sp_1001270H_150608_G6	0.0	0.0	0.0	0.0	0.0	0.0	0.0300265716203462	0.0	0.0	0.0	0.0	0.0	0.0	0.0	0.0	0.0769987002572067	0.0	0.0	0.0	0.0	0.0	0.0	0.0	4.085066119100501	0.0	0.0	0.0	0.2264923584778644	1.5573968353143683	2.327702331951786	0.0	0.0	0.0	0.0	0.0	0.0	0.0	0.0	0.0	0.0	0.0	0.0	0.0	0.0
k__Bacteria|p__Firmicutes|c__Clostridia|o__Eubacteriales|f__Eubacteriaceae|g__GGB3277|s__GGB3277_SGB4327|t__SGB4327	0.0	0.0	0.0	0.0	0.0	0.0	0.1152736346035106	0.0	0.0	0.0	0.0	0.0	0.0	0.1178608352767484	0.0	0.0	0.0628839000579723	0.0	0.0	0.0	0.0	0.0	0.0	0.0	0.0	0.0	0.0	0.3597319136709824	0.816019866126876	0.7291090732087423	0.0	0.0	0.0	0.0	0.0	0.0	0.0	0.0	0.0	0.0	0.0	0.0	0.0	0.0
k__Bacteria|p__Firmicutes|c__Clostridia|o__Eubacteriales|f__Oscillospiraceae|g__GGB9715|s__GGB9715_SGB15265|t__SGB15265	0.0	0.0	0.0	0.0	0.0	0.0	0.112158749980805	0.0	0.0	0.0	0.0	0.0	0.0	0.0159776434149715	0.349869705049759	0.0564075844218735	0.0	0.1328143794724515	0.0741012574039282	0.1685436095844268	0.172758776903212	2.242216447039329	1.223779488031367	0.0	0.0	0.0	0.0	0.0	0.0	0.0	0.0	0.0	0.0	0.0	0.0	0.0323739819537955	0.0	0.0	0.0	0.0	0.0	0.0	0.0	0.0
k__Bacteria|p__Firmicutes|c__Clostridia|o__Eubacteriales|f__Lachnospiraceae|g__Butyrivibrio|s__Butyrivibrio_crossotus|t__SGB5065	0.0	0.0	0.0	0.0	0.0	0.0	0.1016841869848439	0.0	0.0	0.0	0.0	0.0	0.0	0.0	0.0	0.0	0.0	0.0	0.0	0.0	0.0	0.0	0.0	0.0	0.0	0.0	0.0	0.0	0.0	0.0	0.2410462912005056	0.1711221784407772	0.0	0.0	0.0	0.0	0.0	0.0	0.0	0.0	0.0	0.0	0.0	0.0
k__Bacteria|p__Firmicutes|c__CFGB72926|o__OFGB72926|f__FGB72926|g__GGB3614|s__GGB3614_SGB4886|t__SGB4886	0.0	0.0	0.0	0.0	0.0	0.0	0.0864914899280198	0.0	0.0	0.0	0.0	0.0	0.0	0.0	0.0	0.0	0.0	0.0	0.0	0.0	0.0	0.0	0.0	0.0	0.0	0.0	0.0	0.0	0.0535820664971831	0.0	0.0	0.0	0.0	0.0	0.0	0.0	0.0	0.0	0.0	0.0	0.0	0.0	0.0	0.0
k__Bacteria|p__Firmicutes|c__Clostridia|o__Eubacteriales|f__Clostridiaceae|g__Clostridium|s__Clostridium_sp_1001270H_150608_G6|t__SGB5111	0.0	0.0	0.0	0.0	0.0	0.0	0.0300265716203462	0.0	0.0	0.0	0.0	0.0	0.0	0.0	0.0	0.0769987002572067	0.0	0.0	0.0	0.0	0.0	0.0	0.0	4.085066119100501	0.0	0.0	0.0	0.2264923584778644	1.5573968353143683	2.327702331951786	0.0	0.0	0.0	0.0	0.0	0.0	0.0	0.0	0.0	0.0	0.0	0.0	0.0	0.0
k__Bacteria|p__Firmicutes|c__Clostridia|o__Clostridiales|f__Clostridiales_unclassified	0.0	0.0	0.0	0.0	0.0	0.0	0.0	0.4896384231996623	0.2387623493659314	0.2449481224864228	0.0	0.0	0.0	0.1714167988265029	0.1528201789346872	0.018721482760708	0.0461451368751434	0.0	0.0330423536453748	0.0200017953727082	0.0	0.0	0.0	0.0637224931498029	0.0	0.1452383104441994	0.1864313684668681	0.0448440767875232	0.0	0.1269294329236248	0.1780729369058695	0.0	0.0	0.294853487295229	0.1433604303503035	0.7333166360319857	0.0	0.0	0.0	0.0	0.0	0.0	0.0	0.0
k__Bacteria|p__Firmicutes|c__Clostridia|o__Clostridiales|f__Clostridiales_unclassified|g__Lawsonibacter	0.0	0.0	0.0	0.0	0.0	0.0	0.0	0.4896384231996623	0.2387623493659314	0.2449481224864228	0.0	0.0	0.0	0.1714167988265029	0.1528201789346872	0.018721482760708	0.0461451368751434	0.0	0.0330423536453748	0.0200017953727082	0.0	0.0	0.0	0.0637224931498029	0.0	0.1452383104441994	0.1864313684668681	0.0448440767875232	0.0	0.1269294329236248	0.1780729369058695	0.0	0.0	0.294853487295229	0.1433604303503035	0.7333166360319857	0.0	0.0	0.0	0.0	0.0	0.0	0.0	0.0
k__Bacteria|p__Firmicutes|c__Clostridia|o__Eubacteriales|f__Oscillospiraceae|g__Flavonifractor	0.0	0.0	0.0	0.0	0.0	0.0	0.0	0.3708011922745885	0.6822775150788146	0.2562868157671149	0.0	0.0	0.0	0.0219435446042528	0.0	0.0	0.0	0.0582029067171648	0.1599854613104162	0.0	0.0	0.027053640075488	0.0	0.0	0.0979441048263752	1.195042132061214	0.979864722640278	0.0	0.0	0.0	0.026573314945408	0.0	0.0690407073331268	0.1037200169992536	0.0289924834851518	0.1212638385733536	0.0480458031980804	0.247002572938042	0.0269594464318077	0.1270241095279037	0.0522741056431839	0.0	0.0	0.0
k__Bacteria|p__Actinobacteria|c__Coriobacteriia|o__Eggerthellales|f__Eggerthellaceae|g__Ellagibacter	0.0	0.0	0.0	0.0	0.0	0.0	0.0	0.3315483499871839	0.5147574924743911	0.0	0.0	0.0	0.0	0.0	0.0468906240091678	0.0518634538100044	0.1071799875117568	0.0	0.0	0.0	0.0	0.0	0.0	0.0	0.0	0.0	0.0	0.0	0.0	0.0	0.0	0.0	0.0	0.0	0.0	0.0	0.0	0.0	0.0	0.0	0.0	0.0	0.0	0.0
k__Bacteria|p__Firmicutes|c__Clostridia|o__Eubacteriales|f__Oscillospiraceae|g__Anaeromassilibacillus	0.0	0.0	0.0	0.0	0.0	0.0	0.0	0.1995202996267669	0.500666057772724	0.0214005066874323	0.0	0.0	0.0	0.0	0.0	0.0	0.0	0.0	0.0	0.0	0.0	0.0	0.0	0.0	0.0	0.0	0.0	0.0	0.0	0.0	0.0	0.0	0.0	0.0	0.0018805935233612	0.0	0.0	0.0	0.0	0.0	0.0	0.0	0.0	0.0
k__Bacteria|p__Firmicutes|c__Clostridia|o__Eubacteriales|f__Oscillospiraceae|g__Ruthenibacterium	0.0	0.0	0.0	0.0	0.0	0.0	0.0	0.0149287315366176	0.6651832135492262	0.0138243527686516	0.0	0.0	0.0	0.0454899965682693	0.0	0.0483505557908657	0.0	0.0866401271522218	0.0716738322080196	0.0	0.0177403589653727	0.0086480881135996	0.0	0.0	0.3416722695997564	0.5410671043798299	0.0745926310715296	0.0634507648326608	0.0	0.1820530195226141	0.0525806928832663	0.0	0.0	0.1110472708204438	0.3321424181606782	0.0	0.0	0.0	0.0	0.0	0.0	0.0	0.0	0.0
k__Bacteria|p__Firmicutes|c__Negativicutes|o__Veillonellales|f__Veillonellaceae|g__Dialister|s__Dialister_hominis	0.0	0.0	0.0	0.0	0.0	0.0	0.0	1.5280309157105352	0.0353181217742664	0.0	0.0	0.0	0.0	0.0	0.0	0.0	0.0	0.0	0.0	0.0	0.0	0.0	0.0	0.0	0.0	0.0	0.0	0.0	0.0	0.0	0.0	0.0	0.0	0.0	0.0	0.0	0.0	0.0	0.0	0.0	0.0	0.0	0.0	0.0
k__Bacteria|p__Firmicutes|c__Clostridia|o__Eubacteriales|f__Oscillospiraceae|g__Ruminococcus|s__Ruminococcus_sp_BSD2780120874_150323_B10	0.0	0.0	0.0	0.0	0.0	0.0	0.0	0.6556123582048949	0.0	0.0	0.0	0.0	0.0	0.0	0.0	0.0	0.0	0.0	0.0	0.0	0.0	0.0	0.0	0.0	0.0	0.0	0.0	1.1835812195449107	3.734922634863986	1.162302231106688	0.0	0.0	0.0	0.0	0.0	0.0	0.0	0.0	0.0	0.0	0.0	0.0	0.0	0.0
k__Bacteria|p__Bacteroidetes|c__Bacteroidia|o__Bacteroidales|f__Bacteroidaceae|g__Phocaeicola|s__Phocaeicola_dorei	0.0	0.0	0.0	0.0	0.0	0.0	0.0	0.6342846476287191	0.0816283890929419	4.064964103790583	0.234931576931972	0.0022071853957149	0.2029153740250737	0.1325098656395094	0.0	0.0	0.0	1.5846906780604872	0.953641199562748	0.0	1.9940022189999136	0.8729358290527228	0.040807369794356	0.0	0.0045814562308165	0.0334012134258542	0.0938912263579345	0.0	0.0	0.0	0.2835944644044794	0.0079575723013187	0.0092407703967433	0.3852971366815552	0.067248631363157	0.0091585789904474	0.0	0.4953616730015946	0.0516171704889655	0.0	0.0	0.0	0.0	0.0
k__Bacteria|p__Firmicutes|c__Clostridia|o__Clostridiales|f__Clostridiales_unclassified|g__Lawsonibacter|s__Lawsonibacter_asaccharolyticus	0.0	0.0	0.0	0.0	0.0	0.0	0.0	0.4896384231996623	0.2387623493659314	0.2449481224864228	0.0	0.0	0.0	0.1714167988265029	0.1528201789346872	0.018721482760708	0.0461451368751434	0.0	0.0330423536453748	0.0200017953727082	0.0	0.0	0.0	0.0637224931498029	0.0	0.1452383104441994	0.1864313684668681	0.0448440767875232	0.0	0.1269294329236248	0.1780729369058695	0.0	0.0	0.294853487295229	0.1433604303503035	0.7333166360319857	0.0	0.0	0.0	0.0	0.0	0.0	0.0	0.0
k__Bacteria|p__Firmicutes|c__Clostridia|o__Eubacteriales|f__Oscillospiraceae|g__Flavonifractor|s__Flavonifractor_plautii	0.0	0.0	0.0	0.0	0.0	0.0	0.0	0.3708011922745885	0.6822775150788146	0.2562868157671149	0.0	0.0	0.0	0.0219435446042528	0.0	0.0	0.0	0.0582029067171648	0.1599854613104162	0.0	0.0	0.027053640075488	0.0	0.0	0.0979441048263752	1.195042132061214	0.979864722640278	0.0	0.0	0.0	0.0	0.0	0.0690407073331268	0.1037200169992536	0.0289924834851518	0.1212638385733536	0.0480458031980804	0.247002572938042	0.0269594464318077	0.1270241095279037	0.0522741056431839	0.0	0.0	0.0
k__Bacteria|p__Actinobacteria|c__Coriobacteriia|o__Eggerthellales|f__Eggerthellaceae|g__Ellagibacter|s__Ellagibacter_isourolithinifaciens	0.0	0.0	0.0	0.0	0.0	0.0	0.0	0.3315483499871839	0.5147574924743911	0.0	0.0	0.0	0.0	0.0	0.0468906240091678	0.0518634538100044	0.1071799875117568	0.0	0.0	0.0	0.0	0.0	0.0	0.0	0.0	0.0	0.0	0.0	0.0	0.0	0.0	0.0	0.0	0.0	0.0	0.0	0.0	0.0	0.0	0.0	0.0	0.0	0.0	0.0
k__Bacteria|p__Firmicutes|c__Clostridia|o__Eubacteriales|f__Oscillospiraceae|g__Anaeromassilibacillus|s__Anaeromassilibacillus_sp_An250	0.0	0.0	0.0	0.0	0.0	0.0	0.0	0.1995202996267669	0.500666057772724	0.0214005066874323	0.0	0.0	0.0	0.0	0.0	0.0	0.0	0.0	0.0	0.0	0.0	0.0	0.0	0.0	0.0	0.0	0.0	0.0	0.0	0.0	0.0	0.0	0.0	0.0	0.0018805935233612	0.0	0.0	0.0	0.0	0.0	0.0	0.0	0.0	0.0
k__Bacteria|p__Bacteroidetes|c__Bacteroidia|o__Bacteroidales|f__Bacteroidaceae|g__Phocaeicola|s__Phocaeicola_plebeius	0.0	0.0	0.0	0.0	0.0	0.0	0.0	0.1501596007503411	0.0	0.4942461490767748	0.0	0.0	0.0	0.0	0.0	0.0	0.0	0.0	0.0	0.0	0.0	0.0	0.0	0.0	0.0	0.0	0.0	0.0	0.0	0.0	0.0	0.0	0.0	0.0	0.0	0.0	0.0	0.0	0.0	0.0	0.0	0.0	0.0	0.0
k__Bacteria|p__Firmicutes|c__Clostridia|o__Eubacteriales|f__Oscillospiraceae|g__Dysosmobacter|s__Dysosmobacter_welbionis	0.0	0.0	0.0	0.0	0.0	0.0	0.0	0.0522838537134352	0.9732250065437354	0.3844855551118769	0.0	0.0	0.0	0.087971327450565	0.0	0.0	0.0	0.0671318074709808	0.0505958340656105	0.0	0.0	0.0	0.0	0.0	0.2446126157831912	0.3037206003591274	0.0906230631069728	0.0450556054516152	0.0	0.0818577400728491	0.9488962907950322	0.0269319995597547	0.0	0.1425904137305906	0.1224823596603953	0.1477447381916705	0.0	0.0371516478247232	0.0	0.0	0.0	0.0	0.0	0.0
k__Bacteria|p__Firmicutes|c__Erysipelotrichia|o__Erysipelotrichales|f__Erysipelotrichaceae|g__Holdemanella|s__Holdemanella_biformis	0.0	0.0	0.0	0.0	0.0	0.0	0.0	0.042369098469	0.0	0.0121899465299933	0.0	0.0	0.0	0.0	0.0344738886034035	0.0940266140444875	0.146496617313285	0.0	0.0	0.0	0.5929818741875125	0.4829230234164701	1.05450225485654	0.0476426880985166	0.0	0.0	0.0	0.0	0.0	0.0	0.0	0.0	0.1126020089121262	0.0	0.0	0.0	0.0317654145403208	0.0552545978447414	0.0736802256874273	0.0614254518243813	0.807519467295209	0.2070347849557468	0.0	0.0
k__Bacteria|p__Firmicutes|c__Clostridia|o__Eubacteriales|f__Clostridiaceae|g__Clostridium|s__Clostridium_sp_AM22_11AC	0.0	0.0	0.0	0.0	0.0	0.0	0.0	0.015394838230446	0.0	0.1171154220388603	0.0468692247826095	0.0	0.0	0.0	0.0	0.0	0.0	0.0	0.0	0.0	0.0	0.0988352927268528	0.0	0.0	2.019122054805674	0.5416582004881613	0.0916272473460951	0.0179799364478277	0.0	0.0	0.0	0.0	0.0	0.0	0.0	0.0	0.0	0.0	0.0	0.0	0.0047148164226365	0.0295407550479156	0.0	0.0
k__Bacteria|p__Firmicutes|c__Clostridia|o__Eubacteriales|f__Oscillospiraceae|g__Ruthenibacterium|s__Ruthenibacterium_lactatiformans	0.0	0.0	0.0	0.0	0.0	0.0	0.0	0.0149287315366176	0.6651832135492262	0.0138243527686516	0.0	0.0	0.0	0.0454899965682693	0.0	0.0483505557908657	0.0	0.0866401271522218	0.0716738322080196	0.0	0.0177403589653727	0.0086480881135996	0.0	0.0	0.3416722695997564	0.5410671043798299	0.0745926310715296	0.0634507648326608	0.0	0.1820530195226141	0.0525806928832663	0.0	0.0	0.1110472708204438	0.3321424181606782	0.0	0.0	0.0	0.0	0.0	0.0	0.0	0.0	0.0
k__Bacteria|p__Firmicutes|c__Clostridia|o__Eubacteriales|f__Lachnospiraceae|g__Mediterraneibacter|s__Ruminococcus_gnavus	0.0	0.0	0.0	0.0	0.0	0.0	0.0	0.0142695234982032	0.0134095910870703	0.0	0.0	0.0	0.0	0.0545674238088567	0.0	0.0	0.0	0.0	0.0	0.0	0.0	0.0	0.0	0.0	0.100632835896198	0.1029963552241718	0.0	0.0	0.0	0.0	0.0	0.0	0.0	0.0	0.0	0.0	2.132161395142281	2.9329453874648745	1.0460951547304016	0.0	0.0	0.0	0.0	0.0
k__Bacteria|p__Firmicutes|c__Negativicutes|o__Veillonellales|f__Veillonellaceae|g__Dialister|s__Dialister_hominis|t__SGB5803_group	0.0	0.0	0.0	0.0	0.0	0.0	0.0	1.5280309157105352	0.0353181217742664	0.0	0.0	0.0	0.0	0.0	0.0	0.0	0.0	0.0	0.0	0.0	0.0	0.0	0.0	0.0	0.0	0.0	0.0	0.0	0.0	0.0	0.0	0.0	0.0	0.0	0.0	0.0	0.0	0.0	0.0	0.0	0.0	0.0	0.0	0.0
k__Bacteria|p__Firmicutes|c__Clostridia|o__Eubacteriales|f__Lachnospiraceae|g__Mediterraneibacter|s__Ruminococcus_torques|t__SGB4608	0.0	0.0	0.0	0.0	0.0	0.0	0.0	1.1813141221727648	0.2516347303324104	0.2372698181777258	0.0	0.0	0.0	0.0	0.0	0.027843280003722	0.11094296528154	0.0342019570804421	0.0	0.0	0.0	0.0	0.0	0.0	0.0	0.0	0.0	0.0	0.0	0.6789513255635623	0.2662733620521966	0.2157653621398601	0.0	0.2495118243386353	0.1183990339082823	0.0	0.9057512729608284	0.4203896667973189	0.0221551240934476	0.8236821992323593	0.4650785891627851	0.0	0.0	0.0
k__Bacteria|p__Firmicutes|c__Clostridia|o__Eubacteriales|f__Oscillospiraceae|g__Ruminococcus|s__Ruminococcus_sp_BSD2780120874_150323_B10|t__SGB4290	0.0	0.0	0.0	0.0	0.0	0.0	0.0	0.6556123582048949	0.0	0.0	0.0	0.0	0.0	0.0	0.0	0.0	0.0	0.0	0.0	0.0	0.0	0.0	0.0	0.0	0.0	0.0	0.0	1.1835812195449107	3.734922634863986	1.162302231106688	0.0	0.0	0.0	0.0	0.0	0.0	0.0	0.0	0.0	0.0	0.0	0.0	0.0	0.0
k__Bacteria|p__Bacteroidetes|c__Bacteroidia|o__Bacteroidales|f__Bacteroidaceae|g__Phocaeicola|s__Phocaeicola_dorei|t__SGB1815	0.0	0.0	0.0	0.0	0.0	0.0	0.0	0.6342846476287191	0.0816283890929419	4.064964103790583	0.234931576931972	0.0022071853957149	0.2029153740250737	0.1325098656395094	0.0	0.0	0.0	1.5846906780604872	0.953641199562748	0.0	1.9940022189999136	0.8729358290527228	0.040807369794356	0.0	0.0045814562308165	0.0334012134258542	0.0938912263579345	0.0	0.0	0.0	0.2835944644044794	0.0079575723013187	0.0092407703967433	0.3852971366815552	0.067248631363157	0.0091585789904474	0.0	0.4953616730015946	0.0516171704889655	0.0	0.0	0.0	0.0	0.0
k__Bacteria|p__Firmicutes|c__Clostridia|o__Clostridiales|f__Clostridiales_unclassified|g__Lawsonibacter|s__Lawsonibacter_asaccharolyticus|t__SGB15154	0.0	0.0	0.0	0.0	0.0	0.0	0.0	0.4896384231996623	0.2387623493659314	0.2449481224864228	0.0	0.0	0.0	0.1714167988265029	0.1528201789346872	0.018721482760708	0.0461451368751434	0.0	0.0330423536453748	0.0200017953727082	0.0	0.0	0.0	0.0637224931498029	0.0	0.1452383104441994	0.1864313684668681	0.0448440767875232	0.0	0.1269294329236248	0.1780729369058695	0.0	0.0	0.294853487295229	0.1433604303503035	0.7333166360319857	0.0	0.0	0.0	0.0	0.0	0.0	0.0	0.0
k__Bacteria|p__Firmicutes|c__Clostridia|o__Eubacteriales|f__Oscillospiraceae|g__Flavonifractor|s__Flavonifractor_plautii|t__SGB15132	0.0	0.0	0.0	0.0	0.0	0.0	0.0	0.3708011922745885	0.6822775150788146	0.2562868157671149	0.0	0.0	0.0	0.0219435446042528	0.0	0.0	0.0	0.0582029067171648	0.1599854613104162	0.0	0.0	0.027053640075488	0.0	0.0	0.0979441048263752	1.195042132061214	0.979864722640278	0.0	0.0	0.0	0.0	0.0	0.0690407073331268	0.1037200169992536	0.0289924834851518	0.1212638385733536	0.0480458031980804	0.247002572938042	0.0269594464318077	0.1270241095279037	0.0522741056431839	0.0	0.0	0.0
k__Bacteria|p__Actinobacteria|c__Coriobacteriia|o__Eggerthellales|f__Eggerthellaceae|g__Ellagibacter|s__Ellagibacter_isourolithinifaciens|t__SGB14816_group	0.0	0.0	0.0	0.0	0.0	0.0	0.0	0.3315483499871839	0.5147574924743911	0.0	0.0	0.0	0.0	0.0	0.0468906240091678	0.0518634538100044	0.1071799875117568	0.0	0.0	0.0	0.0	0.0	0.0	0.0	0.0	0.0	0.0	0.0	0.0	0.0	0.0	0.0	0.0	0.0	0.0	0.0	0.0	0.0	0.0	0.0	0.0	0.0	0.0	0.0
k__Bacteria|p__Firmicutes|c__Clostridia|o__Eubacteriales|f__Oscillospiraceae|g__Anaeromassilibacillus|s__Anaeromassilibacillus_sp_An250|t__SGB14894	0.0	0.0	0.0	0.0	0.0	0.0	0.0	0.1995202996267669	0.500666057772724	0.0214005066874323	0.0	0.0	0.0	0.0	0.0	0.0	0.0	0.0	0.0	0.0	0.0	0.0	0.0	0.0	0.0	0.0	0.0	0.0	0.0	0.0	0.0	0.0	0.0	0.0	0.0018805935233612	0.0	0.0	0.0	0.0	0.0	0.0	0.0	0.0	0.0
k__Bacteria|p__Firmicutes|c__Clostridia|o__Eubacteriales|f__Clostridiaceae|g__Clostridiaceae_unclassified|s__Clostridiaceae_bacterium|t__SGB4721	0.0	0.0	0.0	0.0	0.0	0.0	0.0	0.1858300801623218	0.2005584450207957	0.0559358510115824	0.0	0.0	0.0	0.0	0.0	0.5157504404423268	0.0	0.3463431232884607	0.187870616229964	0.0	0.0051304870875468	0.0876911092102025	0.0	0.0	0.0	0.0	0.0	0.0	0.0	0.6925634576678589	0.1330123463805002	0.1262297835141152	0.6921606175813122	0.0	0.0	0.0	0.0	0.0	0.0	0.0	0.0	0.0	0.0	0.0
k__Bacteria|p__Bacteroidetes|c__Bacteroidia|o__Bacteroidales|f__Bacteroidaceae|g__Phocaeicola|s__Phocaeicola_plebeius|t__SGB1903	0.0	0.0	0.0	0.0	0.0	0.0	0.0	0.1501596007503411	0.0	0.4942461490767748	0.0	0.0	0.0	0.0	0.0	0.0	0.0	0.0	0.0	0.0	0.0	0.0	0.0	0.0	0.0	0.0	0.0	0.0	0.0	0.0	0.0	0.0	0.0	0.0	0.0	0.0	0.0	0.0	0.0	0.0	0.0	0.0	0.0	0.0
k__Bacteria|p__Firmicutes|c__Clostridia|o__Eubacteriales|f__Oscillospiraceae|g__Dysosmobacter|s__Dysosmobacter_welbionis|t__SGB15078	0.0	0.0	0.0	0.0	0.0	0.0	0.0	0.0522838537134352	0.9732250065437354	0.3844855551118769	0.0	0.0	0.0	0.087971327450565	0.0	0.0	0.0	0.0671318074709808	0.0505958340656105	0.0	0.0	0.0	0.0	0.0	0.2446126157831912	0.3037206003591274	0.0906230631069728	0.0450556054516152	0.0	0.0818577400728491	0.9488962907950322	0.0269319995597547	0.0	0.1425904137305906	0.1224823596603953	0.1477447381916705	0.0	0.0371516478247232	0.0	0.0	0.0	0.0	0.0	0.0
k__Bacteria|p__Firmicutes|c__Erysipelotrichia|o__Erysipelotrichales|f__Erysipelotrichaceae|g__Holdemanella|s__Holdemanella_biformis|t__SGB6806	0.0	0.0	0.0	0.0	0.0	0.0	0.0	0.042369098469	0.0	0.0121899465299933	0.0	0.0	0.0	0.0	0.0344738886034035	0.0940266140444875	0.146496617313285	0.0	0.0	0.0	0.5929818741875125	0.4829230234164701	1.05450225485654	0.0476426880985166	0.0	0.0	0.0	0.0	0.0	0.0	0.0	0.0	0.1126020089121262	0.0	0.0	0.0	0.0317654145403208	0.0552545978447414	0.0736802256874273	0.0614254518243813	0.807519467295209	0.2070347849557468	0.0	0.0
k__Bacteria|p__Firmicutes|c__Clostridia|o__Eubacteriales|f__Clostridiaceae|g__Clostridium|s__Clostridium_sp_AM22_11AC|t__SGB4749	0.0	0.0	0.0	0.0	0.0	0.0	0.0	0.015394838230446	0.0	0.1171154220388603	0.0468692247826095	0.0	0.0	0.0	0.0	0.0	0.0	0.0	0.0	0.0	0.0	0.0988352927268528	0.0	0.0	2.019122054805674	0.5416582004881613	0.0916272473460951	0.0179799364478277	0.0	0.0	0.0	0.0	0.0	0.0	0.0	0.0	0.0	0.0	0.0	0.0	0.0047148164226365	0.0295407550479156	0.0	0.0
k__Bacteria|p__Firmicutes|c__Clostridia|o__Eubacteriales|f__Oscillospiraceae|g__Ruthenibacterium|s__Ruthenibacterium_lactatiformans|t__SGB15271	0.0	0.0	0.0	0.0	0.0	0.0	0.0	0.0149287315366176	0.6651832135492262	0.0138243527686516	0.0	0.0	0.0	0.0454899965682693	0.0	0.0483505557908657	0.0	0.0866401271522218	0.0716738322080196	0.0	0.0177403589653727	0.0086480881135996	0.0	0.0	0.3416722695997564	0.5410671043798299	0.0745926310715296	0.0634507648326608	0.0	0.1820530195226141	0.0525806928832663	0.0	0.0	0.1110472708204438	0.3321424181606782	0.0	0.0	0.0	0.0	0.0	0.0	0.0	0.0	0.0
k__Bacteria|p__Firmicutes|c__Clostridia|o__Eubacteriales|f__Lachnospiraceae|g__Mediterraneibacter|s__Ruminococcus_gnavus|t__SGB4584	0.0	0.0	0.0	0.0	0.0	0.0	0.0	0.0142695234982032	0.0134095910870703	0.0	0.0	0.0	0.0	0.0545674238088567	0.0	0.0	0.0	0.0	0.0	0.0	0.0	0.0	0.0	0.0	0.100632835896198	0.1029963552241718	0.0	0.0	0.0	0.0	0.0	0.0	0.0	0.0	0.0	0.0	2.132161395142281	2.9329453874648745	1.0460951547304016	0.0	0.0	0.0	0.0	0.0
k__Bacteria|p__Firmicutes|c__CFGB74461	0.0	0.0	0.0	0.0	0.0	0.0	0.0	0.0	0.0706775674039631	0.0101724763291494	0.0	0.0	0.0	0.0	0.0	0.0	0.0	0.0	0.0	0.3420955801146307	0.0	0.0	0.0	0.0	0.0	0.0	0.0	0.1925929314583652	0.4033721643852674	0.9938058594542496	0.0	0.0	0.0	0.0	0.0	0.0	0.0	0.0	0.0	0.0	0.0	0.0	0.0	0.0
k__Bacteria|p__Firmicutes|c__Clostridia|o__Clostridia_unclassified	0.0	0.0	0.0	0.0	0.0	0.0	0.0	0.0	0.0935640960030051	0.0	0.0	0.0	0.0	0.0	0.0	0.0	0.0	0.0	0.0	0.0	0.0	0.0	0.0	0.0	0.0063149802100444	0.0549633714645501	0.0105165476678989	0.0	0.0	0.0	0.0	0.0	0.0	0.0	0.0	0.0	0.0	0.0	0.0	0.0	0.0	0.0	0.0	0.0
k__Bacteria|p__Firmicutes|c__CFGB74461|o__OFGB74461	0.0	0.0	0.0	0.0	0.0	0.0	0.0	0.0	0.0706775674039631	0.0101724763291494	0.0	0.0	0.0	0.0	0.0	0.0	0.0	0.0	0.0	0.3420955801146307	0.0	0.0	0.0	0.0	0.0	0.0	0.0	0.1925929314583652	0.4033721643852674	0.9938058594542496	0.0	0.0	0.0	0.0	0.0	0.0	0.0	0.0	0.0	0.0	0.0	0.0	0.0	0.0
k__Bacteria|p__Firmicutes|c__Clostridia|o__Clostridia_unclassified|f__Clostridia_unclassified	0.0	0.0	0.0	0.0	0.0	0.0	0.0	0.0	0.0935640960030051	0.0	0.0	0.0	0.0	0.0	0.0	0.0	0.0	0.0	0.0	0.0	0.0	0.0	0.0	0.0	0.0063149802100444	0.0549633714645501	0.0105165476678989	0.0	0.0	0.0	0.0	0.0	0.0	0.0	0.0	0.0	0.0	0.0	0.0	0.0	0.0	0.0	0.0	0.0
k__Bacteria|p__Firmicutes|c__CFGB74461|o__OFGB74461|f__FGB74461	0.0	0.0	0.0	0.0	0.0	0.0	0.0	0.0	0.0706775674039631	0.0101724763291494	0.0	0.0	0.0	0.0	0.0	0.0	0.0	0.0	0.0	0.3420955801146307	0.0	0.0	0.0	0.0	0.0	0.0	0.0	0.1925929314583652	0.4033721643852674	0.9938058594542496	0.0	0.0	0.0	0.0	0.0	0.0	0.0	0.0	0.0	0.0	0.0	0.0	0.0	0.0
k__Bacteria|p__Firmicutes|c__Clostridia|o__Eubacteriales|f__Christensenellaceae	0.0	0.0	0.0	0.0	0.0	0.0	0.0	0.0	0.0147044052238804	0.0	0.0	0.0	0.0	0.0	0.0	0.0	0.0	0.0	0.0	0.0	0.0	0.0	0.0	0.0	0.0	0.0	0.0	0.0	0.0	0.0	0.0	0.0	0.0	0.0	0.0	0.0	0.0	0.0	0.0	0.0	0.0	0.0	0.0	0.0
k__Bacteria|p__Actinobacteria|c__Coriobacteriia|o__Coriobacteriales|f__Coriobacteriaceae|g__Senegalimassilia	0.0	0.0	0.0	0.0	0.0	0.0	0.0	0.0	0.1979963659841289	0.0	0.0	0.0	0.0	0.0	0.1497370858938489	0.0	0.0852103608342939	0.0	0.0	0.0	0.0	0.0	0.0	0.0	0.0420998680669628	0.0	0.0	0.1421864342447167	0.0	0.0777426593755583	0.0307492440768742	0.0	0.0	0.0336745520240211	0.072550860324856	0.0754785377993838	0.0	0.0	0.0	0.1069340894898902	0.0360302947028572	0.0	0.0	0.0
k__Bacteria|p__Proteobacteria|c__Betaproteobacteria|o__Burkholderiales|f__Sutterellaceae|g__Dakarella	0.0	0.0	0.0	0.0	0.0	0.0	0.0	0.0	0.186281052969693	0.2342223315452276	0.0	0.0	0.0	0.0	0.0	0.0	0.0	0.0	0.0	0.0	0.0	0.0	0.0	0.0	0.0	0.0	0.0	0.0	0.0	0.0	0.0	0.0	0.0	0.0	0.0	0.0	0.0	0.0	0.0	0.0	0.0	0.0	0.0	0.0
k__Bacteria|p__Firmicutes|c__Clostridia|o__Clostridia_unclassified|f__Clostridia_unclassified|g__Clostridia_unclassified	0.0	0.0	0.0	0.0	0.0	0.0	0.0	0.0	0.0935640960030051	0.0	0.0	0.0	0.0	0.0	0.0	0.0	0.0	0.0	0.0	0.0	0.0	0.0	0.0	0.0	0.0063149802100444	0.0549633714645501	0.0105165476678989	0.0	0.0	0.0	0.0	0.0	0.0	0.0	0.0	0.0	0.0	0.0	0.0	0.0	0.0	0.0	0.0	0.0
k__Bacteria|p__Firmicutes|c__CFGB74461|o__OFGB74461|f__FGB74461|g__GGB9524	0.0	0.0	0.0	0.0	0.0	0.0	0.0	0.0	0.0706775674039631	0.0101724763291494	0.0	0.0	0.0	0.0	0.0	0.0	0.0	0.0	0.0	0.3420955801146307	0.0	0.0	0.0	0.0	0.0	0.0	0.0	0.1925929314583652	0.4033721643852674	0.9938058594542496	0.0	0.0	0.0	0.0	0.0	0.0	0.0	0.0	0.0	0.0	0.0	0.0	0.0	0.0
k__Bacteria|p__Firmicutes|c__Clostridia|o__Eubacteriales|f__Oscillospiraceae|g__Bittarella	0.0	0.0	0.0	0.0	0.0	0.0	0.0	0.0	0.0516548192876362	0.0	0.0	0.0	0.0	0.0	0.0	0.0	0.0	0.0	0.0	0.0	0.0	0.0	0.0	0.0	0.0	0.0	0.0	0.0	0.0	0.0	0.0	0.0	0.0	0.0	0.0	0.0	0.0	0.0	0.0	0.0	0.0	0.0	0.0	0.0
k__Bacteria|p__Actinobacteria|c__Coriobacteriia|o__Eggerthellales|f__Eggerthellaceae|g__Raoultibacter	0.0	0.0	0.0	0.0	0.0	0.0	0.0	0.0	0.0493820072389802	0.0	0.0	0.0	0.0	0.0	0.0	0.0	0.0	0.0	0.0	0.0	0.0	0.0	0.0	0.0	0.0	0.0	0.0	0.0	0.0	0.0	0.0	0.0	0.0	0.0	0.0	0.0	0.0	0.0	0.0	0.0	0.0	0.0	0.0	0.0
k__Bacteria|p__Proteobacteria|c__Deltaproteobacteria|o__Desulfovibrionales|f__Desulfovibrionaceae|g__GGB9818	0.0	0.0	0.0	0.0	0.0	0.0	0.0	0.0	0.0486588397689533	0.0	0.0	0.0	0.0	0.0	0.0	0.0	0.0	0.0	0.0	0.0	0.0	0.0	0.0	0.0	0.0	0.0	0.0	0.0	0.0	0.0	0.0	0.0	0.0	0.0	0.0	0.0	0.0	0.0	0.0	0.0	0.0	0.0	0.0	0.0
k__Bacteria|p__Firmicutes|c__Clostridia|o__Eubacteriales|f__Christensenellaceae|g__Christensenella	0.0	0.0	0.0	0.0	0.0	0.0	0.0	0.0	0.0147044052238804	0.0	0.0	0.0	0.0	0.0	0.0	0.0	0.0	0.0	0.0	0.0	0.0	0.0	0.0	0.0	0.0	0.0	0.0	0.0	0.0	0.0	0.0	0.0	0.0	0.0	0.0	0.0	0.0	0.0	0.0	0.0	0.0	0.0	0.0	0.0
k__Bacteria|p__Actinobacteria|c__Coriobacteriia|o__Coriobacteriales|f__Coriobacteriaceae|g__Senegalimassilia|s__Senegalimassilia_anaerobia	0.0	0.0	0.0	0.0	0.0	0.0	0.0	0.0	0.1979963659841289	0.0	0.0	0.0	0.0	0.0	0.1497370858938489	0.0	0.0852103608342939	0.0	0.0	0.0	0.0	0.0	0.0	0.0	0.0420998680669628	0.0	0.0	0.1421864342447167	0.0	0.0777426593755583	0.0307492440768742	0.0	0.0	0.0336745520240211	0.072550860324856	0.0754785377993838	0.0	0.0	0.0	0.1069340894898902	0.0360302947028572	0.0	0.0	0.0
k__Bacteria|p__Proteobacteria|c__Betaproteobacteria|o__Burkholderiales|f__Sutterellaceae|g__Dakarella|s__Dakarella_massiliensis	0.0	0.0	0.0	0.0	0.0	0.0	0.0	0.0	0.186281052969693	0.2342223315452276	0.0	0.0	0.0	0.0	0.0	0.0	0.0	0.0	0.0	0.0	0.0	0.0	0.0	0.0	0.0	0.0	0.0	0.0	0.0	0.0	0.0	0.0	0.0	0.0	0.0	0.0	0.0	0.0	0.0	0.0	0.0	0.0	0.0	0.0
k__Bacteria|p__Firmicutes|c__Clostridia|o__Clostridia_unclassified|f__Clostridia_unclassified|g__Clostridia_unclassified|s__Clostridia_bacterium_UC5_1_1D1	0.0	0.0	0.0	0.0	0.0	0.0	0.0	0.0	0.0935640960030051	0.0	0.0	0.0	0.0	0.0	0.0	0.0	0.0	0.0	0.0	0.0	0.0	0.0	0.0	0.0	0.0063149802100444	0.0549633714645501	0.0105165476678989	0.0	0.0	0.0	0.0	0.0	0.0	0.0	0.0	0.0	0.0	0.0	0.0	0.0	0.0	0.0	0.0	0.0
k__Bacteria|p__Firmicutes|c__CFGB74461|o__OFGB74461|f__FGB74461|g__GGB9524|s__GGB9524_SGB14924	0.0	0.0	0.0	0.0	0.0	0.0	0.0	0.0	0.0706775674039631	0.0101724763291494	0.0	0.0	0.0	0.0	0.0	0.0	0.0	0.0	0.0	0.3420955801146307	0.0	0.0	0.0	0.0	0.0	0.0	0.0	0.1925929314583652	0.4033721643852674	0.9938058594542496	0.0	0.0	0.0	0.0	0.0	0.0	0.0	0.0	0.0	0.0	0.0	0.0	0.0	0.0
k__Bacteria|p__Firmicutes|c__Clostridia|o__Eubacteriales|f__Oscillospiraceae|g__Bittarella|s__Bittarella_massiliensis	0.0	0.0	0.0	0.0	0.0	0.0	0.0	0.0	0.0516548192876362	0.0	0.0	0.0	0.0	0.0	0.0	0.0	0.0	0.0	0.0	0.0	0.0	0.0	0.0	0.0	0.0	0.0	0.0	0.0	0.0	0.0	0.0	0.0	0.0	0.0	0.0	0.0	0.0	0.0	0.0	0.0	0.0	0.0	0.0	0.0
k__Bacteria|p__Actinobacteria|c__Coriobacteriia|o__Eggerthellales|f__Eggerthellaceae|g__Raoultibacter|s__Raoultibacter_massiliensis	0.0	0.0	0.0	0.0	0.0	0.0	0.0	0.0	0.0493820072389802	0.0	0.0	0.0	0.0	0.0	0.0	0.0	0.0	0.0	0.0	0.0	0.0	0.0	0.0	0.0	0.0	0.0	0.0	0.0	0.0	0.0	0.0	0.0	0.0	0.0	0.0	0.0	0.0	0.0	0.0	0.0	0.0	0.0	0.0	0.0
k__Bacteria|p__Proteobacteria|c__Deltaproteobacteria|o__Desulfovibrionales|f__Desulfovibrionaceae|g__GGB9818|s__GGB9818_SGB15459	0.0	0.0	0.0	0.0	0.0	0.0	0.0	0.0	0.0486588397689533	0.0	0.0	0.0	0.0	0.0	0.0	0.0	0.0	0.0	0.0	0.0	0.0	0.0	0.0	0.0	0.0	0.0	0.0	0.0	0.0	0.0	0.0	0.0	0.0	0.0	0.0	0.0	0.0	0.0	0.0	0.0	0.0	0.0	0.0	0.0
k__Bacteria|p__Firmicutes|c__Clostridia|o__Eubacteriales|f__Christensenellaceae|g__Christensenella|s__Christensenella_sp_Marseille_P3954	0.0	0.0	0.0	0.0	0.0	0.0	0.0	0.0	0.0147044052238804	0.0	0.0	0.0	0.0	0.0	0.0	0.0	0.0	0.0	0.0	0.0	0.0	0.0	0.0	0.0	0.0	0.0	0.0	0.0	0.0	0.0	0.0	0.0	0.0	0.0	0.0	0.0	0.0	0.0	0.0	0.0	0.0	0.0	0.0	0.0
k__Bacteria|p__Actinobacteria|c__Coriobacteriia|o__Coriobacteriales|f__Coriobacteriaceae|g__Senegalimassilia|s__Senegalimassilia_anaerobia|t__SGB14824_group	0.0	0.0	0.0	0.0	0.0	0.0	0.0	0.0	0.1979963659841289	0.0	0.0	0.0	0.0	0.0	0.1497370858938489	0.0	0.0852103608342939	0.0	0.0	0.0	0.0	0.0	0.0	0.0	0.0420998680669628	0.0	0.0	0.1421864342447167	0.0	0.0777426593755583	0.0307492440768742	0.0	0.0	0.0336745520240211	0.072550860324856	0.0754785377993838	0.0	0.0	0.0	0.1069340894898902	0.0360302947028572	0.0	0.0	0.0
k__Bacteria|p__Proteobacteria|c__Betaproteobacteria|o__Burkholderiales|f__Sutterellaceae|g__Dakarella|s__Dakarella_massiliensis|t__SGB9271	0.0	0.0	0.0	0.0	0.0	0.0	0.0	0.0	0.186281052969693	0.2342223315452276	0.0	0.0	0.0	0.0	0.0	0.0	0.0	0.0	0.0	0.0	0.0	0.0	0.0	0.0	0.0	0.0	0.0	0.0	0.0	0.0	0.0	0.0	0.0	0.0	0.0	0.0	0.0	0.0	0.0	0.0	0.0	0.0	0.0	0.0
k__Bacteria|p__Firmicutes|c__Clostridia|o__Clostridia_unclassified|f__Clostridia_unclassified|g__Clostridia_unclassified|s__Clostridia_bacterium_UC5_1_1D1|t__SGB14995	0.0	0.0	0.0	0.0	0.0	0.0	0.0	0.0	0.0935640960030051	0.0	0.0	0.0	0.0	0.0	0.0	0.0	0.0	0.0	0.0	0.0	0.0	0.0	0.0	0.0	0.0063149802100444	0.0549633714645501	0.0105165476678989	0.0	0.0	0.0	0.0	0.0	0.0	0.0	0.0	0.0	0.0	0.0	0.0	0.0	0.0	0.0	0.0	0.0
k__Bacteria|p__Firmicutes|c__CFGB74461|o__OFGB74461|f__FGB74461|g__GGB9524|s__GGB9524_SGB14924|t__SGB14924	0.0	0.0	0.0	0.0	0.0	0.0	0.0	0.0	0.0706775674039631	0.0101724763291494	0.0	0.0	0.0	0.0	0.0	0.0	0.0	0.0	0.0	0.3420955801146307	0.0	0.0	0.0	0.0	0.0	0.0	0.0	0.1925929314583652	0.4033721643852674	0.9938058594542496	0.0	0.0	0.0	0.0	0.0	0.0	0.0	0.0	0.0	0.0	0.0	0.0	0.0	0.0
k__Bacteria|p__Firmicutes|c__Clostridia|o__Eubacteriales|f__Oscillospiraceae|g__Bittarella|s__Bittarella_massiliensis|t__SGB7263	0.0	0.0	0.0	0.0	0.0	0.0	0.0	0.0	0.0516548192876362	0.0	0.0	0.0	0.0	0.0	0.0	0.0	0.0	0.0	0.0	0.0	0.0	0.0	0.0	0.0	0.0	0.0	0.0	0.0	0.0	0.0	0.0	0.0	0.0	0.0	0.0	0.0	0.0	0.0	0.0	0.0	0.0	0.0	0.0	0.0
k__Bacteria|p__Actinobacteria|c__Coriobacteriia|o__Eggerthellales|f__Eggerthellaceae|g__Raoultibacter|s__Raoultibacter_massiliensis|t__SGB33551	0.0	0.0	0.0	0.0	0.0	0.0	0.0	0.0	0.0493820072389802	0.0	0.0	0.0	0.0	0.0	0.0	0.0	0.0	0.0	0.0	0.0	0.0	0.0	0.0	0.0	0.0	0.0	0.0	0.0	0.0	0.0	0.0	0.0	0.0	0.0	0.0	0.0	0.0	0.0	0.0	0.0	0.0	0.0	0.0	0.0
k__Bacteria|p__Proteobacteria|c__Deltaproteobacteria|o__Desulfovibrionales|f__Desulfovibrionaceae|g__GGB9818|s__GGB9818_SGB15459|t__SGB15459	0.0	0.0	0.0	0.0	0.0	0.0	0.0	0.0	0.0486588397689533	0.0	0.0	0.0	0.0	0.0	0.0	0.0	0.0	0.0	0.0	0.0	0.0	0.0	0.0	0.0	0.0	0.0	0.0	0.0	0.0	0.0	0.0	0.0	0.0	0.0	0.0	0.0	0.0	0.0	0.0	0.0	0.0	0.0	0.0	0.0
k__Bacteria|p__Firmicutes|c__Clostridia|o__Eubacteriales|f__Christensenellaceae|g__Christensenella|s__Christensenella_sp_Marseille_P3954|t__SGB29301	0.0	0.0	0.0	0.0	0.0	0.0	0.0	0.0	0.0147044052238804	0.0	0.0	0.0	0.0	0.0	0.0	0.0	0.0	0.0	0.0	0.0	0.0	0.0	0.0	0.0	0.0	0.0	0.0	0.0	0.0	0.0	0.0	0.0	0.0	0.0	0.0	0.0	0.0	0.0	0.0	0.0	0.0	0.0	0.0	0.0
k__Bacteria|p__Firmicutes|c__Negativicutes|o__Acidaminococcales	0.0	0.0	0.0	0.0	0.0	0.0	0.0	0.0	0.0	0.1490033687576835	0.0	0.0	0.0	0.0558360349812901	0.1980848931810249	0.0872607221555975	0.1859754444324763	0.5831240450819456	0.6479324797833571	0.0366013866274321	0.6195879974143259	0.9422550037475428	0.0	0.297703149729826	0.8280937914650408	0.5118806632046861	0.3827220003723914	0.6058102595647811	1.3554061711157253	0.0363329259767537	0.7930320940339212	0.2789017376234332	0.2566780981076	0.993459203840338	0.3808027755776493	0.2375914612729172	0.0	0.0	0.0	0.0	0.0	0.0	0.0	0.0
k__Bacteria|p__Firmicutes|c__Negativicutes|o__Acidaminococcales|f__Acidaminococcaceae	0.0	0.0	0.0	0.0	0.0	0.0	0.0	0.0	0.0	0.1490033687576835	0.0	0.0	0.0	0.0558360349812901	0.1980848931810249	0.0872607221555975	0.1859754444324763	0.5831240450819456	0.6479324797833571	0.0366013866274321	0.6195879974143259	0.9422550037475428	0.0	0.297703149729826	0.8280937914650408	0.5118806632046861	0.3827220003723914	0.6058102595647811	1.3554061711157253	0.0363329259767537	0.7930320940339212	0.2789017376234332	0.2566780981076	0.993459203840338	0.3808027755776493	0.2375914612729172	0.0	0.0	0.0	0.0	0.0	0.0	0.0	0.0
k__Bacteria|p__Firmicutes|c__Clostridia|o__Eubacteriales|f__Lachnospiraceae|g__Lachnospira	0.0	0.0	0.0	0.0	0.0	0.0	0.0	0.0	0.0	0.2607729203909323	0.0782692965581509	0.0	0.0	0.0	0.0	0.0	0.0	0.0544187918801103	0.0	0.0	0.5460039201328668	0.2149415485960255	0.0	0.075259216219751	0.0	0.0	0.0	0.0891475803223666	0.0	0.0	0.0	0.3308579818283716	0.0	0.2615470099374593	0.0	0.0	0.0	0.0	0.8428237744004164	0.0	0.0535337226466341	0.0	0.0	0.0
k__Bacteria|p__Firmicutes|c__Negativicutes|o__Acidaminococcales|f__Acidaminococcaceae|g__Phascolarctobacterium	0.0	0.0	0.0	0.0	0.0	0.0	0.0	0.0	0.0	0.1490033687576835	0.0	0.0	0.0	0.0558360349812901	0.1980848931810249	0.0872607221555975	0.1859754444324763	0.0	0.0	0.0	0.0182878463998442	0.0964316453016929	0.0	0.297703149729826	0.8280937914650408	0.5118806632046861	0.3827220003723914	0.6058102595647811	1.3554061711157253	0.0363329259767537	0.7930320940339212	0.2789017376234332	0.2566780981076	0.993459203840338	0.3808027755776493	0.2375914612729172	0.0	0.0	0.0	0.0	0.0	0.0	0.0	0.0
k__Bacteria|p__Firmicutes|c__Clostridia|o__Eubacteriales|f__Lachnospiraceae|g__Lachnospira|s__Lachnospira_pectinoschiza	0.0	0.0	0.0	0.0	0.0	0.0	0.0	0.0	0.0	0.1765669489700567	0.0	0.0	0.0	0.0	0.0	0.0	0.0	0.0	0.0	0.0	0.0	0.0	0.0	0.0	0.0	0.0	0.0	0.0	0.0	0.0	0.0	0.200357233482987	0.0	0.2006263727348771	0.0	0.0	0.0	0.0	0.8408484781079897	0.0	0.0535337226466341	0.0	0.0	0.0
k__Bacteria|p__Bacteroidetes|c__Bacteroidia|o__Bacteroidales|f__Bacteroidaceae|g__Bacteroides|s__Bacteroides_faecis	0.0	0.0	0.0	0.0	0.0	0.0	0.0	0.0	0.0	0.1569710991711428	0.0	0.0	0.0484608400046911	0.0	0.2802776994463588	0.2945552413040553	0.5763113992545379	0.3027050330398739	0.2641660586864217	0.0	0.0	0.0	0.0	0.0	0.0	0.1236761524055035	0.2737406235847374	0.0690366884436852	0.0258529206700824	0.0105327571105936	0.0	0.0	0.0	0.0	0.0	0.0	0.0	0.0	0.0	0.1996672077340257	0.0	0.768675063642639	0.0	0.0
k__Bacteria|p__Bacteroidetes|c__Bacteroidia|o__Bacteroidales|f__Bacteroidaceae|g__Bacteroides|s__Bacteroides_salyersiae	0.0	0.0	0.0	0.0	0.0	0.0	0.0	0.0	0.0	0.154945116437806	0.0	0.0	0.0	0.0	0.0	0.0	0.0	0.0	0.0	0.0	0.1548683004154842	0.0243894574399087	0.0	0.0	0.0	0.0	0.0	0.0	0.0	0.0	0.0	0.0	0.0	0.0	0.0	0.0	0.0	0.0	0.0	0.0	0.0	0.0	0.0	0.0
k__Bacteria|p__Firmicutes|c__Negativicutes|o__Acidaminococcales|f__Acidaminococcaceae|g__Phascolarctobacterium|s__Phascolarctobacterium_faecium	0.0	0.0	0.0	0.0	0.0	0.0	0.0	0.0	0.0	0.1490033687576835	0.0	0.0	0.0	0.0558360349812901	0.0	0.0	0.0	0.0	0.0	0.0	0.0182878463998442	0.0964316453016929	0.0	0.0	0.8280937914650408	0.5118806632046861	0.3827220003723914	0.6058102595647811	1.3554061711157253	0.0363329259767537	0.0	0.0	0.0	0.993459203840338	0.3808027755776493	0.2375914612729172	0.0	0.0	0.0	0.0	0.0	0.0	0.0	0.0
k__Bacteria|p__Firmicutes|c__Clostridia|o__Eubacteriales|f__Lachnospiraceae|g__Lachnospira|s__Lachnospira_sp_NSJ_43	0.0	0.0	0.0	0.0	0.0	0.0	0.0	0.0	0.0	0.0842059714208755	0.0	0.0	0.0	0.0	0.0	0.0	0.0	0.0	0.0	0.0	0.0744582910881151	0.1185267120175854	0.0	0.0	0.0	0.0	0.0	0.0	0.0	0.0	0.0	0.0296819165537309	0.0	0.0	0.0	0.0	0.0	0.0	0.0	0.0	0.0	0.0	0.0	0.0
k__Bacteria|p__Firmicutes|c__Clostridia|o__Eubacteriales|f__Lachnospiraceae|g__Lachnospira|s__Lachnospira_pectinoschiza|t__SGB5075	0.0	0.0	0.0	0.0	0.0	0.0	0.0	0.0	0.0	0.1765669489700567	0.0	0.0	0.0	0.0	0.0	0.0	0.0	0.0	0.0	0.0	0.0	0.0	0.0	0.0	0.0	0.0	0.0	0.0	0.0	0.0	0.0	0.200357233482987	0.0	0.2006263727348771	0.0	0.0	0.0	0.0	0.8408484781079897	0.0	0.0535337226466341	0.0	0.0	0.0
k__Bacteria|p__Bacteroidetes|c__Bacteroidia|o__Bacteroidales|f__Bacteroidaceae|g__Bacteroides|s__Bacteroides_faecis|t__SGB1860	0.0	0.0	0.0	0.0	0.0	0.0	0.0	0.0	0.0	0.1569710991711428	0.0	0.0	0.0484608400046911	0.0	0.2802776994463588	0.2945552413040553	0.5763113992545379	0.3027050330398739	0.2641660586864217	0.0	0.0	0.0	0.0	0.0	0.0	0.1236761524055035	0.2737406235847374	0.0690366884436852	0.0258529206700824	0.0105327571105936	0.0	0.0	0.0	0.0	0.0	0.0	0.0	0.0	0.0	0.1996672077340257	0.0	0.768675063642639	0.0	0.0
k__Bacteria|p__Bacteroidetes|c__Bacteroidia|o__Bacteroidales|f__Bacteroidaceae|g__Bacteroides|s__Bacteroides_salyersiae|t__SGB1857	0.0	0.0	0.0	0.0	0.0	0.0	0.0	0.0	0.0	0.154945116437806	0.0	0.0	0.0	0.0	0.0	0.0	0.0	0.0	0.0	0.0	0.1548683004154842	0.0243894574399087	0.0	0.0	0.0	0.0	0.0	0.0	0.0	0.0	0.0	0.0	0.0	0.0	0.0	0.0	0.0	0.0	0.0	0.0	0.0	0.0	0.0	0.0
k__Bacteria|p__Firmicutes|c__Negativicutes|o__Acidaminococcales|f__Acidaminococcaceae|g__Phascolarctobacterium|s__Phascolarctobacterium_faecium|t__SGB5792	0.0	0.0	0.0	0.0	0.0	0.0	0.0	0.0	0.0	0.1490033687576835	0.0	0.0	0.0	0.0558360349812901	0.0	0.0	0.0	0.0	0.0	0.0	0.0182878463998442	0.0964316453016929	0.0	0.0	0.8280937914650408	0.5118806632046861	0.3827220003723914	0.6058102595647811	1.3554061711157253	0.0363329259767537	0.0	0.0	0.0	0.993459203840338	0.3808027755776493	0.2375914612729172	0.0	0.0	0.0	0.0	0.0	0.0	0.0	0.0
k__Bacteria|p__Firmicutes|c__Clostridia|o__Eubacteriales|f__Lachnospiraceae|g__Lachnospira|s__Lachnospira_sp_NSJ_43|t__SGB5087	0.0	0.0	0.0	0.0	0.0	0.0	0.0	0.0	0.0	0.0842059714208755	0.0	0.0	0.0	0.0	0.0	0.0	0.0	0.0	0.0	0.0	0.0744582910881151	0.1185267120175854	0.0	0.0	0.0	0.0	0.0	0.0	0.0	0.0	0.0	0.0296819165537309	0.0	0.0	0.0	0.0	0.0	0.0	0.0	0.0	0.0	0.0	0.0	0.0
k__Bacteria|p__Actinobacteria|c__Actinomycetia|o__Actinomycetales	0.0	0.0	0.0	0.0	0.0	0.0	0.0	0.0	0.0	0.0	0.005574172405532	0.0398859279786453	0.0	0.0	0.0	0.0	0.0	0.0	0.0	0.0	0.0	0.0	0.0	0.0	0.0	0.0	0.0110551555779736	0.0	0.0	0.0	0.0	0.0	0.0091021180606933	0.0	0.0	0.0	0.0	0.0	0.0	0.0	0.0	0.0	0.0	0.0
k__Bacteria|p__Actinobacteria|c__Actinomycetia|o__Actinomycetales|f__Actinomycetaceae	0.0	0.0	0.0	0.0	0.0	0.0	0.0	0.0	0.0	0.0	0.005574172405532	0.0398859279786453	0.0	0.0	0.0	0.0	0.0	0.0	0.0	0.0	0.0	0.0	0.0	0.0	0.0	0.0	0.0110551555779736	0.0	0.0	0.0	0.0	0.0	0.0091021180606933	0.0	0.0	0.0	0.0	0.0	0.0	0.0	0.0	0.0	0.0	0.0
k__Bacteria|p__Firmicutes|c__Clostridia|o__Eubacteriales|f__Peptostreptococcaceae	0.0	0.0	0.0	0.0	0.0	0.0	0.0	0.0	0.0	0.0	0.0043043165616682	0.0	0.0	0.0	0.0	0.0	0.0	0.0	0.0	0.0	0.0	0.0	0.0	0.0	0.0	0.0	0.0	0.0	0.0	0.0	0.0	0.0	0.0	0.0	0.0	0.0	0.0	0.0	0.0	0.0	0.0	0.0	0.0	0.0
k__Bacteria|p__Firmicutes|c__Clostridia|o__Eubacteriales|f__Clostridiaceae|g__GGB3478	0.0	0.0	0.0	0.0	0.0	0.0	0.0	0.0	0.0	0.0	3.3930713064384244	0.0	0.0	0.0	0.0	0.0	0.0	0.0	0.0	0.0	0.0	0.0	0.0	0.0	0.0	0.0	0.0	0.0	0.0	0.0	0.0	0.0	0.0	0.0	0.0	0.0	0.0	0.0	0.0	0.0	0.0	0.0	0.0	0.0
k__Bacteria|p__Firmicutes|c__Clostridia|o__Eubacteriales|f__Lachnospiraceae|g__GGB3740	0.0	0.0	0.0	0.0	0.0	0.0	0.0	0.0	0.0	0.0	2.039099881644394	0.0	0.0	0.0	0.0	0.0	0.0543036619535959	0.0045570404207933	0.0	0.0	0.0	0.0	0.0	0.0	0.0	0.0	0.0	0.0	0.0	0.0	0.0	0.075459441012829	0.0	0.0	0.0	0.0	0.0	0.0	0.0	0.0	0.0	0.0	0.0	0.0
k__Bacteria|p__Firmicutes|c__Negativicutes|o__Veillonellales|f__Veillonellaceae|g__GGB4266	0.0	0.0	0.0	0.0	0.0	0.0	0.0	0.0	0.0	0.0	0.9868923819285436	0.5547790318959087	0.3064991858069949	0.0	0.0	0.0	0.0	0.0	0.0	0.0	0.0	0.0	0.0	0.0	0.0	0.0	0.0	0.0	0.0	0.0	0.0	0.0	0.0	0.0	0.0	0.0	0.0	0.0	0.0	0.0	0.0	0.0	0.0	0.0
k__Bacteria|p__Firmicutes|c__Negativicutes|o__Veillonellales|f__Veillonellaceae|g__Veillonella	0.0	0.0	0.0	0.0	0.0	0.0	0.0	0.0	0.0	0.0	0.203308868092896	0.0	0.0	0.0	0.0	0.0	0.0	0.0	0.0	0.0	0.0	0.0	0.0	0.0	0.0	0.0	0.0	0.0	0.0	0.0	0.0	0.0197736218848103	0.0	0.0	0.0	0.0	0.1643553349539076	0.2601284058285459	0.2940429408866305	0.0	0.0	0.0	0.0	0.0
k__Bacteria|p__Firmicutes|c__Bacilli|o__Lactobacillales|f__Lactobacillaceae|g__Weissella	0.0	0.0	0.0	0.0	0.0	0.0	0.0	0.0	0.0	0.0	0.0283326277890651	0.0	0.0	0.0	0.0	0.0	0.0	0.0	0.0	0.0	0.0	0.1752309399111293	0.0	0.0	0.0	0.0	0.0	0.0	0.0	0.0	0.0	0.0	0.0	0.0	0.0	0.0	0.0	0.0	0.0	0.0	0.0	0.0	0.0	0.0
k__Bacteria|p__Actinobacteria|c__Actinomycetia|o__Actinomycetales|f__Actinomycetaceae|g__Actinomyces	0.0	0.0	0.0	0.0	0.0	0.0	0.0	0.0	0.0	0.0	0.005574172405532	0.0398859279786453	0.0	0.0	0.0	0.0	0.0	0.0	0.0	0.0	0.0	0.0	0.0	0.0	0.0	0.0	0.0110551555779736	0.0	0.0	0.0	0.0	0.0	0.0091021180606933	0.0	0.0	0.0	0.0	0.0	0.0	0.0	0.0	0.0	0.0	0.0
k__Bacteria|p__Firmicutes|c__Clostridia|o__Eubacteriales|f__Peptostreptococcaceae|g__Romboutsia	0.0	0.0	0.0	0.0	0.0	0.0	0.0	0.0	0.0	0.0	0.0043043165616682	0.0	0.0	0.0	0.0	0.0	0.0	0.0	0.0	0.0	0.0	0.0	0.0	0.0	0.0	0.0	0.0	0.0	0.0	0.0	0.0	0.0	0.0	0.0	0.0	0.0	0.0	0.0	0.0	0.0	0.0	0.0	0.0	0.0
k__Bacteria|p__Firmicutes|c__Erysipelotrichia|o__Erysipelotrichales|f__Erysipelotrichaceae|g__Catenibacterium	0.0	0.0	0.0	0.0	0.0	0.0	0.0	0.0	0.0	0.0	0.0019872419374751	0.0	0.0	0.0	0.0	0.0	0.0	0.0	0.0	0.0	0.0	0.0	0.0	0.0679871025053147	0.450981569902192	0.0	0.0	0.0	0.0	0.0	0.0220543936881541	0.0444369399245346	0.0288886220170035	0.0	0.0	0.0	0.0	0.0	0.0	0.0	0.0	0.0	0.0	0.0
k__Bacteria|p__Firmicutes|c__Clostridia|o__Eubacteriales|f__Clostridiaceae|g__GGB3478|s__GGB3478_SGB4643	0.0	0.0	0.0	0.0	0.0	0.0	0.0	0.0	0.0	0.0	3.3930713064384244	0.0	0.0	0.0	0.0	0.0	0.0	0.0	0.0	0.0	0.0	0.0	0.0	0.0	0.0	0.0	0.0	0.0	0.0	0.0	0.0	0.0	0.0	0.0	0.0	0.0	0.0	0.0	0.0	0.0	0.0	0.0	0.0	0.0
k__Bacteria|p__Firmicutes|c__Clostridia|o__Eubacteriales|f__Lachnospiraceae|g__GGB3740|s__GGB3740_SGB5077	0.0	0.0	0.0	0.0	0.0	0.0	0.0	0.0	0.0	0.0	2.039099881644394	0.0	0.0	0.0	0.0	0.0	0.0	0.0045570404207933	0.0	0.0	0.0	0.0	0.0	0.0	0.0	0.0	0.0	0.0	0.0	0.0	0.0	0.0	0.0	0.0	0.0	0.0	0.0	0.0	0.0	0.0	0.0	0.0	0.0	0.0
k__Bacteria|p__Firmicutes|c__Negativicutes|o__Veillonellales|f__Veillonellaceae|g__GGB4266|s__GGB4266_SGB5809	0.0	0.0	0.0	0.0	0.0	0.0	0.0	0.0	0.0	0.0	0.9868923819285436	0.5547790318959087	0.3064991858069949	0.0	0.0	0.0	0.0	0.0	0.0	0.0	0.0	0.0	0.0	0.0	0.0	0.0	0.0	0.0	0.0	0.0	0.0	0.0	0.0	0.0	0.0	0.0	0.0	0.0	0.0	0.0	0.0	0.0	0.0	0.0
k__Bacteria|p__Firmicutes|c__Bacilli|o__Lactobacillales|f__Streptococcaceae|g__Streptococcus|s__Streptococcus_parasanguinis	0.0	0.0	0.0	0.0	0.0	0.0	0.0	0.0	0.0	0.0	0.2322269489008854	0.0	0.4441092187531061	0.0	0.0	0.0	0.0890868767264413	0.0	0.0	0.0	0.0	0.2237325108572745	0.0	0.0	0.0	0.0909688344111686	0.0	0.0	0.0	0.0	0.1205445826081145	0.2371201862962068	0.148798424640941	0.0	0.0	0.0	0.0351137936309698	0.0	0.0999114908588912	0.0	0.0	0.0	0.0	0.0
k__Bacteria|p__Firmicutes|c__Negativicutes|o__Veillonellales|f__Veillonellaceae|g__Veillonella|s__Veillonella_dispar	0.0	0.0	0.0	0.0	0.0	0.0	0.0	0.0	0.0	0.0	0.11188749315187	0.0	0.0	0.0	0.0	0.0	0.0	0.0	0.0	0.0	0.0	0.0	0.0	0.0	0.0	0.0	0.0	0.0	0.0	0.0	0.0	0.0	0.0	0.0	0.0	0.0	0.1496656718465443	0.093447523533413	0.1442970681416842	0.0	0.0	0.0	0.0	0.0
k__Bacteria|p__Firmicutes|c__Negativicutes|o__Veillonellales|f__Veillonellaceae|g__Veillonella|s__Veillonella_atypica	0.0	0.0	0.0	0.0	0.0	0.0	0.0	0.0	0.0	0.0	0.091421374941026	0.0	0.0	0.0	0.0	0.0	0.0	0.0	0.0	0.0	0.0	0.0	0.0	0.0	0.0	0.0	0.0	0.0	0.0	0.0	0.0	0.0	0.0	0.0	0.0	0.0	0.0	0.0886614665624214	0.1334245686337928	0.0	0.0	0.0	0.0	0.0
k__Bacteria|p__Bacteroidetes|c__Bacteroidia|o__Bacteroidales|f__Prevotellaceae|g__Prevotella|s__Prevotella_marseillensis	0.0	0.0	0.0	0.0	0.0	0.0	0.0	0.0	0.0	0.0	0.079027911737602	0.1863878586192222	2.9830640869758	0.0	0.0	0.0	0.0	0.0	0.0	0.0	0.0	0.0	0.0	0.0	0.0	0.0	0.0	0.0	0.0	0.0	0.0	0.0	0.0	0.0	0.0	0.0	0.0	0.0	0.0	0.0	0.0	0.0	0.0	0.0
k__Bacteria|p__Firmicutes|c__Clostridia|o__Eubacteriales|f__Lachnospiraceae|g__Lachnospira|s__Lachnospira_eligens	0.0	0.0	0.0	0.0	0.0	0.0	0.0	0.0	0.0	0.0	0.0782692965581509	0.0	0.0	0.0	0.0	0.0	0.0	0.0544187918801103	0.0	0.0	0.4715456290447518	0.09641483657844	0.0	0.075259216219751	0.0	0.0	0.0	0.0891475803223666	0.0	0.0	0.0	0.1008102383010474	0.0	0.0609206372025821	0.0	0.0	0.0	0.0	0.0019752962924267	0.0	0.0	0.0	0.0	0.0
k__Bacteria|p__Firmicutes|c__Clostridia|o__Eubacteriales|f__Clostridiaceae|g__Clostridium|s__Clostridium_sp_AM33_3	0.0	0.0	0.0	0.0	0.0	0.0	0.0	0.0	0.0	0.0	0.0340964539894599	0.0	0.0	0.0	0.0	0.0	0.0	0.0	0.0	0.0	0.0	0.0	0.0	0.0	0.0349800374379911	0.1190758826928378	0.0701559625241348	0.0	0.0	0.0	0.0	0.0	0.0	0.0	0.0	0.0	0.1698835972062107	0.1811632423111474	0.0880597131043306	0.0	0.0	0.0	0.0	0.0
k__Bacteria|p__Firmicutes|c__Bacilli|o__Lactobacillales|f__Lactobacillaceae|g__Weissella|s__Weissella_confusa	0.0	0.0	0.0	0.0	0.0	0.0	0.0	0.0	0.0	0.0	0.0283326277890651	0.0	0.0	0.0	0.0	0.0	0.0	0.0	0.0	0.0	0.0	0.1752309399111293	0.0	0.0	0.0	0.0	0.0	0.0	0.0	0.0	0.0	0.0	0.0	0.0	0.0	0.0	0.0	0.0	0.0	0.0	0.0	0.0	0.0	0.0
k__Bacteria|p__Firmicutes|c__Clostridia|o__Eubacteriales|f__Clostridiaceae|g__Clostridium|s__Clostridium_sp_AF27_2AA	0.0	0.0	0.0	0.0	0.0	0.0	0.0	0.0	0.0	0.0	0.0266834643554758	0.0	0.0	0.0	0.0	0.0	0.0	0.0	0.0	0.0	0.0	0.0	0.0	0.0	0.0	0.0	0.0	0.0	0.0	0.0	0.0	0.0	0.0	0.0	0.0	0.0	0.0	0.0	0.0	0.0	0.0	0.0	0.0	0.0
k__Bacteria|p__Actinobacteria|c__Actinomycetia|o__Actinomycetales|f__Actinomycetaceae|g__Actinomyces|s__Actinomyces_graevenitzii	0.0	0.0	0.0	0.0	0.0	0.0	0.0	0.0	0.0	0.0	0.005574172405532	0.0288276308778169	0.0	0.0	0.0	0.0	0.0	0.0	0.0	0.0	0.0	0.0	0.0	0.0	0.0	0.0	0.0	0.0	0.0	0.0	0.0	0.0	0.0	0.0	0.0	0.0	0.0	0.0	0.0	0.0	0.0	0.0	0.0	0.0
k__Bacteria|p__Firmicutes|c__Clostridia|o__Eubacteriales|f__Lachnospiraceae|g__Blautia|s__Blautia_sp_OF03_15BH	0.0	0.0	0.0	0.0	0.0	0.0	0.0	0.0	0.0	0.0	0.0051866189986385	0.0173368447467471	0.0063166879028517	0.0	0.0	0.0	0.0	0.0	0.0	0.0	0.0621574846974907	0.0319533829036985	0.0	0.0	0.0	0.0	0.0	0.0	0.0	0.0	0.0	0.0	0.0	0.0	0.0	0.0	0.0	0.0	0.0	0.0	0.0	0.0	0.0	0.0
k__Bacteria|p__Firmicutes|c__Clostridia|o__Eubacteriales|f__Peptostreptococcaceae|g__Romboutsia|s__Romboutsia_timonensis	0.0	0.0	0.0	0.0	0.0	0.0	0.0	0.0	0.0	0.0	0.0043043165616682	0.0	0.0	0.0	0.0	0.0	0.0	0.0	0.0	0.0	0.0	0.0	0.0	0.0	0.0	0.0	0.0	0.0	0.0	0.0	0.0	0.0	0.0	0.0	0.0	0.0	0.0	0.0	0.0	0.0	0.0	0.0	0.0	0.0
k__Bacteria|p__Bacteroidetes|c__Bacteroidia|o__Bacteroidales|f__Bacteroidaceae|g__Phocaeicola|s__Phocaeicola_massiliensis	0.0	0.0	0.0	0.0	0.0	0.0	0.0	0.0	0.0	0.0	0.0031334105238197	0.0	0.0	0.0985659450798058	0.0	0.0	0.4232620103076648	0.0	0.0	0.0	1.4167120411197518	1.0478642119453003	0.0	0.0	1.024052757198576	2.526276234126078	1.992429335685429	0.0	0.0	0.0	2.9449046676044266	0.4188811061074295	0.1391253851965123	0.0	0.0	0.0	0.0	6.001037178060724	0.0753207259980868	0.0	0.0	0.0	0.0	0.0
k__Bacteria|p__Firmicutes|c__Erysipelotrichia|o__Erysipelotrichales|f__Erysipelotrichaceae|g__Catenibacterium|s__Candidatus_Catenibacterium_tridentinum	0.0	0.0	0.0	0.0	0.0	0.0	0.0	0.0	0.0	0.0	0.0019872419374751	0.0	0.0	0.0	0.0	0.0	0.0	0.0	0.0	0.0	0.0	0.0	0.0	0.0679871025053147	0.450981569902192	0.0	0.0	0.0	0.0	0.0	0.0220543936881541	0.0444369399245346	0.0288886220170035	0.0	0.0	0.0	0.0	0.0	0.0	0.0	0.0	0.0	0.0	0.0
k__Bacteria|p__Firmicutes|c__Clostridia|o__Eubacteriales|f__Clostridiaceae|g__GGB3478|s__GGB3478_SGB4643|t__SGB4643	0.0	0.0	0.0	0.0	0.0	0.0	0.0	0.0	0.0	0.0	3.3930713064384244	0.0	0.0	0.0	0.0	0.0	0.0	0.0	0.0	0.0	0.0	0.0	0.0	0.0	0.0	0.0	0.0	0.0	0.0	0.0	0.0	0.0	0.0	0.0	0.0	0.0	0.0	0.0	0.0	0.0	0.0	0.0	0.0	0.0
k__Bacteria|p__Firmicutes|c__Clostridia|o__Eubacteriales|f__Lachnospiraceae|g__GGB3740|s__GGB3740_SGB5077|t__SGB5077	0.0	0.0	0.0	0.0	0.0	0.0	0.0	0.0	0.0	0.0	2.039099881644394	0.0	0.0	0.0	0.0	0.0	0.0	0.0045570404207933	0.0	0.0	0.0	0.0	0.0	0.0	0.0	0.0	0.0	0.0	0.0	0.0	0.0	0.0	0.0	0.0	0.0	0.0	0.0	0.0	0.0	0.0	0.0	0.0	0.0	0.0
k__Bacteria|p__Firmicutes|c__Negativicutes|o__Veillonellales|f__Veillonellaceae|g__GGB4266|s__GGB4266_SGB5809|t__SGB5809	0.0	0.0	0.0	0.0	0.0	0.0	0.0	0.0	0.0	0.0	0.9868923819285436	0.5547790318959087	0.3064991858069949	0.0	0.0	0.0	0.0	0.0	0.0	0.0	0.0	0.0	0.0	0.0	0.0	0.0	0.0	0.0	0.0	0.0	0.0	0.0	0.0	0.0	0.0	0.0	0.0	0.0	0.0	0.0	0.0	0.0	0.0	0.0
k__Bacteria|p__Firmicutes|c__Bacilli|o__Lactobacillales|f__Streptococcaceae|g__Streptococcus|s__Streptococcus_parasanguinis|t__SGB8071	0.0	0.0	0.0	0.0	0.0	0.0	0.0	0.0	0.0	0.0	0.2322269489008854	0.0	0.4441092187531061	0.0	0.0	0.0	0.0890868767264413	0.0	0.0	0.0	0.0	0.2237325108572745	0.0	0.0	0.0	0.0909688344111686	0.0	0.0	0.0	0.0	0.1205445826081145	0.2371201862962068	0.148798424640941	0.0	0.0	0.0	0.0351137936309698	0.0	0.0999114908588912	0.0	0.0	0.0	0.0	0.0
k__Bacteria|p__Firmicutes|c__Clostridia|o__Eubacteriales|f__Lachnospiraceae|g__Dorea|s__Dorea_longicatena|t__SGB4582	0.0	0.0	0.0	0.0	0.0	0.0	0.0	0.0	0.0	0.0	0.201453559230108	0.0344723583932094	0.0957537507356778	0.078508173839981	0.1916426092150941	0.3792504579850551	0.0652114315664373	0.0	0.0	0.0	1.9250717849114616	0.4625508508339965	4.2647818099333	0.6455631975513435	0.0	0.0	0.0	0.0	0.0	0.0137693374343055	0.0440316141480059	0.1193034300855376	0.2478369726794713	0.0	0.0	0.0	0.0	0.0	0.0	0.6483471960250609	2.2180543329713034	0.0629986541351242	0.0	0.0
k__Bacteria|p__Firmicutes|c__Negativicutes|o__Veillonellales|f__Veillonellaceae|g__Veillonella|s__Veillonella_dispar|t__SGB6952	0.0	0.0	0.0	0.0	0.0	0.0	0.0	0.0	0.0	0.0	0.11188749315187	0.0	0.0	0.0	0.0	0.0	0.0	0.0	0.0	0.0	0.0	0.0	0.0	0.0	0.0	0.0	0.0	0.0	0.0	0.0	0.0	0.0	0.0	0.0	0.0	0.0	0.1496656718465443	0.093447523533413	0.1442970681416842	0.0	0.0	0.0	0.0	0.0
k__Bacteria|p__Firmicutes|c__Negativicutes|o__Veillonellales|f__Veillonellaceae|g__Veillonella|s__Veillonella_atypica|t__SGB6936	0.0	0.0	0.0	0.0	0.0	0.0	0.0	0.0	0.0	0.0	0.091421374941026	0.0	0.0	0.0	0.0	0.0	0.0	0.0	0.0	0.0	0.0	0.0	0.0	0.0	0.0	0.0	0.0	0.0	0.0	0.0	0.0	0.0	0.0	0.0	0.0	0.0	0.0	0.0886614665624214	0.1334245686337928	0.0	0.0	0.0	0.0	0.0
k__Bacteria|p__Bacteroidetes|c__Bacteroidia|o__Bacteroidales|f__Prevotellaceae|g__Prevotella|s__Prevotella_marseillensis|t__SGB1588	0.0	0.0	0.0	0.0	0.0	0.0	0.0	0.0	0.0	0.0	0.079027911737602	0.1863878586192222	2.9830640869758	0.0	0.0	0.0	0.0	0.0	0.0	0.0	0.0	0.0	0.0	0.0	0.0	0.0	0.0	0.0	0.0	0.0	0.0	0.0	0.0	0.0	0.0	0.0	0.0	0.0	0.0	0.0	0.0	0.0	0.0	0.0
k__Bacteria|p__Firmicutes|c__Clostridia|o__Eubacteriales|f__Lachnospiraceae|g__Lachnospira|s__Lachnospira_eligens|t__SGB5082	0.0	0.0	0.0	0.0	0.0	0.0	0.0	0.0	0.0	0.0	0.0782692965581509	0.0	0.0	0.0	0.0	0.0	0.0	0.0544187918801103	0.0	0.0	0.4715456290447518	0.09641483657844	0.0	0.075259216219751	0.0	0.0	0.0	0.0891475803223666	0.0	0.0	0.0	0.1008102383010474	0.0	0.0609206372025821	0.0	0.0	0.0	0.0	0.0019752962924267	0.0	0.0	0.0	0.0	0.0
k__Bacteria|p__Firmicutes|c__Clostridia|o__Eubacteriales|f__Clostridiaceae|g__Clostridium|s__Clostridium_sp_AM33_3|t__SGB4711	0.0	0.0	0.0	0.0	0.0	0.0	0.0	0.0	0.0	0.0	0.0340964539894599	0.0	0.0	0.0	0.0	0.0	0.0	0.0	0.0	0.0	0.0	0.0	0.0	0.0	0.0349800374379911	0.1190758826928378	0.0701559625241348	0.0	0.0	0.0	0.0	0.0	0.0	0.0	0.0	0.0	0.1698835972062107	0.1811632423111474	0.0880597131043306	0.0	0.0	0.0	0.0	0.0
k__Bacteria|p__Firmicutes|c__Bacilli|o__Lactobacillales|f__Lactobacillaceae|g__Weissella|s__Weissella_confusa|t__SGB7115	0.0	0.0	0.0	0.0	0.0	0.0	0.0	0.0	0.0	0.0	0.0283326277890651	0.0	0.0	0.0	0.0	0.0	0.0	0.0	0.0	0.0	0.0	0.1752309399111293	0.0	0.0	0.0	0.0	0.0	0.0	0.0	0.0	0.0	0.0	0.0	0.0	0.0	0.0	0.0	0.0	0.0	0.0	0.0	0.0	0.0	0.0
k__Bacteria|p__Firmicutes|c__Clostridia|o__Eubacteriales|f__Clostridiaceae|g__Clostridium|s__Clostridium_sp_AF27_2AA|t__SGB4712	0.0	0.0	0.0	0.0	0.0	0.0	0.0	0.0	0.0	0.0	0.0266834643554758	0.0	0.0	0.0	0.0	0.0	0.0	0.0	0.0	0.0	0.0	0.0	0.0	0.0	0.0	0.0	0.0	0.0	0.0	0.0	0.0	0.0	0.0	0.0	0.0	0.0	0.0	0.0	0.0	0.0	0.0	0.0	0.0	0.0
k__Bacteria|p__Actinobacteria|c__Actinomycetia|o__Actinomycetales|f__Actinomycetaceae|g__Actinomyces|s__Actinomyces_graevenitzii|t__SGB17130_group	0.0	0.0	0.0	0.0	0.0	0.0	0.0	0.0	0.0	0.0	0.005574172405532	0.0288276308778169	0.0	0.0	0.0	0.0	0.0	0.0	0.0	0.0	0.0	0.0	0.0	0.0	0.0	0.0	0.0	0.0	0.0	0.0	0.0	0.0	0.0	0.0	0.0	0.0	0.0	0.0	0.0	0.0	0.0	0.0	0.0	0.0
k__Bacteria|p__Firmicutes|c__Clostridia|o__Eubacteriales|f__Lachnospiraceae|g__Blautia|s__Blautia_sp_OF03_15BH|t__SGB4779	0.0	0.0	0.0	0.0	0.0	0.0	0.0	0.0	0.0	0.0	0.0051866189986385	0.0173368447467471	0.0063166879028517	0.0	0.0	0.0	0.0	0.0	0.0	0.0	0.0621574846974907	0.0319533829036985	0.0	0.0	0.0	0.0	0.0	0.0	0.0	0.0	0.0	0.0	0.0	0.0	0.0	0.0	0.0	0.0	0.0	0.0	0.0	0.0	0.0	0.0
k__Bacteria|p__Firmicutes|c__Clostridia|o__Eubacteriales|f__Peptostreptococcaceae|g__Romboutsia|s__Romboutsia_timonensis|t__SGB6148	0.0	0.0	0.0	0.0	0.0	0.0	0.0	0.0	0.0	0.0	0.0043043165616682	0.0	0.0	0.0	0.0	0.0	0.0	0.0	0.0	0.0	0.0	0.0	0.0	0.0	0.0	0.0	0.0	0.0	0.0	0.0	0.0	0.0	0.0	0.0	0.0	0.0	0.0	0.0	0.0	0.0	0.0	0.0	0.0	0.0
k__Bacteria|p__Bacteroidetes|c__Bacteroidia|o__Bacteroidales|f__Bacteroidaceae|g__Phocaeicola|s__Phocaeicola_massiliensis|t__SGB1812	0.0	0.0	0.0	0.0	0.0	0.0	0.0	0.0	0.0	0.0	0.0031334105238197	0.0	0.0	0.0985659450798058	0.0	0.0	0.4232620103076648	0.0	0.0	0.0	1.4167120411197518	1.0478642119453003	0.0	0.0	1.024052757198576	2.526276234126078	1.992429335685429	0.0	0.0	0.0	2.9449046676044266	0.4188811061074295	0.1391253851965123	0.0	0.0	0.0	0.0	6.001037178060724	0.0753207259980868	0.0	0.0	0.0	0.0	0.0
k__Bacteria|p__Firmicutes|c__Erysipelotrichia|o__Erysipelotrichales|f__Erysipelotrichaceae|g__Catenibacterium|s__Candidatus_Catenibacterium_tridentinum|t__SGB6783	0.0	0.0	0.0	0.0	0.0	0.0	0.0	0.0	0.0	0.0	0.0019872419374751	0.0	0.0	0.0	0.0	0.0	0.0	0.0	0.0	0.0	0.0	0.0	0.0	0.0679871025053147	0.450981569902192	0.0	0.0	0.0	0.0	0.0	0.0220543936881541	0.0444369399245346	0.0288886220170035	0.0	0.0	0.0	0.0	0.0	0.0	0.0	0.0	0.0	0.0	0.0
k__Bacteria|p__Actinobacteria|c__Actinomycetia|o__Actinomycetales|f__Actinomycetaceae|g__Actinomyces|s__Actinomyces_SGB17163	0.0	0.0	0.0	0.0	0.0	0.0	0.0	0.0	0.0	0.0	0.0	0.0110582971008283	0.0	0.0	0.0	0.0	0.0	0.0	0.0	0.0	0.0	0.0	0.0	0.0	0.0	0.0	0.0	0.0	0.0	0.0	0.0	0.0	0.0	0.0	0.0	0.0	0.0	0.0	0.0	0.0	0.0	0.0	0.0	0.0
k__Bacteria|p__Actinobacteria|c__Actinomycetia|o__Actinomycetales|f__Actinomycetaceae|g__Actinomyces|s__Actinomyces_SGB17163|t__SGB17163_group	0.0	0.0	0.0	0.0	0.0	0.0	0.0	0.0	0.0	0.0	0.0	0.0110582971008283	0.0	0.0	0.0	0.0	0.0	0.0	0.0	0.0	0.0	0.0	0.0	0.0	0.0	0.0	0.0	0.0	0.0	0.0	0.0	0.0	0.0	0.0	0.0	0.0	0.0	0.0	0.0	0.0	0.0	0.0	0.0	0.0
k__Bacteria|p__Actinobacteria|c__Actinomycetia|o__Micrococcales	0.0	0.0	0.0	0.0	0.0	0.0	0.0	0.0	0.0	0.0	0.0	0.0	0.0253243255896883	0.0	0.0	0.0	0.0	0.0	0.0	0.0	0.0	0.0060679490942846	0.0	0.0	0.0	0.0	0.0	0.0	0.0	0.0	0.0	0.0	0.0	0.0	0.0	0.0	0.0	0.0	0.0	0.0	0.0	0.0	0.0	0.0
k__Bacteria|p__Actinobacteria|c__Actinomycetia|o__Micrococcales|f__Promicromonosporaceae	0.0	0.0	0.0	0.0	0.0	0.0	0.0	0.0	0.0	0.0	0.0	0.0	0.0253243255896883	0.0	0.0	0.0	0.0	0.0	0.0	0.0	0.0	0.0	0.0	0.0	0.0	0.0	0.0	0.0	0.0	0.0	0.0	0.0	0.0	0.0	0.0	0.0	0.0	0.0	0.0	0.0	0.0	0.0	0.0	0.0
k__Bacteria|p__Firmicutes|c__Bacilli|o__Lactobacillales|f__Lactobacillaceae|g__Limosilactobacillus	0.0	0.0	0.0	0.0	0.0	0.0	0.0	0.0	0.0	0.0	0.0	0.0	0.9394263787603206	0.0	0.0	0.0	0.0	0.0	0.0	0.0	0.0	0.0	0.0	0.0	0.0	0.0	0.0	0.0	0.0	0.0	0.0	0.0	0.0	0.0	0.0	0.0	0.0	0.0	0.0	0.0	0.0	0.0	0.0	0.0
k__Bacteria|p__Firmicutes|c__Bacilli|o__Lactobacillales|f__Lactobacillaceae|g__Lactobacillus	0.0	0.0	0.0	0.0	0.0	0.0	0.0	0.0	0.0	0.0	0.0	0.0	0.2285357943602083	0.0	0.0	0.0	0.0	0.0	0.0	0.0	0.0	0.0	0.0	0.0	0.0	0.0	0.0	0.0	0.0	0.0	0.0	0.0	0.0	0.0	0.0	0.0	0.0	0.0	0.0	0.0	0.0	0.0	0.0	0.0
k__Bacteria|p__Actinobacteria|c__Actinomycetia|o__Micrococcales|f__Promicromonosporaceae|g__Isoptericola	0.0	0.0	0.0	0.0	0.0	0.0	0.0	0.0	0.0	0.0	0.0	0.0	0.0253243255896883	0.0	0.0	0.0	0.0	0.0	0.0	0.0	0.0	0.0	0.0	0.0	0.0	0.0	0.0	0.0	0.0	0.0	0.0	0.0	0.0	0.0	0.0	0.0	0.0	0.0	0.0	0.0	0.0	0.0	0.0	0.0
k__Bacteria|p__Firmicutes|c__Bacilli|o__Lactobacillales|f__Lactobacillaceae|g__Limosilactobacillus|s__Limosilactobacillus_fermentum	0.0	0.0	0.0	0.0	0.0	0.0	0.0	0.0	0.0	0.0	0.0	0.0	0.9394263787603206	0.0	0.0	0.0	0.0	0.0	0.0	0.0	0.0	0.0	0.0	0.0	0.0	0.0	0.0	0.0	0.0	0.0	0.0	0.0	0.0	0.0	0.0	0.0	0.0	0.0	0.0	0.0	0.0	0.0	0.0	0.0
k__Bacteria|p__Firmicutes|c__Bacilli|o__Lactobacillales|f__Lactobacillaceae|g__Lactobacillus|s__Lactobacillus_acidophilus	0.0	0.0	0.0	0.0	0.0	0.0	0.0	0.0	0.0	0.0	0.0	0.0	0.2285357943602083	0.0	0.0	0.0	0.0	0.0	0.0	0.0	0.0	0.0	0.0	0.0	0.0	0.0	0.0	0.0	0.0	0.0	0.0	0.0	0.0	0.0	0.0	0.0	0.0	0.0	0.0	0.0	0.0	0.0	0.0	0.0
k__Bacteria|p__Actinobacteria|c__Actinomycetia|o__Bifidobacteriales|f__Bifidobacteriaceae|g__Bifidobacterium|s__Bifidobacterium_dentium	0.0	0.0	0.0	0.0	0.0	0.0	0.0	0.0	0.0	0.0	0.0	0.0	0.0512572903783494	0.0	0.0	0.0	0.0	0.0	0.0	0.0	0.0	0.0	0.0	0.0	0.0	0.0	0.0	0.0	0.0	0.0	0.0	0.0	0.0	0.0	0.0	0.0	0.0	0.0	0.0	0.0	0.0	0.0	0.0	0.0
k__Bacteria|p__Actinobacteria|c__Actinomycetia|o__Micrococcales|f__Promicromonosporaceae|g__Isoptericola|s__Isoptericola_variabilis	0.0	0.0	0.0	0.0	0.0	0.0	0.0	0.0	0.0	0.0	0.0	0.0	0.0253243255896883	0.0	0.0	0.0	0.0	0.0	0.0	0.0	0.0	0.0	0.0	0.0	0.0	0.0	0.0	0.0	0.0	0.0	0.0	0.0	0.0	0.0	0.0	0.0	0.0	0.0	0.0	0.0	0.0	0.0	0.0	0.0
k__Bacteria|p__Firmicutes|c__Bacilli|o__Lactobacillales|f__Lactobacillaceae|g__Limosilactobacillus|s__Limosilactobacillus_fermentum|t__SGB7106	0.0	0.0	0.0	0.0	0.0	0.0	0.0	0.0	0.0	0.0	0.0	0.0	0.9394263787603206	0.0	0.0	0.0	0.0	0.0	0.0	0.0	0.0	0.0	0.0	0.0	0.0	0.0	0.0	0.0	0.0	0.0	0.0	0.0	0.0	0.0	0.0	0.0	0.0	0.0	0.0	0.0	0.0	0.0	0.0	0.0
k__Bacteria|p__Firmicutes|c__Bacilli|o__Lactobacillales|f__Lactobacillaceae|g__Lactobacillus|s__Lactobacillus_acidophilus|t__SGB7044	0.0	0.0	0.0	0.0	0.0	0.0	0.0	0.0	0.0	0.0	0.0	0.0	0.2285357943602083	0.0	0.0	0.0	0.0	0.0	0.0	0.0	0.0	0.0	0.0	0.0	0.0	0.0	0.0	0.0	0.0	0.0	0.0	0.0	0.0	0.0	0.0	0.0	0.0	0.0	0.0	0.0	0.0	0.0	0.0	0.0
k__Bacteria|p__Actinobacteria|c__Actinomycetia|o__Bifidobacteriales|f__Bifidobacteriaceae|g__Bifidobacterium|s__Bifidobacterium_dentium|t__SGB17234	0.0	0.0	0.0	0.0	0.0	0.0	0.0	0.0	0.0	0.0	0.0	0.0	0.0512572903783494	0.0	0.0	0.0	0.0	0.0	0.0	0.0	0.0	0.0	0.0	0.0	0.0	0.0	0.0	0.0	0.0	0.0	0.0	0.0	0.0	0.0	0.0	0.0	0.0	0.0	0.0	0.0	0.0	0.0	0.0	0.0
k__Bacteria|p__Actinobacteria|c__Actinomycetia|o__Micrococcales|f__Promicromonosporaceae|g__Isoptericola|s__Isoptericola_variabilis|t__SGB17153	0.0	0.0	0.0	0.0	0.0	0.0	0.0	0.0	0.0	0.0	0.0	0.0	0.0253243255896883	0.0	0.0	0.0	0.0	0.0	0.0	0.0	0.0	0.0	0.0	0.0	0.0	0.0	0.0	0.0	0.0	0.0	0.0	0.0	0.0	0.0	0.0	0.0	0.0	0.0	0.0	0.0	0.0	0.0	0.0	0.0
k__Bacteria|p__Firmicutes|c__CFGB2984	0.0	0.0	0.0	0.0	0.0	0.0	0.0	0.0	0.0	0.0	0.0	0.0	0.0	0.0304295247441786	0.0	0.0	0.0	0.0	0.0	0.0	0.0	0.0	0.0	0.0	0.0	0.0	0.0	0.0	0.0	0.0	0.0	0.0	0.0	0.0	0.0	0.0	0.0	0.0	0.0	0.0	0.0	0.0	0.0	0.0
k__Bacteria|p__Firmicutes|c__CFGB2984|o__OFGB2984	0.0	0.0	0.0	0.0	0.0	0.0	0.0	0.0	0.0	0.0	0.0	0.0	0.0	0.0304295247441786	0.0	0.0	0.0	0.0	0.0	0.0	0.0	0.0	0.0	0.0	0.0	0.0	0.0	0.0	0.0	0.0	0.0	0.0	0.0	0.0	0.0	0.0	0.0	0.0	0.0	0.0	0.0	0.0	0.0	0.0
k__Bacteria|p__Firmicutes|c__CFGB2984|o__OFGB2984|f__FGB2984	0.0	0.0	0.0	0.0	0.0	0.0	0.0	0.0	0.0	0.0	0.0	0.0	0.0	0.0304295247441786	0.0	0.0	0.0	0.0	0.0	0.0	0.0	0.0	0.0	0.0	0.0	0.0	0.0	0.0	0.0	0.0	0.0	0.0	0.0	0.0	0.0	0.0	0.0	0.0	0.0	0.0	0.0	0.0	0.0	0.0
k__Bacteria|p__Firmicutes|c__Clostridia|o__Eubacteriales|f__Oscillospiraceae|g__GGB3341	0.0	0.0	0.0	0.0	0.0	0.0	0.0	0.0	0.0	0.0	0.0	0.0	0.0	0.2587795357821844	0.0	0.0	0.9939046133098784	0.0	0.0	0.0	0.0	0.0	0.0	0.0	0.0	0.0	0.0	0.0	0.0	0.0	0.0	0.0	0.0	0.0	0.0	0.0	0.0	0.0	0.0	0.0	0.0	0.0	0.0	0.0
k__Bacteria|p__Actinobacteria|c__CFGB12107|o__OFGB12107|f__FGB12107|g__GGB9359	0.0	0.0	0.0	0.0	0.0	0.0	0.0	0.0	0.0	0.0	0.0	0.0	0.0	0.1953575488576271	0.0	0.0	0.0	0.0	0.0	0.0	0.0	0.0	0.0	0.0	0.0208818883416174	0.2949569580573452	0.2143294324192111	0.0	0.0	0.0	0.0	0.0	0.0	0.0	0.0	0.0	0.0	0.0	0.0	0.0	0.0	0.0	0.0	0.0
k__Bacteria|p__Firmicutes|c__Clostridia|o__Eubacteriales|f__Oscillospiraceae|g__GGB32900	0.0	0.0	0.0	0.0	0.0	0.0	0.0	0.0	0.0	0.0	0.0	0.0	0.0	0.1941832263534152	0.0	0.0	0.0	0.0	0.0	0.0	0.0	0.0	0.0	0.0	0.0	0.0	0.0	0.0	0.0	0.0	0.0	0.0	0.0	0.0	0.0	0.0	0.0	0.0	0.0	0.0	0.0	0.0	0.0	0.0
k__Bacteria|p__Actinobacteria|c__Coriobacteriia|o__Eggerthellales|f__Eggerthellaceae|g__Gordonibacter	0.0	0.0	0.0	0.0	0.0	0.0	0.0	0.0	0.0	0.0	0.0	0.0	0.0	0.1839571916999489	0.0	0.0	0.0	0.0423015730933717	0.0	0.0	0.0	0.0	0.0	0.0	0.0	0.0	0.0	0.0208238218206213	0.0079841096508611	0.0086093036610734	0.0	0.0	0.0	0.0288981412387125	0.1262696660616088	0.1209069121947872	0.0	0.0	0.0	0.3479194843578906	0.0458098211601998	0.0	0.0	0.0
k__Bacteria|p__Bacteroidetes|c__Bacteroidia|o__Bacteroidales|f__Rikenellaceae|g__GGB1689	0.0	0.0	0.0	0.0	0.0	0.0	0.0	0.0	0.0	0.0	0.0	0.0	0.0	0.1486332279053685	0.0	0.0	0.0	0.3597566026895945	0.0991097838884668	0.3268964310201004	0.0	0.0	0.0	0.0	0.0	0.0	0.0	0.0	0.0	0.0	0.0	0.0	0.0	0.0	0.0	0.0	0.0	0.0	0.0	0.0	0.0	0.0	0.0	0.0
k__Bacteria|p__Bacteroidetes|c__Bacteroidia|o__Bacteroidales|f__Prevotellaceae|g__Paraprevotella	0.0	0.0	0.0	0.0	0.0	0.0	0.0	0.0	0.0	0.0	0.0	0.0	0.0	0.0855455371681417	0.0	0.0	0.0	0.0	0.0	0.0	0.6035695747347907	0.4939747589552296	0.1522342432588789	0.1050637435439065	0.0391458016941969	1.23956280561191	1.306854497741382	0.0	0.0	0.0	0.0	0.0	0.0	0.0	0.0	0.0	0.0	0.0	0.0	2.6815865587649816	1.280540641451972	0.2434617295249672	0.0	0.0
k__Bacteria|p__Firmicutes|c__Clostridia|o__Eubacteriales|f__Oscillospiraceae|g__Pseudoflavonifractor	0.0	0.0	0.0	0.0	0.0	0.0	0.0	0.0	0.0	0.0	0.0	0.0	0.0	0.0549445784817423	0.0	0.0	0.0	0.0	0.0	0.0	0.0	0.0	0.0	0.0	0.0	0.0	0.0	0.0	0.0	0.0	0.0	0.0	0.0	0.0023111665090202	0.0	0.0	0.0	0.0	0.0	0.0	0.0	0.0	0.0	0.0
k__Bacteria|p__Firmicutes|c__CFGB2984|o__OFGB2984|f__FGB2984|g__GGB9347	0.0	0.0	0.0	0.0	0.0	0.0	0.0	0.0	0.0	0.0	0.0	0.0	0.0	0.0304295247441786	0.0	0.0	0.0	0.0	0.0	0.0	0.0	0.0	0.0	0.0	0.0	0.0	0.0	0.0	0.0	0.0	0.0	0.0	0.0	0.0	0.0	0.0	0.0	0.0	0.0	0.0	0.0	0.0	0.0	0.0
k__Bacteria|p__Actinobacteria|c__Coriobacteriia|o__Eggerthellales|f__Eggerthellaceae|g__Eggerthella	0.0	0.0	0.0	0.0	0.0	0.0	0.0	0.0	0.0	0.0	0.0	0.0	0.0	0.0269237006257648	0.0	0.0	0.0	0.0	0.0	0.0	0.0	0.0	0.0	0.0	0.0	0.0052684653133881	0.0	0.0	0.0	0.0	0.0	0.0	0.0	0.0	0.0	0.0	0.2169965675197994	0.3232355761885671	0.0	0.0	0.0	0.0	0.0	0.0
k__Bacteria|p__Firmicutes|c__Clostridia|o__Eubacteriales|f__Oscillospiraceae|g__GGB3341|s__GGB3341_SGB4420	0.0	0.0	0.0	0.0	0.0	0.0	0.0	0.0	0.0	0.0	0.0	0.0	0.0	0.2587795357821844	0.0	0.0	0.9939046133098784	0.0	0.0	0.0	0.0	0.0	0.0	0.0	0.0	0.0	0.0	0.0	0.0	0.0	0.0	0.0	0.0	0.0	0.0	0.0	0.0	0.0	0.0	0.0	0.0	0.0	0.0	0.0
k__Bacteria|p__Actinobacteria|c__CFGB12107|o__OFGB12107|f__FGB12107|g__GGB9359|s__GGB9359_SGB14334	0.0	0.0	0.0	0.0	0.0	0.0	0.0	0.0	0.0	0.0	0.0	0.0	0.0	0.1953575488576271	0.0	0.0	0.0	0.0	0.0	0.0	0.0	0.0	0.0	0.0	0.0208818883416174	0.2949569580573452	0.2143294324192111	0.0	0.0	0.0	0.0	0.0	0.0	0.0	0.0	0.0	0.0	0.0	0.0	0.0	0.0	0.0	0.0	0.0
k__Bacteria|p__Firmicutes|c__Clostridia|o__Eubacteriales|f__Oscillospiraceae|g__GGB32900|s__GGB32900_SGB53446	0.0	0.0	0.0	0.0	0.0	0.0	0.0	0.0	0.0	0.0	0.0	0.0	0.0	0.1941832263534152	0.0	0.0	0.0	0.0	0.0	0.0	0.0	0.0	0.0	0.0	0.0	0.0	0.0	0.0	0.0	0.0	0.0	0.0	0.0	0.0	0.0	0.0	0.0	0.0	0.0	0.0	0.0	0.0	0.0	0.0
k__Bacteria|p__Actinobacteria|c__Coriobacteriia|o__Eggerthellales|f__Eggerthellaceae|g__Gordonibacter|s__Gordonibacter_pamelaeae	0.0	0.0	0.0	0.0	0.0	0.0	0.0	0.0	0.0	0.0	0.0	0.0	0.0	0.1839571916999489	0.0	0.0	0.0	0.0423015730933717	0.0	0.0	0.0	0.0	0.0	0.0	0.0	0.0	0.0	0.0	0.0079841096508611	0.0086093036610734	0.0	0.0	0.0	0.0288981412387125	0.1262696660616088	0.1209069121947872	0.0	0.0	0.0	0.3479194843578906	0.0458098211601998	0.0	0.0	0.0
k__Bacteria|p__Bacteroidetes|c__Bacteroidia|o__Bacteroidales|f__Rikenellaceae|g__GGB1689|s__GGB1689_SGB2321	0.0	0.0	0.0	0.0	0.0	0.0	0.0	0.0	0.0	0.0	0.0	0.0	0.0	0.1486332279053685	0.0	0.0	0.0	0.3597566026895945	0.0991097838884668	0.3268964310201004	0.0	0.0	0.0	0.0	0.0	0.0	0.0	0.0	0.0	0.0	0.0	0.0	0.0	0.0	0.0	0.0	0.0	0.0	0.0	0.0	0.0	0.0	0.0	0.0
k__Bacteria|p__Firmicutes|c__Clostridia|o__Eubacteriales|f__Oscillospiraceae|g__Ruminococcus|s__Ruminococcus_sp_AF13_28	0.0	0.0	0.0	0.0	0.0	0.0	0.0	0.0	0.0	0.0	0.0	0.0	0.0	0.0860512672976929	0.0	0.0	0.0	0.0	0.0	0.0	0.0	0.0	0.0	0.0	0.0	0.0	0.0	0.0	0.0	0.0	0.0	0.0	0.0	0.0	0.0	0.0	0.0	0.0	0.0	0.0	0.0	0.0	0.0	0.0
k__Bacteria|p__Bacteroidetes|c__Bacteroidia|o__Bacteroidales|f__Prevotellaceae|g__Paraprevotella|s__Paraprevotella_clara	0.0	0.0	0.0	0.0	0.0	0.0	0.0	0.0	0.0	0.0	0.0	0.0	0.0	0.0855455371681417	0.0	0.0	0.0	0.0	0.0	0.0	0.6035695747347907	0.4939747589552296	0.1522342432588789	0.1050637435439065	0.0391458016941969	1.23956280561191	1.306854497741382	0.0	0.0	0.0	0.0	0.0	0.0	0.0	0.0	0.0	0.0	0.0	0.0	0.0	0.0	0.0	0.0	0.0
k__Bacteria|p__Firmicutes|c__Clostridia|o__Eubacteriales|f__Oscillospiraceae|g__Ruminococcus|s__Ruminococcus_SGB4421	0.0	0.0	0.0	0.0	0.0	0.0	0.0	0.0	0.0	0.0	0.0	0.0	0.0	0.0602076005079186	0.0	0.0	0.0	0.0	0.0	0.0	0.0	0.0	0.0	0.0	0.0	0.0	0.0	0.0	0.0	0.0	0.0	0.0	0.0	0.0	0.0	0.0	0.0	0.0	0.0	0.0	0.0	0.0	0.0	0.0
k__Bacteria|p__Firmicutes|c__Clostridia|o__Eubacteriales|f__Oscillospiraceae|g__Pseudoflavonifractor|s__Pseudoflavonifractor_sp_An184	0.0	0.0	0.0	0.0	0.0	0.0	0.0	0.0	0.0	0.0	0.0	0.0	0.0	0.0549445784817423	0.0	0.0	0.0	0.0	0.0	0.0	0.0	0.0	0.0	0.0	0.0	0.0	0.0	0.0	0.0	0.0	0.0	0.0	0.0	0.0	0.0	0.0	0.0	0.0	0.0	0.0	0.0	0.0	0.0	0.0
k__Bacteria|p__Firmicutes|c__CFGB2984|o__OFGB2984|f__FGB2984|g__GGB9347|s__GGB9347_SGB14313	0.0	0.0	0.0	0.0	0.0	0.0	0.0	0.0	0.0	0.0	0.0	0.0	0.0	0.0304295247441786	0.0	0.0	0.0	0.0	0.0	0.0	0.0	0.0	0.0	0.0	0.0	0.0	0.0	0.0	0.0	0.0	0.0	0.0	0.0	0.0	0.0	0.0	0.0	0.0	0.0	0.0	0.0	0.0	0.0	0.0
k__Bacteria|p__Actinobacteria|c__Coriobacteriia|o__Eggerthellales|f__Eggerthellaceae|g__Eggerthella|s__Eggerthella_lenta	0.0	0.0	0.0	0.0	0.0	0.0	0.0	0.0	0.0	0.0	0.0	0.0	0.0	0.0269237006257648	0.0	0.0	0.0	0.0	0.0	0.0	0.0	0.0	0.0	0.0	0.0	0.0052684653133881	0.0	0.0	0.0	0.0	0.0	0.0	0.0	0.0	0.0	0.0	0.2169965675197994	0.3232355761885671	0.0	0.0	0.0	0.0	0.0	0.0
k__Bacteria|p__Bacteroidetes|c__Bacteroidia|o__Bacteroidales|f__Bacteroidaceae|g__Bacteroides|s__Bacteroides_clarus	0.0	0.0	0.0	0.0	0.0	0.0	0.0	0.0	0.0	0.0	0.0	0.0	0.0	0.0064287728332771	0.0	0.0	0.0	0.0	0.0	0.0	0.0	0.0	0.0	0.0	0.0	0.0	0.0	0.0	0.0	0.0	0.0	0.0	0.0	0.0	0.0	0.0	0.0	0.0	0.0	0.0556571155988744	0.8086391268538314	0.0	0.0	0.0
k__Bacteria|p__Firmicutes|c__Clostridia|o__Eubacteriales|f__Oscillospiraceae|g__GGB3341|s__GGB3341_SGB4420|t__SGB4420	0.0	0.0	0.0	0.0	0.0	0.0	0.0	0.0	0.0	0.0	0.0	0.0	0.0	0.2587795357821844	0.0	0.0	0.9939046133098784	0.0	0.0	0.0	0.0	0.0	0.0	0.0	0.0	0.0	0.0	0.0	0.0	0.0	0.0	0.0	0.0	0.0	0.0	0.0	0.0	0.0	0.0	0.0	0.0	0.0	0.0	0.0
k__Bacteria|p__Actinobacteria|c__CFGB12107|o__OFGB12107|f__FGB12107|g__GGB9359|s__GGB9359_SGB14334|t__SGB14334	0.0	0.0	0.0	0.0	0.0	0.0	0.0	0.0	0.0	0.0	0.0	0.0	0.0	0.1953575488576271	0.0	0.0	0.0	0.0	0.0	0.0	0.0	0.0	0.0	0.0	0.0208818883416174	0.2949569580573452	0.2143294324192111	0.0	0.0	0.0	0.0	0.0	0.0	0.0	0.0	0.0	0.0	0.0	0.0	0.0	0.0	0.0	0.0	0.0
k__Bacteria|p__Firmicutes|c__Clostridia|o__Eubacteriales|f__Oscillospiraceae|g__GGB32900|s__GGB32900_SGB53446|t__SGB53446	0.0	0.0	0.0	0.0	0.0	0.0	0.0	0.0	0.0	0.0	0.0	0.0	0.0	0.1941832263534152	0.0	0.0	0.0	0.0	0.0	0.0	0.0	0.0	0.0	0.0	0.0	0.0	0.0	0.0	0.0	0.0	0.0	0.0	0.0	0.0	0.0	0.0	0.0	0.0	0.0	0.0	0.0	0.0	0.0	0.0
k__Bacteria|p__Actinobacteria|c__Coriobacteriia|o__Eggerthellales|f__Eggerthellaceae|g__Gordonibacter|s__Gordonibacter_pamelaeae|t__SGB14807	0.0	0.0	0.0	0.0	0.0	0.0	0.0	0.0	0.0	0.0	0.0	0.0	0.0	0.1839571916999489	0.0	0.0	0.0	0.0423015730933717	0.0	0.0	0.0	0.0	0.0	0.0	0.0	0.0	0.0	0.0	0.0079841096508611	0.0086093036610734	0.0	0.0	0.0	0.0288981412387125	0.1262696660616088	0.1209069121947872	0.0	0.0	0.0	0.3479194843578906	0.0458098211601998	0.0	0.0	0.0
k__Bacteria|p__Bacteroidetes|c__Bacteroidia|o__Bacteroidales|f__Rikenellaceae|g__GGB1689|s__GGB1689_SGB2321|t__SGB2321	0.0	0.0	0.0	0.0	0.0	0.0	0.0	0.0	0.0	0.0	0.0	0.0	0.0	0.1486332279053685	0.0	0.0	0.0	0.3597566026895945	0.0991097838884668	0.3268964310201004	0.0	0.0	0.0	0.0	0.0	0.0	0.0	0.0	0.0	0.0	0.0	0.0	0.0	0.0	0.0	0.0	0.0	0.0	0.0	0.0	0.0	0.0	0.0	0.0
k__Bacteria|p__Firmicutes|c__Clostridia|o__Eubacteriales|f__Oscillospiraceae|g__Ruminococcus|s__Ruminococcus_sp_AF13_28|t__SGB4834	0.0	0.0	0.0	0.0	0.0	0.0	0.0	0.0	0.0	0.0	0.0	0.0	0.0	0.0860512672976929	0.0	0.0	0.0	0.0	0.0	0.0	0.0	0.0	0.0	0.0	0.0	0.0	0.0	0.0	0.0	0.0	0.0	0.0	0.0	0.0	0.0	0.0	0.0	0.0	0.0	0.0	0.0	0.0	0.0	0.0
k__Bacteria|p__Bacteroidetes|c__Bacteroidia|o__Bacteroidales|f__Prevotellaceae|g__Paraprevotella|s__Paraprevotella_clara|t__SGB1798	0.0	0.0	0.0	0.0	0.0	0.0	0.0	0.0	0.0	0.0	0.0	0.0	0.0	0.0855455371681417	0.0	0.0	0.0	0.0	0.0	0.0	0.6035695747347907	0.4939747589552296	0.1522342432588789	0.1050637435439065	0.0391458016941969	1.23956280561191	1.306854497741382	0.0	0.0	0.0	0.0	0.0	0.0	0.0	0.0	0.0	0.0	0.0	0.0	0.0	0.0	0.0	0.0	0.0
k__Bacteria|p__Firmicutes|c__Clostridia|o__Eubacteriales|f__Oscillospiraceae|g__Ruminococcus|s__Ruminococcus_SGB4421|t__SGB4421	0.0	0.0	0.0	0.0	0.0	0.0	0.0	0.0	0.0	0.0	0.0	0.0	0.0	0.0602076005079186	0.0	0.0	0.0	0.0	0.0	0.0	0.0	0.0	0.0	0.0	0.0	0.0	0.0	0.0	0.0	0.0	0.0	0.0	0.0	0.0	0.0	0.0	0.0	0.0	0.0	0.0	0.0	0.0	0.0	0.0
k__Bacteria|p__Firmicutes|c__Clostridia|o__Eubacteriales|f__Oscillospiraceae|g__Pseudoflavonifractor|s__Pseudoflavonifractor_sp_An184|t__SGB15156	0.0	0.0	0.0	0.0	0.0	0.0	0.0	0.0	0.0	0.0	0.0	0.0	0.0	0.0549445784817423	0.0	0.0	0.0	0.0	0.0	0.0	0.0	0.0	0.0	0.0	0.0	0.0	0.0	0.0	0.0	0.0	0.0	0.0	0.0	0.0	0.0	0.0	0.0	0.0	0.0	0.0	0.0	0.0	0.0	0.0
k__Bacteria|p__Firmicutes|c__CFGB2984|o__OFGB2984|f__FGB2984|g__GGB9347|s__GGB9347_SGB14313|t__SGB14313	0.0	0.0	0.0	0.0	0.0	0.0	0.0	0.0	0.0	0.0	0.0	0.0	0.0	0.0304295247441786	0.0	0.0	0.0	0.0	0.0	0.0	0.0	0.0	0.0	0.0	0.0	0.0	0.0	0.0	0.0	0.0	0.0	0.0	0.0	0.0	0.0	0.0	0.0	0.0	0.0	0.0	0.0	0.0	0.0	0.0
k__Bacteria|p__Actinobacteria|c__Coriobacteriia|o__Eggerthellales|f__Eggerthellaceae|g__Eggerthella|s__Eggerthella_lenta|t__SGB14809	0.0	0.0	0.0	0.0	0.0	0.0	0.0	0.0	0.0	0.0	0.0	0.0	0.0	0.0269237006257648	0.0	0.0	0.0	0.0	0.0	0.0	0.0	0.0	0.0	0.0	0.0	0.0052684653133881	0.0	0.0	0.0	0.0	0.0	0.0	0.0	0.0	0.0	0.0	0.2169965675197994	0.3232355761885671	0.0	0.0	0.0	0.0	0.0	0.0
k__Bacteria|p__Bacteroidetes|c__Bacteroidia|o__Bacteroidales|f__Bacteroidaceae|g__Bacteroides|s__Bacteroides_clarus|t__SGB1832	0.0	0.0	0.0	0.0	0.0	0.0	0.0	0.0	0.0	0.0	0.0	0.0	0.0	0.0064287728332771	0.0	0.0	0.0	0.0	0.0	0.0	0.0	0.0	0.0	0.0	0.0	0.0	0.0	0.0	0.0	0.0	0.0	0.0	0.0	0.0	0.0	0.0	0.0	0.0	0.0	0.0556571155988744	0.8086391268538314	0.0	0.0	0.0
k__Bacteria|p__Bacteroidetes|c__CFGB1670	0.0	0.0	0.0	0.0	0.0	0.0	0.0	0.0	0.0	0.0	0.0	0.0	0.0	0.0	0.5949449242537103	0.5909214276490031	0.0281817839439584	0.0	0.0	0.0	0.0	0.0	0.0	0.0	0.0	0.0	0.0	0.1952566257469323	0.1277944875347401	0.1109777156139021	0.0	0.0	0.0	0.0	0.0	0.0	0.0	0.0	0.0	0.0	0.0	0.0	0.0	0.0
k__Bacteria|p__Bacteroidetes|c__CFGB1670|o__OFGB1670	0.0	0.0	0.0	0.0	0.0	0.0	0.0	0.0	0.0	0.0	0.0	0.0	0.0	0.0	0.5949449242537103	0.5909214276490031	0.0281817839439584	0.0	0.0	0.0	0.0	0.0	0.0	0.0	0.0	0.0	0.0	0.1952566257469323	0.1277944875347401	0.1109777156139021	0.0	0.0	0.0	0.0	0.0	0.0	0.0	0.0	0.0	0.0	0.0	0.0	0.0	0.0
k__Bacteria|p__Bacteroidetes|c__CFGB1670|o__OFGB1670|f__FGB1670	0.0	0.0	0.0	0.0	0.0	0.0	0.0	0.0	0.0	0.0	0.0	0.0	0.0	0.0	0.5949449242537103	0.5909214276490031	0.0281817839439584	0.0	0.0	0.0	0.0	0.0	0.0	0.0	0.0	0.0	0.0	0.1952566257469323	0.1277944875347401	0.1109777156139021	0.0	0.0	0.0	0.0	0.0	0.0	0.0	0.0	0.0	0.0	0.0	0.0	0.0	0.0
k__Bacteria|p__Bacteroidetes|c__CFGB1670|o__OFGB1670|f__FGB1670|g__GGB47687	0.0	0.0	0.0	0.0	0.0	0.0	0.0	0.0	0.0	0.0	0.0	0.0	0.0	0.0	0.5949449242537103	0.5909214276490031	0.0281817839439584	0.0	0.0	0.0	0.0	0.0	0.0	0.0	0.0	0.0	0.0	0.1952566257469323	0.1277944875347401	0.1109777156139021	0.0	0.0	0.0	0.0	0.0	0.0	0.0	0.0	0.0	0.0	0.0	0.0	0.0	0.0
k__Bacteria|p__Bacteroidetes|c__CFGB1670|o__OFGB1670|f__FGB1670|g__GGB47687|s__GGB47687_SGB2286	0.0	0.0	0.0	0.0	0.0	0.0	0.0	0.0	0.0	0.0	0.0	0.0	0.0	0.0	0.5949449242537103	0.5909214276490031	0.0281817839439584	0.0	0.0	0.0	0.0	0.0	0.0	0.0	0.0	0.0	0.0	0.1952566257469323	0.1277944875347401	0.1109777156139021	0.0	0.0	0.0	0.0	0.0	0.0	0.0	0.0	0.0	0.0	0.0	0.0	0.0	0.0
k__Bacteria|p__Firmicutes|c__Clostridia|o__Eubacteriales|f__Oscillospiraceae|g__Ruminococcus|s__Ruminococcus_bovis	0.0	0.0	0.0	0.0	0.0	0.0	0.0	0.0	0.0	0.0	0.0	0.0	0.0	0.0	0.2904012885356786	2.2811116471342063	0.0	0.0	0.0	0.0	0.0	0.0	0.0	0.0	0.0	0.0	0.0	0.0	0.0	0.0	0.0	0.0	0.0	0.0	0.50418189974224	0.0	0.0	0.0	0.0	0.0	0.0	2.384659154604168	0.0	0.0
k__Bacteria|p__Firmicutes|c__Negativicutes|o__Acidaminococcales|f__Acidaminococcaceae|g__Phascolarctobacterium|s__Phascolarctobacterium_succinatutens	0.0	0.0	0.0	0.0	0.0	0.0	0.0	0.0	0.0	0.0	0.0	0.0	0.0	0.0	0.1980848931810249	0.0872607221555975	0.1859754444324763	0.0	0.0	0.0	0.0	0.0	0.0	0.297703149729826	0.0	0.0	0.0	0.0	0.0	0.0	0.7930320940339212	0.2789017376234332	0.2566780981076	0.0	0.0	0.0	0.0	0.0	0.0	0.0	0.0	0.0	0.0	0.0
k__Bacteria|p__Firmicutes|c__Clostridia|o__Eubacteriales|f__Oscillospiraceae|g__Oscillospiraceae_unclassified|s__Oscillospiraceae_bacterium|t__SGB4247	0.0	0.0	0.0	0.0	0.0	0.0	0.0	0.0	0.0	0.0	0.0	0.0	0.0	0.0	1.824063680482245	0.2624277348378515	0.0	0.0	0.0	0.0	0.0	0.0	0.0	0.0	0.0	0.0	0.0	0.0	0.0	0.0	0.0	0.0	0.0	0.0	0.0	0.0	0.0	0.0	0.0	0.0	0.0	0.0	0.0	0.0
k__Bacteria|p__Bacteroidetes|c__CFGB1670|o__OFGB1670|f__FGB1670|g__GGB47687|s__GGB47687_SGB2286|t__SGB2286	0.0	0.0	0.0	0.0	0.0	0.0	0.0	0.0	0.0	0.0	0.0	0.0	0.0	0.0	0.5949449242537103	0.5909214276490031	0.0281817839439584	0.0	0.0	0.0	0.0	0.0	0.0	0.0	0.0	0.0	0.0	0.1952566257469323	0.1277944875347401	0.1109777156139021	0.0	0.0	0.0	0.0	0.0	0.0	0.0	0.0	0.0	0.0	0.0	0.0	0.0	0.0
k__Bacteria|p__Firmicutes|c__Clostridia|o__Eubacteriales|f__Oscillospiraceae|g__Ruminococcus|s__Ruminococcus_bovis|t__SGB4272	0.0	0.0	0.0	0.0	0.0	0.0	0.0	0.0	0.0	0.0	0.0	0.0	0.0	0.0	0.2904012885356786	2.2811116471342063	0.0	0.0	0.0	0.0	0.0	0.0	0.0	0.0	0.0	0.0	0.0	0.0	0.0	0.0	0.0	0.0	0.0	0.0	0.50418189974224	0.0	0.0	0.0	0.0	0.0	0.0	2.384659154604168	0.0	0.0
k__Bacteria|p__Firmicutes|c__Negativicutes|o__Acidaminococcales|f__Acidaminococcaceae|g__Phascolarctobacterium|s__Phascolarctobacterium_succinatutens|t__SGB5763_group	0.0	0.0	0.0	0.0	0.0	0.0	0.0	0.0	0.0	0.0	0.0	0.0	0.0	0.0	0.1980848931810249	0.0872607221555975	0.1859754444324763	0.0	0.0	0.0	0.0	0.0	0.0	0.297703149729826	0.0	0.0	0.0	0.0	0.0	0.0	0.7930320940339212	0.2789017376234332	0.2566780981076	0.0	0.0	0.0	0.0	0.0	0.0	0.0	0.0	0.0	0.0	0.0
k__Bacteria|p__Proteobacteria|c__Gammaproteobacteria	0.0	0.0	0.0	0.0	0.0	0.0	0.0	0.0	0.0	0.0	0.0	0.0	0.0	0.0	0.0	1.900486212358844	0.0	0.0	0.0	0.0	0.0	0.0	0.0	0.0	0.0	0.0	0.0	0.0	0.0	0.0	0.0514316692618772	0.0	0.0	0.0	0.0	0.0	0.0	0.0	0.1223177119386643	0.0	0.0	0.0	0.0	0.0
k__Bacteria|p__Firmicutes|c__CFGB72924	0.0	0.0	0.0	0.0	0.0	0.0	0.0	0.0	0.0	0.0	0.0	0.0	0.0	0.0	0.0	0.1780091903158769	0.0	0.0	0.0	0.0	0.0	0.0	0.0	0.0	0.0	0.0	0.0	0.0	0.0	0.0	0.0	0.0	0.0	0.0	0.0	0.0	0.0	0.0	0.0	0.0	0.0	0.0	0.0	0.0
k__Bacteria|p__Proteobacteria|c__Gammaproteobacteria|o__Enterobacterales	0.0	0.0	0.0	0.0	0.0	0.0	0.0	0.0	0.0	0.0	0.0	0.0	0.0	0.0	0.0	1.900486212358844	0.0	0.0	0.0	0.0	0.0	0.0	0.0	0.0	0.0	0.0	0.0	0.0	0.0	0.0	0.0514316692618772	0.0	0.0	0.0	0.0	0.0	0.0	0.0	0.019585564933384	0.0	0.0	0.0	0.0	0.0
k__Bacteria|p__Firmicutes|c__CFGB72924|o__OFGB72924	0.0	0.0	0.0	0.0	0.0	0.0	0.0	0.0	0.0	0.0	0.0	0.0	0.0	0.0	0.0	0.1780091903158769	0.0	0.0	0.0	0.0	0.0	0.0	0.0	0.0	0.0	0.0	0.0	0.0	0.0	0.0	0.0	0.0	0.0	0.0	0.0	0.0	0.0	0.0	0.0	0.0	0.0	0.0	0.0	0.0
k__Bacteria|p__Proteobacteria|c__Gammaproteobacteria|o__Enterobacterales|f__Enterobacteriaceae	0.0	0.0	0.0	0.0	0.0	0.0	0.0	0.0	0.0	0.0	0.0	0.0	0.0	0.0	0.0	1.900486212358844	0.0	0.0	0.0	0.0	0.0	0.0	0.0	0.0	0.0	0.0	0.0	0.0	0.0	0.0	0.0	0.0	0.0	0.0	0.0	0.0	0.0	0.0	0.019585564933384	0.0	0.0	0.0	0.0	0.0
k__Bacteria|p__Firmicutes|c__CFGB72924|o__OFGB72924|f__FGB72924	0.0	0.0	0.0	0.0	0.0	0.0	0.0	0.0	0.0	0.0	0.0	0.0	0.0	0.0	0.0	0.1780091903158769	0.0	0.0	0.0	0.0	0.0	0.0	0.0	0.0	0.0	0.0	0.0	0.0	0.0	0.0	0.0	0.0	0.0	0.0	0.0	0.0	0.0	0.0	0.0	0.0	0.0	0.0	0.0	0.0
k__Bacteria|p__Proteobacteria|c__Gammaproteobacteria|o__Enterobacterales|f__Enterobacteriaceae|g__Escherichia	0.0	0.0	0.0	0.0	0.0	0.0	0.0	0.0	0.0	0.0	0.0	0.0	0.0	0.0	0.0	1.900486212358844	0.0	0.0	0.0	0.0	0.0	0.0	0.0	0.0	0.0	0.0	0.0	0.0	0.0	0.0	0.0	0.0	0.0	0.0	0.0	0.0	0.0	0.0	0.019585564933384	0.0	0.0	0.0	0.0	0.0
k__Bacteria|p__Firmicutes|c__CFGB72924|o__OFGB72924|f__FGB72924|g__GGB3612	0.0	0.0	0.0	0.0	0.0	0.0	0.0	0.0	0.0	0.0	0.0	0.0	0.0	0.0	0.0	0.1780091903158769	0.0	0.0	0.0	0.0	0.0	0.0	0.0	0.0	0.0	0.0	0.0	0.0	0.0	0.0	0.0	0.0	0.0	0.0	0.0	0.0	0.0	0.0	0.0	0.0	0.0	0.0	0.0	0.0
k__Bacteria|p__Firmicutes|c__Clostridia|o__Eubacteriales|f__Oscillospiraceae|g__Solibaculum	0.0	0.0	0.0	0.0	0.0	0.0	0.0	0.0	0.0	0.0	0.0	0.0	0.0	0.0	0.0	0.021714572481072	0.0032358364873782	0.0	0.0	0.0	0.0	0.0	0.0	0.0	0.0	0.0	0.0	0.0	0.0	0.0	0.0	0.0	0.0	0.0	0.0	0.0	0.0	0.0	0.0	0.0	0.0	0.0	0.0	0.0
k__Bacteria|p__Firmicutes|c__Clostridia|o__Eubacteriales|f__Oscillospiraceae|g__Massiliimalia	0.0	0.0	0.0	0.0	0.0	0.0	0.0	0.0	0.0	0.0	0.0	0.0	0.0	0.0	0.0	0.0141186641151062	0.0	0.0	0.0	0.0	0.0	0.0	0.0	0.0	0.0047583464327785	0.0143919052463285	0.0051030817242669	0.0	0.0	0.0281767435609999	0.0	0.0	0.0	0.0323648910022429	0.0180049416958841	0.0	0.0	0.0	0.0	0.0	0.0	0.0	0.0	0.0
k__Bacteria|p__Firmicutes|c__Clostridia|o__Eubacteriales|f__Lachnospiraceae|g__GGB3619	0.0	0.0	0.0	0.0	0.0	0.0	0.0	0.0	0.0	0.0	0.0	0.0	0.0	0.0	0.0	0.0061957795612016	0.0	0.0	0.0	0.0	0.0	0.0	0.0065118143288866	0.0	0.0	0.0	0.0	0.0	0.0612412886749676	0.0	0.0	0.0	0.0	0.0	0.0	0.0	0.0	0.0	0.0	0.0	0.0	0.0	0.0	0.0
k__Bacteria|p__Proteobacteria|c__Gammaproteobacteria|o__Enterobacterales|f__Enterobacteriaceae|g__Escherichia|s__Escherichia_coli	0.0	0.0	0.0	0.0	0.0	0.0	0.0	0.0	0.0	0.0	0.0	0.0	0.0	0.0	0.0	1.900486212358844	0.0	0.0	0.0	0.0	0.0	0.0	0.0	0.0	0.0	0.0	0.0	0.0	0.0	0.0	0.0	0.0	0.0	0.0	0.0	0.0	0.0	0.0	0.019585564933384	0.0	0.0	0.0	0.0	0.0
k__Bacteria|p__Firmicutes|c__Clostridia|o__Eubacteriales|f__Clostridiaceae|g__Clostridium|s__Clostridium_SGB4909	0.0	0.0	0.0	0.0	0.0	0.0	0.0	0.0	0.0	0.0	0.0	0.0	0.0	0.0	0.0	1.3997347565376126	0.0052146437628677	0.0	0.0	0.0	0.1224252547018059	0.0	0.3271625336961306	0.0	0.0	0.0	0.0	0.0	0.0	0.0	0.0	0.0	0.0	0.0	0.0	0.0	0.0	0.0	0.0	0.0	0.0	0.0	0.0	0.0
k__Bacteria|p__Firmicutes|c__CFGB72924|o__OFGB72924|f__FGB72924|g__GGB3612|s__GGB3612_SGB4882	0.0	0.0	0.0	0.0	0.0	0.0	0.0	0.0	0.0	0.0	0.0	0.0	0.0	0.0	0.0	0.1780091903158769	0.0	0.0	0.0	0.0	0.0	0.0	0.0	0.0	0.0	0.0	0.0	0.0	0.0	0.0	0.0	0.0	0.0	0.0	0.0	0.0	0.0	0.0	0.0	0.0	0.0	0.0	0.0	0.0
k__Bacteria|p__Firmicutes|c__Clostridia|o__Eubacteriales|f__Lachnospiraceae|g__Blautia|s__Blautia_sp_Marseille_P3087	0.0	0.0	0.0	0.0	0.0	0.0	0.0	0.0	0.0	0.0	0.0	0.0	0.0	0.0	0.0	0.0705430165466177	0.0	0.0	0.0	0.0	0.0	0.0	0.0	0.0	0.0	0.0	0.0	0.0	0.0	0.0259111373344016	0.0	0.1292804726793076	0.2509444162109446	0.0	0.0	0.0	0.1341904652575039	0.1005071963908238	0.0	0.0305057900834729	0.1153249345381086	0.127594105840406	0.0	0.0
k__Bacteria|p__Bacteroidetes|c__Bacteroidia|o__Bacteroidales|f__Rikenellaceae|g__Alistipes|s__Alistipes_sp_AF17_16	0.0	0.0	0.0	0.0	0.0	0.0	0.0	0.0	0.0	0.0	0.0	0.0	0.0	0.0	0.0	0.0304087854783197	0.0	0.0	0.0	0.0	0.0	0.0	0.0	0.0	0.0	0.0	0.0	0.0	0.0534764780684332	0.0	0.0	0.0	0.0	0.0	0.0	0.0	0.0	0.0	0.0	0.0	0.0	0.0	0.0	0.0
k__Bacteria|p__Firmicutes|c__Clostridia|o__Eubacteriales|f__Oscillospiraceae|g__Solibaculum|s__Solibaculum_mannosilyticum	0.0	0.0	0.0	0.0	0.0	0.0	0.0	0.0	0.0	0.0	0.0	0.0	0.0	0.0	0.0	0.021714572481072	0.0032358364873782	0.0	0.0	0.0	0.0	0.0	0.0	0.0	0.0	0.0	0.0	0.0	0.0	0.0	0.0	0.0	0.0	0.0	0.0	0.0	0.0	0.0	0.0	0.0	0.0	0.0	0.0	0.0
k__Bacteria|p__Firmicutes|c__Clostridia|o__Eubacteriales|f__Oscillospiraceae|g__Massiliimalia|s__Massiliimalia_timonensis	0.0	0.0	0.0	0.0	0.0	0.0	0.0	0.0	0.0	0.0	0.0	0.0	0.0	0.0	0.0	0.0141186641151062	0.0	0.0	0.0	0.0	0.0	0.0	0.0	0.0	0.0047583464327785	0.0143919052463285	0.0051030817242669	0.0	0.0	0.0	0.0	0.0	0.0	0.0323648910022429	0.0180049416958841	0.0	0.0	0.0	0.0	0.0	0.0	0.0	0.0	0.0
k__Bacteria|p__Firmicutes|c__Clostridia|o__Eubacteriales|f__Lachnospiraceae|g__GGB3619|s__GGB3619_SGB4894	0.0	0.0	0.0	0.0	0.0	0.0	0.0	0.0	0.0	0.0	0.0	0.0	0.0	0.0	0.0	0.0061957795612016	0.0	0.0	0.0	0.0	0.0	0.0	0.0065118143288866	0.0	0.0	0.0	0.0	0.0	0.0612412886749676	0.0	0.0	0.0	0.0	0.0	0.0	0.0	0.0	0.0	0.0	0.0	0.0	0.0	0.0	0.0
k__Bacteria|p__Bacteroidetes|c__Bacteroidia|o__Bacteroidales|f__Prevotellaceae|g__Prevotella|s__Prevotella_copri_clade_A	0.0	0.0	0.0	0.0	0.0	0.0	0.0	0.0	0.0	0.0	0.0	0.0	0.0	0.0	0.0	0.0016516489493325	0.0	0.0	0.0	0.0	0.0	0.0	0.0	1.1565047714174996	0.0	0.0	0.0	8.920641662856408	2.4962241662642564	0.6768429246669728	0.0	0.0	0.0	0.0	0.0	0.0	0.0	0.0	0.0	0.0	0.0	0.0	0.0	0.0
k__Bacteria|p__Proteobacteria|c__Gammaproteobacteria|o__Enterobacterales|f__Enterobacteriaceae|g__Escherichia|s__Escherichia_coli|t__SGB10068	0.0	0.0	0.0	0.0	0.0	0.0	0.0	0.0	0.0	0.0	0.0	0.0	0.0	0.0	0.0	1.900486212358844	0.0	0.0	0.0	0.0	0.0	0.0	0.0	0.0	0.0	0.0	0.0	0.0	0.0	0.0	0.0	0.0	0.0	0.0	0.0	0.0	0.0	0.0	0.019585564933384	0.0	0.0	0.0	0.0	0.0
k__Bacteria|p__Firmicutes|c__Clostridia|o__Eubacteriales|f__Clostridiaceae|g__Clostridium|s__Clostridium_SGB4909|t__SGB4909	0.0	0.0	0.0	0.0	0.0	0.0	0.0	0.0	0.0	0.0	0.0	0.0	0.0	0.0	0.0	1.3997347565376126	0.0052146437628677	0.0	0.0	0.0	0.1224252547018059	0.0	0.3271625336961306	0.0	0.0	0.0	0.0	0.0	0.0	0.0	0.0	0.0	0.0	0.0	0.0	0.0	0.0	0.0	0.0	0.0	0.0	0.0	0.0	0.0
k__Bacteria|p__Firmicutes|c__CFGB72924|o__OFGB72924|f__FGB72924|g__GGB3612|s__GGB3612_SGB4882|t__SGB4882	0.0	0.0	0.0	0.0	0.0	0.0	0.0	0.0	0.0	0.0	0.0	0.0	0.0	0.0	0.0	0.1780091903158769	0.0	0.0	0.0	0.0	0.0	0.0	0.0	0.0	0.0	0.0	0.0	0.0	0.0	0.0	0.0	0.0	0.0	0.0	0.0	0.0	0.0	0.0	0.0	0.0	0.0	0.0	0.0	0.0
k__Bacteria|p__Firmicutes|c__Clostridia|o__Eubacteriales|f__Clostridiaceae|g__Clostridiaceae_unclassified|s__Clostridiaceae_bacterium|t__SGB4770	0.0	0.0	0.0	0.0	0.0	0.0	0.0	0.0	0.0	0.0	0.0	0.0	0.0	0.0	0.0	0.0955860389408116	0.0045090854310333	0.0	0.0	0.0	0.0140492340039363	0.0	0.0	0.0	0.0	0.0	0.0	0.0047398089546561	0.0275748242773892	0.0	0.0	0.0	0.0	0.0	0.0	0.0	0.0	0.0	0.0	0.0	0.0	0.0	0.0	0.0
k__Bacteria|p__Firmicutes|c__Clostridia|o__Eubacteriales|f__Lachnospiraceae|g__Blautia|s__Blautia_sp_Marseille_P3087|t__SGB4813	0.0	0.0	0.0	0.0	0.0	0.0	0.0	0.0	0.0	0.0	0.0	0.0	0.0	0.0	0.0	0.0705430165466177	0.0	0.0	0.0	0.0	0.0	0.0	0.0	0.0	0.0	0.0	0.0	0.0	0.0	0.0259111373344016	0.0	0.1292804726793076	0.2509444162109446	0.0	0.0	0.0	0.1341904652575039	0.1005071963908238	0.0	0.0305057900834729	0.1153249345381086	0.127594105840406	0.0	0.0
k__Bacteria|p__Bacteroidetes|c__Bacteroidia|o__Bacteroidales|f__Rikenellaceae|g__Alistipes|s__Alistipes_sp_AF17_16|t__SGB2326	0.0	0.0	0.0	0.0	0.0	0.0	0.0	0.0	0.0	0.0	0.0	0.0	0.0	0.0	0.0	0.0304087854783197	0.0	0.0	0.0	0.0	0.0	0.0	0.0	0.0	0.0	0.0	0.0	0.0	0.0534764780684332	0.0	0.0	0.0	0.0	0.0	0.0	0.0	0.0	0.0	0.0	0.0	0.0	0.0	0.0	0.0
k__Bacteria|p__Firmicutes|c__Clostridia|o__Eubacteriales|f__Oscillospiraceae|g__Solibaculum|s__Solibaculum_mannosilyticum|t__SGB7259	0.0	0.0	0.0	0.0	0.0	0.0	0.0	0.0	0.0	0.0	0.0	0.0	0.0	0.0	0.0	0.021714572481072	0.0032358364873782	0.0	0.0	0.0	0.0	0.0	0.0	0.0	0.0	0.0	0.0	0.0	0.0	0.0	0.0	0.0	0.0	0.0	0.0	0.0	0.0	0.0	0.0	0.0	0.0	0.0	0.0	0.0
k__Bacteria|p__Firmicutes|c__Clostridia|o__Eubacteriales|f__Oscillospiraceae|g__Massiliimalia|s__Massiliimalia_timonensis|t__SGB7253	0.0	0.0	0.0	0.0	0.0	0.0	0.0	0.0	0.0	0.0	0.0	0.0	0.0	0.0	0.0	0.0141186641151062	0.0	0.0	0.0	0.0	0.0	0.0	0.0	0.0	0.0047583464327785	0.0143919052463285	0.0051030817242669	0.0	0.0	0.0	0.0	0.0	0.0	0.0323648910022429	0.0180049416958841	0.0	0.0	0.0	0.0	0.0	0.0	0.0	0.0	0.0
k__Bacteria|p__Firmicutes|c__Clostridia|o__Eubacteriales|f__Lachnospiraceae|g__GGB3619|s__GGB3619_SGB4894|t__SGB4894	0.0	0.0	0.0	0.0	0.0	0.0	0.0	0.0	0.0	0.0	0.0	0.0	0.0	0.0	0.0	0.0061957795612016	0.0	0.0	0.0	0.0	0.0	0.0	0.0065118143288866	0.0	0.0	0.0	0.0	0.0	0.0612412886749676	0.0	0.0	0.0	0.0	0.0	0.0	0.0	0.0	0.0	0.0	0.0	0.0	0.0	0.0	0.0
k__Bacteria|p__Bacteroidetes|c__Bacteroidia|o__Bacteroidales|f__Prevotellaceae|g__Prevotella|s__Prevotella_copri_clade_A|t__SGB1626	0.0	0.0	0.0	0.0	0.0	0.0	0.0	0.0	0.0	0.0	0.0	0.0	0.0	0.0	0.0	0.0016516489493325	0.0	0.0	0.0	0.0	0.0	0.0	0.0	1.1565047714174996	0.0	0.0	0.0	8.920641662856408	2.4962241662642564	0.6768429246669728	0.0	0.0	0.0	0.0	0.0	0.0	0.0	0.0	0.0	0.0	0.0	0.0	0.0	0.0
k__Bacteria|p__Firmicutes|c__Clostridia|o__Eubacteriales|f__Clostridiaceae|g__Clostridium|s__Clostridium_sp_AF34_13	0.0	0.0	0.0	0.0	0.0	0.0	0.0	0.0	0.0	0.0	0.0	0.0	0.0	0.0	0.0	0.0	0.15468758185527	0.0	0.0	0.0	0.0	0.0	0.0	0.0	0.0	0.0	0.0	0.0	0.0	0.0	0.0	0.0	0.0	0.0	0.0	0.0	0.0	0.0	0.0	0.0	0.0	0.0	0.0	0.0
k__Bacteria|p__Firmicutes|c__Clostridia|o__Eubacteriales|f__Lachnospiraceae|g__GGB3740|s__GGB3740_SGB5076	0.0	0.0	0.0	0.0	0.0	0.0	0.0	0.0	0.0	0.0	0.0	0.0	0.0	0.0	0.0	0.0	0.0543036619535959	0.0	0.0	0.0	0.0	0.0	0.0	0.0	0.0	0.0	0.0	0.0	0.0	0.0	0.0	0.075459441012829	0.0	0.0	0.0	0.0	0.0	0.0	0.0	0.0	0.0	0.0	0.0	0.0
k__Bacteria|p__Bacteroidetes|c__Bacteroidia|o__Bacteroidales|f__Bacteroidaceae|g__Bacteroides|s__Bacteroides_ovatus	0.0	0.0	0.0	0.0	0.0	0.0	0.0	0.0	0.0	0.0	0.0	0.0	0.0	0.0	0.0	0.0	0.0206720481361583	0.0	0.0	0.0	0.0331936333254535	0.0	0.0	0.0	0.4822292240787843	0.4020138865474454	0.4826383321650597	0.0	0.0	0.0	0.0	0.0	0.0	0.1070754883753126	0.0	0.1026125367486945	0.0	0.4815575765483355	0.0380160837296711	0.010260568173921	0.1016965783480014	0.0	0.0	0.0
k__Bacteria|p__Firmicutes|c__Clostridia|o__Eubacteriales|f__Clostridiaceae|g__Clostridium|s__Clostridium_sp_AF34_13|t__SGB4659	0.0	0.0	0.0	0.0	0.0	0.0	0.0	0.0	0.0	0.0	0.0	0.0	0.0	0.0	0.0	0.0	0.15468758185527	0.0	0.0	0.0	0.0	0.0	0.0	0.0	0.0	0.0	0.0	0.0	0.0	0.0	0.0	0.0	0.0	0.0	0.0	0.0	0.0	0.0	0.0	0.0	0.0	0.0	0.0	0.0
k__Bacteria|p__Firmicutes|c__Clostridia|o__Eubacteriales|f__Lachnospiraceae|g__GGB3740|s__GGB3740_SGB5076|t__SGB5076	0.0	0.0	0.0	0.0	0.0	0.0	0.0	0.0	0.0	0.0	0.0	0.0	0.0	0.0	0.0	0.0	0.0543036619535959	0.0	0.0	0.0	0.0	0.0	0.0	0.0	0.0	0.0	0.0	0.0	0.0	0.0	0.0	0.075459441012829	0.0	0.0	0.0	0.0	0.0	0.0	0.0	0.0	0.0	0.0	0.0	0.0
k__Bacteria|p__Bacteroidetes|c__Bacteroidia|o__Bacteroidales|f__Bacteroidaceae|g__Bacteroides|s__Bacteroides_ovatus|t__SGB1871	0.0	0.0	0.0	0.0	0.0	0.0	0.0	0.0	0.0	0.0	0.0	0.0	0.0	0.0	0.0	0.0	0.0206720481361583	0.0	0.0	0.0	0.0331936333254535	0.0	0.0	0.0	0.4822292240787843	0.4020138865474454	0.4826383321650597	0.0	0.0	0.0	0.0	0.0	0.0	0.1070754883753126	0.0	0.1026125367486945	0.0	0.4815575765483355	0.0380160837296711	0.010260568173921	0.1016965783480014	0.0	0.0	0.0
k__Bacteria|p__Proteobacteria|c__CFGB2404	0.0	0.0	0.0	0.0	0.0	0.0	0.0	0.0	0.0	0.0	0.0	0.0	0.0	0.0	0.0	0.0	0.0	0.4780142170016318	0.2217854607820533	0.0	0.0	0.0	0.0	0.0	0.0	0.0	0.0	0.0	0.0	0.0	0.0	0.0	0.0	0.0	0.0	0.0	0.0	0.0	0.0	0.0	0.0	0.0	0.0	0.0
k__Bacteria|p__Bacteroidetes|c__CFGB602	0.0	0.0	0.0	0.0	0.0	0.0	0.0	0.0	0.0	0.0	0.0	0.0	0.0	0.0	0.0	0.0	0.0	0.119634388008072	0.0	0.0	0.0	0.0	0.0	0.0	0.0	0.0	0.0	0.0663338221802863	0.0	0.0	0.0	0.0	0.0	0.0	0.0	0.0	0.0	0.0	0.0	0.0	0.0	0.0	0.0	0.0
k__Bacteria|p__Firmicutes|c__CFGB1765	0.0	0.0	0.0	0.0	0.0	0.0	0.0	0.0	0.0	0.0	0.0	0.0	0.0	0.0	0.0	0.0	0.0	0.0286304518309916	0.0	0.0	0.0	0.0	0.0	0.0	0.0	0.0	0.0	0.0	0.0	0.0	0.0	0.0	0.0	0.0	0.0	0.0	0.0	0.0	0.0	0.0	0.0	0.0	0.0	0.0
k__Bacteria|p__Firmicutes|c__CFGB2834	0.0	0.0	0.0	0.0	0.0	0.0	0.0	0.0	0.0	0.0	0.0	0.0	0.0	0.0	0.0	0.0	0.0	0.0069965867944689	0.0	0.0	0.0	0.0	0.0	0.0	0.0	0.0	0.0	0.0	0.0	0.0	0.0	0.0	0.0	0.0	0.0	0.0	0.0	0.0	0.0	0.0	0.0	0.0	0.0	0.0
k__Bacteria|p__Proteobacteria|c__CFGB2404|o__OFGB2404	0.0	0.0	0.0	0.0	0.0	0.0	0.0	0.0	0.0	0.0	0.0	0.0	0.0	0.0	0.0	0.0	0.0	0.4780142170016318	0.2217854607820533	0.0	0.0	0.0	0.0	0.0	0.0	0.0	0.0	0.0	0.0	0.0	0.0	0.0	0.0	0.0	0.0	0.0	0.0	0.0	0.0	0.0	0.0	0.0	0.0	0.0
k__Bacteria|p__Bacteroidetes|c__CFGB602|o__OFGB602	0.0	0.0	0.0	0.0	0.0	0.0	0.0	0.0	0.0	0.0	0.0	0.0	0.0	0.0	0.0	0.0	0.0	0.119634388008072	0.0	0.0	0.0	0.0	0.0	0.0	0.0	0.0	0.0	0.0663338221802863	0.0	0.0	0.0	0.0	0.0	0.0	0.0	0.0	0.0	0.0	0.0	0.0	0.0	0.0	0.0	0.0
k__Bacteria|p__Firmicutes|c__CFGB1765|o__OFGB1765	0.0	0.0	0.0	0.0	0.0	0.0	0.0	0.0	0.0	0.0	0.0	0.0	0.0	0.0	0.0	0.0	0.0	0.0286304518309916	0.0	0.0	0.0	0.0	0.0	0.0	0.0	0.0	0.0	0.0	0.0	0.0	0.0	0.0	0.0	0.0	0.0	0.0	0.0	0.0	0.0	0.0	0.0	0.0	0.0	0.0
k__Bacteria|p__Firmicutes|c__CFGB2834|o__OFGB2834	0.0	0.0	0.0	0.0	0.0	0.0	0.0	0.0	0.0	0.0	0.0	0.0	0.0	0.0	0.0	0.0	0.0	0.0069965867944689	0.0	0.0	0.0	0.0	0.0	0.0	0.0	0.0	0.0	0.0	0.0	0.0	0.0	0.0	0.0	0.0	0.0	0.0	0.0	0.0	0.0	0.0	0.0	0.0	0.0	0.0
k__Bacteria|p__Proteobacteria|c__CFGB2404|o__OFGB2404|f__FGB2404	0.0	0.0	0.0	0.0	0.0	0.0	0.0	0.0	0.0	0.0	0.0	0.0	0.0	0.0	0.0	0.0	0.0	0.4780142170016318	0.2217854607820533	0.0	0.0	0.0	0.0	0.0	0.0	0.0	0.0	0.0	0.0	0.0	0.0	0.0	0.0	0.0	0.0	0.0	0.0	0.0	0.0	0.0	0.0	0.0	0.0	0.0
k__Bacteria|p__Bacteroidetes|c__CFGB602|o__OFGB602|f__FGB602	0.0	0.0	0.0	0.0	0.0	0.0	0.0	0.0	0.0	0.0	0.0	0.0	0.0	0.0	0.0	0.0	0.0	0.119634388008072	0.0	0.0	0.0	0.0	0.0	0.0	0.0	0.0	0.0	0.0663338221802863	0.0	0.0	0.0	0.0	0.0	0.0	0.0	0.0	0.0	0.0	0.0	0.0	0.0	0.0	0.0	0.0
k__Bacteria|p__Firmicutes|c__CFGB1765|o__OFGB1765|f__FGB1765	0.0	0.0	0.0	0.0	0.0	0.0	0.0	0.0	0.0	0.0	0.0	0.0	0.0	0.0	0.0	0.0	0.0	0.0286304518309916	0.0	0.0	0.0	0.0	0.0	0.0	0.0	0.0	0.0	0.0	0.0	0.0	0.0	0.0	0.0	0.0	0.0	0.0	0.0	0.0	0.0	0.0	0.0	0.0	0.0	0.0
k__Bacteria|p__Firmicutes|c__CFGB2834|o__OFGB2834|f__FGB2834	0.0	0.0	0.0	0.0	0.0	0.0	0.0	0.0	0.0	0.0	0.0	0.0	0.0	0.0	0.0	0.0	0.0	0.0069965867944689	0.0	0.0	0.0	0.0	0.0	0.0	0.0	0.0	0.0	0.0	0.0	0.0	0.0	0.0	0.0	0.0	0.0	0.0	0.0	0.0	0.0	0.0	0.0	0.0	0.0	0.0
k__Bacteria|p__Firmicutes|c__Negativicutes|o__Acidaminococcales|f__Acidaminococcaceae|g__GGB15850	0.0	0.0	0.0	0.0	0.0	0.0	0.0	0.0	0.0	0.0	0.0	0.0	0.0	0.0	0.0	0.0	0.0	0.5831240450819456	0.6479324797833571	0.0366013866274321	0.6013001510144818	0.8458233584458499	0.0	0.0	0.0	0.0	0.0	0.0	0.0	0.0	0.0	0.0	0.0	0.0	0.0	0.0	0.0	0.0	0.0	0.0	0.0	0.0	0.0	0.0
k__Bacteria|p__Proteobacteria|c__CFGB2404|o__OFGB2404|f__FGB2404|g__GGB6608	0.0	0.0	0.0	0.0	0.0	0.0	0.0	0.0	0.0	0.0	0.0	0.0	0.0	0.0	0.0	0.0	0.0	0.4780142170016318	0.2217854607820533	0.0	0.0	0.0	0.0	0.0	0.0	0.0	0.0	0.0	0.0	0.0	0.0	0.0	0.0	0.0	0.0	0.0	0.0	0.0	0.0	0.0	0.0	0.0	0.0	0.0
k__Bacteria|p__Firmicutes|c__Clostridia|o__Eubacteriales|f__Lachnospiraceae|g__Sellimonas	0.0	0.0	0.0	0.0	0.0	0.0	0.0	0.0	0.0	0.0	0.0	0.0	0.0	0.0	0.0	0.0	0.0	0.4422825113700399	0.3903144221592083	0.0	0.0	0.0	0.0	0.0	0.0	0.0	0.0	0.0	0.0	0.0403740276952168	0.0	0.0	1.2148065203118614	0.0	0.0	0.0	0.0	0.0	0.0	0.0	0.0	0.0	0.0	0.0
k__Bacteria|p__Actinobacteria|c__Coriobacteriia|o__Eggerthellales|f__Eggerthellaceae|g__Slackia	0.0	0.0	0.0	0.0	0.0	0.0	0.0	0.0	0.0	0.0	0.0	0.0	0.0	0.0	0.0	0.0	0.0	0.2041489698050121	0.0	0.619762908757757	0.0443023299797288	0.0193972666338075	0.0	0.1336668603966399	0.0	0.0	0.0	0.0	0.0	0.0	0.0	0.3091851985195964	0.0	0.0	0.0	0.0	0.0	0.0	0.0	0.0	0.0	0.0	0.0	0.0
k__Bacteria|p__Bacteroidetes|c__CFGB602|o__OFGB602|f__FGB602|g__GGB1420	0.0	0.0	0.0	0.0	0.0	0.0	0.0	0.0	0.0	0.0	0.0	0.0	0.0	0.0	0.0	0.0	0.0	0.119634388008072	0.0	0.0	0.0	0.0	0.0	0.0	0.0	0.0	0.0	0.0663338221802863	0.0	0.0	0.0	0.0	0.0	0.0	0.0	0.0	0.0	0.0	0.0	0.0	0.0	0.0	0.0	0.0
k__Bacteria|p__Firmicutes|c__CFGB1765|o__OFGB1765|f__FGB1765|g__GGB4571	0.0	0.0	0.0	0.0	0.0	0.0	0.0	0.0	0.0	0.0	0.0	0.0	0.0	0.0	0.0	0.0	0.0	0.0286304518309916	0.0	0.0	0.0	0.0	0.0	0.0	0.0	0.0	0.0	0.0	0.0	0.0	0.0	0.0	0.0	0.0	0.0	0.0	0.0	0.0	0.0	0.0	0.0	0.0	0.0	0.0
k__Bacteria|p__Firmicutes|c__Clostridia|o__Eubacteriales|f__Oscillospiraceae|g__Hydrogeniiclostidium	0.0	0.0	0.0	0.0	0.0	0.0	0.0	0.0	0.0	0.0	0.0	0.0	0.0	0.0	0.0	0.0	0.0	0.0195968840710443	0.0168883140854138	0.0	0.0	0.0	0.0	0.0	0.0	0.0	0.0	0.0	0.0	0.0	0.0	0.0	0.0	0.0	0.0	0.0	0.0	0.0	0.0	0.0	0.0	0.0	0.0	0.0
k__Bacteria|p__Firmicutes|c__CFGB2834|o__OFGB2834|f__FGB2834|g__GGB9063	0.0	0.0	0.0	0.0	0.0	0.0	0.0	0.0	0.0	0.0	0.0	0.0	0.0	0.0	0.0	0.0	0.0	0.0069965867944689	0.0	0.0	0.0	0.0	0.0	0.0	0.0	0.0	0.0	0.0	0.0	0.0	0.0	0.0	0.0	0.0	0.0	0.0	0.0	0.0	0.0	0.0	0.0	0.0	0.0	0.0
k__Bacteria|p__Bacteroidetes|c__Bacteroidia|o__Bacteroidales|f__Rikenellaceae|g__Alistipes|s__Alistipes_SGB2313	0.0	0.0	0.0	0.0	0.0	0.0	0.0	0.0	0.0	0.0	0.0	0.0	0.0	0.0	0.0	0.0	0.0	4.140022914441801	0.4066585092434042	0.7034017453419733	0.0	0.0	0.0	0.0	0.0	0.0	0.0	0.0	0.0	0.0	0.0	0.0	0.0	0.0	0.0	0.0	0.0	0.0	0.0	0.0	0.0	0.0	0.0	0.0
k__Bacteria|p__Bacteroidetes|c__Bacteroidia|o__Bacteroidales|f__Bacteroidaceae|g__Bacteroides|s__Bacteroides_eggerthii	0.0	0.0	0.0	0.0	0.0	0.0	0.0	0.0	0.0	0.0	0.0	0.0	0.0	0.0	0.0	0.0	0.0	2.833521036061972	3.533614087765103	0.0458427224641897	6.237895219517696	1.0448806635679169	0.4979217659940836	0.0	0.0	0.0	0.0	0.0	0.0	0.0	0.0	0.0	0.0	0.0	0.0	0.0	0.0	0.0	0.0	0.0	0.0	0.0	0.0	0.0
k__Bacteria|p__Firmicutes|c__Negativicutes|o__Acidaminococcales|f__Acidaminococcaceae|g__GGB15850|s__GGB15850_SGB5785	0.0	0.0	0.0	0.0	0.0	0.0	0.0	0.0	0.0	0.0	0.0	0.0	0.0	0.0	0.0	0.0	0.0	0.5831240450819456	0.6479324797833571	0.0366013866274321	0.6013001510144818	0.8458233584458499	0.0	0.0	0.0	0.0	0.0	0.0	0.0	0.0	0.0	0.0	0.0	0.0	0.0	0.0	0.0	0.0	0.0	0.0	0.0	0.0	0.0	0.0
k__Bacteria|p__Proteobacteria|c__CFGB2404|o__OFGB2404|f__FGB2404|g__GGB6608|s__GGB6608_SGB9342	0.0	0.0	0.0	0.0	0.0	0.0	0.0	0.0	0.0	0.0	0.0	0.0	0.0	0.0	0.0	0.0	0.0	0.4780142170016318	0.2217854607820533	0.0	0.0	0.0	0.0	0.0	0.0	0.0	0.0	0.0	0.0	0.0	0.0	0.0	0.0	0.0	0.0	0.0	0.0	0.0	0.0	0.0	0.0	0.0	0.0	0.0
k__Bacteria|p__Firmicutes|c__Clostridia|o__Eubacteriales|f__Lachnospiraceae|g__Sellimonas|s__Sellimonas_intestinalis	0.0	0.0	0.0	0.0	0.0	0.0	0.0	0.0	0.0	0.0	0.0	0.0	0.0	0.0	0.0	0.0	0.0	0.4422825113700399	0.3903144221592083	0.0	0.0	0.0	0.0	0.0	0.0	0.0	0.0	0.0	0.0	0.0403740276952168	0.0	0.0	1.2148065203118614	0.0	0.0	0.0	0.0	0.0	0.0	0.0	0.0	0.0	0.0	0.0
k__Bacteria|p__Actinobacteria|c__Coriobacteriia|o__Eggerthellales|f__Eggerthellaceae|g__Slackia|s__Slackia_isoflavoniconvertens	0.0	0.0	0.0	0.0	0.0	0.0	0.0	0.0	0.0	0.0	0.0	0.0	0.0	0.0	0.0	0.0	0.0	0.2041489698050121	0.0	0.619762908757757	0.0443023299797288	0.0193972666338075	0.0	0.1336668603966399	0.0	0.0	0.0	0.0	0.0	0.0	0.0	0.3091851985195964	0.0	0.0	0.0	0.0	0.0	0.0	0.0	0.0	0.0	0.0	0.0	0.0
k__Bacteria|p__Bacteroidetes|c__CFGB602|o__OFGB602|f__FGB602|g__GGB1420|s__GGB1420_SGB1957	0.0	0.0	0.0	0.0	0.0	0.0	0.0	0.0	0.0	0.0	0.0	0.0	0.0	0.0	0.0	0.0	0.0	0.119634388008072	0.0	0.0	0.0	0.0	0.0	0.0	0.0	0.0	0.0	0.0663338221802863	0.0	0.0	0.0	0.0	0.0	0.0	0.0	0.0	0.0	0.0	0.0	0.0	0.0	0.0	0.0	0.0
k__Bacteria|p__Bacteroidetes|c__Bacteroidia|o__Bacteroidales|f__Bacteroidaceae|g__Bacteroides|s__Bacteroides_fragilis	0.0	0.0	0.0	0.0	0.0	0.0	0.0	0.0	0.0	0.0	0.0	0.0	0.0	0.0	0.0	0.0	0.0	0.1027588460964414	0.0225983783362877	0.0	0.0	0.0	0.0	0.0	0.0	0.0	0.0	0.0	0.0	0.0	0.0	0.0	0.0	0.0	0.0	0.0	0.0	0.0	0.0	0.0	0.0572163529136656	0.0	0.0	0.0
k__Bacteria|p__Firmicutes|c__CFGB1765|o__OFGB1765|f__FGB1765|g__GGB4571|s__GGB4571_SGB6317	0.0	0.0	0.0	0.0	0.0	0.0	0.0	0.0	0.0	0.0	0.0	0.0	0.0	0.0	0.0	0.0	0.0	0.0286304518309916	0.0	0.0	0.0	0.0	0.0	0.0	0.0	0.0	0.0	0.0	0.0	0.0	0.0	0.0	0.0	0.0	0.0	0.0	0.0	0.0	0.0	0.0	0.0	0.0	0.0	0.0
k__Bacteria|p__Firmicutes|c__Clostridia|o__Eubacteriales|f__Oscillospiraceae|g__Hydrogeniiclostidium|s__Hydrogeniiclostidium_mannosilyticum	0.0	0.0	0.0	0.0	0.0	0.0	0.0	0.0	0.0	0.0	0.0	0.0	0.0	0.0	0.0	0.0	0.0	0.0195968840710443	0.0168883140854138	0.0	0.0	0.0	0.0	0.0	0.0	0.0	0.0	0.0	0.0	0.0	0.0	0.0	0.0	0.0	0.0	0.0	0.0	0.0	0.0	0.0	0.0	0.0	0.0	0.0
k__Bacteria|p__Firmicutes|c__Clostridia|o__Eubacteriales|f__Clostridiaceae|g__Clostridium|s__Clostridium_SGB6173	0.0	0.0	0.0	0.0	0.0	0.0	0.0	0.0	0.0	0.0	0.0	0.0	0.0	0.0	0.0	0.0	0.0	0.0134054280929699	0.0	0.0	0.0	0.0	0.0	0.0	0.0	0.0	0.0	0.0	0.0	0.0	0.0	0.0	0.0	0.0	0.0	0.0	0.0	0.0	0.0	0.0	0.0	0.0	0.0	0.0
k__Bacteria|p__Firmicutes|c__CFGB2834|o__OFGB2834|f__FGB2834|g__GGB9063|s__GGB9063_SGB13982	0.0	0.0	0.0	0.0	0.0	0.0	0.0	0.0	0.0	0.0	0.0	0.0	0.0	0.0	0.0	0.0	0.0	0.0069965867944689	0.0	0.0	0.0	0.0	0.0	0.0	0.0	0.0	0.0	0.0	0.0	0.0	0.0	0.0	0.0	0.0	0.0	0.0	0.0	0.0	0.0	0.0	0.0	0.0	0.0	0.0
k__Bacteria|p__Bacteroidetes|c__Bacteroidia|o__Bacteroidales|f__Rikenellaceae|g__Alistipes|s__Alistipes_SGB2313|t__SGB2313	0.0	0.0	0.0	0.0	0.0	0.0	0.0	0.0	0.0	0.0	0.0	0.0	0.0	0.0	0.0	0.0	0.0	4.140022914441801	0.4066585092434042	0.7034017453419733	0.0	0.0	0.0	0.0	0.0	0.0	0.0	0.0	0.0	0.0	0.0	0.0	0.0	0.0	0.0	0.0	0.0	0.0	0.0	0.0	0.0	0.0	0.0	0.0
k__Bacteria|p__Bacteroidetes|c__Bacteroidia|o__Bacteroidales|f__Bacteroidaceae|g__Bacteroides|s__Bacteroides_eggerthii|t__SGB1829	0.0	0.0	0.0	0.0	0.0	0.0	0.0	0.0	0.0	0.0	0.0	0.0	0.0	0.0	0.0	0.0	0.0	2.833521036061972	3.533614087765103	0.0458427224641897	6.237895219517696	1.0448806635679169	0.4979217659940836	0.0	0.0	0.0	0.0	0.0	0.0	0.0	0.0	0.0	0.0	0.0	0.0	0.0	0.0	0.0	0.0	0.0	0.0	0.0	0.0	0.0
k__Bacteria|p__Firmicutes|c__Negativicutes|o__Acidaminococcales|f__Acidaminococcaceae|g__GGB15850|s__GGB15850_SGB5785|t__SGB5785	0.0	0.0	0.0	0.0	0.0	0.0	0.0	0.0	0.0	0.0	0.0	0.0	0.0	0.0	0.0	0.0	0.0	0.5831240450819456	0.6479324797833571	0.0366013866274321	0.6013001510144818	0.8458233584458499	0.0	0.0	0.0	0.0	0.0	0.0	0.0	0.0	0.0	0.0	0.0	0.0	0.0	0.0	0.0	0.0	0.0	0.0	0.0	0.0	0.0	0.0
k__Bacteria|p__Proteobacteria|c__CFGB2404|o__OFGB2404|f__FGB2404|g__GGB6608|s__GGB6608_SGB9342|t__SGB9342	0.0	0.0	0.0	0.0	0.0	0.0	0.0	0.0	0.0	0.0	0.0	0.0	0.0	0.0	0.0	0.0	0.0	0.4780142170016318	0.2217854607820533	0.0	0.0	0.0	0.0	0.0	0.0	0.0	0.0	0.0	0.0	0.0	0.0	0.0	0.0	0.0	0.0	0.0	0.0	0.0	0.0	0.0	0.0	0.0	0.0	0.0
k__Bacteria|p__Firmicutes|c__Clostridia|o__Eubacteriales|f__Lachnospiraceae|g__Sellimonas|s__Sellimonas_intestinalis|t__SGB4617	0.0	0.0	0.0	0.0	0.0	0.0	0.0	0.0	0.0	0.0	0.0	0.0	0.0	0.0	0.0	0.0	0.0	0.4422825113700399	0.3903144221592083	0.0	0.0	0.0	0.0	0.0	0.0	0.0	0.0	0.0	0.0	0.0403740276952168	0.0	0.0	1.2148065203118614	0.0	0.0	0.0	0.0	0.0	0.0	0.0	0.0	0.0	0.0	0.0
k__Bacteria|p__Actinobacteria|c__Coriobacteriia|o__Eggerthellales|f__Eggerthellaceae|g__Slackia|s__Slackia_isoflavoniconvertens|t__SGB14773	0.0	0.0	0.0	0.0	0.0	0.0	0.0	0.0	0.0	0.0	0.0	0.0	0.0	0.0	0.0	0.0	0.0	0.2041489698050121	0.0	0.619762908757757	0.0443023299797288	0.0193972666338075	0.0	0.1336668603966399	0.0	0.0	0.0	0.0	0.0	0.0	0.0	0.3091851985195964	0.0	0.0	0.0	0.0	0.0	0.0	0.0	0.0	0.0	0.0	0.0	0.0
k__Bacteria|p__Bacteroidetes|c__CFGB602|o__OFGB602|f__FGB602|g__GGB1420|s__GGB1420_SGB1957|t__SGB1957	0.0	0.0	0.0	0.0	0.0	0.0	0.0	0.0	0.0	0.0	0.0	0.0	0.0	0.0	0.0	0.0	0.0	0.119634388008072	0.0	0.0	0.0	0.0	0.0	0.0	0.0	0.0	0.0	0.0663338221802863	0.0	0.0	0.0	0.0	0.0	0.0	0.0	0.0	0.0	0.0	0.0	0.0	0.0	0.0	0.0	0.0
k__Bacteria|p__Bacteroidetes|c__Bacteroidia|o__Bacteroidales|f__Bacteroidaceae|g__Bacteroides|s__Bacteroides_fragilis|t__SGB1855	0.0	0.0	0.0	0.0	0.0	0.0	0.0	0.0	0.0	0.0	0.0	0.0	0.0	0.0	0.0	0.0	0.0	0.1027588460964414	0.0225983783362877	0.0	0.0	0.0	0.0	0.0	0.0	0.0	0.0	0.0	0.0	0.0	0.0	0.0	0.0	0.0	0.0	0.0	0.0	0.0	0.0	0.0	0.0572163529136656	0.0	0.0	0.0
k__Bacteria|p__Firmicutes|c__CFGB1765|o__OFGB1765|f__FGB1765|g__GGB4571|s__GGB4571_SGB6317|t__SGB6317	0.0	0.0	0.0	0.0	0.0	0.0	0.0	0.0	0.0	0.0	0.0	0.0	0.0	0.0	0.0	0.0	0.0	0.0286304518309916	0.0	0.0	0.0	0.0	0.0	0.0	0.0	0.0	0.0	0.0	0.0	0.0	0.0	0.0	0.0	0.0	0.0	0.0	0.0	0.0	0.0	0.0	0.0	0.0	0.0	0.0
k__Bacteria|p__Firmicutes|c__Clostridia|o__Eubacteriales|f__Oscillospiraceae|g__Hydrogeniiclostidium|s__Hydrogeniiclostidium_mannosilyticum|t__SGB14890	0.0	0.0	0.0	0.0	0.0	0.0	0.0	0.0	0.0	0.0	0.0	0.0	0.0	0.0	0.0	0.0	0.0	0.0195968840710443	0.0168883140854138	0.0	0.0	0.0	0.0	0.0	0.0	0.0	0.0	0.0	0.0	0.0	0.0	0.0	0.0	0.0	0.0	0.0	0.0	0.0	0.0	0.0	0.0	0.0	0.0	0.0
k__Bacteria|p__Firmicutes|c__Clostridia|o__Eubacteriales|f__Clostridiaceae|g__Clostridium|s__Clostridium_SGB6173|t__SGB6173	0.0	0.0	0.0	0.0	0.0	0.0	0.0	0.0	0.0	0.0	0.0	0.0	0.0	0.0	0.0	0.0	0.0	0.0134054280929699	0.0	0.0	0.0	0.0	0.0	0.0	0.0	0.0	0.0	0.0	0.0	0.0	0.0	0.0	0.0	0.0	0.0	0.0	0.0	0.0	0.0	0.0	0.0	0.0	0.0	0.0
k__Bacteria|p__Firmicutes|c__CFGB2834|o__OFGB2834|f__FGB2834|g__GGB9063|s__GGB9063_SGB13982|t__SGB13982	0.0	0.0	0.0	0.0	0.0	0.0	0.0	0.0	0.0	0.0	0.0	0.0	0.0	0.0	0.0	0.0	0.0	0.0069965867944689	0.0	0.0	0.0	0.0	0.0	0.0	0.0	0.0	0.0	0.0	0.0	0.0	0.0	0.0	0.0	0.0	0.0	0.0	0.0	0.0	0.0	0.0	0.0	0.0	0.0	0.0
k__Bacteria|p__Firmicutes|c__Clostridia|o__Eubacteriales|f__Eubacteriales_unclassified|g__Eubacteriales_unclassified	0.0	0.0	0.0	0.0	0.0	0.0	0.0	0.0	0.0	0.0	0.0	0.0	0.0	0.0	0.0	0.0	0.0	0.0	0.0050189823445654	0.0	0.0	0.0	0.0	0.0	0.0	0.0090977401021434	0.0	0.0	0.0	0.0	0.0	0.0	0.0	0.0	0.0	0.0	0.0	0.0	0.0	0.0	0.0	0.0	0.0	0.0
k__Bacteria|p__Firmicutes|c__Clostridia|o__Eubacteriales|f__Eubacteriales_unclassified|g__Eubacteriales_unclassified|s__Clostridiales_bacterium	0.0	0.0	0.0	0.0	0.0	0.0	0.0	0.0	0.0	0.0	0.0	0.0	0.0	0.0	0.0	0.0	0.0	0.0	0.0050189823445654	0.0	0.0	0.0	0.0	0.0	0.0	0.0090977401021434	0.0	0.0	0.0	0.0	0.0	0.0	0.0	0.0	0.0	0.0	0.0	0.0	0.0	0.0	0.0	0.0	0.0	0.0
k__Bacteria|p__Firmicutes|c__Clostridia|o__Eubacteriales|f__Clostridiaceae|g__Clostridium|s__Clostridium_butyricum	0.0	0.0	0.0	0.0	0.0	0.0	0.0	0.0	0.0	0.0	0.0	0.0	0.0	0.0	0.0	0.0	0.0	0.0	0.0026520268154588	0.0	0.0	0.0	0.0	0.0	0.0514396707305579	0.0	0.0	0.0	0.0	0.0	0.0	0.0	0.0	0.0	0.0	0.0	0.0	0.0234812934824298	0.0	0.0	0.0	0.0	0.0	0.0
k__Bacteria|p__Firmicutes|c__Clostridia|o__Eubacteriales|f__Eubacteriales_unclassified|g__Eubacteriales_unclassified|s__Clostridiales_bacterium|t__SGB15159	0.0	0.0	0.0	0.0	0.0	0.0	0.0	0.0	0.0	0.0	0.0	0.0	0.0	0.0	0.0	0.0	0.0	0.0	0.0050189823445654	0.0	0.0	0.0	0.0	0.0	0.0	0.0	0.0	0.0	0.0	0.0	0.0	0.0	0.0	0.0	0.0	0.0	0.0	0.0	0.0	0.0	0.0	0.0	0.0	0.0
k__Bacteria|p__Firmicutes|c__Clostridia|o__Eubacteriales|f__Clostridiaceae|g__Clostridium|s__Clostridium_butyricum|t__SGB4037	0.0	0.0	0.0	0.0	0.0	0.0	0.0	0.0	0.0	0.0	0.0	0.0	0.0	0.0	0.0	0.0	0.0	0.0	0.0026520268154588	0.0	0.0	0.0	0.0	0.0	0.0514396707305579	0.0	0.0	0.0	0.0	0.0	0.0	0.0	0.0	0.0	0.0	0.0	0.0	0.0234812934824298	0.0	0.0	0.0	0.0	0.0	0.0
k__Bacteria|p__Actinobacteria|c__Actinomycetia|o__Bifidobacteriales|f__Bifidobacteriaceae|g__Bifidobacterium|s__Bifidobacterium_pseudocatenulatum	0.0	0.0	0.0	0.0	0.0	0.0	0.0	0.0	0.0	0.0	0.0	0.0	0.0	0.0	0.0	0.0	0.0	0.0	0.0	1.6786712481212993	0.0	0.0	0.0	0.0	2.352507018443509	2.25289856732796	6.2107791005474775	0.0	0.0	0.0	0.4505201572222462	0.7080692519864551	0.5739962031876511	0.0	0.0	0.0	0.0	0.0	0.0	0.0	0.0	0.0	0.0	0.0
k__Bacteria|p__Actinobacteria|c__Actinomycetia|o__Bifidobacteriales|f__Bifidobacteriaceae|g__Bifidobacterium|s__Bifidobacterium_pseudocatenulatum|t__SGB17237	0.0	0.0	0.0	0.0	0.0	0.0	0.0	0.0	0.0	0.0	0.0	0.0	0.0	0.0	0.0	0.0	0.0	0.0	0.0	1.6786712481212993	0.0	0.0	0.0	0.0	2.352507018443509	2.25289856732796	6.2107791005474775	0.0	0.0	0.0	0.4505201572222462	0.7080692519864551	0.5739962031876511	0.0	0.0	0.0	0.0	0.0	0.0	0.0	0.0	0.0	0.0	0.0
k__Bacteria|p__Proteobacteria|c__Deltaproteobacteria|o__Desulfovibrionales|f__Desulfovibrionaceae|g__Desulfovibrio	0.0	0.0	0.0	0.0	0.0	0.0	0.0	0.0	0.0	0.0	0.0	0.0	0.0	0.0	0.0	0.0	0.0	0.0	0.0	0.0	0.2214851585711697	0.2056715377220699	0.0	0.0	0.0	0.0	0.0	0.0	0.0	0.0	0.1460889211761592	0.0	0.0	0.0	0.0	0.0	0.0	0.0	0.0	0.0	0.0	0.0	0.0	0.0
k__Bacteria|p__Firmicutes|c__Clostridia|o__Eubacteriales|f__Lachnospiraceae|g__Roseburia|s__Roseburia_sp_AM16_25	0.0	0.0	0.0	0.0	0.0	0.0	0.0	0.0	0.0	0.0	0.0	0.0	0.0	0.0	0.0	0.0	0.0	0.0	0.0	0.0	1.4860486755628115	0.2894294056911018	0.0	0.0	0.0	0.0	0.0	0.0	0.0138564507267234	0.0	0.0	0.0	0.0	0.0	0.0	0.0	0.0	0.0	0.0	0.0	0.0	0.0	0.0	0.0
k__Bacteria|p__Bacteroidetes|c__Bacteroidia|o__Bacteroidales|f__Bacteroidaceae|g__Bacteroides|s__Bacteroides_finegoldii	0.0	0.0	0.0	0.0	0.0	0.0	0.0	0.0	0.0	0.0	0.0	0.0	0.0	0.0	0.0	0.0	0.0	0.0	0.0	0.0	0.7165639168557016	0.0896913472772936	0.0	0.0	0.0	0.0	0.0	0.0	0.0	0.0	0.0	0.0	0.0	0.1006812610336899	0.0157064385006648	0.0	0.0	0.0	0.0	0.0	0.0	0.0	0.0	0.0
k__Bacteria|p__Proteobacteria|c__Deltaproteobacteria|o__Desulfovibrionales|f__Desulfovibrionaceae|g__Desulfovibrio|s__Desulfovibrio_piger	0.0	0.0	0.0	0.0	0.0	0.0	0.0	0.0	0.0	0.0	0.0	0.0	0.0	0.0	0.0	0.0	0.0	0.0	0.0	0.0	0.2214851585711697	0.2056715377220699	0.0	0.0	0.0	0.0	0.0	0.0	0.0	0.0	0.0	0.0	0.0	0.0	0.0	0.0	0.0	0.0	0.0	0.0	0.0	0.0	0.0	0.0
k__Bacteria|p__Bacteroidetes|c__Bacteroidia|o__Bacteroidales|f__Rikenellaceae|g__Alistipes|s__Alistipes_senegalensis	0.0	0.0	0.0	0.0	0.0	0.0	0.0	0.0	0.0	0.0	0.0	0.0	0.0	0.0	0.0	0.0	0.0	0.0	0.0	0.0	0.0432338464382603	0.0	0.0	0.0	0.0	0.0	0.0	0.0	0.0	0.0	0.0	0.0	0.0	0.0	0.0	0.0	0.0	0.0	0.0	0.0	0.0	0.0	0.0	0.0
k__Bacteria|p__Bacteroidetes|c__Bacteroidia|o__Bacteroidales|f__Odoribacteraceae|g__Butyricimonas|s__Butyricimonas_paravirosa	0.0	0.0	0.0	0.0	0.0	0.0	0.0	0.0	0.0	0.0	0.0	0.0	0.0	0.0	0.0	0.0	0.0	0.0	0.0	0.0	0.0157446789622994	0.0	0.0	0.0	0.0	0.0	0.0	0.0	0.0	0.0	0.0	0.0	0.0	0.0	0.0	0.0	0.0	0.0	0.0	0.0	0.0	0.0	0.0	0.0
k__Bacteria|p__Firmicutes|c__Clostridia|o__Eubacteriales|f__Lachnospiraceae|g__Roseburia|s__Roseburia_sp_AM16_25|t__SGB4957	0.0	0.0	0.0	0.0	0.0	0.0	0.0	0.0	0.0	0.0	0.0	0.0	0.0	0.0	0.0	0.0	0.0	0.0	0.0	0.0	1.4860486755628115	0.2894294056911018	0.0	0.0	0.0	0.0	0.0	0.0	0.0138564507267234	0.0	0.0	0.0	0.0	0.0	0.0	0.0	0.0	0.0	0.0	0.0	0.0	0.0	0.0	0.0
k__Bacteria|p__Bacteroidetes|c__Bacteroidia|o__Bacteroidales|f__Bacteroidaceae|g__Bacteroides|s__Bacteroides_finegoldii|t__SGB1862	0.0	0.0	0.0	0.0	0.0	0.0	0.0	0.0	0.0	0.0	0.0	0.0	0.0	0.0	0.0	0.0	0.0	0.0	0.0	0.0	0.7165639168557016	0.0896913472772936	0.0	0.0	0.0	0.0	0.0	0.0	0.0	0.0	0.0	0.0	0.0	0.1006812610336899	0.0157064385006648	0.0	0.0	0.0	0.0	0.0	0.0	0.0	0.0	0.0
k__Bacteria|p__Proteobacteria|c__Deltaproteobacteria|o__Desulfovibrionales|f__Desulfovibrionaceae|g__Desulfovibrio|s__Desulfovibrio_piger|t__SGB15465	0.0	0.0	0.0	0.0	0.0	0.0	0.0	0.0	0.0	0.0	0.0	0.0	0.0	0.0	0.0	0.0	0.0	0.0	0.0	0.0	0.2214851585711697	0.2056715377220699	0.0	0.0	0.0	0.0	0.0	0.0	0.0	0.0	0.0	0.0	0.0	0.0	0.0	0.0	0.0	0.0	0.0	0.0	0.0	0.0	0.0	0.0
k__Bacteria|p__Firmicutes|c__Clostridia|o__Eubacteriales|f__Lachnospiraceae|g__Blautia|s__Blautia_obeum|t__SGB4810	0.0	0.0	0.0	0.0	0.0	0.0	0.0	0.0	0.0	0.0	0.0	0.0	0.0	0.0	0.0	0.0	0.0	0.0	0.0	0.0	0.2065528803180859	2.936492356637338	0.2760111094161178	1.130805726234098	0.0	0.0	0.0	0.0	0.0193064380875859	0.0	0.0	0.0	3.832269008224016	0.0	0.0	0.0	0.0	0.0	0.0	0.4138457904568827	0.623195512456994	0.2665238110981288	0.0	0.0
k__Bacteria|p__Bacteroidetes|c__Bacteroidia|o__Bacteroidales|f__Rikenellaceae|g__Alistipes|s__Alistipes_senegalensis|t__SGB2296	0.0	0.0	0.0	0.0	0.0	0.0	0.0	0.0	0.0	0.0	0.0	0.0	0.0	0.0	0.0	0.0	0.0	0.0	0.0	0.0	0.0432338464382603	0.0	0.0	0.0	0.0	0.0	0.0	0.0	0.0	0.0	0.0	0.0	0.0	0.0	0.0	0.0	0.0	0.0	0.0	0.0	0.0	0.0	0.0	0.0
k__Bacteria|p__Bacteroidetes|c__Bacteroidia|o__Bacteroidales|f__Odoribacteraceae|g__Butyricimonas|s__Butyricimonas_paravirosa|t__SGB1785	0.0	0.0	0.0	0.0	0.0	0.0	0.0	0.0	0.0	0.0	0.0	0.0	0.0	0.0	0.0	0.0	0.0	0.0	0.0	0.0	0.0157446789622994	0.0	0.0	0.0	0.0	0.0	0.0	0.0	0.0	0.0	0.0	0.0	0.0	0.0	0.0	0.0	0.0	0.0	0.0	0.0	0.0	0.0	0.0	0.0
k__Bacteria|p__Actinobacteria|c__Actinomycetia|o__Micrococcales|f__Micrococcaceae	0.0	0.0	0.0	0.0	0.0	0.0	0.0	0.0	0.0	0.0	0.0	0.0	0.0	0.0	0.0	0.0	0.0	0.0	0.0	0.0	0.0	0.0060679490942846	0.0	0.0	0.0	0.0	0.0	0.0	0.0	0.0	0.0	0.0	0.0	0.0	0.0	0.0	0.0	0.0	0.0	0.0	0.0	0.0	0.0	0.0
k__Bacteria|p__Actinobacteria|c__Actinomycetia|o__Micrococcales|f__Micrococcaceae|g__Rothia	0.0	0.0	0.0	0.0	0.0	0.0	0.0	0.0	0.0	0.0	0.0	0.0	0.0	0.0	0.0	0.0	0.0	0.0	0.0	0.0	0.0	0.0060679490942846	0.0	0.0	0.0	0.0	0.0	0.0	0.0	0.0	0.0	0.0	0.0	0.0	0.0	0.0	0.0	0.0	0.0	0.0	0.0	0.0	0.0	0.0
k__Bacteria|p__Bacteroidetes|c__Bacteroidia|o__Bacteroidales|f__Bacteroidaceae|g__Bacteroides|s__Bacteroides_thetaiotaomicron	0.0	0.0	0.0	0.0	0.0	0.0	0.0	0.0	0.0	0.0	0.0	0.0	0.0	0.0	0.0	0.0	0.0	0.0	0.0	0.0	0.0	0.095347482651883	0.0	0.0	0.0	0.0191892069951047	0.0	0.0	0.0	0.0	0.1562329132963328	0.0	0.0	0.0919416276792096	0.0635135636709257	0.0	0.0	0.0179309958773478	0.0	0.0	0.0	0.0	0.0	0.0
k__Bacteria|p__Firmicutes|c__Bacilli|o__Lactobacillales|f__Streptococcaceae|g__Streptococcus|s__Streptococcus_vestibularis	0.0	0.0	0.0	0.0	0.0	0.0	0.0	0.0	0.0	0.0	0.0	0.0	0.0	0.0	0.0	0.0	0.0	0.0	0.0	0.0	0.0	0.063906765807397	0.0	0.0	0.0	0.0	0.0	0.0	0.0	0.0	0.0	0.0	0.0	0.0	0.0	0.0	0.0	0.0	0.0	0.0	0.0	0.0	0.0	0.0
k__Bacteria|p__Firmicutes|c__Bacilli|o__Lactobacillales|f__Streptococcaceae|g__Streptococcus|s__Streptococcus_rubneri	0.0	0.0	0.0	0.0	0.0	0.0	0.0	0.0	0.0	0.0	0.0	0.0	0.0	0.0	0.0	0.0	0.0	0.0	0.0	0.0	0.0	0.0589650011710543	0.0	0.0	0.0	0.0	0.0	0.0	0.0	0.0	0.0	0.0	0.0	0.0	0.0	0.0	0.0	0.0	0.0	0.0	0.0	0.0	0.0	0.0
k__Bacteria|p__Actinobacteria|c__Actinomycetia|o__Micrococcales|f__Micrococcaceae|g__Rothia|s__Rothia_mucilaginosa	0.0	0.0	0.0	0.0	0.0	0.0	0.0	0.0	0.0	0.0	0.0	0.0	0.0	0.0	0.0	0.0	0.0	0.0	0.0	0.0	0.0	0.0060679490942846	0.0	0.0	0.0	0.0	0.0	0.0	0.0	0.0	0.0	0.0	0.0	0.0	0.0	0.0	0.0	0.0	0.0	0.0	0.0	0.0	0.0	0.0
k__Bacteria|p__Bacteroidetes|c__Bacteroidia|o__Bacteroidales|f__Bacteroidaceae|g__Bacteroides|s__Bacteroides_thetaiotaomicron|t__SGB1861	0.0	0.0	0.0	0.0	0.0	0.0	0.0	0.0	0.0	0.0	0.0	0.0	0.0	0.0	0.0	0.0	0.0	0.0	0.0	0.0	0.0	0.095347482651883	0.0	0.0	0.0	0.0191892069951047	0.0	0.0	0.0	0.0	0.1562329132963328	0.0	0.0	0.0919416276792096	0.0635135636709257	0.0	0.0	0.0179309958773478	0.0	0.0	0.0	0.0	0.0	0.0
k__Bacteria|p__Firmicutes|c__Bacilli|o__Lactobacillales|f__Streptococcaceae|g__Streptococcus|s__Streptococcus_vestibularis|t__SGB8003	0.0	0.0	0.0	0.0	0.0	0.0	0.0	0.0	0.0	0.0	0.0	0.0	0.0	0.0	0.0	0.0	0.0	0.0	0.0	0.0	0.0	0.063906765807397	0.0	0.0	0.0	0.0	0.0	0.0	0.0	0.0	0.0	0.0	0.0	0.0	0.0	0.0	0.0	0.0	0.0	0.0	0.0	0.0	0.0	0.0
k__Bacteria|p__Firmicutes|c__Bacilli|o__Lactobacillales|f__Streptococcaceae|g__Streptococcus|s__Streptococcus_rubneri|t__SGB8056	0.0	0.0	0.0	0.0	0.0	0.0	0.0	0.0	0.0	0.0	0.0	0.0	0.0	0.0	0.0	0.0	0.0	0.0	0.0	0.0	0.0	0.0589650011710543	0.0	0.0	0.0	0.0	0.0	0.0	0.0	0.0	0.0	0.0	0.0	0.0	0.0	0.0	0.0	0.0	0.0	0.0	0.0	0.0	0.0	0.0
k__Bacteria|p__Actinobacteria|c__Actinomycetia|o__Micrococcales|f__Micrococcaceae|g__Rothia|s__Rothia_mucilaginosa|t__SGB16971_group	0.0	0.0	0.0	0.0	0.0	0.0	0.0	0.0	0.0	0.0	0.0	0.0	0.0	0.0	0.0	0.0	0.0	0.0	0.0	0.0	0.0	0.0060679490942846	0.0	0.0	0.0	0.0	0.0	0.0	0.0	0.0	0.0	0.0	0.0	0.0	0.0	0.0	0.0	0.0	0.0	0.0	0.0	0.0	0.0	0.0
k__Bacteria|p__Firmicutes|c__Clostridia|o__Eubacteriales|f__Clostridiaceae|g__Clostridium|s__Clostridium_sp_D5	0.0	0.0	0.0	0.0	0.0	0.0	0.0	0.0	0.0	0.0	0.0	0.0	0.0	0.0	0.0	0.0	0.0	0.0	0.0	0.0	0.0	0.0	0.4127592103227366	0.0	0.0	0.0	0.0	0.0	0.0	0.0	0.0	0.0	0.0	0.0	0.0	0.0	0.0	0.0	0.0	0.0	0.0	0.0	0.0	0.0
k__Bacteria|p__Firmicutes|c__Clostridia|o__Eubacteriales|f__Lachnospiraceae|g__Blautia|s__Blautia_hydrogenotrophica	0.0	0.0	0.0	0.0	0.0	0.0	0.0	0.0	0.0	0.0	0.0	0.0	0.0	0.0	0.0	0.0	0.0	0.0	0.0	0.0	0.0	0.0	0.1159701738066311	0.0	0.0	0.0	0.0	0.0	0.0	0.0	0.0	0.0	0.0	0.0	0.0	0.0	0.0	0.0	0.0	0.0	0.0	0.0	0.0	0.0
k__Bacteria|p__Firmicutes|c__Clostridia|o__Eubacteriales|f__Clostridiaceae|g__Clostridium|s__Clostridium_sp_D5|t__SGB4615	0.0	0.0	0.0	0.0	0.0	0.0	0.0	0.0	0.0	0.0	0.0	0.0	0.0	0.0	0.0	0.0	0.0	0.0	0.0	0.0	0.0	0.0	0.4127592103227366	0.0	0.0	0.0	0.0	0.0	0.0	0.0	0.0	0.0	0.0	0.0	0.0	0.0	0.0	0.0	0.0	0.0	0.0	0.0	0.0	0.0
k__Bacteria|p__Firmicutes|c__Clostridia|o__Eubacteriales|f__Lachnospiraceae|g__Blautia|s__Blautia_hydrogenotrophica|t__SGB4677	0.0	0.0	0.0	0.0	0.0	0.0	0.0	0.0	0.0	0.0	0.0	0.0	0.0	0.0	0.0	0.0	0.0	0.0	0.0	0.0	0.0	0.0	0.1159701738066311	0.0	0.0	0.0	0.0	0.0	0.0	0.0	0.0	0.0	0.0	0.0	0.0	0.0	0.0	0.0	0.0	0.0	0.0	0.0	0.0	0.0
k__Bacteria|p__Bacteroidetes|c__CFGB629	0.0	0.0	0.0	0.0	0.0	0.0	0.0	0.0	0.0	0.0	0.0	0.0	0.0	0.0	0.0	0.0	0.0	0.0	0.0	0.0	0.0	0.0	0.0	0.7069226515619915	0.0	0.0	0.0	0.0	0.0	0.0	0.0	0.0	0.0	0.0	0.0	0.0	0.0	0.0	0.0	0.0	0.0	0.0	0.0	0.0
k__Bacteria|p__Bacteroidetes|c__CFGB629|o__OFGB629	0.0	0.0	0.0	0.0	0.0	0.0	0.0	0.0	0.0	0.0	0.0	0.0	0.0	0.0	0.0	0.0	0.0	0.0	0.0	0.0	0.0	0.0	0.0	0.7069226515619915	0.0	0.0	0.0	0.0	0.0	0.0	0.0	0.0	0.0	0.0	0.0	0.0	0.0	0.0	0.0	0.0	0.0	0.0	0.0	0.0
k__Bacteria|p__Bacteroidetes|c__CFGB629|o__OFGB629|f__FGB629	0.0	0.0	0.0	0.0	0.0	0.0	0.0	0.0	0.0	0.0	0.0	0.0	0.0	0.0	0.0	0.0	0.0	0.0	0.0	0.0	0.0	0.0	0.0	0.7069226515619915	0.0	0.0	0.0	0.0	0.0	0.0	0.0	0.0	0.0	0.0	0.0	0.0	0.0	0.0	0.0	0.0	0.0	0.0	0.0	0.0
k__Bacteria|p__Bacteroidetes|c__CFGB629|o__OFGB629|f__FGB629|g__GGB1495	0.0	0.0	0.0	0.0	0.0	0.0	0.0	0.0	0.0	0.0	0.0	0.0	0.0	0.0	0.0	0.0	0.0	0.0	0.0	0.0	0.0	0.0	0.0	0.7069226515619915	0.0	0.0	0.0	0.0	0.0	0.0	0.0	0.0	0.0	0.0	0.0	0.0	0.0	0.0	0.0	0.0	0.0	0.0	0.0	0.0
k__Bacteria|p__Bacteroidetes|c__CFGB629|o__OFGB629|f__FGB629|g__GGB1495|s__GGB1495_SGB2071	0.0	0.0	0.0	0.0	0.0	0.0	0.0	0.0	0.0	0.0	0.0	0.0	0.0	0.0	0.0	0.0	0.0	0.0	0.0	0.0	0.0	0.0	0.0	0.7069226515619915	0.0	0.0	0.0	0.0	0.0	0.0	0.0	0.0	0.0	0.0	0.0	0.0	0.0	0.0	0.0	0.0	0.0	0.0	0.0	0.0
k__Bacteria|p__Bacteroidetes|c__CFGB629|o__OFGB629|f__FGB629|g__GGB1495|s__GGB1495_SGB2071|t__SGB2071	0.0	0.0	0.0	0.0	0.0	0.0	0.0	0.0	0.0	0.0	0.0	0.0	0.0	0.0	0.0	0.0	0.0	0.0	0.0	0.0	0.0	0.0	0.0	0.7069226515619915	0.0	0.0	0.0	0.0	0.0	0.0	0.0	0.0	0.0	0.0	0.0	0.0	0.0	0.0	0.0	0.0	0.0	0.0	0.0	0.0
k__Bacteria|p__Firmicutes|c__Clostridia|o__Eubacteriales|f__Lachnospiraceae|g__GGB3433	0.0	0.0	0.0	0.0	0.0	0.0	0.0	0.0	0.0	0.0	0.0	0.0	0.0	0.0	0.0	0.0	0.0	0.0	0.0	0.0	0.0	0.0	0.0	0.0	2.078521784624523	1.0325506685419514	1.5899066479070718	0.0	0.0	0.0	0.0	0.0	0.0	0.0	0.0	0.0	0.0	0.0	0.0	0.0	0.0	0.0	0.0	0.0
k__Bacteria|p__Firmicutes|c__Clostridia|o__Eubacteriales|f__Lachnospiraceae|g__Lachnoclostridium	0.0	0.0	0.0	0.0	0.0	0.0	0.0	0.0	0.0	0.0	0.0	0.0	0.0	0.0	0.0	0.0	0.0	0.0	0.0	0.0	0.0	0.0	0.0	0.0	0.2806009273723659	0.0794810100449028	0.0797139706910533	0.0	0.0	0.0	0.0294115747863019	0.0	0.0	0.0	0.0	0.0	0.0	0.0	0.0	0.0	0.0	0.0	0.0	0.0
k__Bacteria|p__Firmicutes|c__Erysipelotrichia|o__Erysipelotrichales|f__Erysipelotrichaceae|g__Holdemania	0.0	0.0	0.0	0.0	0.0	0.0	0.0	0.0	0.0	0.0	0.0	0.0	0.0	0.0	0.0	0.0	0.0	0.0	0.0	0.0	0.0	0.0	0.0	0.0	0.0916202801062327	0.0119332881000807	0.0	0.0	0.0	0.0	0.0	0.0	0.0	0.0	0.0	0.0	0.0	0.0	0.0	0.0	0.0	0.0	0.0	0.0
k__Bacteria|p__Firmicutes|c__Clostridia|o__Eubacteriales|f__Oscillospiraceae|g__Phocea	0.0	0.0	0.0	0.0	0.0	0.0	0.0	0.0	0.0	0.0	0.0	0.0	0.0	0.0	0.0	0.0	0.0	0.0	0.0	0.0	0.0	0.0	0.0	0.0	0.0795475238223242	0.0690725785721115	0.1898547238275122	0.0	0.0	0.0	0.0	0.0	0.0	0.0	0.0	0.0	0.0	0.0	0.0	0.0	0.0	0.0	0.0	0.0
k__Bacteria|p__Firmicutes|c__Clostridia|o__Eubacteriales|f__Lachnospiraceae|g__Enterocloster	0.0	0.0	0.0	0.0	0.0	0.0	0.0	0.0	0.0	0.0	0.0	0.0	0.0	0.0	0.0	0.0	0.0	0.0	0.0	0.0	0.0	0.0	0.0	0.0	0.0775132864997609	0.0	0.0	0.0	0.0	0.0	0.0	0.0	0.0	0.0	0.0	0.0	0.0	0.0684090897590237	0.0	0.0	0.0	0.0	0.0	0.0
k__Bacteria|p__Firmicutes|c__Clostridia|o__Eubacteriales|f__Oscillospiraceae|g__Neobittarella	0.0	0.0	0.0	0.0	0.0	0.0	0.0	0.0	0.0	0.0	0.0	0.0	0.0	0.0	0.0	0.0	0.0	0.0	0.0	0.0	0.0	0.0	0.0	0.0	0.029735242949817	0.0406742655414096	0.0017618868922782	0.0	0.0	0.0	0.0	0.0	0.0	0.0	0.0	0.0	0.0	0.0	0.0	0.0	0.0	0.0	0.0	0.0
k__Bacteria|p__Firmicutes|c__Negativicutes|o__Veillonellales|f__Veillonellaceae|g__Megasphaera	0.0	0.0	0.0	0.0	0.0	0.0	0.0	0.0	0.0	0.0	0.0	0.0	0.0	0.0	0.0	0.0	0.0	0.0	0.0	0.0	0.0	0.0	0.0	0.0	0.025463344572434	0.0544408082383441	0.0	0.0	0.0	0.0	0.0	0.0	0.0	0.0	0.0	0.0	0.0	0.0	0.0	0.0	0.0	0.0	0.0	0.0
k__Bacteria|p__Firmicutes|c__Clostridia|o__Eubacteriales|f__Lachnospiraceae|g__GGB3433|s__GGB3433_SGB4573	0.0	0.0	0.0	0.0	0.0	0.0	0.0	0.0	0.0	0.0	0.0	0.0	0.0	0.0	0.0	0.0	0.0	0.0	0.0	0.0	0.0	0.0	0.0	0.0	2.078521784624523	1.0325506685419514	1.5899066479070718	0.0	0.0	0.0	0.0	0.0	0.0	0.0	0.0	0.0	0.0	0.0	0.0	0.0	0.0	0.0	0.0	0.0
k__Bacteria|p__Firmicutes|c__Clostridia|o__Eubacteriales|f__Clostridiaceae|g__Clostridium|s__Clostridium_sp_AT4	0.0	0.0	0.0	0.0	0.0	0.0	0.0	0.0	0.0	0.0	0.0	0.0	0.0	0.0	0.0	0.0	0.0	0.0	0.0	0.0	0.0	0.0	0.0	0.0	0.4337082416805998	0.2828523377519509	0.1086618636206606	0.0	0.0	0.0	0.0	0.0	0.0	0.0	0.0	0.0	0.0	0.0	0.0	0.0	0.0	0.0	0.0	0.0
k__Bacteria|p__Firmicutes|c__Clostridia|o__Eubacteriales|f__Lachnospiraceae|g__Blautia|s__Blautia_caecimuris	0.0	0.0	0.0	0.0	0.0	0.0	0.0	0.0	0.0	0.0	0.0	0.0	0.0	0.0	0.0	0.0	0.0	0.0	0.0	0.0	0.0	0.0	0.0	0.0	0.3106457281756166	0.0598120728749203	0.0641491149846578	0.0	0.0	0.0	0.0	0.0	0.0	0.0	0.0	0.0	0.0	0.0	0.0	0.0	0.0	0.0	0.0	0.0
k__Bacteria|p__Firmicutes|c__Clostridia|o__Eubacteriales|f__Lachnospiraceae|g__Lachnoclostridium|s__Clostridium_symbiosum	0.0	0.0	0.0	0.0	0.0	0.0	0.0	0.0	0.0	0.0	0.0	0.0	0.0	0.0	0.0	0.0	0.0	0.0	0.0	0.0	0.0	0.0	0.0	0.0	0.2806009273723659	0.0794810100449028	0.0797139706910533	0.0	0.0	0.0	0.0	0.0	0.0	0.0	0.0	0.0	0.0	0.0	0.0	0.0	0.0	0.0	0.0	0.0
k__Bacteria|p__Firmicutes|c__Clostridia|o__Eubacteriales|f__Lachnospiraceae|g__Lachnospiraceae_unclassified|s__Lachnospiraceae_bacterium_2_1_46FAA	0.0	0.0	0.0	0.0	0.0	0.0	0.0	0.0	0.0	0.0	0.0	0.0	0.0	0.0	0.0	0.0	0.0	0.0	0.0	0.0	0.0	0.0	0.0	0.0	0.2403495619159064	0.0	0.0	0.0	0.0	0.0	0.0	0.0	0.0	0.0	0.0	0.0	0.0	0.0	0.0	0.0	0.0	0.0	0.0	0.0
k__Bacteria|p__Firmicutes|c__Clostridia|o__Eubacteriales|f__Lachnospiraceae|g__Mediterraneibacter|s__Mediterraneibacter_glycyrrhizinilyticus	0.0	0.0	0.0	0.0	0.0	0.0	0.0	0.0	0.0	0.0	0.0	0.0	0.0	0.0	0.0	0.0	0.0	0.0	0.0	0.0	0.0	0.0	0.0	0.0	0.1603421235684808	0.1500356121929756	0.0538334041645833	0.0	0.0	0.0	0.0	0.0	0.0	0.0	0.0	0.0	0.0	0.0	0.0	0.0	0.0	0.0	0.0	0.0
k__Bacteria|p__Firmicutes|c__Clostridia|o__Eubacteriales|f__Lachnospiraceae|g__Lacrimispora|s__Lacrimispora_saccharolytica	0.0	0.0	0.0	0.0	0.0	0.0	0.0	0.0	0.0	0.0	0.0	0.0	0.0	0.0	0.0	0.0	0.0	0.0	0.0	0.0	0.0	0.0	0.0	0.0	0.0975461018719606	0.1162574679154317	0.1695975890401271	0.0	0.0	0.0	0.0	0.0	0.0	0.0	0.0	0.0	0.0	0.0	0.0	0.0	0.0	0.0	0.0	0.0
k__Bacteria|p__Firmicutes|c__Erysipelotrichia|o__Erysipelotrichales|f__Erysipelotrichaceae|g__Holdemania|s__Holdemania_massiliensis	0.0	0.0	0.0	0.0	0.0	0.0	0.0	0.0	0.0	0.0	0.0	0.0	0.0	0.0	0.0	0.0	0.0	0.0	0.0	0.0	0.0	0.0	0.0	0.0	0.0916202801062327	0.0	0.0	0.0	0.0	0.0	0.0	0.0	0.0	0.0	0.0	0.0	0.0	0.0	0.0	0.0	0.0	0.0	0.0	0.0
k__Bacteria|p__Firmicutes|c__Clostridia|o__Eubacteriales|f__Oscillospiraceae|g__Phocea|s__Phocea_massiliensis	0.0	0.0	0.0	0.0	0.0	0.0	0.0	0.0	0.0	0.0	0.0	0.0	0.0	0.0	0.0	0.0	0.0	0.0	0.0	0.0	0.0	0.0	0.0	0.0	0.0795475238223242	0.0690725785721115	0.1898547238275122	0.0	0.0	0.0	0.0	0.0	0.0	0.0	0.0	0.0	0.0	0.0	0.0	0.0	0.0	0.0	0.0	0.0
k__Bacteria|p__Firmicutes|c__Clostridia|o__Eubacteriales|f__Lachnospiraceae|g__Enterocloster|s__Enterocloster_bolteae	0.0	0.0	0.0	0.0	0.0	0.0	0.0	0.0	0.0	0.0	0.0	0.0	0.0	0.0	0.0	0.0	0.0	0.0	0.0	0.0	0.0	0.0	0.0	0.0	0.0775132864997609	0.0	0.0	0.0	0.0	0.0	0.0	0.0	0.0	0.0	0.0	0.0	0.0	0.0684090897590237	0.0	0.0	0.0	0.0	0.0	0.0
k__Bacteria|p__Firmicutes|c__Clostridia|o__Eubacteriales|f__Oscillospiraceae|g__Neobittarella|s__Neobittarella_massiliensis	0.0	0.0	0.0	0.0	0.0	0.0	0.0	0.0	0.0	0.0	0.0	0.0	0.0	0.0	0.0	0.0	0.0	0.0	0.0	0.0	0.0	0.0	0.0	0.0	0.029735242949817	0.0406742655414096	0.0017618868922782	0.0	0.0	0.0	0.0	0.0	0.0	0.0	0.0	0.0	0.0	0.0	0.0	0.0	0.0	0.0	0.0	0.0
k__Bacteria|p__Firmicutes|c__Negativicutes|o__Veillonellales|f__Veillonellaceae|g__Megasphaera|s__Megasphaera_massiliensis	0.0	0.0	0.0	0.0	0.0	0.0	0.0	0.0	0.0	0.0	0.0	0.0	0.0	0.0	0.0	0.0	0.0	0.0	0.0	0.0	0.0	0.0	0.0	0.0	0.025463344572434	0.0544408082383441	0.0	0.0	0.0	0.0	0.0	0.0	0.0	0.0	0.0	0.0	0.0	0.0	0.0	0.0	0.0	0.0	0.0	0.0
k__Bacteria|p__Firmicutes|c__Clostridia|o__Eubacteriales|f__Lachnospiraceae|g__GGB3433|s__GGB3433_SGB4573|t__SGB4573	0.0	0.0	0.0	0.0	0.0	0.0	0.0	0.0	0.0	0.0	0.0	0.0	0.0	0.0	0.0	0.0	0.0	0.0	0.0	0.0	0.0	0.0	0.0	0.0	2.078521784624523	1.0325506685419514	1.5899066479070718	0.0	0.0	0.0	0.0	0.0	0.0	0.0	0.0	0.0	0.0	0.0	0.0	0.0	0.0	0.0	0.0	0.0
k__Bacteria|p__Firmicutes|c__Clostridia|o__Eubacteriales|f__Clostridiaceae|g__Clostridium|s__Clostridium_sp_AT4|t__SGB4753	0.0	0.0	0.0	0.0	0.0	0.0	0.0	0.0	0.0	0.0	0.0	0.0	0.0	0.0	0.0	0.0	0.0	0.0	0.0	0.0	0.0	0.0	0.0	0.0	0.4337082416805998	0.2828523377519509	0.1086618636206606	0.0	0.0	0.0	0.0	0.0	0.0	0.0	0.0	0.0	0.0	0.0	0.0	0.0	0.0	0.0	0.0	0.0
k__Bacteria|p__Firmicutes|c__Clostridia|o__Eubacteriales|f__Lachnospiraceae|g__Blautia|s__Blautia_caecimuris|t__SGB4862	0.0	0.0	0.0	0.0	0.0	0.0	0.0	0.0	0.0	0.0	0.0	0.0	0.0	0.0	0.0	0.0	0.0	0.0	0.0	0.0	0.0	0.0	0.0	0.0	0.3106457281756166	0.0598120728749203	0.0641491149846578	0.0	0.0	0.0	0.0	0.0	0.0	0.0	0.0	0.0	0.0	0.0	0.0	0.0	0.0	0.0	0.0	0.0
k__Bacteria|p__Firmicutes|c__Clostridia|o__Eubacteriales|f__Lachnospiraceae|g__Lachnoclostridium|s__Clostridium_symbiosum|t__SGB4699	0.0	0.0	0.0	0.0	0.0	0.0	0.0	0.0	0.0	0.0	0.0	0.0	0.0	0.0	0.0	0.0	0.0	0.0	0.0	0.0	0.0	0.0	0.0	0.0	0.2806009273723659	0.0794810100449028	0.0797139706910533	0.0	0.0	0.0	0.0	0.0	0.0	0.0	0.0	0.0	0.0	0.0	0.0	0.0	0.0	0.0	0.0	0.0
k__Bacteria|p__Firmicutes|c__Clostridia|o__Eubacteriales|f__Lachnospiraceae|g__Lachnospiraceae_unclassified|s__Lachnospiraceae_bacterium_2_1_46FAA|t__SGB4549	0.0	0.0	0.0	0.0	0.0	0.0	0.0	0.0	0.0	0.0	0.0	0.0	0.0	0.0	0.0	0.0	0.0	0.0	0.0	0.0	0.0	0.0	0.0	0.0	0.2403495619159064	0.0	0.0	0.0	0.0	0.0	0.0	0.0	0.0	0.0	0.0	0.0	0.0	0.0	0.0	0.0	0.0	0.0	0.0	0.0
k__Bacteria|p__Firmicutes|c__Clostridia|o__Eubacteriales|f__Lachnospiraceae|g__Mediterraneibacter|s__Mediterraneibacter_glycyrrhizinilyticus|t__SGB4606	0.0	0.0	0.0	0.0	0.0	0.0	0.0	0.0	0.0	0.0	0.0	0.0	0.0	0.0	0.0	0.0	0.0	0.0	0.0	0.0	0.0	0.0	0.0	0.0	0.1603421235684808	0.1500356121929756	0.0538334041645833	0.0	0.0	0.0	0.0	0.0	0.0	0.0	0.0	0.0	0.0	0.0	0.0	0.0	0.0	0.0	0.0	0.0
k__Bacteria|p__Firmicutes|c__Clostridia|o__Eubacteriales|f__Lachnospiraceae|g__Lacrimispora|s__Lacrimispora_saccharolytica|t__SGB4701	0.0	0.0	0.0	0.0	0.0	0.0	0.0	0.0	0.0	0.0	0.0	0.0	0.0	0.0	0.0	0.0	0.0	0.0	0.0	0.0	0.0	0.0	0.0	0.0	0.0975461018719606	0.1162574679154317	0.1695975890401271	0.0	0.0	0.0	0.0	0.0	0.0	0.0	0.0	0.0	0.0	0.0	0.0	0.0	0.0	0.0	0.0	0.0
k__Bacteria|p__Firmicutes|c__Erysipelotrichia|o__Erysipelotrichales|f__Erysipelotrichaceae|g__Holdemania|s__Holdemania_massiliensis|t__SGB4044	0.0	0.0	0.0	0.0	0.0	0.0	0.0	0.0	0.0	0.0	0.0	0.0	0.0	0.0	0.0	0.0	0.0	0.0	0.0	0.0	0.0	0.0	0.0	0.0	0.0916202801062327	0.0	0.0	0.0	0.0	0.0	0.0	0.0	0.0	0.0	0.0	0.0	0.0	0.0	0.0	0.0	0.0	0.0	0.0	0.0
k__Bacteria|p__Firmicutes|c__Clostridia|o__Eubacteriales|f__Oscillospiraceae|g__Phocea|s__Phocea_massiliensis|t__SGB14837	0.0	0.0	0.0	0.0	0.0	0.0	0.0	0.0	0.0	0.0	0.0	0.0	0.0	0.0	0.0	0.0	0.0	0.0	0.0	0.0	0.0	0.0	0.0	0.0	0.0795475238223242	0.0690725785721115	0.1898547238275122	0.0	0.0	0.0	0.0	0.0	0.0	0.0	0.0	0.0	0.0	0.0	0.0	0.0	0.0	0.0	0.0	0.0
k__Bacteria|p__Firmicutes|c__Clostridia|o__Eubacteriales|f__Lachnospiraceae|g__Enterocloster|s__Enterocloster_bolteae|t__SGB4758	0.0	0.0	0.0	0.0	0.0	0.0	0.0	0.0	0.0	0.0	0.0	0.0	0.0	0.0	0.0	0.0	0.0	0.0	0.0	0.0	0.0	0.0	0.0	0.0	0.0775132864997609	0.0	0.0	0.0	0.0	0.0	0.0	0.0	0.0	0.0	0.0	0.0	0.0	0.0684090897590237	0.0	0.0	0.0	0.0	0.0	0.0
k__Bacteria|p__Firmicutes|c__Clostridia|o__Eubacteriales|f__Oscillospiraceae|g__Neobittarella|s__Neobittarella_massiliensis|t__SGB7264	0.0	0.0	0.0	0.0	0.0	0.0	0.0	0.0	0.0	0.0	0.0	0.0	0.0	0.0	0.0	0.0	0.0	0.0	0.0	0.0	0.0	0.0	0.0	0.0	0.029735242949817	0.0406742655414096	0.0017618868922782	0.0	0.0	0.0	0.0	0.0	0.0	0.0	0.0	0.0	0.0	0.0	0.0	0.0	0.0	0.0	0.0	0.0
k__Bacteria|p__Firmicutes|c__Negativicutes|o__Veillonellales|f__Veillonellaceae|g__Megasphaera|s__Megasphaera_massiliensis|t__SGB5857	0.0	0.0	0.0	0.0	0.0	0.0	0.0	0.0	0.0	0.0	0.0	0.0	0.0	0.0	0.0	0.0	0.0	0.0	0.0	0.0	0.0	0.0	0.0	0.0	0.025463344572434	0.0544408082383441	0.0	0.0	0.0	0.0	0.0	0.0	0.0	0.0	0.0	0.0	0.0	0.0	0.0	0.0	0.0	0.0	0.0	0.0
k__Bacteria|p__Firmicutes|c__Erysipelotrichia|o__Erysipelotrichales|f__Erysipelotrichaceae|g__Holdemania|s__Holdemania_filiformis	0.0	0.0	0.0	0.0	0.0	0.0	0.0	0.0	0.0	0.0	0.0	0.0	0.0	0.0	0.0	0.0	0.0	0.0	0.0	0.0	0.0	0.0	0.0	0.0	0.0	0.0119332881000807	0.0	0.0	0.0	0.0	0.0	0.0	0.0	0.0	0.0	0.0	0.0	0.0	0.0	0.0	0.0	0.0	0.0	0.0
k__Bacteria|p__Firmicutes|c__Erysipelotrichia|o__Erysipelotrichales|f__Erysipelotrichaceae|g__Holdemania|s__Holdemania_filiformis|t__SGB4046	0.0	0.0	0.0	0.0	0.0	0.0	0.0	0.0	0.0	0.0	0.0	0.0	0.0	0.0	0.0	0.0	0.0	0.0	0.0	0.0	0.0	0.0	0.0	0.0	0.0	0.0119332881000807	0.0	0.0	0.0	0.0	0.0	0.0	0.0	0.0	0.0	0.0	0.0	0.0	0.0	0.0	0.0	0.0	0.0	0.0
k__Bacteria|p__Firmicutes|c__Clostridia|o__Eubacteriales|f__Eubacteriales_unclassified|g__Eubacteriales_unclassified|s__Clostridiales_bacterium|t__SGB15143	0.0	0.0	0.0	0.0	0.0	0.0	0.0	0.0	0.0	0.0	0.0	0.0	0.0	0.0	0.0	0.0	0.0	0.0	0.0	0.0	0.0	0.0	0.0	0.0	0.0	0.0090977401021434	0.0	0.0	0.0	0.0	0.0	0.0	0.0	0.0	0.0	0.0	0.0	0.0	0.0	0.0	0.0	0.0	0.0	0.0
k__Bacteria|p__Firmicutes|c__Bacilli|o__Lactobacillales|f__Lactobacillaceae|g__Latilactobacillus	0.0	0.0	0.0	0.0	0.0	0.0	0.0	0.0	0.0	0.0	0.0	0.0	0.0	0.0	0.0	0.0	0.0	0.0	0.0	0.0	0.0	0.0	0.0	0.0	0.0	0.0	0.024931155973118	0.0	0.0	0.0	0.0	0.0	0.0	0.0	0.0	0.0	0.0	0.0	0.0	0.0	0.0	0.0	0.0	0.0
k__Bacteria|p__Bacteroidetes|c__Bacteroidia|o__Bacteroidales|f__Barnesiellaceae|g__Coprobacter	0.0	0.0	0.0	0.0	0.0	0.0	0.0	0.0	0.0	0.0	0.0	0.0	0.0	0.0	0.0	0.0	0.0	0.0	0.0	0.0	0.0	0.0	0.0	0.0	0.0	0.0	0.0121780161362649	0.0	0.0	0.0	0.0	0.0	0.0	0.0	0.0	0.0	0.0	0.0	0.0	0.0	0.0	0.0	0.0	0.0
k__Bacteria|p__Firmicutes|c__Bacilli|o__Lactobacillales|f__Lactobacillaceae|g__Latilactobacillus|s__Latilactobacillus_sakei	0.0	0.0	0.0	0.0	0.0	0.0	0.0	0.0	0.0	0.0	0.0	0.0	0.0	0.0	0.0	0.0	0.0	0.0	0.0	0.0	0.0	0.0	0.0	0.0	0.0	0.0	0.024931155973118	0.0	0.0	0.0	0.0	0.0	0.0	0.0	0.0	0.0	0.0	0.0	0.0	0.0	0.0	0.0	0.0	0.0
k__Bacteria|p__Bacteroidetes|c__Bacteroidia|o__Bacteroidales|f__Barnesiellaceae|g__Coprobacter|s__Coprobacter_fastidiosus	0.0	0.0	0.0	0.0	0.0	0.0	0.0	0.0	0.0	0.0	0.0	0.0	0.0	0.0	0.0	0.0	0.0	0.0	0.0	0.0	0.0	0.0	0.0	0.0	0.0	0.0	0.0121780161362649	0.0	0.0	0.0	0.0	0.0	0.0	0.0	0.0	0.0	0.0	0.0	0.0	0.0	0.0	0.0	0.0	0.0
k__Bacteria|p__Actinobacteria|c__Actinomycetia|o__Actinomycetales|f__Actinomycetaceae|g__Actinomyces|s__Actinomyces_bouchesdurhonensis	0.0	0.0	0.0	0.0	0.0	0.0	0.0	0.0	0.0	0.0	0.0	0.0	0.0	0.0	0.0	0.0	0.0	0.0	0.0	0.0	0.0	0.0	0.0	0.0	0.0	0.0	0.0110551555779736	0.0	0.0	0.0	0.0	0.0	0.0	0.0	0.0	0.0	0.0	0.0	0.0	0.0	0.0	0.0	0.0	0.0
k__Bacteria|p__Firmicutes|c__Bacilli|o__Lactobacillales|f__Lactobacillaceae|g__Latilactobacillus|s__Latilactobacillus_sakei|t__SGB7248	0.0	0.0	0.0	0.0	0.0	0.0	0.0	0.0	0.0	0.0	0.0	0.0	0.0	0.0	0.0	0.0	0.0	0.0	0.0	0.0	0.0	0.0	0.0	0.0	0.0	0.0	0.024931155973118	0.0	0.0	0.0	0.0	0.0	0.0	0.0	0.0	0.0	0.0	0.0	0.0	0.0	0.0	0.0	0.0	0.0
k__Bacteria|p__Bacteroidetes|c__Bacteroidia|o__Bacteroidales|f__Barnesiellaceae|g__Coprobacter|s__Coprobacter_fastidiosus|t__SGB1963	0.0	0.0	0.0	0.0	0.0	0.0	0.0	0.0	0.0	0.0	0.0	0.0	0.0	0.0	0.0	0.0	0.0	0.0	0.0	0.0	0.0	0.0	0.0	0.0	0.0	0.0	0.0121780161362649	0.0	0.0	0.0	0.0	0.0	0.0	0.0	0.0	0.0	0.0	0.0	0.0	0.0	0.0	0.0	0.0	0.0
k__Bacteria|p__Actinobacteria|c__Actinomycetia|o__Actinomycetales|f__Actinomycetaceae|g__Actinomyces|s__Actinomyces_bouchesdurhonensis|t__SGB17152	0.0	0.0	0.0	0.0	0.0	0.0	0.0	0.0	0.0	0.0	0.0	0.0	0.0	0.0	0.0	0.0	0.0	0.0	0.0	0.0	0.0	0.0	0.0	0.0	0.0	0.0	0.0110551555779736	0.0	0.0	0.0	0.0	0.0	0.0	0.0	0.0	0.0	0.0	0.0	0.0	0.0	0.0	0.0	0.0	0.0
k__Bacteria|p__Firmicutes|c__CFGB4529	0.0	0.0	0.0	0.0	0.0	0.0	0.0	0.0	0.0	0.0	0.0	0.0	0.0	0.0	0.0	0.0	0.0	0.0	0.0	0.0	0.0	0.0	0.0	0.0	0.0	0.0	0.0	0.2315455432311754	0.0	0.3973688374006324	0.0	0.0	0.0	0.0	0.0	0.0	0.0	0.0	0.0	0.0	0.0	0.0	0.0	0.0
k__Bacteria|p__Firmicutes|c__CFGB4529|o__OFGB4529	0.0	0.0	0.0	0.0	0.0	0.0	0.0	0.0	0.0	0.0	0.0	0.0	0.0	0.0	0.0	0.0	0.0	0.0	0.0	0.0	0.0	0.0	0.0	0.0	0.0	0.0	0.0	0.2315455432311754	0.0	0.3973688374006324	0.0	0.0	0.0	0.0	0.0	0.0	0.0	0.0	0.0	0.0	0.0	0.0	0.0	0.0
k__Bacteria|p__Firmicutes|c__CFGB4529|o__OFGB4529|f__FGB4529	0.0	0.0	0.0	0.0	0.0	0.0	0.0	0.0	0.0	0.0	0.0	0.0	0.0	0.0	0.0	0.0	0.0	0.0	0.0	0.0	0.0	0.0	0.0	0.0	0.0	0.0	0.0	0.2315455432311754	0.0	0.3973688374006324	0.0	0.0	0.0	0.0	0.0	0.0	0.0	0.0	0.0	0.0	0.0	0.0	0.0	0.0
k__Bacteria|p__Bacteroidetes|c__Bacteroidia|o__Bacteroidales|f__Bacteroidaceae|g__GGB1387	0.0	0.0	0.0	0.0	0.0	0.0	0.0	0.0	0.0	0.0	0.0	0.0	0.0	0.0	0.0	0.0	0.0	0.0	0.0	0.0	0.0	0.0	0.0	0.0	0.0	0.0	0.0	0.3501896206019391	0.2105352047405617	0.107935330109613	0.0	0.0	0.0	6.909215158964146	2.2041687932487903	2.1533064651777747	0.0	0.0	0.0	0.0	0.0	0.0	0.0	0.0
k__Bacteria|p__Firmicutes|c__CFGB4529|o__OFGB4529|f__FGB4529|g__GGB3654	0.0	0.0	0.0	0.0	0.0	0.0	0.0	0.0	0.0	0.0	0.0	0.0	0.0	0.0	0.0	0.0	0.0	0.0	0.0	0.0	0.0	0.0	0.0	0.0	0.0	0.0	0.0	0.2315455432311754	0.0	0.3973688374006324	0.0	0.0	0.0	0.0	0.0	0.0	0.0	0.0	0.0	0.0	0.0	0.0	0.0	0.0
k__Bacteria|p__Firmicutes|c__Clostridia|o__Eubacteriales|f__Eubacteriales_unclassified|g__Intestinimonas	0.0	0.0	0.0	0.0	0.0	0.0	0.0	0.0	0.0	0.0	0.0	0.0	0.0	0.0	0.0	0.0	0.0	0.0	0.0	0.0	0.0	0.0	0.0	0.0	0.0	0.0	0.0	0.0929394274860915	0.032594335736425	0.0	0.0	0.0	0.0	0.0	0.0	0.0	0.0	0.0	0.0	0.0	0.0	0.0	0.0	0.0
k__Bacteria|p__Bacteroidetes|c__Bacteroidia|o__Bacteroidales|f__Bacteroidaceae|g__GGB1387|s__GGB1387_SGB1895	0.0	0.0	0.0	0.0	0.0	0.0	0.0	0.0	0.0	0.0	0.0	0.0	0.0	0.0	0.0	0.0	0.0	0.0	0.0	0.0	0.0	0.0	0.0	0.0	0.0	0.0	0.0	0.3501896206019391	0.2105352047405617	0.107935330109613	0.0	0.0	0.0	6.909215158964146	2.2041687932487903	2.1533064651777747	0.0	0.0	0.0	0.0	0.0	0.0	0.0	0.0
k__Bacteria|p__Firmicutes|c__CFGB4529|o__OFGB4529|f__FGB4529|g__GGB3654|s__GGB3654_SGB4965	0.0	0.0	0.0	0.0	0.0	0.0	0.0	0.0	0.0	0.0	0.0	0.0	0.0	0.0	0.0	0.0	0.0	0.0	0.0	0.0	0.0	0.0	0.0	0.0	0.0	0.0	0.0	0.2315455432311754	0.0	0.3973688374006324	0.0	0.0	0.0	0.0	0.0	0.0	0.0	0.0	0.0	0.0	0.0	0.0	0.0	0.0
k__Bacteria|p__Firmicutes|c__Clostridia|o__Eubacteriales|f__Eubacteriales_unclassified|g__Intestinimonas|s__Intestinimonas_butyriciproducens	0.0	0.0	0.0	0.0	0.0	0.0	0.0	0.0	0.0	0.0	0.0	0.0	0.0	0.0	0.0	0.0	0.0	0.0	0.0	0.0	0.0	0.0	0.0	0.0	0.0	0.0	0.0	0.0929394274860915	0.032594335736425	0.0	0.0	0.0	0.0	0.0	0.0	0.0	0.0	0.0	0.0	0.0	0.0	0.0	0.0	0.0
k__Bacteria|p__Actinobacteria|c__Coriobacteriia|o__Eggerthellales|f__Eggerthellaceae|g__Gordonibacter|s__Gordonibacter_urolithinfaciens	0.0	0.0	0.0	0.0	0.0	0.0	0.0	0.0	0.0	0.0	0.0	0.0	0.0	0.0	0.0	0.0	0.0	0.0	0.0	0.0	0.0	0.0	0.0	0.0	0.0	0.0	0.0	0.0208238218206213	0.0	0.0	0.0	0.0	0.0	0.0	0.0	0.0	0.0	0.0	0.0	0.0	0.0	0.0	0.0	0.0
k__Bacteria|p__Bacteroidetes|c__Bacteroidia|o__Bacteroidales|f__Bacteroidaceae|g__GGB1387|s__GGB1387_SGB1895|t__SGB1895	0.0	0.0	0.0	0.0	0.0	0.0	0.0	0.0	0.0	0.0	0.0	0.0	0.0	0.0	0.0	0.0	0.0	0.0	0.0	0.0	0.0	0.0	0.0	0.0	0.0	0.0	0.0	0.3501896206019391	0.2105352047405617	0.107935330109613	0.0	0.0	0.0	6.909215158964146	2.2041687932487903	2.1533064651777747	0.0	0.0	0.0	0.0	0.0	0.0	0.0	0.0
k__Bacteria|p__Firmicutes|c__CFGB4529|o__OFGB4529|f__FGB4529|g__GGB3654|s__GGB3654_SGB4965|t__SGB4965	0.0	0.0	0.0	0.0	0.0	0.0	0.0	0.0	0.0	0.0	0.0	0.0	0.0	0.0	0.0	0.0	0.0	0.0	0.0	0.0	0.0	0.0	0.0	0.0	0.0	0.0	0.0	0.2315455432311754	0.0	0.3973688374006324	0.0	0.0	0.0	0.0	0.0	0.0	0.0	0.0	0.0	0.0	0.0	0.0	0.0	0.0
k__Bacteria|p__Firmicutes|c__Clostridia|o__Eubacteriales|f__Eubacteriales_unclassified|g__Intestinimonas|s__Intestinimonas_butyriciproducens|t__SGB15126	0.0	0.0	0.0	0.0	0.0	0.0	0.0	0.0	0.0	0.0	0.0	0.0	0.0	0.0	0.0	0.0	0.0	0.0	0.0	0.0	0.0	0.0	0.0	0.0	0.0	0.0	0.0	0.0929394274860915	0.032594335736425	0.0	0.0	0.0	0.0	0.0	0.0	0.0	0.0	0.0	0.0	0.0	0.0	0.0	0.0	0.0
k__Bacteria|p__Actinobacteria|c__Coriobacteriia|o__Eggerthellales|f__Eggerthellaceae|g__Gordonibacter|s__Gordonibacter_urolithinfaciens|t__SGB14808	0.0	0.0	0.0	0.0	0.0	0.0	0.0	0.0	0.0	0.0	0.0	0.0	0.0	0.0	0.0	0.0	0.0	0.0	0.0	0.0	0.0	0.0	0.0	0.0	0.0	0.0	0.0	0.0208238218206213	0.0	0.0	0.0	0.0	0.0	0.0	0.0	0.0	0.0	0.0	0.0	0.0	0.0	0.0	0.0	0.0
k__Bacteria|p__Firmicutes|c__Clostridia|o__Eubacteriales|f__Eubacteriaceae|g__Eubacteriaceae_unclassified|s__Eubacteriaceae_bacterium|t__SGB4546	0.0	0.0	0.0	0.0	0.0	0.0	0.0	0.0	0.0	0.0	0.0	0.0	0.0	0.0	0.0	0.0	0.0	0.0	0.0	0.0	0.0	0.0	0.0	0.0	0.0	0.0	0.0	0.0052177070476049	0.0	1.1039513115563404	0.0	0.0	0.0	0.0	0.0	0.0	0.0	0.0	0.0	0.0	0.0	0.0	0.0	0.0
k__Bacteria|p__Actinobacteria|c__Coriobacteriia|o__Coriobacteriales|f__Coriobacteriaceae|g__Enorma	0.0	0.0	0.0	0.0	0.0	0.0	0.0	0.0	0.0	0.0	0.0	0.0	0.0	0.0	0.0	0.0	0.0	0.0	0.0	0.0	0.0	0.0	0.0	0.0	0.0	0.0	0.0	0.0	0.0	0.4265350498034528	0.0	0.0	0.0	0.0	0.0	0.0	0.0	0.0	0.0	0.0	0.0	0.0	0.0	0.0
k__Bacteria|p__Firmicutes|c__Clostridia|o__Eubacteriales|f__Oscillospiraceae|g__Neglectibacter	0.0	0.0	0.0	0.0	0.0	0.0	0.0	0.0	0.0	0.0	0.0	0.0	0.0	0.0	0.0	0.0	0.0	0.0	0.0	0.0	0.0	0.0	0.0	0.0	0.0	0.0	0.0	0.0	0.0	0.2022030438808086	0.0	0.0	0.0	0.0	0.0	0.0	0.0	0.0	0.0	0.0	0.0	0.0	0.0	0.0
k__Bacteria|p__Actinobacteria|c__Coriobacteriia|o__Coriobacteriales|f__Coriobacteriaceae|g__Enorma|s__Enorma_massiliensis	0.0	0.0	0.0	0.0	0.0	0.0	0.0	0.0	0.0	0.0	0.0	0.0	0.0	0.0	0.0	0.0	0.0	0.0	0.0	0.0	0.0	0.0	0.0	0.0	0.0	0.0	0.0	0.0	0.0	0.4265350498034528	0.0	0.0	0.0	0.0	0.0	0.0	0.0	0.0	0.0	0.0	0.0	0.0	0.0	0.0
k__Bacteria|p__Firmicutes|c__Clostridia|o__Eubacteriales|f__Oscillospiraceae|g__Neglectibacter|s__Neglectibacter_timonensis	0.0	0.0	0.0	0.0	0.0	0.0	0.0	0.0	0.0	0.0	0.0	0.0	0.0	0.0	0.0	0.0	0.0	0.0	0.0	0.0	0.0	0.0	0.0	0.0	0.0	0.0	0.0	0.0	0.0	0.2022030438808086	0.0	0.0	0.0	0.0	0.0	0.0	0.0	0.0	0.0	0.0	0.0	0.0	0.0	0.0
k__Bacteria|p__Firmicutes|c__Clostridia|o__Eubacteriales|f__Oscillospiraceae|g__Massiliimalia|s__Massiliimalia_massiliensis	0.0	0.0	0.0	0.0	0.0	0.0	0.0	0.0	0.0	0.0	0.0	0.0	0.0	0.0	0.0	0.0	0.0	0.0	0.0	0.0	0.0	0.0	0.0	0.0	0.0	0.0	0.0	0.0	0.0	0.0281767435609999	0.0	0.0	0.0	0.0	0.0	0.0	0.0	0.0	0.0	0.0	0.0	0.0	0.0	0.0
k__Bacteria|p__Actinobacteria|c__Coriobacteriia|o__Coriobacteriales|f__Coriobacteriaceae|g__Enorma|s__Enorma_massiliensis|t__SGB14749	0.0	0.0	0.0	0.0	0.0	0.0	0.0	0.0	0.0	0.0	0.0	0.0	0.0	0.0	0.0	0.0	0.0	0.0	0.0	0.0	0.0	0.0	0.0	0.0	0.0	0.0	0.0	0.0	0.0	0.4265350498034528	0.0	0.0	0.0	0.0	0.0	0.0	0.0	0.0	0.0	0.0	0.0	0.0	0.0	0.0
k__Bacteria|p__Firmicutes|c__Clostridia|o__Eubacteriales|f__Oscillospiraceae|g__Neglectibacter|s__Neglectibacter_timonensis|t__SGB14851	0.0	0.0	0.0	0.0	0.0	0.0	0.0	0.0	0.0	0.0	0.0	0.0	0.0	0.0	0.0	0.0	0.0	0.0	0.0	0.0	0.0	0.0	0.0	0.0	0.0	0.0	0.0	0.0	0.0	0.2022030438808086	0.0	0.0	0.0	0.0	0.0	0.0	0.0	0.0	0.0	0.0	0.0	0.0	0.0	0.0
k__Bacteria|p__Firmicutes|c__Clostridia|o__Eubacteriales|f__Oscillospiraceae|g__Massiliimalia|s__Massiliimalia_massiliensis|t__SGB29347	0.0	0.0	0.0	0.0	0.0	0.0	0.0	0.0	0.0	0.0	0.0	0.0	0.0	0.0	0.0	0.0	0.0	0.0	0.0	0.0	0.0	0.0	0.0	0.0	0.0	0.0	0.0	0.0	0.0	0.0281767435609999	0.0	0.0	0.0	0.0	0.0	0.0	0.0	0.0	0.0	0.0	0.0	0.0	0.0	0.0
k__Bacteria|p__Candidatus_Melainabacteria	0.0	0.0	0.0	0.0	0.0	0.0	0.0	0.0	0.0	0.0	0.0	0.0	0.0	0.0	0.0	0.0	0.0	0.0	0.0	0.0	0.0	0.0	0.0	0.0	0.0	0.0	0.0	0.0	0.0	0.0	0.0635821653179093	0.0	0.0	0.0	0.0	0.0	0.0	0.0	0.0	0.0	0.0	0.0	0.0	0.0
k__Bacteria|p__Candidatus_Melainabacteria|c__CFGB2107	0.0	0.0	0.0	0.0	0.0	0.0	0.0	0.0	0.0	0.0	0.0	0.0	0.0	0.0	0.0	0.0	0.0	0.0	0.0	0.0	0.0	0.0	0.0	0.0	0.0	0.0	0.0	0.0	0.0	0.0	0.0635821653179093	0.0	0.0	0.0	0.0	0.0	0.0	0.0	0.0	0.0	0.0	0.0	0.0	0.0
k__Bacteria|p__Candidatus_Melainabacteria|c__CFGB2107|o__OFGB2107	0.0	0.0	0.0	0.0	0.0	0.0	0.0	0.0	0.0	0.0	0.0	0.0	0.0	0.0	0.0	0.0	0.0	0.0	0.0	0.0	0.0	0.0	0.0	0.0	0.0	0.0	0.0	0.0	0.0	0.0	0.0635821653179093	0.0	0.0	0.0	0.0	0.0	0.0	0.0	0.0	0.0	0.0	0.0	0.0	0.0
k__Bacteria|p__Candidatus_Melainabacteria|c__CFGB2107|o__OFGB2107|f__FGB2107	0.0	0.0	0.0	0.0	0.0	0.0	0.0	0.0	0.0	0.0	0.0	0.0	0.0	0.0	0.0	0.0	0.0	0.0	0.0	0.0	0.0	0.0	0.0	0.0	0.0	0.0	0.0	0.0	0.0	0.0	0.0635821653179093	0.0	0.0	0.0	0.0	0.0	0.0	0.0	0.0	0.0	0.0	0.0	0.0	0.0
k__Bacteria|p__Proteobacteria|c__Gammaproteobacteria|o__Enterobacterales|f__Hafniaceae	0.0	0.0	0.0	0.0	0.0	0.0	0.0	0.0	0.0	0.0	0.0	0.0	0.0	0.0	0.0	0.0	0.0	0.0	0.0	0.0	0.0	0.0	0.0	0.0	0.0	0.0	0.0	0.0	0.0	0.0	0.0514316692618772	0.0	0.0	0.0	0.0	0.0	0.0	0.0	0.0	0.0	0.0	0.0	0.0	0.0
k__Bacteria|p__Firmicutes|c__Clostridia|o__Eubacteriales|f__Lachnospiraceae|g__Eisenbergiella	0.0	0.0	0.0	0.0	0.0	0.0	0.0	0.0	0.0	0.0	0.0	0.0	0.0	0.0	0.0	0.0	0.0	0.0	0.0	0.0	0.0	0.0	0.0	0.0	0.0	0.0	0.0	0.0	0.0	0.0	0.0765815668852661	0.0	0.0	0.0	0.0	0.0	0.0	0.0	0.0	0.0	0.0	0.0	0.0	0.0
k__Bacteria|p__Candidatus_Melainabacteria|c__CFGB2107|o__OFGB2107|f__FGB2107|g__GGB13727	0.0	0.0	0.0	0.0	0.0	0.0	0.0	0.0	0.0	0.0	0.0	0.0	0.0	0.0	0.0	0.0	0.0	0.0	0.0	0.0	0.0	0.0	0.0	0.0	0.0	0.0	0.0	0.0	0.0	0.0	0.0635821653179093	0.0	0.0	0.0	0.0	0.0	0.0	0.0	0.0	0.0	0.0	0.0	0.0	0.0
k__Bacteria|p__Proteobacteria|c__Gammaproteobacteria|o__Enterobacterales|f__Hafniaceae|g__Obesumbacterium	0.0	0.0	0.0	0.0	0.0	0.0	0.0	0.0	0.0	0.0	0.0	0.0	0.0	0.0	0.0	0.0	0.0	0.0	0.0	0.0	0.0	0.0	0.0	0.0	0.0	0.0	0.0	0.0	0.0	0.0	0.0514316692618772	0.0	0.0	0.0	0.0	0.0	0.0	0.0	0.0	0.0	0.0	0.0	0.0	0.0
k__Bacteria|p__Firmicutes|c__Clostridia|o__Eubacteriales|f__Oscillospiraceae|g__Angelakisella	0.0	0.0	0.0	0.0	0.0	0.0	0.0	0.0	0.0	0.0	0.0	0.0	0.0	0.0	0.0	0.0	0.0	0.0	0.0	0.0	0.0	0.0	0.0	0.0	0.0	0.0	0.0	0.0	0.0	0.0	0.0007803070861671	0.0	0.0	0.0	0.0	0.0	0.0	0.0	0.0	0.0	0.0	0.0	0.0	0.0
k__Bacteria|p__Firmicutes|c__CFGB1354|o__OFGB1354|f__FGB1354|g__GGB3304|s__GGB3304_SGB4365	0.0	0.0	0.0	0.0	0.0	0.0	0.0	0.0	0.0	0.0	0.0	0.0	0.0	0.0	0.0	0.0	0.0	0.0	0.0	0.0	0.0	0.0	0.0	0.0	0.0	0.0	0.0	0.0	0.0	0.0	0.5772128736851067	0.1278969206917133	0.2307419552464844	0.0	0.0	0.0	0.0	0.0	0.0	0.0	0.0	0.0	0.0	0.0
k__Bacteria|p__Proteobacteria|c__Deltaproteobacteria|o__Desulfovibrionales|f__Desulfovibrionaceae|g__Desulfovibrio|s__Desulfovibrio_fairfieldensis	0.0	0.0	0.0	0.0	0.0	0.0	0.0	0.0	0.0	0.0	0.0	0.0	0.0	0.0	0.0	0.0	0.0	0.0	0.0	0.0	0.0	0.0	0.0	0.0	0.0	0.0	0.0	0.0	0.0	0.0	0.1460889211761592	0.0	0.0	0.0	0.0	0.0	0.0	0.0	0.0	0.0	0.0	0.0	0.0	0.0
k__Bacteria|p__Firmicutes|c__Clostridia|o__Eubacteriales|f__Lachnospiraceae|g__Eisenbergiella|s__Eisenbergiella_tayi	0.0	0.0	0.0	0.0	0.0	0.0	0.0	0.0	0.0	0.0	0.0	0.0	0.0	0.0	0.0	0.0	0.0	0.0	0.0	0.0	0.0	0.0	0.0	0.0	0.0	0.0	0.0	0.0	0.0	0.0	0.0765815668852661	0.0	0.0	0.0	0.0	0.0	0.0	0.0	0.0	0.0	0.0	0.0	0.0	0.0
k__Bacteria|p__Candidatus_Melainabacteria|c__CFGB2107|o__OFGB2107|f__FGB2107|g__GGB13727|s__GGB13727_SGB8655	0.0	0.0	0.0	0.0	0.0	0.0	0.0	0.0	0.0	0.0	0.0	0.0	0.0	0.0	0.0	0.0	0.0	0.0	0.0	0.0	0.0	0.0	0.0	0.0	0.0	0.0	0.0	0.0	0.0	0.0	0.0635821653179093	0.0	0.0	0.0	0.0	0.0	0.0	0.0	0.0	0.0	0.0	0.0	0.0	0.0
k__Bacteria|p__Proteobacteria|c__Gammaproteobacteria|o__Enterobacterales|f__Hafniaceae|g__Obesumbacterium|s__Obesumbacterium_proteus	0.0	0.0	0.0	0.0	0.0	0.0	0.0	0.0	0.0	0.0	0.0	0.0	0.0	0.0	0.0	0.0	0.0	0.0	0.0	0.0	0.0	0.0	0.0	0.0	0.0	0.0	0.0	0.0	0.0	0.0	0.0514316692618772	0.0	0.0	0.0	0.0	0.0	0.0	0.0	0.0	0.0	0.0	0.0	0.0	0.0
k__Bacteria|p__Bacteroidetes|c__Bacteroidia|o__Bacteroidales|f__Tannerellaceae|g__Parabacteroides|s__Parabacteroides_johnsonii	0.0	0.0	0.0	0.0	0.0	0.0	0.0	0.0	0.0	0.0	0.0	0.0	0.0	0.0	0.0	0.0	0.0	0.0	0.0	0.0	0.0	0.0	0.0	0.0	0.0	0.0	0.0	0.0	0.0	0.0	0.0303205039196395	0.0	0.0	0.0	0.0	0.0	0.0	0.0	0.0	0.0	0.2600321851497538	0.0319026847871071	0.0	0.0
k__Bacteria|p__Firmicutes|c__Clostridia|o__Eubacteriales|f__Lachnospiraceae|g__Lachnoclostridium|s__Lachnoclostridium_sp_An138	0.0	0.0	0.0	0.0	0.0	0.0	0.0	0.0	0.0	0.0	0.0	0.0	0.0	0.0	0.0	0.0	0.0	0.0	0.0	0.0	0.0	0.0	0.0	0.0	0.0	0.0	0.0	0.0	0.0	0.0	0.0294115747863019	0.0	0.0	0.0	0.0	0.0	0.0	0.0	0.0	0.0	0.0	0.0	0.0	0.0
k__Bacteria|p__Firmicutes|c__Clostridia|o__Eubacteriales|f__Oscillospiraceae|g__Flavonifractor|s__Flavonifractor_sp_An100	0.0	0.0	0.0	0.0	0.0	0.0	0.0	0.0	0.0	0.0	0.0	0.0	0.0	0.0	0.0	0.0	0.0	0.0	0.0	0.0	0.0	0.0	0.0	0.0	0.0	0.0	0.0	0.0	0.0	0.0	0.026573314945408	0.0	0.0	0.0	0.0	0.0	0.0	0.0	0.0	0.0	0.0	0.0	0.0	0.0
k__Bacteria|p__Firmicutes|c__Clostridia|o__Eubacteriales|f__Oscillospiraceae|g__Angelakisella|s__Angelakisella_massiliensis	0.0	0.0	0.0	0.0	0.0	0.0	0.0	0.0	0.0	0.0	0.0	0.0	0.0	0.0	0.0	0.0	0.0	0.0	0.0	0.0	0.0	0.0	0.0	0.0	0.0	0.0	0.0	0.0	0.0	0.0	0.0007803070861671	0.0	0.0	0.0	0.0	0.0	0.0	0.0	0.0	0.0	0.0	0.0	0.0	0.0
k__Bacteria|p__Firmicutes|c__CFGB1354|o__OFGB1354|f__FGB1354|g__GGB3304|s__GGB3304_SGB4365|t__SGB4365	0.0	0.0	0.0	0.0	0.0	0.0	0.0	0.0	0.0	0.0	0.0	0.0	0.0	0.0	0.0	0.0	0.0	0.0	0.0	0.0	0.0	0.0	0.0	0.0	0.0	0.0	0.0	0.0	0.0	0.0	0.5772128736851067	0.1278969206917133	0.2307419552464844	0.0	0.0	0.0	0.0	0.0	0.0	0.0	0.0	0.0	0.0	0.0
k__Bacteria|p__Proteobacteria|c__Deltaproteobacteria|o__Desulfovibrionales|f__Desulfovibrionaceae|g__Desulfovibrio|s__Desulfovibrio_fairfieldensis|t__SGB15470	0.0	0.0	0.0	0.0	0.0	0.0	0.0	0.0	0.0	0.0	0.0	0.0	0.0	0.0	0.0	0.0	0.0	0.0	0.0	0.0	0.0	0.0	0.0	0.0	0.0	0.0	0.0	0.0	0.0	0.0	0.1460889211761592	0.0	0.0	0.0	0.0	0.0	0.0	0.0	0.0	0.0	0.0	0.0	0.0	0.0
k__Bacteria|p__Firmicutes|c__Clostridia|o__Eubacteriales|f__Lachnospiraceae|g__Eisenbergiella|s__Eisenbergiella_tayi|t__SGB4988	0.0	0.0	0.0	0.0	0.0	0.0	0.0	0.0	0.0	0.0	0.0	0.0	0.0	0.0	0.0	0.0	0.0	0.0	0.0	0.0	0.0	0.0	0.0	0.0	0.0	0.0	0.0	0.0	0.0	0.0	0.0765815668852661	0.0	0.0	0.0	0.0	0.0	0.0	0.0	0.0	0.0	0.0	0.0	0.0	0.0
k__Bacteria|p__Candidatus_Melainabacteria|c__CFGB2107|o__OFGB2107|f__FGB2107|g__GGB13727|s__GGB13727_SGB8655|t__SGB8655	0.0	0.0	0.0	0.0	0.0	0.0	0.0	0.0	0.0	0.0	0.0	0.0	0.0	0.0	0.0	0.0	0.0	0.0	0.0	0.0	0.0	0.0	0.0	0.0	0.0	0.0	0.0	0.0	0.0	0.0	0.0635821653179093	0.0	0.0	0.0	0.0	0.0	0.0	0.0	0.0	0.0	0.0	0.0	0.0	0.0
k__Bacteria|p__Proteobacteria|c__Gammaproteobacteria|o__Enterobacterales|f__Hafniaceae|g__Obesumbacterium|s__Obesumbacterium_proteus|t__SGB10208	0.0	0.0	0.0	0.0	0.0	0.0	0.0	0.0	0.0	0.0	0.0	0.0	0.0	0.0	0.0	0.0	0.0	0.0	0.0	0.0	0.0	0.0	0.0	0.0	0.0	0.0	0.0	0.0	0.0	0.0	0.0514316692618772	0.0	0.0	0.0	0.0	0.0	0.0	0.0	0.0	0.0	0.0	0.0	0.0	0.0
k__Bacteria|p__Bacteroidetes|c__Bacteroidia|o__Bacteroidales|f__Tannerellaceae|g__Parabacteroides|s__Parabacteroides_johnsonii|t__SGB1948	0.0	0.0	0.0	0.0	0.0	0.0	0.0	0.0	0.0	0.0	0.0	0.0	0.0	0.0	0.0	0.0	0.0	0.0	0.0	0.0	0.0	0.0	0.0	0.0	0.0	0.0	0.0	0.0	0.0	0.0	0.0303205039196395	0.0	0.0	0.0	0.0	0.0	0.0	0.0	0.0	0.0	0.2600321851497538	0.0319026847871071	0.0	0.0
k__Bacteria|p__Firmicutes|c__Clostridia|o__Eubacteriales|f__Lachnospiraceae|g__Lachnoclostridium|s__Lachnoclostridium_sp_An138|t__SGB4774	0.0	0.0	0.0	0.0	0.0	0.0	0.0	0.0	0.0	0.0	0.0	0.0	0.0	0.0	0.0	0.0	0.0	0.0	0.0	0.0	0.0	0.0	0.0	0.0	0.0	0.0	0.0	0.0	0.0	0.0	0.0294115747863019	0.0	0.0	0.0	0.0	0.0	0.0	0.0	0.0	0.0	0.0	0.0	0.0	0.0
k__Bacteria|p__Firmicutes|c__Clostridia|o__Eubacteriales|f__Oscillospiraceae|g__Flavonifractor|s__Flavonifractor_sp_An100|t__SGB15160	0.0	0.0	0.0	0.0	0.0	0.0	0.0	0.0	0.0	0.0	0.0	0.0	0.0	0.0	0.0	0.0	0.0	0.0	0.0	0.0	0.0	0.0	0.0	0.0	0.0	0.0	0.0	0.0	0.0	0.0	0.026573314945408	0.0	0.0	0.0	0.0	0.0	0.0	0.0	0.0	0.0	0.0	0.0	0.0	0.0
k__Bacteria|p__Firmicutes|c__Clostridia|o__Eubacteriales|f__Oscillospiraceae|g__Angelakisella|s__Angelakisella_massiliensis|t__SGB29321	0.0	0.0	0.0	0.0	0.0	0.0	0.0	0.0	0.0	0.0	0.0	0.0	0.0	0.0	0.0	0.0	0.0	0.0	0.0	0.0	0.0	0.0	0.0	0.0	0.0	0.0	0.0	0.0	0.0	0.0	0.0007803070861671	0.0	0.0	0.0	0.0	0.0	0.0	0.0	0.0	0.0	0.0	0.0	0.0	0.0
k__Bacteria|p__Firmicutes|c__CFGB9583	0.0	0.0	0.0	0.0	0.0	0.0	0.0	0.0	0.0	0.0	0.0	0.0	0.0	0.0	0.0	0.0	0.0	0.0	0.0	0.0	0.0	0.0	0.0	0.0	0.0	0.0	0.0	0.0	0.0	0.0	0.0	1.0111960396286976	0.0	0.0	0.0	0.0	0.0	0.0	0.0	0.0	0.0	0.0	0.0	0.0
k__Bacteria|p__Firmicutes|c__CFGB9583|o__OFGB9583	0.0	0.0	0.0	0.0	0.0	0.0	0.0	0.0	0.0	0.0	0.0	0.0	0.0	0.0	0.0	0.0	0.0	0.0	0.0	0.0	0.0	0.0	0.0	0.0	0.0	0.0	0.0	0.0	0.0	0.0	0.0	1.0111960396286976	0.0	0.0	0.0	0.0	0.0	0.0	0.0	0.0	0.0	0.0	0.0	0.0
k__Bacteria|p__Firmicutes|c__CFGB9583|o__OFGB9583|f__FGB9583	0.0	0.0	0.0	0.0	0.0	0.0	0.0	0.0	0.0	0.0	0.0	0.0	0.0	0.0	0.0	0.0	0.0	0.0	0.0	0.0	0.0	0.0	0.0	0.0	0.0	0.0	0.0	0.0	0.0	0.0	0.0	1.0111960396286976	0.0	0.0	0.0	0.0	0.0	0.0	0.0	0.0	0.0	0.0	0.0	0.0
k__Bacteria|p__Firmicutes|c__CFGB9583|o__OFGB9583|f__FGB9583|g__GGB3490	0.0	0.0	0.0	0.0	0.0	0.0	0.0	0.0	0.0	0.0	0.0	0.0	0.0	0.0	0.0	0.0	0.0	0.0	0.0	0.0	0.0	0.0	0.0	0.0	0.0	0.0	0.0	0.0	0.0	0.0	0.0	1.0111960396286976	0.0	0.0	0.0	0.0	0.0	0.0	0.0	0.0	0.0	0.0	0.0	0.0
k__Bacteria|p__Firmicutes|c__CFGB9583|o__OFGB9583|f__FGB9583|g__GGB3490|s__GGB3490_SGB4664	0.0	0.0	0.0	0.0	0.0	0.0	0.0	0.0	0.0	0.0	0.0	0.0	0.0	0.0	0.0	0.0	0.0	0.0	0.0	0.0	0.0	0.0	0.0	0.0	0.0	0.0	0.0	0.0	0.0	0.0	0.0	1.0111960396286976	0.0	0.0	0.0	0.0	0.0	0.0	0.0	0.0	0.0	0.0	0.0	0.0
k__Bacteria|p__Firmicutes|c__Negativicutes|o__Veillonellales|f__Veillonellaceae|g__Veillonella|s__Veillonella_parvula	0.0	0.0	0.0	0.0	0.0	0.0	0.0	0.0	0.0	0.0	0.0	0.0	0.0	0.0	0.0	0.0	0.0	0.0	0.0	0.0	0.0	0.0	0.0	0.0	0.0	0.0	0.0	0.0	0.0	0.0	0.0	0.0197736218848103	0.0	0.0	0.0	0.0	0.0146896631073632	0.0780194157327115	0.0163296740106975	0.0	0.0	0.0	0.0	0.0
k__Bacteria|p__Firmicutes|c__CFGB9583|o__OFGB9583|f__FGB9583|g__GGB3490|s__GGB3490_SGB4664|t__SGB4664	0.0	0.0	0.0	0.0	0.0	0.0	0.0	0.0	0.0	0.0	0.0	0.0	0.0	0.0	0.0	0.0	0.0	0.0	0.0	0.0	0.0	0.0	0.0	0.0	0.0	0.0	0.0	0.0	0.0	0.0	0.0	1.0111960396286976	0.0	0.0	0.0	0.0	0.0	0.0	0.0	0.0	0.0	0.0	0.0	0.0
k__Bacteria|p__Firmicutes|c__Negativicutes|o__Veillonellales|f__Veillonellaceae|g__Veillonella|s__Veillonella_parvula|t__SGB6939	0.0	0.0	0.0	0.0	0.0	0.0	0.0	0.0	0.0	0.0	0.0	0.0	0.0	0.0	0.0	0.0	0.0	0.0	0.0	0.0	0.0	0.0	0.0	0.0	0.0	0.0	0.0	0.0	0.0	0.0	0.0	0.0197736218848103	0.0	0.0	0.0	0.0	0.0146896631073632	0.0780194157327115	0.0163296740106975	0.0	0.0	0.0	0.0	0.0
k__Bacteria|p__Firmicutes|c__Clostridia|o__Eubacteriales|f__Oscillospiraceae|g__Fournierella	0.0	0.0	0.0	0.0	0.0	0.0	0.0	0.0	0.0	0.0	0.0	0.0	0.0	0.0	0.0	0.0	0.0	0.0	0.0	0.0	0.0	0.0	0.0	0.0	0.0	0.0	0.0	0.0	0.0	0.0	0.0	0.0	0.0179106194097515	0.0	0.0	0.0	0.0	0.0	0.0	0.0	0.0	0.0	0.0	0.0
k__Bacteria|p__Firmicutes|c__Clostridia|o__Eubacteriales|f__Oscillospiraceae|g__Fournierella|s__Fournierella_massiliensis	0.0	0.0	0.0	0.0	0.0	0.0	0.0	0.0	0.0	0.0	0.0	0.0	0.0	0.0	0.0	0.0	0.0	0.0	0.0	0.0	0.0	0.0	0.0	0.0	0.0	0.0	0.0	0.0	0.0	0.0	0.0	0.0	0.0179106194097515	0.0	0.0	0.0	0.0	0.0	0.0	0.0	0.0	0.0	0.0	0.0
k__Bacteria|p__Actinobacteria|c__Actinomycetia|o__Actinomycetales|f__Actinomycetaceae|g__Actinomyces|s__Actinomyces_sp_ICM47	0.0	0.0	0.0	0.0	0.0	0.0	0.0	0.0	0.0	0.0	0.0	0.0	0.0	0.0	0.0	0.0	0.0	0.0	0.0	0.0	0.0	0.0	0.0	0.0	0.0	0.0	0.0	0.0	0.0	0.0	0.0	0.0	0.0091021180606933	0.0	0.0	0.0	0.0	0.0	0.0	0.0	0.0	0.0	0.0	0.0
k__Bacteria|p__Firmicutes|c__Clostridia|o__Eubacteriales|f__Oscillospiraceae|g__Fournierella|s__Fournierella_massiliensis|t__SGB15280	0.0	0.0	0.0	0.0	0.0	0.0	0.0	0.0	0.0	0.0	0.0	0.0	0.0	0.0	0.0	0.0	0.0	0.0	0.0	0.0	0.0	0.0	0.0	0.0	0.0	0.0	0.0	0.0	0.0	0.0	0.0	0.0	0.0179106194097515	0.0	0.0	0.0	0.0	0.0	0.0	0.0	0.0	0.0	0.0	0.0
k__Bacteria|p__Actinobacteria|c__Actinomycetia|o__Actinomycetales|f__Actinomycetaceae|g__Actinomyces|s__Actinomyces_sp_ICM47|t__SGB17167_group	0.0	0.0	0.0	0.0	0.0	0.0	0.0	0.0	0.0	0.0	0.0	0.0	0.0	0.0	0.0	0.0	0.0	0.0	0.0	0.0	0.0	0.0	0.0	0.0	0.0	0.0	0.0	0.0	0.0	0.0	0.0	0.0	0.0091021180606933	0.0	0.0	0.0	0.0	0.0	0.0	0.0	0.0	0.0	0.0	0.0
k__Bacteria|p__Firmicutes|c__Erysipelotrichia|o__Erysipelotrichales|f__Erysipelotrichaceae|g__Faecalitalea	0.0	0.0	0.0	0.0	0.0	0.0	0.0	0.0	0.0	0.0	0.0	0.0	0.0	0.0	0.0	0.0	0.0	0.0	0.0	0.0	0.0	0.0	0.0	0.0	0.0	0.0	0.0	0.0	0.0	0.0	0.0	0.0	0.0	0.0851878855472948	0.0	0.0	0.0	0.0	0.0	0.0	0.0	0.0	0.0	0.0
k__Bacteria|p__Firmicutes|c__Clostridia|o__Eubacteriales|f__Lachnospiraceae|g__Frisingicoccus	0.0	0.0	0.0	0.0	0.0	0.0	0.0	0.0	0.0	0.0	0.0	0.0	0.0	0.0	0.0	0.0	0.0	0.0	0.0	0.0	0.0	0.0	0.0	0.0	0.0	0.0	0.0	0.0	0.0	0.0	0.0	0.0	0.0	0.0572227707881497	0.0724899151643767	0.0	0.0	0.0	0.0	0.0	0.0	0.0	0.0	0.0
k__Bacteria|p__Actinobacteria|c__Actinomycetia|o__Bifidobacteriales|f__Bifidobacteriaceae|g__Bifidobacterium|s__Bifidobacterium_angulatum	0.0	0.0	0.0	0.0	0.0	0.0	0.0	0.0	0.0	0.0	0.0	0.0	0.0	0.0	0.0	0.0	0.0	0.0	0.0	0.0	0.0	0.0	0.0	0.0	0.0	0.0	0.0	0.0	0.0	0.0	0.0	0.0	0.0	1.687862021289414	5.211368433875808	1.7920210282859454	0.0	0.0	0.0	0.0	0.0	0.0	0.0	0.0
k__Bacteria|p__Firmicutes|c__Erysipelotrichia|o__Erysipelotrichales|f__Erysipelotrichaceae|g__Faecalitalea|s__Faecalitalea_cylindroides	0.0	0.0	0.0	0.0	0.0	0.0	0.0	0.0	0.0	0.0	0.0	0.0	0.0	0.0	0.0	0.0	0.0	0.0	0.0	0.0	0.0	0.0	0.0	0.0	0.0	0.0	0.0	0.0	0.0	0.0	0.0	0.0	0.0	0.0851878855472948	0.0	0.0	0.0	0.0	0.0	0.0	0.0	0.0	0.0	0.0
k__Bacteria|p__Firmicutes|c__Clostridia|o__Eubacteriales|f__Lachnospiraceae|g__Frisingicoccus|s__Frisingicoccus_caecimuris	0.0	0.0	0.0	0.0	0.0	0.0	0.0	0.0	0.0	0.0	0.0	0.0	0.0	0.0	0.0	0.0	0.0	0.0	0.0	0.0	0.0	0.0	0.0	0.0	0.0	0.0	0.0	0.0	0.0	0.0	0.0	0.0	0.0	0.0572227707881497	0.0724899151643767	0.0	0.0	0.0	0.0	0.0	0.0	0.0	0.0	0.0
k__Bacteria|p__Firmicutes|c__Clostridia|o__Eubacteriales|f__Lachnospiraceae|g__Mediterraneibacter|s__Mediterraneibacter_massiliensis	0.0	0.0	0.0	0.0	0.0	0.0	0.0	0.0	0.0	0.0	0.0	0.0	0.0	0.0	0.0	0.0	0.0	0.0	0.0	0.0	0.0	0.0	0.0	0.0	0.0	0.0	0.0	0.0	0.0	0.0	0.0	0.0	0.0	0.0171796710503839	0.0075136676419477	0.0	0.0	0.0	0.0	0.0	0.0	0.0	0.0	0.0
k__Bacteria|p__Firmicutes|c__Clostridia|o__Eubacteriales|f__Oscillospiraceae|g__Pseudoflavonifractor|s__Pseudoflavonifractor_gallinarum	0.0	0.0	0.0	0.0	0.0	0.0	0.0	0.0	0.0	0.0	0.0	0.0	0.0	0.0	0.0	0.0	0.0	0.0	0.0	0.0	0.0	0.0	0.0	0.0	0.0	0.0	0.0	0.0	0.0	0.0	0.0	0.0	0.0	0.0023111665090202	0.0	0.0	0.0	0.0	0.0	0.0	0.0	0.0	0.0	0.0
k__Bacteria|p__Actinobacteria|c__Actinomycetia|o__Bifidobacteriales|f__Bifidobacteriaceae|g__Bifidobacterium|s__Bifidobacterium_angulatum|t__SGB17231	0.0	0.0	0.0	0.0	0.0	0.0	0.0	0.0	0.0	0.0	0.0	0.0	0.0	0.0	0.0	0.0	0.0	0.0	0.0	0.0	0.0	0.0	0.0	0.0	0.0	0.0	0.0	0.0	0.0	0.0	0.0	0.0	0.0	1.687862021289414	5.211368433875808	1.7920210282859454	0.0	0.0	0.0	0.0	0.0	0.0	0.0	0.0
k__Bacteria|p__Firmicutes|c__Erysipelotrichia|o__Erysipelotrichales|f__Erysipelotrichaceae|g__Faecalitalea|s__Faecalitalea_cylindroides|t__SGB6790	0.0	0.0	0.0	0.0	0.0	0.0	0.0	0.0	0.0	0.0	0.0	0.0	0.0	0.0	0.0	0.0	0.0	0.0	0.0	0.0	0.0	0.0	0.0	0.0	0.0	0.0	0.0	0.0	0.0	0.0	0.0	0.0	0.0	0.0851878855472948	0.0	0.0	0.0	0.0	0.0	0.0	0.0	0.0	0.0	0.0
k__Bacteria|p__Firmicutes|c__Clostridia|o__Eubacteriales|f__Lachnospiraceae|g__Frisingicoccus|s__Frisingicoccus_caecimuris|t__SGB4675	0.0	0.0	0.0	0.0	0.0	0.0	0.0	0.0	0.0	0.0	0.0	0.0	0.0	0.0	0.0	0.0	0.0	0.0	0.0	0.0	0.0	0.0	0.0	0.0	0.0	0.0	0.0	0.0	0.0	0.0	0.0	0.0	0.0	0.0572227707881497	0.0724899151643767	0.0	0.0	0.0	0.0	0.0	0.0	0.0	0.0	0.0
k__Bacteria|p__Firmicutes|c__Clostridia|o__Eubacteriales|f__Lachnospiraceae|g__Mediterraneibacter|s__Mediterraneibacter_massiliensis|t__SGB4595	0.0	0.0	0.0	0.0	0.0	0.0	0.0	0.0	0.0	0.0	0.0	0.0	0.0	0.0	0.0	0.0	0.0	0.0	0.0	0.0	0.0	0.0	0.0	0.0	0.0	0.0	0.0	0.0	0.0	0.0	0.0	0.0	0.0	0.0171796710503839	0.0075136676419477	0.0	0.0	0.0	0.0	0.0	0.0	0.0	0.0	0.0
k__Bacteria|p__Firmicutes|c__Clostridia|o__Eubacteriales|f__Lachnospiraceae|g__Lachnospiraceae_unclassified|s__Lachnospiraceae_bacterium|t__SGB4967	0.0	0.0	0.0	0.0	0.0	0.0	0.0	0.0	0.0	0.0	0.0	0.0	0.0	0.0	0.0	0.0	0.0	0.0	0.0	0.0	0.0	0.0	0.0	0.0	0.0	0.0	0.0	0.0	0.0	0.0	0.0	0.0	0.0	0.015056821812469	0.1049040340878663	0.0	0.0	0.0	0.0	0.0	0.0	0.0	0.0	0.0
k__Bacteria|p__Firmicutes|c__Clostridia|o__Eubacteriales|f__Oscillospiraceae|g__Pseudoflavonifractor|s__Pseudoflavonifractor_gallinarum|t__SGB29328	0.0	0.0	0.0	0.0	0.0	0.0	0.0	0.0	0.0	0.0	0.0	0.0	0.0	0.0	0.0	0.0	0.0	0.0	0.0	0.0	0.0	0.0	0.0	0.0	0.0	0.0	0.0	0.0	0.0	0.0	0.0	0.0	0.0	0.0023111665090202	0.0	0.0	0.0	0.0	0.0	0.0	0.0	0.0	0.0	0.0
k__Bacteria|p__Firmicutes|c__Clostridia|o__Eubacteriales|f__Lachnospiraceae|g__Lachnospiraceae_unclassified|s__Lachnospiraceae_bacterium_NSJ_29	0.0	0.0	0.0	0.0	0.0	0.0	0.0	0.0	0.0	0.0	0.0	0.0	0.0	0.0	0.0	0.0	0.0	0.0	0.0	0.0	0.0	0.0	0.0	0.0	0.0	0.0	0.0	0.0	0.0	0.0	0.0	0.0	0.0	0.0	0.0009751225676687	0.0	0.0	0.0	0.0	0.0	0.0	0.0	0.0	0.0
k__Bacteria|p__Firmicutes|c__Clostridia|o__Eubacteriales|f__Lachnospiraceae|g__Lachnospiraceae_unclassified|s__Lachnospiraceae_bacterium_NSJ_29|t__SGB25431	0.0	0.0	0.0	0.0	0.0	0.0	0.0	0.0	0.0	0.0	0.0	0.0	0.0	0.0	0.0	0.0	0.0	0.0	0.0	0.0	0.0	0.0	0.0	0.0	0.0	0.0	0.0	0.0	0.0	0.0	0.0	0.0	0.0	0.0	0.0009751225676687	0.0	0.0	0.0	0.0	0.0	0.0	0.0	0.0	0.0
k__Bacteria|p__Actinobacteria|c__Coriobacteriia|o__Coriobacteriales|f__Atopobiaceae	0.0	0.0	0.0	0.0	0.0	0.0	0.0	0.0	0.0	0.0	0.0	0.0	0.0	0.0	0.0	0.0	0.0	0.0	0.0	0.0	0.0	0.0	0.0	0.0	0.0	0.0	0.0	0.0	0.0	0.0	0.0	0.0	0.0	0.0	0.0	0.0	0.0	0.0031333865997709	0.0	0.0	0.0	0.0	0.0	0.0
k__Bacteria|p__Actinobacteria|c__Coriobacteriia|o__Coriobacteriales|f__Atopobiaceae|g__Atopobium	0.0	0.0	0.0	0.0	0.0	0.0	0.0	0.0	0.0	0.0	0.0	0.0	0.0	0.0	0.0	0.0	0.0	0.0	0.0	0.0	0.0	0.0	0.0	0.0	0.0	0.0	0.0	0.0	0.0	0.0	0.0	0.0	0.0	0.0	0.0	0.0	0.0	0.0031333865997709	0.0	0.0	0.0	0.0	0.0	0.0
k__Bacteria|p__Firmicutes|c__Clostridia|o__Eubacteriales|f__Eubacteriales_unclassified|g__Gemmiger|s__Gemmiger_sp_An87	0.0	0.0	0.0	0.0	0.0	0.0	0.0	0.0	0.0	0.0	0.0	0.0	0.0	0.0	0.0	0.0	0.0	0.0	0.0	0.0	0.0	0.0	0.0	0.0	0.0	0.0	0.0	0.0	0.0	0.0	0.0	0.0	0.0	0.0	0.0	0.0	0.0	0.0339418371615432	0.0	0.0	0.0	0.0	0.0	0.0
k__Bacteria|p__Actinobacteria|c__Coriobacteriia|o__Coriobacteriales|f__Atopobiaceae|g__Atopobium|s__Atopobium_deltae	0.0	0.0	0.0	0.0	0.0	0.0	0.0	0.0	0.0	0.0	0.0	0.0	0.0	0.0	0.0	0.0	0.0	0.0	0.0	0.0	0.0	0.0	0.0	0.0	0.0	0.0	0.0	0.0	0.0	0.0	0.0	0.0	0.0	0.0	0.0	0.0	0.0	0.0031333865997709	0.0	0.0	0.0	0.0	0.0	0.0
k__Bacteria|p__Firmicutes|c__Clostridia|o__Eubacteriales|f__Eubacteriales_unclassified|g__Gemmiger|s__Gemmiger_sp_An87|t__SGB15281	0.0	0.0	0.0	0.0	0.0	0.0	0.0	0.0	0.0	0.0	0.0	0.0	0.0	0.0	0.0	0.0	0.0	0.0	0.0	0.0	0.0	0.0	0.0	0.0	0.0	0.0	0.0	0.0	0.0	0.0	0.0	0.0	0.0	0.0	0.0	0.0	0.0	0.0339418371615432	0.0	0.0	0.0	0.0	0.0	0.0
k__Bacteria|p__Actinobacteria|c__Coriobacteriia|o__Coriobacteriales|f__Atopobiaceae|g__Atopobium|s__Atopobium_deltae|t__SGB988	0.0	0.0	0.0	0.0	0.0	0.0	0.0	0.0	0.0	0.0	0.0	0.0	0.0	0.0	0.0	0.0	0.0	0.0	0.0	0.0	0.0	0.0	0.0	0.0	0.0	0.0	0.0	0.0	0.0	0.0	0.0	0.0	0.0	0.0	0.0	0.0	0.0	0.0031333865997709	0.0	0.0	0.0	0.0	0.0	0.0
k__Bacteria|p__Proteobacteria|c__Gammaproteobacteria|o__Pasteurellales	0.0	0.0	0.0	0.0	0.0	0.0	0.0	0.0	0.0	0.0	0.0	0.0	0.0	0.0	0.0	0.0	0.0	0.0	0.0	0.0	0.0	0.0	0.0	0.0	0.0	0.0	0.0	0.0	0.0	0.0	0.0	0.0	0.0	0.0	0.0	0.0	0.0	0.0	0.1027321470052803	0.0	0.0	0.0	0.0	0.0
k__Bacteria|p__Proteobacteria|c__Gammaproteobacteria|o__Pasteurellales|f__Pasteurellaceae	0.0	0.0	0.0	0.0	0.0	0.0	0.0	0.0	0.0	0.0	0.0	0.0	0.0	0.0	0.0	0.0	0.0	0.0	0.0	0.0	0.0	0.0	0.0	0.0	0.0	0.0	0.0	0.0	0.0	0.0	0.0	0.0	0.0	0.0	0.0	0.0	0.0	0.0	0.1027321470052803	0.0	0.0	0.0	0.0	0.0
k__Bacteria|p__Proteobacteria|c__Gammaproteobacteria|o__Pasteurellales|f__Pasteurellaceae|g__Haemophilus	0.0	0.0	0.0	0.0	0.0	0.0	0.0	0.0	0.0	0.0	0.0	0.0	0.0	0.0	0.0	0.0	0.0	0.0	0.0	0.0	0.0	0.0	0.0	0.0	0.0	0.0	0.0	0.0	0.0	0.0	0.0	0.0	0.0	0.0	0.0	0.0	0.0	0.0	0.1027321470052803	0.0	0.0	0.0	0.0	0.0
k__Bacteria|p__Proteobacteria|c__Gammaproteobacteria|o__Pasteurellales|f__Pasteurellaceae|g__Haemophilus|s__Haemophilus_pittmaniae	0.0	0.0	0.0	0.0	0.0	0.0	0.0	0.0	0.0	0.0	0.0	0.0	0.0	0.0	0.0	0.0	0.0	0.0	0.0	0.0	0.0	0.0	0.0	0.0	0.0	0.0	0.0	0.0	0.0	0.0	0.0	0.0	0.0	0.0	0.0	0.0	0.0	0.0	0.1027321470052803	0.0	0.0	0.0	0.0	0.0
k__Bacteria|p__Firmicutes|c__Clostridia|o__Eubacteriales|f__Lachnospiraceae|g__Lachnospiraceae_unclassified|s__Lachnospiraceae_bacterium_AM48_27BH	0.0	0.0	0.0	0.0	0.0	0.0	0.0	0.0	0.0	0.0	0.0	0.0	0.0	0.0	0.0	0.0	0.0	0.0	0.0	0.0	0.0	0.0	0.0	0.0	0.0	0.0	0.0	0.0	0.0	0.0	0.0	0.0	0.0	0.0	0.0	0.0	0.0	0.0	0.0189243428693937	0.0	0.0	0.0	0.0	0.0
k__Bacteria|p__Proteobacteria|c__Gammaproteobacteria|o__Pasteurellales|f__Pasteurellaceae|g__Haemophilus|s__Haemophilus_pittmaniae|t__SGB9656	0.0	0.0	0.0	0.0	0.0	0.0	0.0	0.0	0.0	0.0	0.0	0.0	0.0	0.0	0.0	0.0	0.0	0.0	0.0	0.0	0.0	0.0	0.0	0.0	0.0	0.0	0.0	0.0	0.0	0.0	0.0	0.0	0.0	0.0	0.0	0.0	0.0	0.0	0.1027321470052803	0.0	0.0	0.0	0.0	0.0
k__Bacteria|p__Firmicutes|c__Clostridia|o__Eubacteriales|f__Lachnospiraceae|g__Lachnospiraceae_unclassified|s__Lachnospiraceae_bacterium_AM48_27BH|t__SGB4706	0.0	0.0	0.0	0.0	0.0	0.0	0.0	0.0	0.0	0.0	0.0	0.0	0.0	0.0	0.0	0.0	0.0	0.0	0.0	0.0	0.0	0.0	0.0	0.0	0.0	0.0	0.0	0.0	0.0	0.0	0.0	0.0	0.0	0.0	0.0	0.0	0.0	0.0	0.0189243428693937	0.0	0.0	0.0	0.0	0.0
k__Bacteria|p__Bacteroidetes|c__Bacteroidia|o__Bacteroidales|f__Prevotellaceae|g__Paraprevotella|s__Paraprevotella_xylaniphila	0.0	0.0	0.0	0.0	0.0	0.0	0.0	0.0	0.0	0.0	0.0	0.0	0.0	0.0	0.0	0.0	0.0	0.0	0.0	0.0	0.0	0.0	0.0	0.0	0.0	0.0	0.0	0.0	0.0	0.0	0.0	0.0	0.0	0.0	0.0	0.0	0.0	0.0	0.0	2.6815865587649816	1.280540641451972	0.2434617295249672	0.0	0.0
k__Bacteria|p__Bacteroidetes|c__Bacteroidia|o__Bacteroidales|f__Prevotellaceae|g__Paraprevotella|s__Paraprevotella_xylaniphila|t__SGB1797	0.0	0.0	0.0	0.0	0.0	0.0	0.0	0.0	0.0	0.0	0.0	0.0	0.0	0.0	0.0	0.0	0.0	0.0	0.0	0.0	0.0	0.0	0.0	0.0	0.0	0.0	0.0	0.0	0.0	0.0	0.0	0.0	0.0	0.0	0.0	0.0	0.0	0.0	0.0	2.6815865587649816	1.280540641451972	0.2434617295249672	0.0	0.0
k__Bacteria|p__Firmicutes|c__Erysipelotrichia|o__Erysipelotrichales|f__Erysipelotrichaceae|g__Faecalibacillus	0.0	0.0	0.0	0.0	0.0	0.0	0.0	0.0	0.0	0.0	0.0	0.0	0.0	0.0	0.0	0.0	0.0	0.0	0.0	0.0	0.0	0.0	0.0	0.0	0.0	0.0	0.0	0.0	0.0	0.0	0.0	0.0	0.0	0.0	0.0	0.0	0.0	0.0	0.0	0.0	0.0205649970493851	0.0	0.0	0.0
k__Bacteria|p__Firmicutes|c__Clostridia|o__Eubacteriales|f__Eubacteriaceae|g__Eubacterium|s__Eubacterium_SGB4961	0.0	0.0	0.0	0.0	0.0	0.0	0.0	0.0	0.0	0.0	0.0	0.0	0.0	0.0	0.0	0.0	0.0	0.0	0.0	0.0	0.0	0.0	0.0	0.0	0.0	0.0	0.0	0.0	0.0	0.0	0.0	0.0	0.0	0.0	0.0	0.0	0.0	0.0	0.0	0.0	0.4591828817994139	0.0236858306240044	0.0	0.0
k__Bacteria|p__Firmicutes|c__Erysipelotrichia|o__Erysipelotrichales|f__Erysipelotrichaceae|g__Faecalibacillus|s__Faecalibacillus_faecis	0.0	0.0	0.0	0.0	0.0	0.0	0.0	0.0	0.0	0.0	0.0	0.0	0.0	0.0	0.0	0.0	0.0	0.0	0.0	0.0	0.0	0.0	0.0	0.0	0.0	0.0	0.0	0.0	0.0	0.0	0.0	0.0	0.0	0.0	0.0	0.0	0.0	0.0	0.0	0.0	0.0205649970493851	0.0	0.0	0.0
k__Bacteria|p__Firmicutes|c__Clostridia|o__Eubacteriales|f__Eubacteriaceae|g__Eubacterium|s__Eubacterium_SGB4961|t__SGB4961	0.0	0.0	0.0	0.0	0.0	0.0	0.0	0.0	0.0	0.0	0.0	0.0	0.0	0.0	0.0	0.0	0.0	0.0	0.0	0.0	0.0	0.0	0.0	0.0	0.0	0.0	0.0	0.0	0.0	0.0	0.0	0.0	0.0	0.0	0.0	0.0	0.0	0.0	0.0	0.0	0.4591828817994139	0.0236858306240044	0.0	0.0
k__Bacteria|p__Firmicutes|c__Erysipelotrichia|o__Erysipelotrichales|f__Erysipelotrichaceae|g__Faecalibacillus|s__Faecalibacillus_faecis|t__SGB6750	0.0	0.0	0.0	0.0	0.0	0.0	0.0	0.0	0.0	0.0	0.0	0.0	0.0	0.0	0.0	0.0	0.0	0.0	0.0	0.0	0.0	0.0	0.0	0.0	0.0	0.0	0.0	0.0	0.0	0.0	0.0	0.0	0.0	0.0	0.0	0.0	0.0	0.0	0.0	0.0	0.0205649970493851	0.0	0.0	0.0
