feature,metadata,value,name,coef,null_hypothesis,stderr,pval_individual,qval_individual,pval_joint,qval_joint,error,model,N,N_not_zero
BIOTIN-BIOSYNTHESIS-PWY: biotin biosynthesis I,timepoint,2_weeks,timepoint2_weeks,11.6400080884351,0,3.55146505376165,0.00104722230735169,0.097391674583707,0.00209334794014236,0.148462663400866,<4 average observations per random effect group often inflates coefficients and deflates p-values: consider setting small_random_effects=TRUE and see tutorial,prevalence,40,38
FASYN-ELONG-PWY: fatty acid elongation -- saturated,timepoint,2_weeks,timepoint2_weeks,11.6400080884351,0,3.55146505376165,0.00104722230735169,0.097391674583707,0.00209334794014236,0.148462663400866,<4 average observations per random effect group often inflates coefficients and deflates p-values: consider setting small_random_effects=TRUE and see tutorial,prevalence,40,38
PWY-5989: stearate biosynthesis II (bacteria and plants),timepoint,2_weeks,timepoint2_weeks,11.6400080884351,0,3.55146505376165,0.00104722230735169,0.097391674583707,0.00209334794014236,0.148462663400866,<4 average observations per random effect group often inflates coefficients and deflates p-values: consider setting small_random_effects=TRUE and see tutorial,prevalence,40,38
PWY-6282: palmitoleate biosynthesis I (from (5Z)-dodec-5-enoate),timepoint,2_weeks,timepoint2_weeks,11.6400080884351,0,3.55146505376165,0.00104722230735169,0.097391674583707,0.00209334794014236,0.148462663400866,<4 average observations per random effect group often inflates coefficients and deflates p-values: consider setting small_random_effects=TRUE and see tutorial,prevalence,40,38
PWY-6519: 8-amino-7-oxononanoate biosynthesis I,timepoint,2_weeks,timepoint2_weeks,11.6400080884351,0,3.55146505376165,0.00104722230735169,0.097391674583707,0.00209334794014236,0.148462663400866,<4 average observations per random effect group often inflates coefficients and deflates p-values: consider setting small_random_effects=TRUE and see tutorial,prevalence,40,38
PWY-7664: oleate biosynthesis IV (anaerobic),timepoint,2_weeks,timepoint2_weeks,11.6400080884351,0,3.55146505376165,0.00104722230735169,0.097391674583707,0.00209334794014236,0.148462663400866,<4 average observations per random effect group often inflates coefficients and deflates p-values: consider setting small_random_effects=TRUE and see tutorial,prevalence,40,38
PWY0-862: (5Z)-dodecenoate biosynthesis I,timepoint,2_weeks,timepoint2_weeks,11.6400080884351,0,3.55146505376165,0.00104722230735169,0.097391674583707,0.00209334794014236,0.148462663400866,<4 average observations per random effect group often inflates coefficients and deflates p-values: consider setting small_random_effects=TRUE and see tutorial,prevalence,40,38
GLYCOGENSYNTH-PWY: glycogen biosynthesis I (from ADP-D-Glucose),turmeric_status,Taken,turmeric_statusTaken,0.416681091557727,-0.071411131901014,0.136679853828351,0.00224227054905777,0.166924341751232,0.00224227054905777,0.148462663400866,,abundance,40,40
PWY-6609: adenine and adenosine salvage III,timepoint,6_months,timepoint6_months,-0.232851612428012,0.128908574734089,0.102417806977047,0.00230770979379584,0.166924341751232,0.00230770979379584,0.148462663400866,,abundance,40,40
UNINTEGRATED,timepoint,6_months,timepoint6_months,-0.0170851748578319,0.128908574734089,0.0236672794151937,0.00259385501530317,0.168859961496236,0.00259385501530317,0.150184205386053,,abundance,40,40
PWY-6317: D-galactose degradation I (Leloir pathway),turmeric_status,Taken,turmeric_statusTaken,0.382507830092688,-0.071411131901014,0.131996338465322,0.00311054901534988,0.18408794627207,0.00311054901534988,0.163727989080689,,abundance,40,40
DTDPRHAMSYN-PWY: dTDP-&beta;-L-rhamnose biosynthesis,turmeric_status,Taken,turmeric_statusTaken,0.307197669123287,-0.071411131901014,0.111013424329919,0.0042272782798567,0.220622906072423,0.0042272782798567,0.203966177003086,,abundance,40,40
PWY-1042: glycolysis IV,turmeric_status,Taken,turmeric_statusTaken,0.235188366058845,-0.071411131901014,0.0968267233072015,0.00882292644085357,0.220622906072423,0.00882292644085357,0.24709464237024,,abundance,40,40
PWY-5667: CDP-diacylglycerol biosynthesis I,timepoint,6_months,timepoint6_months,-0.185505783405411,0.128908574734089,0.107154622070614,0.0102075516323645,0.220622906072423,0.0102075516323645,0.24709464237024,,abundance,40,40
PWY-5667: CDP-diacylglycerol biosynthesis I,turmeric_status,Taken,turmeric_statusTaken,0.313335839652644,-0.071411131901014,0.119957453470404,0.00646413287315554,0.220622906072423,0.00646413287315554,0.24709464237024,,abundance,40,40
PWY-6317: D-galactose degradation I (Leloir pathway),timepoint,6_months,timepoint6_months,-0.212579267626398,0.128908574734089,0.118498806301002,0.0101845710720891,0.220622906072423,0.0101845710720891,0.24709464237024,,abundance,40,40
PWY-6609: adenine and adenosine salvage III,timepoint,2_weeks,timepoint2_weeks,-0.0899075406548172,0.074634164427337,0.0577730195914792,0.0115225480898039,0.220622906072423,0.0115225480898039,0.24709464237024,,abundance,40,40
PWY-6609: adenine and adenosine salvage III,turmeric_status,Taken,turmeric_statusTaken,0.269235533837824,-0.071411131901014,0.113064749769636,0.00963330287073027,0.220622906072423,0.00963330287073027,0.24709464237024,,abundance,40,40
PWY-7234: inosine-5'-phosphate biosynthesis III,turmeric_status,Taken,turmeric_statusTaken,-1.37635673803342,-0.071411131901014,0.487027886367689,0.0114280355185843,0.220622906072423,0.0114280355185843,0.24709464237024,,abundance,40,40
PWY-8004: Entner-Doudoroff pathway I,turmeric_status,Taken,turmeric_statusTaken,-1.35317734761578,-0.071411131901014,0.442033502177886,0.00710786015199981,0.220622906072423,0.00710786015199981,0.24709464237024,,abundance,40,40
PWY0-1296: purine ribonucleosides degradation,timepoint,6_months,timepoint6_months,-0.294270162769977,0.128908574734089,0.146135960000547,0.00862425564802741,0.220622906072423,0.00862425564802741,0.24709464237024,,abundance,40,40
PWY0-1296: purine ribonucleosides degradation,turmeric_status,Taken,turmeric_statusTaken,0.418929071849939,-0.071411131901014,0.161459455719699,0.00673991854290022,0.220622906072423,0.00673991854290022,0.24709464237024,,abundance,40,40
PWY0-1319: CDP-diacylglycerol biosynthesis II,timepoint,6_months,timepoint6_months,-0.185505783405411,0.128908574734089,0.107154622070614,0.0105585410041529,0.220622906072423,0.0105585410041529,0.24709464237024,,abundance,40,40
PWY0-1319: CDP-diacylglycerol biosynthesis II,turmeric_status,Taken,turmeric_statusTaken,0.313335839652644,-0.071411131901014,0.119957453470404,0.00663756179794147,0.220622906072423,0.00663756179794147,0.24709464237024,,abundance,40,40
RIBOSYN2-PWY: flavin biosynthesis I (bacteria and plants),timepoint,2_weeks,timepoint2_weeks,-0.149389369227673,0.074634164427337,0.0786432823413974,0.0108636618647829,0.220622906072423,0.0108636618647829,0.24709464237024,,abundance,40,40
RIBOSYN2-PWY: flavin biosynthesis I (bacteria and plants),timepoint,6_months,timepoint6_months,-0.289382305979771,0.128908574734089,0.142349019054904,0.008352544002483,0.220622906072423,0.008352544002483,0.24709464237024,,abundance,40,40
UNINTEGRATED,timepoint,2_weeks,timepoint2_weeks,0.0120347907504756,0.074634164427337,0.0128600943060309,0.0104258872544759,0.220622906072423,0.0104258872544759,0.24709464237024,,abundance,40,40
BIOTIN-BIOSYNTHESIS-PWY: biotin biosynthesis I,turmeric_status,Taken,turmeric_statusTaken,-7.93532889646891,0,3.13925343492424,0.0114787623776245,0.220622906072423,0.0228257627695271,0.300366287353549,<4 average observations per random effect group often inflates coefficients and deflates p-values: consider setting small_random_effects=TRUE and see tutorial,prevalence,40,38
FASYN-ELONG-PWY: fatty acid elongation -- saturated,turmeric_status,Taken,turmeric_statusTaken,-7.93532889646891,0,3.13925343492424,0.0114787623776245,0.220622906072423,0.0228257627695271,0.300366287353549,<4 average observations per random effect group often inflates coefficients and deflates p-values: consider setting small_random_effects=TRUE and see tutorial,prevalence,40,38
PWY-5989: stearate biosynthesis II (bacteria and plants),turmeric_status,Taken,turmeric_statusTaken,-7.93532889646891,0,3.13925343492424,0.0114787623776245,0.220622906072423,0.0228257627695271,0.300366287353549,<4 average observations per random effect group often inflates coefficients and deflates p-values: consider setting small_random_effects=TRUE and see tutorial,prevalence,40,38
PWY-6282: palmitoleate biosynthesis I (from (5Z)-dodec-5-enoate),turmeric_status,Taken,turmeric_statusTaken,-7.93532889646891,0,3.13925343492424,0.0114787623776245,0.220622906072423,0.0228257627695271,0.300366287353549,<4 average observations per random effect group often inflates coefficients and deflates p-values: consider setting small_random_effects=TRUE and see tutorial,prevalence,40,38
PWY-6519: 8-amino-7-oxononanoate biosynthesis I,turmeric_status,Taken,turmeric_statusTaken,-7.93532889646891,0,3.13925343492424,0.0114787623776245,0.220622906072423,0.0228257627695271,0.300366287353549,<4 average observations per random effect group often inflates coefficients and deflates p-values: consider setting small_random_effects=TRUE and see tutorial,prevalence,40,38
PWY-7664: oleate biosynthesis IV (anaerobic),turmeric_status,Taken,turmeric_statusTaken,-7.93532889646891,0,3.13925343492424,0.0114787623776245,0.220622906072423,0.0228257627695271,0.300366287353549,<4 average observations per random effect group often inflates coefficients and deflates p-values: consider setting small_random_effects=TRUE and see tutorial,prevalence,40,38
PWY0-862: (5Z)-dodecenoate biosynthesis I,turmeric_status,Taken,turmeric_statusTaken,-7.93532889646891,0,3.13925343492424,0.0114787623776245,0.220622906072423,0.0228257627695271,0.300366287353549,<4 average observations per random effect group often inflates coefficients and deflates p-values: consider setting small_random_effects=TRUE and see tutorial,prevalence,40,38
PWY-6823: molybdopterin biosynthesis,turmeric_status,Taken,turmeric_statusTaken,0.547800801535496,-0.071411131901014,0.237501588329308,0.0155108632670801,0.239596397022175,0.0155108632670801,0.299359661054647,,abundance,40,40
PWY-6901: superpathway of glucose and xylose degradation,turmeric_status,Taken,turmeric_statusTaken,-0.945258617410524,-0.071411131901014,0.332355646401883,0.0140275857583506,0.239596397022175,0.0140275857583506,0.287380344260106,,abundance,40,40
PWY-7560: methylerythritol phosphate pathway II,timepoint,6_months,timepoint6_months,-0.481463835277606,0.128908574734089,0.235805186336066,0.0165619629278001,0.239596397022175,0.0165619629278001,0.300366287353549,,abundance,40,40
UNMAPPED,timepoint,2_weeks,timepoint2_weeks,-0.0736096568350067,0.074634164427337,0.0528257139932568,0.0143938341684682,0.239596397022175,0.0143938341684682,0.287380344260106,,abundance,40,40
BIOTIN-BIOSYNTHESIS-PWY: biotin biosynthesis I,timepoint,6_months,timepoint6_months,7.33667018184563,0,3.05562784783025,0.0163487614159149,0.239596397022175,0.0324302408319953,0.347724248920838,<4 average observations per random effect group often inflates coefficients and deflates p-values: consider setting small_random_effects=TRUE and see tutorial,prevalence,40,38
FASYN-ELONG-PWY: fatty acid elongation -- saturated,timepoint,6_months,timepoint6_months,7.33667018184563,0,3.05562784783025,0.0163487614159149,0.239596397022175,0.0324302408319953,0.347724248920838,<4 average observations per random effect group often inflates coefficients and deflates p-values: consider setting small_random_effects=TRUE and see tutorial,prevalence,40,38
PWY-5989: stearate biosynthesis II (bacteria and plants),timepoint,6_months,timepoint6_months,7.33667018184563,0,3.05562784783025,0.0163487614159149,0.239596397022175,0.0324302408319953,0.347724248920838,<4 average observations per random effect group often inflates coefficients and deflates p-values: consider setting small_random_effects=TRUE and see tutorial,prevalence,40,38
PWY-6282: palmitoleate biosynthesis I (from (5Z)-dodec-5-enoate),timepoint,6_months,timepoint6_months,7.33667018184563,0,3.05562784783025,0.0163487614159149,0.239596397022175,0.0324302408319953,0.347724248920838,<4 average observations per random effect group often inflates coefficients and deflates p-values: consider setting small_random_effects=TRUE and see tutorial,prevalence,40,38
PWY-6519: 8-amino-7-oxononanoate biosynthesis I,timepoint,6_months,timepoint6_months,7.33667018184563,0,3.05562784783025,0.0163487614159149,0.239596397022175,0.0324302408319953,0.347724248920838,<4 average observations per random effect group often inflates coefficients and deflates p-values: consider setting small_random_effects=TRUE and see tutorial,prevalence,40,38
PWY-7664: oleate biosynthesis IV (anaerobic),timepoint,6_months,timepoint6_months,7.33667018184563,0,3.05562784783025,0.0163487614159149,0.239596397022175,0.0324302408319953,0.347724248920838,<4 average observations per random effect group often inflates coefficients and deflates p-values: consider setting small_random_effects=TRUE and see tutorial,prevalence,40,38
PWY0-862: (5Z)-dodecenoate biosynthesis I,timepoint,6_months,timepoint6_months,7.33667018184563,0,3.05562784783025,0.0163487614159149,0.239596397022175,0.0324302408319953,0.347724248920838,<4 average observations per random effect group often inflates coefficients and deflates p-values: consider setting small_random_effects=TRUE and see tutorial,prevalence,40,38
DTDPRHAMSYN-PWY: dTDP-&beta;-L-rhamnose biosynthesis,timepoint,6_months,timepoint6_months,-0.140426146204563,0.128908574734089,0.0995988630591326,0.0172013419046018,0.243436382171647,0.0172013419046018,0.300366287353549,,abundance,40,40
GLYCOGENSYNTH-PWY: glycogen biosynthesis I (from ADP-D-Glucose),timepoint,6_months,timepoint6_months,-0.192671783687303,0.128908574734089,0.123044459614126,0.0184414149560267,0.255433215667519,0.0184414149560267,0.300366287353549,,abundance,40,40
RIBOSYN2-PWY: flavin biosynthesis I (bacteria and plants),turmeric_status,Taken,turmeric_statusTaken,0.34070288798211,-0.071411131901014,0.158635677879002,0.0193047845827148,0.261821140903069,0.0193047845827148,0.300366287353549,,abundance,40,40
CALVIN-PWY: Calvin-Benson-Bassham cycle,turmeric_status,Taken,turmeric_statusTaken,0.317584320098254,-0.071411131901014,0.15268142983093,0.0220148736398471,0.288121926174069,0.0220148736398471,0.300366287353549,,abundance,40,40
DTDPRHAMSYN-PWY: dTDP-&beta;-L-rhamnose biosynthesis,timepoint,2_weeks,timepoint2_weeks,-0.0657856343194433,0.074634164427337,0.055003627548884,0.0225352505750635,0.288121926174069,0.0225352505750635,0.300366287353549,,abundance,40,40
PWY-6270: isoprene biosynthesis I,turmeric_status,Taken,turmeric_statusTaken,0.553640758599664,-0.071411131901014,0.252638608912622,0.0225717638016552,0.288121926174069,0.0225717638016552,0.300366287353549,,abundance,40,40
PWY-2941: L-lysine biosynthesis II,timepoint,2_weeks,timepoint2_weeks,0.780517108359542,0.074634164427337,0.290119882909446,0.0271455990067787,0.333429904781376,0.0271455990067787,0.341680474454888,,abundance,40,40
PWY-7238: sucrose biosynthesis II,turmeric_status,Taken,turmeric_statusTaken,0.226771251080425,-0.071411131901014,0.117380869196662,0.0269282759705331,0.333429904781376,0.0269282759705331,0.341680474454888,,abundance,40,40
PWY-6270: isoprene biosynthesis I,timepoint,6_months,timepoint6_months,-0.396065034304121,0.128908574734089,0.225116287663139,0.0298682358495924,0.360078176631197,0.0298682358495924,0.347724248920838,,abundance,40,40
PWY-1861: formaldehyde assimilation II (assimilatory RuMP Cycle),turmeric_status,Taken,turmeric_statusTaken,1.69189462763208,-0.071411131901014,0.764588670585916,0.0312584442323387,0.369986312640954,0.0615397981288511,0.459516421030308,,abundance,40,38
PWY-5941: glycogen degradation II,turmeric_status,Taken,turmeric_statusTaken,0.238048222070342,-0.071411131901014,0.129259203831751,0.0336048873393655,0.385739356749175,0.0336048873393655,0.349203313330948,,abundance,40,40
"PWY-7383: anaerobic energy metabolism (invertebrates, cytosol)",turmeric_status,Taken,turmeric_statusTaken,-0.764134136633616,-0.071411131901014,0.302906883215345,0.0337744137245822,0.385739356749175,0.0337744137245822,0.349203313330948,,abundance,40,40
PENTOSE-P-PWY: pentose phosphate pathway,turmeric_status,Taken,turmeric_statusTaken,-1.01050088654284,-0.071411131901014,0.422550705856679,0.0347818695544724,0.390396501378648,0.0347818695544724,0.353310569684904,,abundance,40,40
FASYN-ELONG-PWY: fatty acid elongation -- saturated,turmeric_status,Taken,turmeric_statusTaken,-1.22198656230471,-0.071411131901014,0.511357114395141,0.0355680172623122,0.392453885385852,0.0228257627695271,0.300366287353549,,abundance,40,38
PWY-7953: UDP-N-acetylmuramoyl-pentapeptide biosynthesis III (meso-diaminopimelate containing),timepoint,6_months,timepoint6_months,-0.0889162947411702,0.128908574734089,0.0930959832042226,0.0364713041687243,0.395713650230659,0.0364713041687243,0.364084226098127,,abundance,40,40
PWY-6282: palmitoleate biosynthesis I (from (5Z)-dodec-5-enoate),turmeric_status,Taken,turmeric_statusTaken,-1.18134635462231,-0.071411131901014,0.500031130455253,0.0383699917916713,0.397319842799209,0.0228257627695271,0.300366287353549,,abundance,40,38
PWY-7664: oleate biosynthesis IV (anaerobic),turmeric_status,Taken,turmeric_statusTaken,-1.21090788691017,-0.071411131901014,0.511733263728103,0.0374895863920258,0.397319842799209,0.0228257627695271,0.300366287353549,,abundance,40,38
PWY-8178: pentose phosphate pathway (non-oxidative branch) II,timepoint,6_months,timepoint6_months,-0.315441859687274,0.128908574734089,0.201292327200905,0.0384503073676654,0.397319842799209,0.0384503073676654,0.377334372303022,,abundance,40,40
PWY-1042: glycolysis IV,timepoint,6_months,timepoint6_months,-0.0736936480612099,0.128908574734089,0.0868182217482809,0.0403855834851741,0.404477151520744,0.0403855834851741,0.38972088063193,,abundance,40,40
PWY0-862: (5Z)-dodecenoate biosynthesis I,turmeric_status,Taken,turmeric_statusTaken,-1.1975887211821,-0.071411131901014,0.512786825364617,0.0402575940372219,0.404477151520744,0.0228257627695271,0.300366287353549,,abundance,40,38
CALVIN-PWY: Calvin-Benson-Bassham cycle,timepoint,6_months,timepoint6_months,-0.174430616350508,0.128908574734089,0.137396937107366,0.0413263498028873,0.407628086692115,0.0413263498028873,0.392261582555274,,abundance,40,40
PWY-7560: methylerythritol phosphate pathway II,turmeric_status,Taken,turmeric_statusTaken,0.497759216203014,-0.071411131901014,0.263609014376018,0.0427329726301611,0.415211420630371,0.0427329726301611,0.399070825046181,,abundance,40,40
PWY-7356: thiamine diphosphate salvage IV (yeast),turmeric_status,Taken,turmeric_statusTaken,-0.977998875009322,-0.071411131901014,0.423818248133714,0.0439176243547684,0.420446668455209,0.0439176243547684,0.403623880974776,,abundance,40,40
ANAEROFRUCAT-PWY: homolactic fermentation,turmeric_status,Taken,turmeric_statusTaken,-0.584322750343,-0.071411131901014,0.256629825968666,0.0594043262345312,0.470439857206149,0.0594043262345312,0.456947372822295,,abundance,40,40
PWY-5484: glycolysis II (from fructose 6-phosphate),turmeric_status,Taken,turmeric_statusTaken,-0.707332568299955,-0.071411131901014,0.310368484176824,0.0523330781388103,0.470439857206149,0.0523330781388103,0.456947372822295,,abundance,40,40
PWY-5989: stearate biosynthesis II (bacteria and plants),turmeric_status,Taken,turmeric_statusTaken,-1.01330887761254,-0.071411131901014,0.454157125388873,0.0517506994955939,0.470439857206149,0.0228257627695271,0.300366287353549,,abundance,40,38
PWY-6121: 5-aminoimidazole ribonucleotide biosynthesis I,turmeric_status,Taken,turmeric_statusTaken,0.158094897994056,-0.071411131901014,0.106888903264505,0.0599270516861282,0.470439857206149,0.0599270516861282,0.456947372822295,,abundance,40,40
PWY-6125: superpathway of guanosine nucleotides de novo biosynthesis II,timepoint,2_weeks,timepoint2_weeks,0.44738949726478,0.074634164427337,0.185603689505811,0.0586799279638825,0.470439857206149,0.0586799279638825,0.456947372822295,,abundance,40,40
PWY-6126: superpathway of adenosine nucleotides de novo biosynthesis II,timepoint,2_weeks,timepoint2_weeks,0.434587085943355,0.074634164427337,0.179657009485977,0.0592535447770633,0.470439857206149,0.0592535447770633,0.456947372822295,,abundance,40,40
PWY-7197: pyrimidine deoxyribonucleotide phosphorylation,timepoint,2_weeks,timepoint2_weeks,0.478432078636773,0.074634164427337,0.199431930343016,0.0559880196774367,0.470439857206149,0.0559880196774367,0.456947372822295,,abundance,40,40
PWY-7220: adenosine deoxyribonucleotides de novo biosynthesis II,timepoint,2_weeks,timepoint2_weeks,0.472029312238258,0.074634164427337,0.19530792555058,0.0555545143875334,0.470439857206149,0.0555545143875334,0.456947372822295,,abundance,40,40
PWY-7222: guanosine deoxyribonucleotides de novo biosynthesis II,timepoint,2_weeks,timepoint2_weeks,0.472029312238258,0.074634164427337,0.19530792555058,0.055259808679603,0.470439857206149,0.055259808679603,0.456947372822295,,abundance,40,40
PWY-7228: superpathway of guanosine nucleotides de novo biosynthesis I,timepoint,2_weeks,timepoint2_weeks,0.431279476216163,0.074634164427337,0.177342210797872,0.0584385641356723,0.470439857206149,0.0584385641356723,0.456947372822295,,abundance,40,40
PWY-7229: superpathway of adenosine nucleotides de novo biosynthesis I,timepoint,2_weeks,timepoint2_weeks,0.399725036944049,0.074634164427337,0.162366602799194,0.0599792751891096,0.470439857206149,0.0599792751891096,0.456947372822295,,abundance,40,40
PWY-8178: pentose phosphate pathway (non-oxidative branch) II,turmeric_status,Taken,turmeric_statusTaken,0.385718523120243,-0.071411131901014,0.224015922942467,0.0552191667620121,0.470439857206149,0.0552191667620121,0.456947372822295,,abundance,40,40
PWY0-845: superpathway of pyridoxal 5'-phosphate biosynthesis and salvage,turmeric_status,Taken,turmeric_statusTaken,-1.78967142747103,-0.071411131901014,0.87531462713723,0.0595856601042935,0.470439857206149,0.115620869318523,0.57273976179336,,abundance,40,39
PWY66-399: gluconeogenesis III,turmeric_status,Taken,turmeric_statusTaken,-1.04877519351976,-0.071411131901014,0.493130846953758,0.0589793542312563,0.470439857206149,0.0589793542312563,0.456947372822295,,abundance,40,40
TRNA-CHARGING-PWY: tRNA charging,turmeric_status,Taken,turmeric_statusTaken,0.136304342917603,-0.071411131901014,0.0898620793719502,0.050734662245575,0.470439857206149,0.050734662245575,0.456947372822295,,abundance,40,40
PWY-841: superpathway of purine nucleotides de novo biosynthesis I,timepoint,2_weeks,timepoint2_weeks,0.389522672231434,0.074634164427337,0.158731332950398,0.0620157692138118,0.480188357556999,0.0620157692138118,0.459516421030308,,abundance,40,40
THISYN-PWY: superpathway of thiamine diphosphate biosynthesis I,turmeric_status,Taken,turmeric_statusTaken,-0.806953557803745,-0.071411131901014,0.379658177532632,0.062697404596536,0.480188357556999,0.062697404596536,0.459516421030308,,abundance,40,40
PWY-1861: formaldehyde assimilation II (assimilatory RuMP Cycle),timepoint,2_weeks,timepoint2_weeks,0.787646009970416,0.074634164427337,0.362883330324266,0.0637801282348109,0.482800738149557,0.123492351711973,0.581317655619775,,abundance,40,38
ARGSYNBSUB-PWY: L-arginine biosynthesis II (acetyl cycle),turmeric_status,Taken,turmeric_statusTaken,0.20772271960809,-0.071411131901014,0.137747084953139,0.0650689812519104,0.48347282687366,0.0650689812519104,0.466266337393563,,abundance,40,40
COBALSYN-PWY: superpathway of adenosylcobalamin salvage from cobinamide I,turmeric_status,Taken,turmeric_statusTaken,0.371386391729532,-0.071411131901014,0.226622280057216,0.0659201270495941,0.48347282687366,0.0659201270495941,0.466266337393563,,abundance,40,40
PWY-7208: superpathway of pyrimidine nucleobases salvage,timepoint,2_weeks,timepoint2_weeks,0.44034736513129,0.074634164427337,0.188798111350416,0.0663682989290489,0.48347282687366,0.0663682989290489,0.466266337393563,,abundance,40,40
PWY0-1586: peptidoglycan maturation (meso-diaminopimelate containing),timepoint,6_months,timepoint6_months,0.839418808660543,0.128908574734089,0.370206730730703,0.0668395613189391,0.48347282687366,0.0668395613189391,0.466266337393563,,abundance,40,40
PWY-5667: CDP-diacylglycerol biosynthesis I,timepoint,2_weeks,timepoint2_weeks,-0.0422198509342863,0.074634164427337,0.0585822541686927,0.0681739429306827,0.487705899427192,0.0681739429306827,0.469913249486492,,abundance,40,40
PWY0-1319: CDP-diacylglycerol biosynthesis II,timepoint,2_weeks,timepoint2_weeks,-0.0422198509342863,0.074634164427337,0.0585822541686927,0.0691626182804215,0.489400701092983,0.0691626182804215,0.471119482168989,,abundance,40,40
ANAEROFRUCAT-PWY: homolactic fermentation,timepoint,6_months,timepoint6_months,0.564875501383745,0.128908574734089,0.229959967462398,0.0719467485742911,0.489955706666918,0.0719467485742911,0.474076248912989,,abundance,40,40
NONOXIPENT-PWY: pentose phosphate pathway (non-oxidative branch) I,timepoint,6_months,timepoint6_months,-0.305754131256675,0.128908574734089,0.231388585208948,0.074190521215963,0.489955706666918,0.074190521215963,0.474076248912989,,abundance,40,40
NONOXIPENT-PWY: pentose phosphate pathway (non-oxidative branch) I,turmeric_status,Taken,turmeric_statusTaken,0.411849351312354,-0.071411131901014,0.257136266344543,0.0745093931797617,0.489955706666918,0.0745093931797617,0.474076248912989,,abundance,40,40
PWY-5384: sucrose degradation IV (sucrose phosphorylase),timepoint,6_months,timepoint6_months,0.87697499246601,0.128908574734089,0.396461262113543,0.0721054489123332,0.489955706666918,0.0721054489123332,0.474076248912989,,abundance,40,40
PWY-5973: cis-vaccenate biosynthesis,turmeric_status,Taken,turmeric_statusTaken,-0.996473802474104,-0.071411131901014,0.498912853560635,0.0730649056470975,0.489955706666918,0.0730649056470975,0.474076248912989,,abundance,40,40
PWY-7234: inosine-5'-phosphate biosynthesis III,timepoint,6_months,timepoint6_months,0.971304633157509,0.128908574734089,0.452604939107335,0.0714335716738944,0.489955706666918,0.0714335716738944,0.474076248912989,,abundance,40,40
PWY-7282: 4-amino-2-methyl-5-diphosphomethylpyrimidine biosynthesis II,turmeric_status,Taken,turmeric_statusTaken,-1.48278058083685,-0.071411131901014,0.76014858477034,0.0739367812419705,0.489955706666918,0.142406914863518,0.603363922065851,,abundance,40,39
COMPLETE-ARO-PWY: superpathway of aromatic amino acid biosynthesis,turmeric_status,Taken,turmeric_statusTaken,0.167332223807801,-0.071411131901014,0.120641143399837,0.076655995304359,0.499030529431377,0.076655995304359,0.482432840013303,,abundance,40,40
PWY0-1586: peptidoglycan maturation (meso-diaminopimelate containing),turmeric_status,Taken,turmeric_statusTaken,-0.832575265274424,-0.071411131901014,0.412850801202953,0.0777142802900254,0.500910856126798,0.0777142802900254,0.483834067612094,,abundance,40,40
PWY-6823: molybdopterin biosynthesis,timepoint,6_months,timepoint6_months,-0.267610061585585,0.128908574734089,0.215259872819964,0.0789138001801386,0.50365572467912,0.0789138001801386,0.486075428769152,,abundance,40,40
PWY-8004: Entner-Doudoroff pathway I,timepoint,6_months,timepoint6_months,0.845939198780679,0.128908574734089,0.398951159739739,0.0834878157936865,0.522601616170095,0.0834878157936865,0.508836266784679,,abundance,40,40
PYRIDNUCSAL-PWY: NAD salvage pathway I (PNC VI cycle),timepoint,2_weeks,timepoint2_weeks,0.961464145222825,0.074634164427337,0.481458334416481,0.0832212036414025,0.522601616170095,0.159516638547281,0.615401831921876,,abundance,40,36
PWY-6527: stachyose degradation,timepoint,6_months,timepoint6_months,-0.362100969364201,0.128908574734089,0.273017456427588,0.084432677802953,0.523482602378308,0.084432677802953,0.50923458799906,,abundance,40,40
ARGSYN-PWY: L-arginine biosynthesis I (via L-ornithine),turmeric_status,Taken,turmeric_statusTaken,0.181412834615896,-0.071411131901014,0.135428478353864,0.0879929095010861,0.536241841598954,0.0879929095010861,0.520734048286467,,abundance,40,40
PWY-5484: glycolysis II (from fructose 6-phosphate),timepoint,6_months,timepoint6_months,0.62491820983871,0.128908574734089,0.278328194725713,0.0881380599863105,0.536241841598954,0.0881380599863105,0.520734048286467,,abundance,40,40
COMPLETE-ARO-PWY: superpathway of aromatic amino acid biosynthesis,timepoint,6_months,timepoint6_months,-0.0727623810761042,0.128908574734089,0.109379313224198,0.0893268388453199,0.538442334150956,0.0893268388453199,0.522426663549901,,abundance,40,40
PWY-5121: superpathway of geranylgeranyl diphosphate biosynthesis II (via MEP),timepoint,2_weeks,timepoint2_weeks,-0.323738765040906,0.074634164427337,0.22668906781209,0.0931499540863342,0.553986989183694,0.177622994226382,0.634928936526893,,abundance,40,39
PWY-6606: guanosine nucleotides degradation II,timepoint,6_months,timepoint6_months,-0.550810705059159,0.128908574734089,0.391707305958877,0.0940065589934439,0.553986989183694,0.0940065589934439,0.541500354486575,,abundance,40,40
UDPNAGSYN-PWY: UDP-N-acetyl-D-glucosamine biosynthesis I,timepoint,2_weeks,timepoint2_weeks,0.341666646291555,0.074634164427337,0.152868189019151,0.0944586110589708,0.553986989183694,0.0944586110589708,0.541500354486575,,abundance,40,40
COA-PWY: coenzyme A biosynthesis I (prokaryotic),timepoint,2_weeks,timepoint2_weeks,-0.0379831771893728,0.074634164427337,0.0645444333008046,0.100086149692934,0.580958001016163,0.100086149692934,0.565450296789404,,abundance,40,40
GLYCOCAT-PWY: glycogen degradation I,turmeric_status,Taken,turmeric_statusTaken,-1.35548885864839,-0.071411131901014,0.75999556444923,0.102512964713066,0.580958001016163,0.102512964713066,0.565450296789404,,abundance,40,40
PWY-6386: UDP-N-acetylmuramoyl-pentapeptide biosynthesis II (lysine-containing),turmeric_status,Taken,turmeric_statusTaken,0.111030677579349,-0.071411131901014,0.0969507015732003,0.101958419942144,0.580958001016163,0.101958419942144,0.565450296789404,,abundance,40,40
PWY-7663: gondoate biosynthesis (anaerobic),turmeric_status,Taken,turmeric_statusTaken,-1.04280291643215,-0.071411131901014,0.579062465868178,0.10351939803053,0.580958001016163,0.10351939803053,0.565450296789404,,abundance,40,40
PWY-7953: UDP-N-acetylmuramoyl-pentapeptide biosynthesis III (meso-diaminopimelate containing),timepoint,2_weeks,timepoint2_weeks,-0.0206730769052449,0.074634164427337,0.0533555106957203,0.102768234074822,0.580958001016163,0.102768234074822,0.565450296789404,,abundance,40,40
PWY-6700: queuosine biosynthesis I (de novo),timepoint,2_weeks,timepoint2_weeks,-0.040549913518109,0.074634164427337,0.0661951863451611,0.105419357336634,0.583615027935158,0.105419357336634,0.566255720443161,,abundance,40,40
PWY-6700: queuosine biosynthesis I (de novo),turmeric_status,Taken,turmeric_statusTaken,0.164396317988407,-0.071411131901014,0.133092634351569,0.107266931201246,0.583615027935158,0.107266931201246,0.566255720443161,,abundance,40,40
"PWY-7383: anaerobic energy metabolism (invertebrates, cytosol)",timepoint,6_months,timepoint6_months,0.583394609922821,0.128908574734089,0.26884177025554,0.106783053219247,0.583615027935158,0.106783053219247,0.566255720443161,,abundance,40,40
PWY-7761: NAD salvage pathway II (PNC IV cycle),turmeric_status,Taken,turmeric_statusTaken,-0.624313343124639,-0.071411131901014,0.327866466842224,0.107578806992656,0.583615027935158,0.107578806992656,0.566255720443161,,abundance,40,40
TRNA-CHARGING-PWY: tRNA charging,timepoint,6_months,timepoint6_months,-0.0176141648189603,0.128908574734089,0.0821867746944017,0.109789128828739,0.590683660062059,0.109789128828739,0.57268383416072,,abundance,40,40
ANAEROFRUCAT-PWY: homolactic fermentation,timepoint,2_weeks,timepoint2_weeks,0.282423189089135,0.074634164427337,0.126639112891997,0.116749909348826,0.598677496380099,0.116749909348826,0.57273976179336,,abundance,40,40
PWY-5659: GDP-mannose biosynthesis,timepoint,6_months,timepoint6_months,-0.563096050860345,0.128908574734089,0.421630533300836,0.114179182852025,0.598677496380099,0.114179182852025,0.57273976179336,,abundance,40,40
PWY-6147: 6-hydroxymethyl-dihydropterin diphosphate biosynthesis I,turmeric_status,Taken,turmeric_statusTaken,-0.985752539265144,-0.071411131901014,0.561383284387369,0.113433485485591,0.598677496380099,0.113433485485591,0.57273976179336,,abundance,40,40
"PWY-7117: C4 photosynthetic carbon assimilation cycle, PEPCK type",turmeric_status,Taken,turmeric_statusTaken,-0.734137727432899,-0.071411131901014,0.400813889802393,0.112535208933764,0.598677496380099,0.112535208933764,0.57273976179336,,abundance,40,40
PWY-7328: superpathway of UDP-glucose-derived O-antigen building blocks biosynthesis,timepoint,2_weeks,timepoint2_weeks,0.436840808036838,0.074634164427337,0.221996020803671,0.115721476833925,0.598677496380099,0.115721476833925,0.57273976179336,,abundance,40,40
PWY-7357: thiamine phosphate formation from pyrithiamine and oxythiamine (yeast),timepoint,6_months,timepoint6_months,-0.108818697116949,0.128908574734089,0.142352580924251,0.116792691306102,0.598677496380099,0.116792691306102,0.57273976179336,,abundance,40,40
PWY-5097: L-lysine biosynthesis VI,timepoint,2_weeks,timepoint2_weeks,-0.00088534543850631,0.074634164427337,0.0424580214400887,0.117713353460121,0.598682758613582,0.117713353460121,0.57273976179336,,abundance,40,40
P164-PWY: purine nucleobases degradation I (anaerobic),turmeric_status,Taken,turmeric_statusTaken,1.06230282986467,-0.071411131901014,0.707869296699992,0.120114882538073,0.601498373325273,0.22580218006901,0.659208076016363,,abundance,40,39
PWY-7851: coenzyme A biosynthesis II (eukaryotic),timepoint,2_weeks,timepoint2_weeks,-0.0365260328416875,0.074634164427337,0.0674131673722324,0.119300429321384,0.601498373325273,0.119300429321384,0.575624571475676,,abundance,40,40
GLYCOLYSIS: glycolysis I (from glucose 6-phosphate),timepoint,6_months,timepoint6_months,0.563022213837181,0.128908574734089,0.270573734842986,0.12208549902483,0.602103483827005,0.12208549902483,0.579405769962105,,abundance,40,40
PWY-5384: sucrose degradation IV (sucrose phosphorylase),turmeric_status,Taken,turmeric_statusTaken,-0.789304633486786,-0.071411131901014,0.445433251336761,0.121196333143262,0.602103483827005,0.121196333143262,0.579405769962105,,abundance,40,40
"PWY-7456: &beta;-(1,4)-mannan degradation",turmeric_status,Taken,turmeric_statusTaken,-0.822478111889508,-0.071411131901014,0.474217058369233,0.125493901071163,0.614259621032535,0.125493901071163,0.585975554195189,,abundance,40,40
BIOTIN-BIOSYNTHESIS-PWY: biotin biosynthesis I,turmeric_status,Taken,turmeric_statusTaken,-1.07541093668518,-0.071411131901014,0.643324206157305,0.128687731537216,0.617257449015709,0.0228257627695271,0.300366287353549,,abundance,40,38
PWY-6387: UDP-N-acetylmuramoyl-pentapeptide biosynthesis I (meso-diaminopimelate containing),turmeric_status,Taken,turmeric_statusTaken,0.0905892025893174,-0.071411131901014,0.0919070896175538,0.129895947850002,0.617257449015709,0.129895947850002,0.591812777994574,,abundance,40,40
PWY-6700: queuosine biosynthesis I (de novo),timepoint,6_months,timepoint6_months,-0.066799319168102,0.128908574734089,0.119547214855992,0.127572166573509,0.617257449015709,0.127572166573509,0.590914275568492,,abundance,40,40
PWY-7221: guanosine ribonucleotides de novo biosynthesis,timepoint,2_weeks,timepoint2_weeks,-0.0163175220739428,0.074634164427337,0.0550785498659334,0.129899033049389,0.617257449015709,0.129899033049389,0.591812777994574,,abundance,40,40
COA-PWY-1: superpathway of coenzyme A biosynthesis III (mammals),timepoint,2_weeks,timepoint2_weeks,-0.0329486183518554,0.074634164427337,0.067505900833227,0.131250734341053,0.61753513603467,0.131250734341053,0.591812777994574,,abundance,40,40
DAPLYSINESYN-PWY: L-lysine biosynthesis I,timepoint,6_months,timepoint6_months,0.875908466757005,0.128908574734089,0.47808794652282,0.131854660382211,0.61753513603467,0.131854660382211,0.591812777994574,,abundance,40,40
PWY-5971: palmitate biosynthesis (type II fatty acid synthase),turmeric_status,Taken,turmeric_statusTaken,-1.61361826287134,-0.071411131901014,0.986289073821287,0.135206246161177,0.628709044649473,0.252131763321357,0.675853198903082,,abundance,40,26
ARO-PWY: chorismate biosynthesis I,turmeric_status,Taken,turmeric_statusTaken,0.131145913443522,-0.071411131901014,0.126040898411773,0.143419704131087,0.628974228883799,0.143419704131087,0.603363922065851,,abundance,40,40
HISDEG-PWY: L-histidine degradation I,turmeric_status,Taken,turmeric_statusTaken,-1.2955710606441,-0.071411131901014,0.817359184973903,0.143429370980238,0.628974228883799,0.143429370980238,0.603363922065851,,abundance,40,40
PWY-5030: L-histidine degradation III,turmeric_status,Taken,turmeric_statusTaken,-1.40778316303779,-0.071411131901014,0.88673623568404,0.141447923840796,0.628974228883799,0.141447923840796,0.603363922065851,,abundance,40,40
PWY-5695: inosine 5'-phosphate degradation,turmeric_status,Taken,turmeric_statusTaken,-0.335395153240334,-0.071411131901014,0.170056748333041,0.145891103781035,0.628974228883799,0.145891103781035,0.603363922065851,,abundance,40,40
PWY-6628: superpathway of L-phenylalanine biosynthesis,turmeric_status,Taken,turmeric_statusTaken,-0.527725403716835,-0.071411131901014,0.296166956039904,0.139514560961244,0.628974228883799,0.139514560961244,0.603363922065851,,abundance,40,40
PWY-6969: TCA cycle V (2-oxoglutarate synthase),turmeric_status,Taken,turmeric_statusTaken,-0.518880768358181,-0.071411131901014,0.290370120905048,0.139175653592752,0.628974228883799,0.139175653592752,0.603363922065851,,abundance,40,40
PWY-7199: pyrimidine deoxyribonucleosides salvage,timepoint,2_weeks,timepoint2_weeks,-0.0479207150026188,0.074634164427337,0.0808279291101695,0.145421314719429,0.628974228883799,0.145421314719429,0.603363922065851,,abundance,40,40
PWY-8187: L-arginine degradation XIII (reductive Stickland reaction),timepoint,2_weeks,timepoint2_weeks,0.523051742116295,0.074634164427337,0.29289579353715,0.138546151415147,0.628974228883799,0.138546151415147,0.603363922065851,,abundance,40,40
PWY0-1296: purine ribonucleosides degradation,timepoint,2_weeks,timepoint2_weeks,-0.0532031156916168,0.074634164427337,0.0822895842575521,0.140693920266755,0.628974228883799,0.140693920266755,0.603363922065851,,abundance,40,40
PWY0-1479: tRNA processing,turmeric_status,Taken,turmeric_statusTaken,0.693958105065339,-0.071411131901014,0.507168926420415,0.144426854012737,0.628974228883799,0.144426854012737,0.603363922065851,,abundance,40,40
PWY66-409: superpathway of purine nucleotide salvage,timepoint,2_weeks,timepoint2_weeks,0.582546231243857,0.074634164427337,0.334932718840249,0.143883583283326,0.628974228883799,0.267064681028202,0.682757417049693,,abundance,40,38
NONMEVIPP-PWY: methylerythritol phosphate pathway I,timepoint,2_weeks,timepoint2_weeks,-0.00116283585012726,0.074634164427337,0.0485839916292436,0.152929682555347,0.6303472750762,0.152929682555347,0.610664042755491,,abundance,40,40
PWY-6151: S-adenosyl-L-methionine salvage I,timepoint,2_weeks,timepoint2_weeks,-0.0423599010134029,0.074634164427337,0.0785271658046137,0.152237330764014,0.6303472750762,0.152237330764014,0.610664042755491,,abundance,40,40
PWY-6519: 8-amino-7-oxononanoate biosynthesis I,turmeric_status,Taken,turmeric_statusTaken,-1.12237690807651,-0.071411131901014,0.718073527241287,0.152987510694377,0.6303472750762,0.0228257627695271,0.300366287353549,,abundance,40,38
PWY-7221: guanosine ribonucleotides de novo biosynthesis,timepoint,6_months,timepoint6_months,-0.0220492054799879,0.128908574734089,0.0961672898969181,0.14975353838486,0.6303472750762,0.14975353838486,0.610614779752352,,abundance,40,40
PWY-7357: thiamine phosphate formation from pyrithiamine and oxythiamine (yeast),turmeric_status,Taken,turmeric_statusTaken,0.172113038653138,-0.071411131901014,0.158892466882257,0.152579636535261,0.6303472750762,0.152579636535261,0.610664042755491,,abundance,40,40
PWY0-162: superpathway of pyrimidine ribonucleotides de novo biosynthesis,timepoint,6_months,timepoint6_months,0.569711542289464,0.128908574734089,0.296721898909484,0.149038919376956,0.6303472750762,0.149038919376956,0.610614779752352,,abundance,40,40
PWY0-862: (5Z)-dodecenoate biosynthesis I,timepoint,6_months,timepoint6_months,0.802016298270422,0.128908574734089,0.449159345185564,0.150083080036287,0.6303472750762,0.0324302408319953,0.347724248920838,,abundance,40,38
PWY-5505: L-glutamate and L-glutamine biosynthesis,turmeric_status,Taken,turmeric_statusTaken,-1.03897567117815,-0.071411131901014,0.665701974498081,0.15719938678299,0.634507282168532,0.289687126361032,0.703445752639761,,abundance,40,39
PWY-6292: superpathway of L-cysteine biosynthesis (mammalian),turmeric_status,Taken,turmeric_statusTaken,-0.655219880411867,-0.071411131901014,0.401310521782028,0.156446227339167,0.634507282168532,0.156446227339167,0.615401831921876,,abundance,40,40
PWY-6305: superpathway of putrescine biosynthesis,turmeric_status,Taken,turmeric_statusTaken,-1.41127852837414,-0.071411131901014,0.924740549553977,0.157895821369128,0.634507282168532,0.157895821369128,0.615401831921876,,abundance,40,40
PWY0-1477: ethanolamine utilization,timepoint,2_weeks,timepoint2_weeks,0.610740514118845,0.074634164427337,0.366267351494949,0.157494701627171,0.634507282168532,0.157494701627171,0.615401831921876,,abundance,40,40
ANAGLYCOLYSIS-PWY: glycolysis III (from glucose),turmeric_status,Taken,turmeric_statusTaken,0.118561244355096,-0.071411131901014,0.122328552667733,0.160493396580662,0.637080494963481,0.160493396580662,0.615401831921876,,abundance,40,40
UNINTEGRATED,turmeric_status,Taken,turmeric_statusTaken,0.0110780878935705,-0.071411131901014,0.02656369862661,0.160159307245597,0.637080494963481,0.160159307245597,0.615401831921876,,abundance,40,40
ARGININE-SYN4-PWY: L-ornithine biosynthesis II,turmeric_status,Taken,turmeric_statusTaken,-1.36608788769037,-0.071411131901014,0.903139768212991,0.161941763801874,0.637669022094281,0.297658392740486,0.703445752639761,,abundance,40,39
COBALSYN-PWY: superpathway of adenosylcobalamin salvage from cobinamide I,timepoint,6_months,timepoint6_months,-0.164632992479542,0.128908574734089,0.202864394553364,0.164454899012247,0.637669022094281,0.164454899012247,0.620291993498672,,abundance,40,40
PWY-6703: preQ0 biosynthesis,turmeric_status,Taken,turmeric_statusTaken,-0.55931063482043,-0.071411131901014,0.339956099784455,0.164982671845934,0.637669022094281,0.164982671845934,0.620291993498672,,abundance,40,40
PWY-7664: oleate biosynthesis IV (anaerobic),timepoint,6_months,timepoint6_months,0.774483163978029,0.128908574734089,0.448494330232328,0.165539269944598,0.637669022094281,0.0324302408319953,0.347724248920838,,abundance,40,38
PWY-7953: UDP-N-acetylmuramoyl-pentapeptide biosynthesis III (meso-diaminopimelate containing),turmeric_status,Taken,turmeric_statusTaken,0.0894547302965029,-0.071411131901014,0.101996775323037,0.16431586809169,0.637669022094281,0.16431586809169,0.620291993498672,,abundance,40,40
TRNA-CHARGING-PWY: tRNA charging,timepoint,2_weeks,timepoint2_weeks,0.00270544722535536,0.074634164427337,0.0472977300962992,0.169259489467591,0.648164280255303,0.169259489467591,0.63226609291442,,abundance,40,40
ARO-PWY: chorismate biosynthesis I,timepoint,2_weeks,timepoint2_weeks,-0.0226384183261507,0.074634164427337,0.069516532276864,0.183416528760281,0.648935653385558,0.183416528760281,0.635917186540135,,abundance,40,40
DAPLYSINESYN-PWY: L-lysine biosynthesis I,turmeric_status,Taken,turmeric_statusTaken,-0.810701818013431,-0.071411131901014,0.536568088766655,0.181723151126354,0.648935653385558,0.181723151126354,0.635917186540135,,abundance,40,40
FASYN-ELONG-PWY: fatty acid elongation -- saturated,timepoint,6_months,timepoint6_months,0.751373967761174,0.128908574734089,0.448413354891099,0.180448327261906,0.648935653385558,0.0324302408319953,0.347724248920838,,abundance,40,38
GLYCOLYSIS: glycolysis I (from glucose 6-phosphate),timepoint,2_weeks,timepoint2_weeks,0.281781011656896,0.074634164427337,0.149021302104391,0.179599189633802,0.648935653385558,0.179599189633802,0.634928936526893,,abundance,40,40
PWY-6163: chorismate biosynthesis from 3-dehydroquinate,turmeric_status,Taken,turmeric_statusTaken,0.123964863828865,-0.071411131901014,0.132866927825071,0.174728734916887,0.648935653385558,0.174728734916887,0.634928936526893,,abundance,40,40
PWY-6282: palmitoleate biosynthesis I (from (5Z)-dodec-5-enoate),timepoint,6_months,timepoint6_months,0.750145751938178,0.128908574734089,0.437943094939654,0.172040199331508,0.648935653385558,0.0324302408319953,0.347724248920838,,abundance,40,38
PWY-6317: D-galactose degradation I (Leloir pathway),timepoint,2_weeks,timepoint2_weeks,-0.019643429755496,0.074634164427337,0.0655348423365476,0.176751937626749,0.648935653385558,0.176751937626749,0.634928936526893,,abundance,40,40
PWY-6608: guanosine nucleotides degradation III,timepoint,6_months,timepoint6_months,-0.279748437764824,0.128908574734089,0.297426477431079,0.182686018666081,0.648935653385558,0.182686018666081,0.635917186540135,,abundance,40,40
PWY-6897: thiamine diphosphate salvage II,timepoint,2_weeks,timepoint2_weeks,-0.0418242266997723,0.074634164427337,0.0809847098397811,0.172590252362515,0.648935653385558,0.172590252362515,0.634928936526893,,abundance,40,40
PWY-6901: superpathway of glucose and xylose degradation,timepoint,6_months,timepoint6_months,0.548740002994129,0.128908574734089,0.299946390815254,0.174244458990837,0.648935653385558,0.174244458990837,0.634928936526893,,abundance,40,40
PWY-6936: seleno-amino acid biosynthesis (plants),timepoint,6_months,timepoint6_months,0.470062154811138,0.128908574734089,0.243904686688385,0.178968517187102,0.648935653385558,0.178968517187102,0.634928936526893,,abundance,40,40
PWY-702: L-methionine biosynthesis II,timepoint,6_months,timepoint6_months,0.73519326362123,0.128908574734089,0.438952498130237,0.179841702228688,0.648935653385558,0.179841702228688,0.634928936526893,,abundance,40,40
PWY0-162: superpathway of pyrimidine ribonucleotides de novo biosynthesis,timepoint,2_weeks,timepoint2_weeks,0.31312454796373,0.074634164427337,0.17048612044754,0.176048812647318,0.648935653385558,0.176048812647318,0.634928936526893,,abundance,40,40
PWY66-409: superpathway of purine nucleotide salvage,turmeric_status,Taken,turmeric_statusTaken,0.836858081493632,-0.071411131901014,0.661600009977044,0.181446924068661,0.648935653385558,0.329970861883343,0.726022555186393,,abundance,40,38
"PWY-241: C4 photosynthetic carbon assimilation cycle, NADP-ME type",turmeric_status,Taken,turmeric_statusTaken,-0.645400607335056,-0.071411131901014,0.418866295956087,0.184826905187078,0.650390893388042,0.184826905187078,0.636877431713224,,abundance,40,40
CITRULBIO-PWY: L-citrulline biosynthesis,turmeric_status,Taken,turmeric_statusTaken,-1.29894632810365,-0.071411131901014,0.918855902762008,0.191393217820554,0.652340234561156,0.191393217820554,0.636877431713224,,abundance,40,40
COMPLETE-ARO-PWY: superpathway of aromatic amino acid biosynthesis,timepoint,2_weeks,timepoint2_weeks,-0.0124523912987954,0.074634164427337,0.0618189012337618,0.187818823294733,0.652340234561156,0.187818823294733,0.636877431713224,,abundance,40,40
PEPTIDOGLYCANSYN-PWY: peptidoglycan biosynthesis I (meso-diaminopimelate containing),timepoint,2_weeks,timepoint2_weeks,0.00411154386571196,0.074634164427337,0.0499743723353514,0.19071642141107,0.652340234561156,0.19071642141107,0.636877431713224,,abundance,40,40
PWY-5484: glycolysis II (from fructose 6-phosphate),timepoint,2_weeks,timepoint2_weeks,0.282710498680044,0.074634164427337,0.153546280839267,0.190325184599244,0.652340234561156,0.190325184599244,0.636877431713224,,abundance,40,40
PWY-6122: 5-aminoimidazole ribonucleotide biosynthesis II,turmeric_status,Taken,turmeric_statusTaken,0.0765416457040734,-0.071411131901014,0.0993577447545725,0.190681810562292,0.652340234561156,0.190681810562292,0.636877431713224,,abundance,40,40
PWY-6277: superpathway of 5-aminoimidazole ribonucleotide biosynthesis,turmeric_status,Taken,turmeric_statusTaken,0.0765416457040734,-0.071411131901014,0.0993577447545725,0.189242090798356,0.652340234561156,0.189242090798356,0.636877431713224,,abundance,40,40
GLUCONEO-PWY: gluconeogenesis I,timepoint,6_months,timepoint6_months,0.353406809153933,0.128908574734089,0.165895981043288,0.19359382600627,0.653003008964153,0.19359382600627,0.636879688963807,,abundance,40,40
PHOSLIPSYN-PWY: superpathway of phospholipid biosynthesis I (bacteria),timepoint,6_months,timepoint6_months,-0.411051493662579,0.128908574734089,0.404316650519173,0.193119136508521,0.653003008964153,0.193119136508521,0.636879688963807,,abundance,40,40
GLYCOLYSIS: glycolysis I (from glucose 6-phosphate),turmeric_status,Taken,turmeric_statusTaken,-0.469102576209667,-0.071411131901014,0.301939564386593,0.202726375067405,0.662320264875728,0.202726375067405,0.642968293855099,,abundance,40,40
PWY-6121: 5-aminoimidazole ribonucleotide biosynthesis I,timepoint,6_months,timepoint6_months,-0.00802606998350827,0.128908574734089,0.0993340359093053,0.200092049603413,0.662320264875728,0.200092049603413,0.642968293855099,,abundance,40,40
PWY-6387: UDP-N-acetylmuramoyl-pentapeptide biosynthesis I (meso-diaminopimelate containing),timepoint,6_months,timepoint6_months,0.0098636195203774,0.128908574734089,0.0854111311985132,0.203477807949532,0.662320264875728,0.203477807949532,0.642968293855099,,abundance,40,40
PWY-6608: guanosine nucleotides degradation III,turmeric_status,Taken,turmeric_statusTaken,0.36604955376613,-0.071411131901014,0.330618814455006,0.200071367485053,0.662320264875728,0.200071367485053,0.642968293855099,,abundance,40,40
PWY-6936: seleno-amino acid biosynthesis (plants),timepoint,2_weeks,timepoint2_weeks,0.251794469729128,0.074634164427337,0.132556484245,0.197467785830271,0.662320264875728,0.197467785830271,0.642968293855099,,abundance,40,40
PWY66-429: fatty acid biosynthesis initiation (mitochondria),turmeric_status,Taken,turmeric_statusTaken,0.226161603017316,-0.071411131901014,0.222014261782513,0.200523625645691,0.662320264875728,0.200523625645691,0.642968293855099,,abundance,40,40
PYRIDNUCSYN-PWY: NAD de novo biosynthesis I (from aspartate),timepoint,2_weeks,timepoint2_weeks,0.180243221137363,0.074634164427337,0.0783303647913246,0.202761593525383,0.662320264875728,0.202761593525383,0.642968293855099,,abundance,40,40
GLUTORN-PWY: L-ornithine biosynthesis I,timepoint,2_weeks,timepoint2_weeks,-0.0254609103374118,0.074634164427337,0.0779784007192422,0.216543725909749,0.66495266777003,0.216543725909749,0.642968293855099,,abundance,40,40
GLUTORN-PWY: L-ornithine biosynthesis I,turmeric_status,Taken,turmeric_statusTaken,0.120400814679426,-0.071411131901014,0.141383169750508,0.206727791204396,0.66495266777003,0.206727791204396,0.642968293855099,,abundance,40,40
GLYCOGENSYNTH-PWY: glycogen biosynthesis I (from ADP-D-Glucose),timepoint,2_weeks,timepoint2_weeks,-0.015494336363369,0.074634164427337,0.0684749296966052,0.21242834438309,0.66495266777003,0.21242834438309,0.642968293855099,,abundance,40,40
P41-PWY: pyruvate fermentation to acetate and (S)-lactate I,timepoint,2_weeks,timepoint2_weeks,0.216709923192723,0.074634164427337,0.109211371603428,0.211647722359683,0.66495266777003,0.211647722359683,0.642968293855099,,abundance,40,40
PEPTIDOGLYCANSYN-PWY: peptidoglycan biosynthesis I (meso-diaminopimelate containing),turmeric_status,Taken,turmeric_statusTaken,0.0578034133654661,-0.071411131901014,0.0906088750460943,0.214731554201739,0.66495266777003,0.214731554201739,0.642968293855099,,abundance,40,40
PWY-5100: pyruvate fermentation to acetate and lactate II,timepoint,2_weeks,timepoint2_weeks,0.216709923192723,0.074634164427337,0.109211371603428,0.211972289483144,0.66495266777003,0.211972289483144,0.642968293855099,,abundance,40,40
PWY-6629: superpathway of L-tryptophan biosynthesis,timepoint,2_weeks,timepoint2_weeks,-0.0722565794733144,0.074634164427337,0.114673084912668,0.215474064103468,0.66495266777003,0.215474064103468,0.642968293855099,,abundance,40,40
PWY-6897: thiamine diphosphate salvage II,timepoint,6_months,timepoint6_months,-0.0623932197025608,0.128908574734089,0.148067078097955,0.216039638242004,0.66495266777003,0.216039638242004,0.642968293855099,,abundance,40,40
PWY-7111: pyruvate fermentation to isobutanol (engineered),timepoint,2_weeks,timepoint2_weeks,0.170385179708845,0.074634164427337,0.0726591281878299,0.211783698360913,0.66495266777003,0.211783698360913,0.642968293855099,,abundance,40,40
"PWY-7117: C4 photosynthetic carbon assimilation cycle, PEPCK type",timepoint,6_months,timepoint6_months,0.591357181580419,0.128908574734089,0.357123071907639,0.209071134903168,0.66495266777003,0.209071134903168,0.642968293855099,,abundance,40,40
PWY66-429: fatty acid biosynthesis initiation (mitochondria),timepoint,6_months,timepoint6_months,-0.131787580579271,0.128908574734089,0.199122279548199,0.20672228427056,0.66495266777003,0.20672228427056,0.642968293855099,,abundance,40,40
UDPNAGSYN-PWY: UDP-N-acetyl-D-glucosamine biosynthesis I,timepoint,6_months,timepoint6_months,0.48171643735612,0.128908574734089,0.275495943992577,0.21255909215903,0.66495266777003,0.21255909215903,0.642968293855099,,abundance,40,40
PWY-6387: UDP-N-acetylmuramoyl-pentapeptide biosynthesis I (meso-diaminopimelate containing),timepoint,2_weeks,timepoint2_weeks,0.00792083497085891,0.074634164427337,0.050690388932316,0.220683646296094,0.674483820369752,0.220683646296094,0.651917506150196,,abundance,40,40
DAPLYSINESYN-PWY: L-lysine biosynthesis I,timepoint,2_weeks,timepoint2_weeks,0.398300282443205,0.074634164427337,0.259811806402171,0.225895926021373,0.684931707221017,0.225895926021373,0.659208076016363,,abundance,40,40
PWY-5686: UMP biosynthesis I,turmeric_status,Taken,turmeric_statusTaken,0.0788303989231955,-0.071411131901014,0.114402869808307,0.234142277811052,0.684931707221017,0.234142277811052,0.659208076016363,,abundance,40,40
PWY-5989: stearate biosynthesis II (bacteria and plants),timepoint,6_months,timepoint6_months,0.623045704379031,0.128908574734089,0.397407464889853,0.228958591644809,0.684931707221017,0.0324302408319953,0.347724248920838,,abundance,40,38
PWY-6163: chorismate biosynthesis from 3-dehydroquinate,timepoint,2_weeks,timepoint2_weeks,-0.0176453542349792,0.074634164427337,0.073281357028288,0.228118336809931,0.684931707221017,0.228118336809931,0.659208076016363,,abundance,40,40
PWY-6386: UDP-N-acetylmuramoyl-pentapeptide biosynthesis II (lysine-containing),timepoint,6_months,timepoint6_months,0.0124403163173431,0.128908574734089,0.0900982625640117,0.235675426140565,0.684931707221017,0.235675426140565,0.659208076016363,,abundance,40,40
PWY-6630: superpathway of L-tyrosine biosynthesis,timepoint,6_months,timepoint6_months,-0.542519233094668,0.128908574734089,0.549641967621984,0.230109692137457,0.684931707221017,0.230109692137457,0.659208076016363,,abundance,40,40
PWY-7790: UMP biosynthesis II,turmeric_status,Taken,turmeric_statusTaken,0.0788303989231955,-0.071411131901014,0.114402869808307,0.234481719017715,0.684931707221017,0.234481719017715,0.659208076016363,,abundance,40,40
PWY-7791: UMP biosynthesis III,turmeric_status,Taken,turmeric_statusTaken,0.0788303989231955,-0.071411131901014,0.114402869808307,0.233015847622317,0.684931707221017,0.233015847622317,0.659208076016363,,abundance,40,40
PWY0-1479: tRNA processing,timepoint,6_months,timepoint6_months,-0.422445512942583,0.128908574734089,0.452997328860703,0.235316494485964,0.684931707221017,0.235316494485964,0.659208076016363,,abundance,40,40
PWY4FS-7: phosphatidylglycerol biosynthesis I (plastidic),timepoint,6_months,timepoint6_months,-0.449710279950466,0.128908574734089,0.473764978836571,0.232457560798995,0.684931707221017,0.232457560798995,0.659208076016363,,abundance,40,40
PWY4FS-8: phosphatidylglycerol biosynthesis II (non-plastidic),timepoint,6_months,timepoint6_months,-0.449710279950466,0.128908574734089,0.473764978836571,0.232059930688928,0.684931707221017,0.232059930688928,0.659208076016363,,abundance,40,40
GLUCONEO-PWY: gluconeogenesis I,turmeric_status,Taken,turmeric_statusTaken,-0.294174577604693,-0.071411131901014,0.181106957074532,0.240879035106109,0.68524183830143,0.240879035106109,0.662720564417262,,abundance,40,40
PEPTIDOGLYCANSYN-PWY: peptidoglycan biosynthesis I (meso-diaminopimelate containing),timepoint,6_months,timepoint6_months,0.0201667185743215,0.128908574734089,0.0842046739431681,0.238879964313454,0.68524183830143,0.238879964313454,0.662720564417262,,abundance,40,40
PWY-5941: glycogen degradation II,timepoint,6_months,timepoint6_months,-0.0158394906135216,0.128908574734089,0.115629431789818,0.239398510700531,0.68524183830143,0.239398510700531,0.662720564417262,,abundance,40,40
PWY-7356: thiamine diphosphate salvage IV (yeast),timepoint,6_months,timepoint6_months,0.58122650192563,0.128908574734089,0.376712234050726,0.242654161755543,0.68524183830143,0.242654161755543,0.662720564417262,,abundance,40,40
PWY-7761: NAD salvage pathway II (PNC IV cycle),timepoint,6_months,timepoint6_months,0.480618979864276,0.128908574734089,0.292091981939273,0.242104116740799,0.68524183830143,0.242104116740799,0.662720564417262,,abundance,40,40
PYRIDNUCSAL-PWY: NAD salvage pathway I (PNC VI cycle),timepoint,6_months,timepoint6_months,1.35278064047849,0.128908574734089,1.00953209487526,0.240927850737176,0.68524183830143,0.423809472213517,0.796263047128727,,abundance,40,36
PYRIDNUCSAL-PWY: NAD salvage pathway I (PNC VI cycle),timepoint,6_months,timepoint6_months,-2.08521201625611,0,1.78658644170295,0.243150329719862,0.68524183830143,0.423809472213517,0.796263047128727,<4 average observations per random effect group often inflates coefficients and deflates p-values: consider setting small_random_effects=TRUE and see tutorial,prevalence,40,36
PWY-6895: superpathway of thiamine diphosphate biosynthesis II,timepoint,6_months,timepoint6_months,-2.48507918305466,0,2.13625650855708,0.244713124282647,0.686673465120704,0.42954173536912,0.796263047128727,<4 average observations per random effect group often inflates coefficients and deflates p-values: consider setting small_random_effects=TRUE and see tutorial,prevalence,40,35
METH-ACETATE-PWY: methanogenesis from acetate,turmeric_status,Taken,turmeric_statusTaken,0.648608214507004,-0.071411131901014,0.611386038065989,0.247282581929939,0.688572873269731,0.247282581929939,0.669652614294492,,abundance,40,40
PWY0-1061: superpathway of L-alanine biosynthesis,turmeric_status,Taken,turmeric_statusTaken,0.372932010390176,-0.071411131901014,0.371938295801147,0.247505456751332,0.688572873269731,0.247505456751332,0.669652614294492,,abundance,40,40
"PWY-241: C4 photosynthetic carbon assimilation cycle, NADP-ME type",timepoint,6_months,timepoint6_months,0.569084152886801,0.128908574734089,0.373168487492654,0.250264818750957,0.693286795773928,0.250264818750957,0.673968977008391,,abundance,40,40
HISTSYN-PWY: L-histidine biosynthesis,timepoint,2_weeks,timepoint2_weeks,-0.0284501736968702,0.074634164427337,0.0879979846613462,0.255591434018584,0.700135234461041,0.255591434018584,0.681969770952812,,abundance,40,40
METH-ACETATE-PWY: methanogenesis from acetate,timepoint,6_months,timepoint6_months,-0.510655431662694,0.128908574734089,0.560212106850779,0.262063961779502,0.700135234461041,0.262063961779502,0.682757417049693,,abundance,40,40
PENTOSE-P-PWY: pentose phosphate pathway,timepoint,6_months,timepoint6_months,0.565408523309651,0.128908574734089,0.381420567222748,0.262016492011743,0.700135234461041,0.262016492011743,0.682757417049693,,abundance,40,40
PWY-6305: superpathway of putrescine biosynthesis,timepoint,6_months,timepoint6_months,1.08638999132793,0.128908574734089,0.833831400941477,0.260330124572104,0.700135234461041,0.260330124572104,0.682757417049693,,abundance,40,40
PWY-6353: purine nucleotides degradation II (aerobic),timepoint,6_months,timepoint6_months,-0.365147538347362,0.128908574734089,0.431979228273855,0.261438117735274,0.700135234461041,0.261438117735274,0.682757417049693,,abundance,40,40
PWY-6895: superpathway of thiamine diphosphate biosynthesis II,timepoint,6_months,timepoint6_months,1.19875768451327,0.128908574734089,0.936569214728462,0.263491754904693,0.700135234461041,0.42954173536912,0.796263047128727,,abundance,40,35
PWY-6895: superpathway of thiamine diphosphate biosynthesis II,turmeric_status,Taken,turmeric_statusTaken,-1.24218116090564,-0.071411131901014,1.01104708443594,0.256112285360407,0.700135234461041,0.446631068008283,0.804348618605833,,abundance,40,35
PWY-7238: sucrose biosynthesis II,timepoint,6_months,timepoint6_months,8.64072153000497e-05,0.128908574734089,0.105551862966258,0.259693611623884,0.700135234461041,0.259693611623884,0.682757417049693,,abundance,40,40
PWY-7356: thiamine diphosphate salvage IV (yeast),timepoint,2_weeks,timepoint2_weeks,-0.159047674519468,0.074634164427337,0.203529670788434,0.262963599826067,0.700135234461041,0.262963599826067,0.682757417049693,,abundance,40,40
GLUCOSE1PMETAB-PWY: glucose and glucose-1-phosphate degradation,turmeric_status,Taken,turmeric_statusTaken,-3.55700242346629,0,3.17551716596917,0.262656975355393,0.700135234461041,0.456325264007942,0.804348618605833,<4 average observations per random effect group often inflates coefficients and deflates p-values: consider setting small_random_effects=TRUE and see tutorial,prevalence,40,20
CITRULBIO-PWY: L-citrulline biosynthesis,timepoint,6_months,timepoint6_months,1.0721272041938,0.128908574734089,0.830358767059965,0.265060071503872,0.700374962852226,0.265060071503872,0.682757417049693,,abundance,40,40
P164-PWY: purine nucleobases degradation I (anaerobic),timepoint,6_months,timepoint6_months,-0.582213756741762,0.128908574734089,0.62715291949715,0.266223560391744,0.700374962852226,0.461572136675831,0.804693150653465,,abundance,40,39
P41-PWY: pyruvate fermentation to acetate and (S)-lactate I,turmeric_status,Taken,turmeric_statusTaken,0.180120715093315,-0.071411131901014,0.219090575878272,0.269487495489941,0.700374962852226,0.269487495489941,0.682757417049693,,abundance,40,40
PWY-5100: pyruvate fermentation to acetate and lactate II,turmeric_status,Taken,turmeric_statusTaken,0.180120715093315,-0.071411131901014,0.219090575878272,0.269917842311035,0.700374962852226,0.269917842311035,0.682757417049693,,abundance,40,40
SALVADEHYPOX-PWY: adenosine nucleotides degradation II,timepoint,6_months,timepoint6_months,-0.367740028816165,0.128908574734089,0.441029663935348,0.270037044049015,0.700374962852226,0.270037044049015,0.682757417049693,,abundance,40,40
THRESYN-PWY: superpathway of L-threonine biosynthesis,timepoint,2_weeks,timepoint2_weeks,0.147069586159605,0.074634164427337,0.0618644740331542,0.268921184927958,0.700374962852226,0.268921184927958,0.682757417049693,,abundance,40,40
PWY-7977: L-methionine biosynthesis IV,timepoint,2_weeks,timepoint2_weeks,-0.0256046141915862,0.074634164427337,0.0880708547575026,0.27307278375175,0.705438024692021,0.27307278375175,0.68743105127071,,abundance,40,40
ARGSYN-PWY: L-arginine biosynthesis I (via L-ornithine),timepoint,2_weeks,timepoint2_weeks,-0.00956822873999578,0.074634164427337,0.0746941532893229,0.277198811829372,0.71326650790878,0.277198811829372,0.694797021858037,,abundance,40,40
FERMENTATION-PWY: mixed acid fermentation,timepoint,6_months,timepoint6_months,-0.110543821932529,0.128908574734089,0.216556537502547,0.283333782804171,0.720508955490294,0.283333782804171,0.701069488220577,,abundance,40,40
NONMEVIPP-PWY: methylerythritol phosphate pathway I,turmeric_status,Taken,turmeric_statusTaken,0.0386000778165071,-0.071411131901014,0.0880879663126971,0.281357867679229,0.720508955490294,0.281357867679229,0.701069488220577,,abundance,40,40
PWY-6628: superpathway of L-phenylalanine biosynthesis,timepoint,6_months,timepoint6_months,0.421437546263939,0.128908574734089,0.264591680572492,0.282751184358131,0.720508955490294,0.282751184358131,0.701069488220577,,abundance,40,40
PWY-4984: urea cycle,turmeric_status,Taken,turmeric_statusTaken,-1.18523119977421,-0.071411131901014,1.04252484458762,0.292989909845097,0.725378056345315,0.292989909845097,0.703445752639761,,abundance,40,40
PWY-5676: acetyl-CoA fermentation to butanoate II,timepoint,2_weeks,timepoint2_weeks,0.503089760651212,0.074634164427337,0.401934121832568,0.296540718529149,0.725378056345315,0.296540718529149,0.703445752639761,,abundance,40,40
PWY-5686: UMP biosynthesis I,timepoint,2_weeks,timepoint2_weeks,0.00548446656631799,0.074634164427337,0.0630976999673003,0.296681697308353,0.725378056345315,0.296681697308353,0.703445752639761,,abundance,40,40
PWY-6606: guanosine nucleotides degradation II,turmeric_status,Taken,turmeric_statusTaken,0.389979333039735,-0.071411131901014,0.431868704906496,0.294805536546353,0.725378056345315,0.294805536546353,0.703445752639761,,abundance,40,40
PWY-6895: superpathway of thiamine diphosphate biosynthesis II,timepoint,2_weeks,timepoint2_weeks,0.588250492194341,0.074634164427337,0.476963419428743,0.294339142077606,0.725378056345315,0.502042753596231,0.840556966566923,,abundance,40,35
PWY-7198: pyrimidine deoxyribonucleotides de novo biosynthesis IV,timepoint,6_months,timepoint6_months,0.573332840680994,0.128908574734089,0.417914254734861,0.29750528578218,0.725378056345315,0.29750528578218,0.703445752639761,,abundance,40,40
PWY-7790: UMP biosynthesis II,timepoint,2_weeks,timepoint2_weeks,0.00548446656631799,0.074634164427337,0.0630976999673003,0.295041018609155,0.725378056345315,0.295041018609155,0.703445752639761,,abundance,40,40
PWY-7791: UMP biosynthesis III,timepoint,2_weeks,timepoint2_weeks,0.00548446656631799,0.074634164427337,0.0630976999673003,0.296135165638086,0.725378056345315,0.296135165638086,0.703445752639761,,abundance,40,40
PWY0-1586: peptidoglycan maturation (meso-diaminopimelate containing),timepoint,2_weeks,timepoint2_weeks,0.294174744773442,0.074634164427337,0.20420269021956,0.294190867291038,0.725378056345315,0.294190867291038,0.703445752639761,,abundance,40,40
PWY0-845: superpathway of pyridoxal 5'-phosphate biosynthesis and salvage,timepoint,6_months,timepoint6_months,0.954094604518617,0.128908574734089,0.774587175350966,0.2960816096238,0.725378056345315,0.50449889969018,0.840556966566923,,abundance,40,39
UNMAPPED,timepoint,6_months,timepoint6_months,0.0186494645048519,0.128908574734089,0.0974651339225443,0.295847153136788,0.725378056345315,0.295847153136788,0.703445752639761,,abundance,40,40
PANTOSYN-PWY: superpathway of coenzyme A biosynthesis I (bacteria),timepoint,2_weeks,timepoint2_weeks,-0.0394732059362688,0.074634164427337,0.10709372912206,0.30013071929143,0.729048874099705,0.30013071929143,0.706183484130198,,abundance,40,40
ARGSYNBSUB-PWY: L-arginine biosynthesis II (acetyl cycle),timepoint,6_months,timepoint6_months,-0.00969999958653685,0.128908574734089,0.128011172958503,0.302268369294456,0.729302828285372,0.302268369294456,0.706183484130198,,abundance,40,40
PWY0-162: superpathway of pyrimidine ribonucleotides de novo biosynthesis,turmeric_status,Taken,turmeric_statusTaken,-0.414138919923006,-0.071411131901014,0.324690364576183,0.302475827399463,0.729302828285372,0.302475827399463,0.706183484130198,,abundance,40,40
PWY-5971: palmitate biosynthesis (type II fatty acid synthase),timepoint,2_weeks,timepoint2_weeks,1.11216146442103,0,1.0844233696945,0.305090231414191,0.732892031921174,0.517100413524017,0.840556966566923,<4 average observations per random effect group often inflates coefficients and deflates p-values: consider setting small_random_effects=TRUE and see tutorial,prevalence,40,26
PWY-5121: superpathway of geranylgeranyl diphosphate biosynthesis II (via MEP),turmeric_status,Taken,turmeric_statusTaken,-0.559986060690645,-0.071411131901014,0.467483418219031,0.306499282704614,0.733569974414353,0.519056755110785,0.840556966566923,,abundance,40,39
PWY-6936: seleno-amino acid biosynthesis (plants),turmeric_status,Taken,turmeric_statusTaken,-0.358420905545507,-0.071411131901014,0.273731466912888,0.310387263370525,0.737452950562816,0.310387263370525,0.718856901966135,,abundance,40,40
PWY0-1477: ethanolamine utilization,turmeric_status,Taken,turmeric_statusTaken,-0.785994148147599,-0.071411131901014,0.693348940550086,0.310252501223435,0.737452950562816,0.310252501223435,0.718856901966135,,abundance,40,40
ARGSYN-PWY: L-arginine biosynthesis I (via L-ornithine),timepoint,6_months,timepoint6_months,-0.00246129333817307,0.128908574734089,0.12585644459889,0.322502720456651,0.741053698029144,0.322502720456651,0.72271293874657,,abundance,40,40
GLUCOSE1PMETAB-PWY: glucose and glucose-1-phosphate degradation,timepoint,2_weeks,timepoint2_weeks,0.24798837044824,0.074634164427337,0.164563420887817,0.32020159828589,0.741053698029144,0.537874133026941,0.843827872311739,,abundance,40,20
PWY-5384: sucrose degradation IV (sucrose phosphorylase),timepoint,2_weeks,timepoint2_weeks,0.294369497060264,0.074634164427337,0.214901125667599,0.317769008686928,0.741053698029144,0.317769008686928,0.72271293874657,,abundance,40,40
PWY-5695: inosine 5'-phosphate degradation,timepoint,2_weeks,timepoint2_weeks,-0.0149817780580781,0.074634164427337,0.0868416769565122,0.318253996042961,0.741053698029144,0.318253996042961,0.72271293874657,,abundance,40,40
PWY-6386: UDP-N-acetylmuramoyl-pentapeptide biosynthesis II (lysine-containing),timepoint,2_weeks,timepoint2_weeks,0.0183638894566022,0.074634164427337,0.0534721400759903,0.31913736114076,0.741053698029144,0.31913736114076,0.72271293874657,,abundance,40,40
PWY-6629: superpathway of L-tryptophan biosynthesis,timepoint,6_months,timepoint6_months,-0.0768404548557508,0.128908574734089,0.202715782902882,0.322912587348444,0.741053698029144,0.322912587348444,0.72271293874657,,abundance,40,40
PWY-6629: superpathway of L-tryptophan biosynthesis,turmeric_status,Taken,turmeric_statusTaken,0.159224361692551,-0.071411131901014,0.223493831837124,0.319442417445225,0.741053698029144,0.319442417445225,0.72271293874657,,abundance,40,40
PWY-702: L-methionine biosynthesis II,timepoint,2_weeks,timepoint2_weeks,0.3180012743942,0.074634164427337,0.240716140583346,0.322804363384742,0.741053698029144,0.322804363384742,0.72271293874657,,abundance,40,40
PWY66-399: gluconeogenesis III,timepoint,6_months,timepoint6_months,0.5752514089447,0.128908574734089,0.440195143630704,0.320397534238178,0.741053698029144,0.320397534238178,0.72271293874657,,abundance,40,40
TRPSYN-PWY: L-tryptophan biosynthesis,timepoint,2_weeks,timepoint2_weeks,-0.0817713736260391,0.074634164427337,0.154865844435884,0.323286098679381,0.741053698029144,0.323286098679381,0.72271293874657,,abundance,40,40
PWY-4984: urea cycle,timepoint,6_months,timepoint6_months,1.06852570930114,0.128908574734089,0.948997962624169,0.329520669755264,0.743491064895156,0.329520669755264,0.726022555186393,,abundance,40,40
PWY-5505: L-glutamate and L-glutamine biosynthesis,timepoint,6_months,timepoint6_months,0.711074774275047,0.128908574734089,0.588500973849675,0.33080888901821,0.743491064895156,0.552183256982958,0.845725756463154,,abundance,40,39
PWY-621: sucrose degradation III (sucrose invertase),timepoint,6_months,timepoint6_months,0.519998481238442,0.128908574734089,0.389277939537656,0.325743977101764,0.743491064895156,0.325743977101764,0.725406779776621,,abundance,40,40
PWY-6292: superpathway of L-cysteine biosynthesis (mammalian),timepoint,6_months,timepoint6_months,0.490579018615257,0.128908574734089,0.366572095609642,0.33234393223424,0.743491064895156,0.33234393223424,0.726140138730661,,abundance,40,40
PWY-6590: superpathway of Clostridium acetobutylicum acidogenic fermentation,turmeric_status,Taken,turmeric_statusTaken,-0.489669303387389,-0.071411131901014,0.420784347613565,0.331036190965816,0.743491064895156,0.331036190965816,0.726022555186393,,abundance,40,40
PWY-7238: sucrose biosynthesis II,timepoint,2_weeks,timepoint2_weeks,0.0140383920211236,0.074634164427337,0.0585924360645251,0.32808215246163,0.743491064895156,0.32808215246163,0.726022555186393,,abundance,40,40
GLUCOSE1PMETAB-PWY: glucose and glucose-1-phosphate degradation,timepoint,2_weeks,timepoint2_weeks,-1.38962939415107,0,1.43035541985787,0.331285746118219,0.743491064895156,0.537874133026941,0.843827872311739,<4 average observations per random effect group often inflates coefficients and deflates p-values: consider setting small_random_effects=TRUE and see tutorial,prevalence,40,20
NONMEVIPP-PWY: methylerythritol phosphate pathway I,timepoint,6_months,timepoint6_months,0.0424280649390211,0.128908574734089,0.0818619420879475,0.333634203989984,0.743821461635204,0.333634203989984,0.726218812444363,,abundance,40,40
COLANSYN-PWY: colanic acid building blocks biosynthesis,timepoint,2_weeks,timepoint2_weeks,0.29275777057812,0.074634164427337,0.222894044420617,0.337574391374325,0.750037299606435,0.337574391374325,0.732043343092637,,abundance,40,40
PWY-5505: L-glutamate and L-glutamine biosynthesis,timepoint,2_weeks,timepoint2_weeks,0.393796546353817,0.074634164427337,0.328190882418202,0.340185034143187,0.753266861317057,0.564644210831373,0.851922989185137,,abundance,40,39
PWY-4041: &gamma;-glutamyl cycle,timepoint,6_months,timepoint6_months,0.423304246503487,0.128908574734089,0.30931747779701,0.351809617176231,0.776366307734665,0.351809617176231,0.760066299794916,,abundance,40,40
GLUCUROCAT-PWY: superpathway of &beta;-D-glucuronosides degradation,turmeric_status,Taken,turmeric_statusTaken,-0.487092044615814,-0.071411131901014,0.443424704087656,0.356830582101445,0.784591673607962,0.356830582101445,0.768047981549208,,abundance,40,40
PANTO-PWY: phosphopantothenate biosynthesis I,timepoint,6_months,timepoint6_months,-0.0789234754292225,0.128908574734089,0.222046514432817,0.360013577057434,0.784591673607962,0.360013577057434,0.768609541740573,,abundance,40,40
PWY-6527: stachyose degradation,turmeric_status,Taken,turmeric_statusTaken,0.212512030378964,-0.071411131901014,0.302709600248987,0.360172056597596,0.784591673607962,0.360172056597596,0.768609541740573,,abundance,40,40
PWY-6590: superpathway of Clostridium acetobutylicum acidogenic fermentation,timepoint,6_months,timepoint6_months,0.479441222456255,0.128908574734089,0.376305044921606,0.361406645806112,0.784591673607962,0.361406645806112,0.768609541740573,,abundance,40,40
PWY-7221: guanosine ribonucleotides de novo biosynthesis,turmeric_status,Taken,turmeric_statusTaken,0.0340823851112513,-0.071411131901014,0.105396491976849,0.366383823005869,0.784591673607962,0.366383823005869,0.768609541740573,,abundance,40,40
PWY-7282: 4-amino-2-methyl-5-diphosphomethylpyrimidine biosynthesis II,timepoint,6_months,timepoint6_months,0.752065159336548,0.128908574734089,0.67330414544306,0.362700067190707,0.784591673607962,0.59384879564127,0.866221917489898,,abundance,40,39
PWY-7400: L-arginine biosynthesis IV (archaebacteria),turmeric_status,Taken,turmeric_statusTaken,-0.555987475562921,-0.071411131901014,0.528217326980034,0.366238579612616,0.784591673607962,0.366238579612616,0.768609541740573,,abundance,40,40
"PWY-7456: &beta;-(1,4)-mannan degradation",timepoint,2_weeks,timepoint2_weeks,-0.144536393268804,0.074634164427337,0.237093279595276,0.36431005606948,0.784591673607962,0.36431005606948,0.768609541740573,,abundance,40,40
PWY-I9: L-cysteine biosynthesis VI (from L-methionine),timepoint,6_months,timepoint6_months,0.624590561369294,0.128908574734089,0.537230586747621,0.364469170971081,0.784591673607962,0.364469170971081,0.768609541740573,,abundance,40,40
PWY-5030: L-histidine degradation III,timepoint,6_months,timepoint6_months,0.86461578655648,0.128908574734089,0.808444790322311,0.369705613200473,0.786530569259829,0.369705613200473,0.769998381449905,,abundance,40,40
PWY-7199: pyrimidine deoxyribonucleosides salvage,timepoint,6_months,timepoint6_months,0.00058505637254489,0.128908574734089,0.136191593774331,0.369114189231363,0.786530569259829,0.369114189231363,0.769998381449905,,abundance,40,40
PWY-6527: stachyose degradation,timepoint,2_weeks,timepoint2_weeks,-0.0640978841798774,0.074634164427337,0.152562307342468,0.373410606533746,0.791753343457624,0.373410606533746,0.774604768737574,,abundance,40,40
PWY-6628: superpathway of L-phenylalanine biosynthesis,timepoint,2_weeks,timepoint2_weeks,-0.0566851869387087,0.074634164427337,0.144697974435825,0.374592979700381,0.791753343457624,0.374592979700381,0.774604768737574,,abundance,40,40
HISDEG-PWY: L-histidine degradation I,timepoint,6_months,timepoint6_months,0.800537288869364,0.128908574734089,0.75101957559368,0.37745743937927,0.795225867430112,0.37745743937927,0.776940649039845,,abundance,40,40
PWY-6305: superpathway of putrescine biosynthesis,timepoint,2_weeks,timepoint2_weeks,0.490396670492932,0.074634164427337,0.465695137408754,0.380603845722158,0.795409532352285,0.380603845722158,0.776940649039845,,abundance,40,40
PWY-6507: 4-deoxy-L-threo-hex-4-enopyranuronate degradation,timepoint,2_weeks,timepoint2_weeks,-0.16682923160817,0.074634164427337,0.271225035749106,0.382102810832907,0.795409532352285,0.382102810832907,0.776940649039845,,abundance,40,40
PWY0-1477: ethanolamine utilization,timepoint,6_months,timepoint6_months,0.691171069529711,0.128908574734089,0.63489619092677,0.38225058949084,0.795409532352285,0.38225058949084,0.776940649039845,,abundance,40,40
THISYNARA-PWY: superpathway of thiamine diphosphate biosynthesis III (eukaryotes),turmeric_status,Taken,turmeric_statusTaken,0.155467091643274,-0.071411131901014,0.251864473028608,0.382431925693188,0.795409532352285,0.382431925693188,0.776940649039845,,abundance,40,40
ARGININE-SYN4-PWY: L-ornithine biosynthesis II,timepoint,6_months,timepoint6_months,0.83009205401531,0.128908574734089,0.801397285985481,0.388538845273793,0.797653770543842,0.626115256260894,0.88033496770146,,abundance,40,39
GLUCONEO-PWY: gluconeogenesis I,timepoint,2_weeks,timepoint2_weeks,0.158942729437116,0.074634164427337,0.0957704405394179,0.391355639126899,0.797653770543842,0.391355639126899,0.780133606802978,,abundance,40,40
PWY-5188: tetrapyrrole biosynthesis I (from glutamate),timepoint,6_months,timepoint6_months,-0.255758110793971,0.128908574734089,0.439391052063149,0.387606575275796,0.797653770543842,0.387606575275796,0.779250719044049,,abundance,40,40
PWY-6151: S-adenosyl-L-methionine salvage I,turmeric_status,Taken,turmeric_statusTaken,0.0588462072403579,-0.071411131901014,0.142378139466514,0.389779767749591,0.797653770543842,0.389779767749591,0.780133606802978,,abundance,40,40
PWY-6385: peptidoglycan biosynthesis III (mycobacteria),timepoint,2_weeks,timepoint2_weeks,0.0384625559961548,0.074634164427337,0.0378654765720978,0.392087874921704,0.797653770543842,0.392087874921704,0.780133606802978,,abundance,40,40
PWY-7977: L-methionine biosynthesis IV,timepoint,6_months,timepoint6_months,-0.0120043871229097,0.128908574734089,0.157180547457232,0.387339803491011,0.797653770543842,0.387339803491011,0.779250719044049,,abundance,40,40
PWY-8187: L-arginine degradation XIII (reductive Stickland reaction),turmeric_status,Taken,turmeric_statusTaken,0.436848308211618,-0.071411131901014,0.577149712696119,0.385421379121277,0.797653770543842,0.385421379121277,0.779250719044049,,abundance,40,40
OANTIGEN-PWY: O-antigen building blocks biosynthesis (E. coli),timepoint,2_weeks,timepoint2_weeks,0.169087259345026,0.074634164427337,0.108180965018851,0.393633194024173,0.798302832740613,0.393633194024173,0.780526093630124,,abundance,40,40
ARO-PWY: chorismate biosynthesis I,timepoint,6_months,timepoint6_months,0.0258990215736973,0.128908574734089,0.117132375265317,0.400909997040062,0.810535428798386,0.400909997040062,0.792241939543331,,abundance,40,40
PWY-4041: &gamma;-glutamyl cycle,timepoint,2_weeks,timepoint2_weeks,0.220536340600932,0.074634164427337,0.171839684327276,0.404744682819509,0.814021522561111,0.404744682819509,0.794684264402861,,abundance,40,40
PWY-5695: inosine 5'-phosphate degradation,timepoint,6_months,timepoint6_months,-0.00362923455901856,0.128908574734089,0.154013327068086,0.407596537187252,0.814021522561111,0.407596537187252,0.794684264402861,,abundance,40,40
PWY-I9: L-cysteine biosynthesis VI (from L-methionine),timepoint,2_weeks,timepoint2_weeks,0.323998913416907,0.074634164427337,0.295652418598834,0.407635969823229,0.814021522561111,0.407635969823229,0.794684264402861,,abundance,40,40
RHAMCAT-PWY: L-rhamnose degradation I,timepoint,6_months,timepoint6_months,-0.0902897898637674,0.128908574734089,0.2580791020557,0.405402787192483,0.814021522561111,0.405402787192483,0.794684264402861,,abundance,40,40
PWY-6895: superpathway of thiamine diphosphate biosynthesis II,timepoint,2_weeks,timepoint2_weeks,-1.20274076400346,0,1.46329663348055,0.411111540331302,0.818451415154977,0.502042753596231,0.840556966566923,<4 average observations per random effect group often inflates coefficients and deflates p-values: consider setting small_random_effects=TRUE and see tutorial,prevalence,40,35
ARGSYNBSUB-PWY: L-arginine biosynthesis II (acetyl cycle),timepoint,2_weeks,timepoint2_weeks,0.0107353367293414,0.074634164427337,0.0759729563804379,0.415123086779433,0.818924634828518,0.415123086779433,0.796263047128727,,abundance,40,40
PWY-5686: UMP biosynthesis I,timepoint,6_months,timepoint6_months,0.0376372348407899,0.128908574734089,0.106316918132695,0.415025461879268,0.818924634828518,0.415025461879268,0.796263047128727,,abundance,40,40
PWY-7790: UMP biosynthesis II,timepoint,6_months,timepoint6_months,0.0376372348407899,0.128908574734089,0.106316918132695,0.414546886044896,0.818924634828518,0.414546886044896,0.796263047128727,,abundance,40,40
BRANCHED-CHAIN-AA-SYN-PWY: superpathway of branched chain amino acid biosynthesis,turmeric_status,Taken,turmeric_statusTaken,0.0209311865447176,-0.071411131901014,0.103402686391507,0.422360906131636,0.821767468798418,0.422360906131636,0.796263047128727,,abundance,40,40
GALACTUROCAT-PWY: D-galacturonate degradation I,timepoint,2_weeks,timepoint2_weeks,-0.137347050546824,0.074634164427337,0.264584605686245,0.430402828717314,0.821767468798418,0.430402828717314,0.796263047128727,,abundance,40,40
GLYCOCAT-PWY: glycogen degradation I,timepoint,6_months,timepoint6_months,0.677296394584285,0.128908574734089,0.681093364992423,0.427484312407985,0.821767468798418,0.427484312407985,0.796263047128727,,abundance,40,40
ILEUSYN-PWY: L-isoleucine biosynthesis I (from threonine),turmeric_status,Taken,turmeric_statusTaken,0.0254728559394085,-0.071411131901014,0.10915090728177,0.422085122729666,0.821767468798418,0.422085122729666,0.796263047128727,,abundance,40,40
PWY-6122: 5-aminoimidazole ribonucleotide biosynthesis II,timepoint,6_months,timepoint6_months,0.0502697118035759,0.128908574734089,0.0923351768414648,0.428382727974264,0.821767468798418,0.428382727974264,0.796263047128727,,abundance,40,40
PWY-6277: superpathway of 5-aminoimidazole ribonucleotide biosynthesis,timepoint,6_months,timepoint6_months,0.0502697118035759,0.128908574734089,0.0923351768414648,0.427305549978406,0.821767468798418,0.427305549978406,0.796263047128727,,abundance,40,40
PWY-6892: thiazole component of thiamine diphosphate biosynthesis I,turmeric_status,Taken,turmeric_statusTaken,-0.461110324698162,-0.071411131901014,0.482109016131483,0.425404402323777,0.821767468798418,0.425404402323777,0.796263047128727,,abundance,40,40
"PWY-7237: myo-, chiro- and scyllo-inositol degradation",timepoint,2_weeks,timepoint2_weeks,-0.0284696705190405,0.074634164427337,0.128040681453295,0.430449626513457,0.821767468798418,0.430449626513457,0.796263047128727,,abundance,40,40
PWY-7242: D-fructuronate degradation,timepoint,2_weeks,timepoint2_weeks,-0.152332383363913,0.074634164427337,0.279331038352163,0.423255127689906,0.821767468798418,0.423255127689906,0.796263047128727,,abundance,40,40
PWY-7791: UMP biosynthesis III,timepoint,6_months,timepoint6_months,0.0376372348407899,0.128908574734089,0.106316918132695,0.41828449998593,0.821767468798418,0.41828449998593,0.796263047128727,,abundance,40,40
SER-GLYSYN-PWY: superpathway of L-serine and glycine biosynthesis I,timepoint,2_weeks,timepoint2_weeks,0.164575345862384,0.074634164427337,0.109799340003112,0.425447406527719,0.821767468798418,0.425447406527719,0.796263047128727,,abundance,40,40
"GLCMANNANAUT-PWY: superpathway of N-acetylglucosamine, N-acetylmannosamine and N-acetylneuraminate degradation",timepoint,6_months,timepoint6_months,-0.0617505428435044,0.128908574734089,0.238720216331613,0.432296172581558,0.822879556580685,0.432296172581558,0.797132114409943,,abundance,40,40
PWY-621: sucrose degradation III (sucrose invertase),timepoint,2_weeks,timepoint2_weeks,0.242215122644937,0.074634164427337,0.21149043428747,0.43574973279343,0.827035207138552,0.43574973279343,0.800949508848877,,abundance,40,40
GLUTORN-PWY: L-ornithine biosynthesis I,timepoint,6_months,timepoint6_months,0.0229942426759303,0.128908574734089,0.131390260654233,0.438039805020145,0.828964863570101,0.438039805020145,0.802610908565393,,abundance,40,40
PWY0-1297: superpathway of purine deoxyribonucleosides degradation,timepoint,6_months,timepoint6_months,-0.485232791699877,0.128908574734089,0.786711647766225,0.440346629584383,0.830914944520096,0.440346629584383,0.804292424382832,,abundance,40,40
ARGININE-SYN4-PWY: L-ornithine biosynthesis II,timepoint,2_weeks,timepoint2_weeks,0.411200367975854,0.074634164427337,0.450594380390111,0.46190409513104,0.832277957223399,0.710452797163255,0.938139939890835,,abundance,40,39
ASPASN-PWY: superpathway of L-aspartate and L-asparagine biosynthesis,timepoint,2_weeks,timepoint2_weeks,0.172140054320768,0.074634164427337,0.124242507658596,0.443030625934881,0.832277957223399,0.443030625934881,0.804348618605833,,abundance,40,40
COLANSYN-PWY: colanic acid building blocks biosynthesis,timepoint,6_months,timepoint6_months,-0.163010047437221,0.128908574734089,0.380693303540929,0.448373010329641,0.832277957223399,0.448373010329641,0.804348618605833,,abundance,40,40
GLYCOCAT-PWY: glycogen degradation I,timepoint,2_weeks,timepoint2_weeks,-0.211342495867263,0.074634164427337,0.375178726025177,0.452484345297111,0.832277957223399,0.452484345297111,0.804348618605833,,abundance,40,40
OANTIGEN-PWY: O-antigen building blocks biosynthesis (E. coli),timepoint,6_months,timepoint6_months,0.274743952930431,0.128908574734089,0.193677915222403,0.462802796489816,0.832277957223399,0.462802796489816,0.804693150653465,,abundance,40,40
PANTO-PWY: phosphopantothenate biosynthesis I,timepoint,2_weeks,timepoint2_weeks,-0.0192253801562404,0.074634164427337,0.123600874491529,0.456293637496632,0.832277957223399,0.456293637496632,0.804348618605833,,abundance,40,40
PANTOSYN-PWY: superpathway of coenzyme A biosynthesis I (bacteria),timepoint,6_months,timepoint6_months,-0.0163697206151152,0.128908574734089,0.190056500341113,0.455447468367503,0.832277957223399,0.455447468367503,0.804348618605833,,abundance,40,40
PWY-1042: glycolysis IV,timepoint,2_weeks,timepoint2_weeks,0.0362680030054778,0.074634164427337,0.0478791873426374,0.456323384966397,0.832277957223399,0.456323384966397,0.804348618605833,,abundance,40,40
PWY-1861: formaldehyde assimilation II (assimilatory RuMP Cycle),timepoint,6_months,timepoint6_months,-0.384477391007877,0.128908574734089,0.663291255889782,0.447218446405349,0.832277957223399,0.694432554005484,0.928583022561606,,abundance,40,38
PWY-5121: superpathway of geranylgeranyl diphosphate biosynthesis II (via MEP),timepoint,6_months,timepoint6_months,-0.179429328905039,0.128908574734089,0.411173588572995,0.460178724006008,0.832277957223399,0.708592989984218,0.938139939890835,,abundance,40,39
PWY-6163: chorismate biosynthesis from 3-dehydroquinate,timepoint,6_months,timepoint6_months,0.0335019971214937,0.128908574734089,0.123475943495039,0.458485134008041,0.832277957223399,0.458485134008041,0.804348618605833,,abundance,40,40
PWY-6507: 4-deoxy-L-threo-hex-4-enopyranuronate degradation,turmeric_status,Taken,turmeric_statusTaken,-0.463543540250457,-0.071411131901014,0.524123873967889,0.459826239652039,0.832277957223399,0.459826239652039,0.804348618605833,,abundance,40,40
PWY-7328: superpathway of UDP-glucose-derived O-antigen building blocks biosynthesis,turmeric_status,Taken,turmeric_statusTaken,0.261290654594894,-0.071411131901014,0.430354479872169,0.445970364096765,0.832277957223399,0.445970364096765,0.804348618605833,,abundance,40,40
PWY0-1297: superpathway of purine deoxyribonucleosides degradation,turmeric_status,Taken,turmeric_statusTaken,0.574266408092562,-0.071411131901014,0.860091897509123,0.457653009347876,0.832277957223399,0.457653009347876,0.804348618605833,,abundance,40,40
TRPSYN-PWY: L-tryptophan biosynthesis,timepoint,6_months,timepoint6_months,-0.0804555161595857,0.128908574734089,0.274977216209506,0.453917810165734,0.832277957223399,0.453917810165734,0.804348618605833,,abundance,40,40
VALSYN-PWY: L-valine biosynthesis,turmeric_status,Taken,turmeric_statusTaken,0.0216529946193527,-0.071411131901014,0.113341034497162,0.452920665875389,0.832277957223399,0.452920665875389,0.804348618605833,,abundance,40,40
PWY66-409: superpathway of purine nucleotide salvage,timepoint,2_weeks,timepoint2_weeks,-2.216771122095,0,3.00445614546239,0.460619127109574,0.832277957223399,0.267064681028202,0.682757417049693,<4 average observations per random effect group often inflates coefficients and deflates p-values: consider setting small_random_effects=TRUE and see tutorial,prevalence,40,38
PWY-6470: peptidoglycan biosynthesis V (&beta;-lactam resistance),turmeric_status,Taken,turmeric_statusTaken,-0.433929964722298,-0.071411131901014,0.486537843406729,0.464202970582746,0.832496236499636,0.712921543267646,0.938139939890835,,abundance,40,37
BIOTIN-BIOSYNTHESIS-PWY: biotin biosynthesis I,timepoint,2_weeks,timepoint2_weeks,0.32635223007759,0.074634164427337,0.353265519466751,0.480687108940657,0.839992015240795,0.00209334794014236,0.148462663400866,,abundance,40,38
GLUCUROCAT-PWY: superpathway of &beta;-D-glucuronosides degradation,timepoint,2_weeks,timepoint2_weeks,-0.100049245982536,0.074634164427337,0.244566233202834,0.479290032939026,0.839992015240795,0.479290032939026,0.823111589912484,,abundance,40,40
PWY-5971: palmitate biosynthesis (type II fatty acid synthase),timepoint,6_months,timepoint6_months,0.516568786162379,0.128908574734089,0.541891591818933,0.485156678541535,0.839992015240795,0.734936354349615,0.944652234818376,,abundance,40,26
PWY-622: starch biosynthesis,turmeric_status,Taken,turmeric_statusTaken,-0.570617572392055,-0.071411131901014,0.700532916175707,0.48325005453736,0.839992015240795,0.732969493864358,0.944652234818376,,abundance,40,35
PWY-6519: 8-amino-7-oxononanoate biosynthesis I,timepoint,6_months,timepoint6_months,0.595634414951104,0.128908574734089,0.656207882549827,0.482207238266616,0.839992015240795,0.0324302408319953,0.347724248920838,,abundance,40,38
PWY-7357: thiamine phosphate formation from pyrithiamine and oxythiamine (yeast),timepoint,2_weeks,timepoint2_weeks,0.0179278516780905,0.074634164427337,0.0783592011878637,0.483092079314973,0.839992015240795,0.483092079314973,0.825104170865396,,abundance,40,40
PWY0-1297: superpathway of purine deoxyribonucleosides degradation,timepoint,2_weeks,timepoint2_weeks,0.398866632289272,0.074634164427337,0.452840531523755,0.480503829689844,0.839992015240795,0.480503829689844,0.823111589912484,,abundance,40,40
PWY4FS-7: phosphatidylglycerol biosynthesis I (plastidic),timepoint,2_weeks,timepoint2_weeks,-0.11631414559749,0.074634164427337,0.264689238422099,0.477190114728278,0.839992015240795,0.477190114728278,0.822300822701407,,abundance,40,40
PWY4FS-8: phosphatidylglycerol biosynthesis II (non-plastidic),timepoint,2_weeks,timepoint2_weeks,-0.11631414559749,0.074634164427337,0.264689238422099,0.476559071175437,0.839992015240795,0.476559071175437,0.822300822701407,,abundance,40,40
TRPSYN-PWY: L-tryptophan biosynthesis,turmeric_status,Taken,turmeric_statusTaken,0.151405185497926,-0.071411131901014,0.303787604083697,0.471636391369468,0.839992015240795,0.471636391369468,0.817597217374018,,abundance,40,40
P124-PWY: Bifidobacterium shunt,timepoint,2_weeks,timepoint2_weeks,-1.66604955963469,0,2.38365877361644,0.484585570201036,0.839992015240795,0.734347965555009,0.944652234818376,<4 average observations per random effect group often inflates coefficients and deflates p-values: consider setting small_random_effects=TRUE and see tutorial,prevalence,40,39
PWY-6895: superpathway of thiamine diphosphate biosynthesis II,turmeric_status,Taken,turmeric_statusTaken,1.63498185231101,0,2.26940980759639,0.471251891667567,0.839992015240795,0.446631068008283,0.804348618605833,<4 average observations per random effect group often inflates coefficients and deflates p-values: consider setting small_random_effects=TRUE and see tutorial,prevalence,40,35
PWY-7323: superpathway of GDP-mannose-derived O-antigen building blocks biosynthesis,timepoint,2_weeks,timepoint2_weeks,-1.66604955963469,0,2.38365877361643,0.484585570201037,0.839992015240795,0.73434796555501,0.944652234818376,<4 average observations per random effect group often inflates coefficients and deflates p-values: consider setting small_random_effects=TRUE and see tutorial,prevalence,40,39
PWY-5659: GDP-mannose biosynthesis,turmeric_status,Taken,turmeric_statusTaken,0.258783921662459,-0.071411131901014,0.471185102176527,0.490442683887359,0.846891743264378,0.490442683887359,0.835195041090532,,abundance,40,40
PWY-621: sucrose degradation III (sucrose invertase),turmeric_status,Taken,turmeric_statusTaken,-0.375078871302055,-0.071411131901014,0.436945402616676,0.494288413918657,0.85008220534862,0.494288413918657,0.837860283432176,,abundance,40,40
PWY-7199: pyrimidine deoxyribonucleosides salvage,turmeric_status,Taken,turmeric_statusTaken,0.0345333513874646,-0.071411131901014,0.146549669095037,0.494901929073928,0.85008220534862,0.494901929073928,0.837860283432176,,abundance,40,40
PYRIDNUCSAL-PWY: NAD salvage pathway I (PNC VI cycle),turmeric_status,Taken,turmeric_statusTaken,1.25514825225302,0,1.85373289656468,0.498347400315555,0.853747783172174,0.748344669229838,0.944652234818376,<4 average observations per random effect group often inflates coefficients and deflates p-values: consider setting small_random_effects=TRUE and see tutorial,prevalence,40,36
BIOTIN-BIOSYNTHESIS-PWY: biotin biosynthesis I,timepoint,6_months,timepoint6_months,0.519007720925813,0.128908574734089,0.589616374222645,0.512416575286522,0.853852736068451,0.0324302408319953,0.347724248920838,,abundance,40,38
GALACTUROCAT-PWY: D-galacturonate degradation I,turmeric_status,Taken,turmeric_statusTaken,-0.411649727043315,-0.071411131901014,0.510621142600558,0.510489427471211,0.853852736068451,0.510489427471211,0.840556966566923,,abundance,40,40
GLYCOLYSIS-E-D: superpathway of glycolysis and the Entner-Doudoroff pathway,timepoint,6_months,timepoint6_months,-0.19819809622311,0.128908574734089,0.487497398625518,0.507385853498404,0.853852736068451,0.507385853498404,0.840556966566923,,abundance,40,40
PWY-3001: superpathway of L-isoleucine biosynthesis I,timepoint,2_weeks,timepoint2_weeks,0.111015940178052,0.074634164427337,0.0506158313952728,0.501077579558996,0.853852736068451,0.501077579558996,0.840556966566923,,abundance,40,40
PWY-5097: L-lysine biosynthesis VI,turmeric_status,Taken,turmeric_statusTaken,-0.00925560466390053,-0.071411131901014,0.080762353992958,0.511576337564182,0.853852736068451,0.511576337564182,0.840556966566923,,abundance,40,40
PWY-5188: tetrapyrrole biosynthesis I (from glutamate),turmeric_status,Taken,turmeric_statusTaken,0.241612069682795,-0.071411131901014,0.472809014849133,0.512836282339115,0.853852736068451,0.512836282339115,0.840556966566923,,abundance,40,40
PWY-6270: isoprene biosynthesis I,timepoint,2_weeks,timepoint2_weeks,0.157042965652615,0.074634164427337,0.122353343289587,0.509097292096707,0.853852736068451,0.509097292096707,0.840556966566923,,abundance,40,40
PWY-6470: peptidoglycan biosynthesis V (&beta;-lactam resistance),timepoint,2_weeks,timepoint2_weeks,-0.0888135324038594,0.074634164427337,0.242300968203223,0.507823492993261,0.853852736068451,0.757762285950645,0.949249048239626,,abundance,40,37
PWY-6897: thiamine diphosphate salvage II,turmeric_status,Taken,turmeric_statusTaken,0.0425358579288234,-0.071411131901014,0.165727302502275,0.51172104994456,0.853852736068451,0.51172104994456,0.840556966566923,,abundance,40,40
PWY-7197: pyrimidine deoxyribonucleotide phosphorylation,timepoint,6_months,timepoint6_months,0.36447515469415,0.128908574734089,0.35385904653653,0.511270530566625,0.853852736068451,0.511270530566625,0.840556966566923,,abundance,40,40
PYRIDNUCSAL-PWY: NAD salvage pathway I (PNC VI cycle),turmeric_status,Taken,turmeric_statusTaken,-0.814954985592187,-0.071411131901014,1.10941023298015,0.510689904651274,0.853852736068451,0.748344669229838,0.944652234818376,,abundance,40,36
PWY-5103: L-isoleucine biosynthesis III,turmeric_status,Taken,turmeric_statusTaken,0.0127230016513753,-0.071411131901014,0.119617641244594,0.517341590545014,0.854795369149248,0.517341590545014,0.840556966566923,,abundance,40,40
PWY-702: L-methionine biosynthesis II,turmeric_status,Taken,turmeric_statusTaken,-0.394833382940523,-0.071411131901014,0.490753375493652,0.516386858088409,0.854795369149248,0.516386858088409,0.840556966566923,,abundance,40,40
PWY-7345: superpathway of anaerobic sucrose degradation,timepoint,6_months,timepoint6_months,-0.138947220529305,0.128908574734089,0.406495266637937,0.515397925070646,0.854795369149248,0.515397925070646,0.840556966566923,,abundance,40,40
FERMENTATION-PWY: mixed acid fermentation,turmeric_status,Taken,turmeric_statusTaken,0.0860276506709614,-0.071411131901014,0.24173914844627,0.526307379934037,0.855746058247469,0.526307379934037,0.840556966566923,,abundance,40,40
GLYCOLYSIS-E-D: superpathway of glycolysis and the Entner-Doudoroff pathway,turmeric_status,Taken,turmeric_statusTaken,-0.4203011090934,-0.071411131901014,0.538968442444155,0.522347866747249,0.855746058247469,0.522347866747249,0.840556966566923,,abundance,40,40
LACTOSECAT-PWY: lactose and galactose degradation I,turmeric_status,Taken,turmeric_statusTaken,0.50257854967966,-0.071411131901014,0.890260607430697,0.523178050234881,0.855746058247469,0.77264082822219,0.959997938928429,,abundance,40,39
PHOSLIPSYN-PWY: superpathway of phospholipid biosynthesis I (bacteria),timepoint,2_weeks,timepoint2_weeks,-0.0699187916522871,0.074634164427337,0.224419548422466,0.525657463982559,0.855746058247469,0.525657463982559,0.840556966566923,,abundance,40,40
PWY-6902: chitin degradation II (Vibrio),timepoint,2_weeks,timepoint2_weeks,0.320590965032354,0.074634164427337,0.38186470543518,0.52456531213329,0.855746058247469,0.52456531213329,0.840556966566923,,abundance,40,40
PWY-7229: superpathway of adenosine nucleotides de novo biosynthesis I,timepoint,6_months,timepoint6_months,0.308560786061652,0.128908574734089,0.280666151552519,0.527591438990093,0.855746058247469,0.527591438990093,0.840556966566923,,abundance,40,40
PWY-7663: gondoate biosynthesis (anaerobic),timepoint,6_months,timepoint6_months,0.465926511133854,0.128908574734089,0.527785710081688,0.527629301958896,0.855746058247469,0.527629301958896,0.840556966566923,,abundance,40,40
PWY-7977: L-methionine biosynthesis IV,turmeric_status,Taken,turmeric_statusTaken,-0.185966085444311,-0.071411131901014,0.174059710045756,0.528433049793368,0.855746058247469,0.528433049793368,0.840556966566923,,abundance,40,40
PWY-6519: 8-amino-7-oxononanoate biosynthesis I,timepoint,2_weeks,timepoint2_weeks,0.324078779832075,0.074634164427337,0.391354763298618,0.530635991671248,0.857181217315092,0.00209334794014236,0.148462663400866,,abundance,40,38
P124-PWY: Bifidobacterium shunt,timepoint,6_months,timepoint6_months,0.511745542562841,0.128908574734089,0.616602017609676,0.540081350514213,0.8575329284284,0.78847483585517,0.962163760294003,,abundance,40,39
PWY-5973: cis-vaccenate biosynthesis,timepoint,6_months,timepoint6_months,0.417643067087687,0.128908574734089,0.457840565749239,0.532553980158651,0.8575329284284,0.532553980158651,0.843827872311739,,abundance,40,40
PWY-6126: superpathway of adenosine nucleotides de novo biosynthesis II,timepoint,6_months,timepoint6_months,0.32273932097375,0.128908574734089,0.315453203252717,0.544526486893812,0.8575329284284,0.544526486893812,0.843827872311739,,abundance,40,40
PWY-6823: molybdopterin biosynthesis,timepoint,2_weeks,timepoint2_weeks,-0.00085315422863363,0.074634164427337,0.121574860541105,0.544960858090753,0.8575329284284,0.544960858090753,0.843827872311739,,abundance,40,40
PWY-6892: thiazole component of thiamine diphosphate biosynthesis I,timepoint,6_months,timepoint6_months,0.397881262205073,0.128908574734089,0.440634137437979,0.546219029540175,0.8575329284284,0.546219029540175,0.843827872311739,,abundance,40,40
PWY-7220: adenosine deoxyribonucleotides de novo biosynthesis II,timepoint,6_months,timepoint6_months,0.344370916649683,0.128908574734089,0.344279022466362,0.536786129238782,0.8575329284284,0.536786129238782,0.843827872311739,,abundance,40,40
PWY-7222: guanosine deoxyribonucleotides de novo biosynthesis II,timepoint,6_months,timepoint6_months,0.344370916649683,0.128908574734089,0.344279022466362,0.537275225949047,0.8575329284284,0.537275225949047,0.843827872311739,,abundance,40,40
PWY-7228: superpathway of guanosine nucleotides de novo biosynthesis I,timepoint,6_months,timepoint6_months,0.319326863592922,0.128908574734089,0.310987306582895,0.545963120910584,0.8575329284284,0.545963120910584,0.843827872311739,,abundance,40,40
PWY-7242: D-fructuronate degradation,turmeric_status,Taken,turmeric_statusTaken,-0.390580996337771,-0.071411131901014,0.511012283394382,0.536957637391467,0.8575329284284,0.536957637391467,0.843827872311739,,abundance,40,40
"PWY-7383: anaerobic energy metabolism (invertebrates, cytosol)",timepoint,2_weeks,timepoint2_weeks,0.164231343843314,0.074634164427337,0.144726579470359,0.542613542880991,0.8575329284284,0.542613542880991,0.843827872311739,,abundance,40,40
PWY-841: superpathway of purine nucleotides de novo biosynthesis I,timepoint,6_months,timepoint6_months,0.298389330492815,0.128908574734089,0.277944604365936,0.547527506344095,0.8575329284284,0.547527506344095,0.843827872311739,,abundance,40,40
PWY0-845: superpathway of pyridoxal 5'-phosphate biosynthesis and salvage,timepoint,2_weeks,timepoint2_weeks,0.33856243173326,0.074634164427337,0.432930881272654,0.547938544958033,0.8575329284284,0.79564044086534,0.962163760294003,,abundance,40,39
PWY66-399: gluconeogenesis III,timepoint,2_weeks,timepoint2_weeks,-0.0717760650529023,0.074634164427337,0.240266747779918,0.547978031069454,0.8575329284284,0.547978031069454,0.843827872311739,,abundance,40,40
CITRULBIO-PWY: L-citrulline biosynthesis,timepoint,2_weeks,timepoint2_weeks,0.353026613546985,0.074634164427337,0.466006609751749,0.555344521715386,0.860784008658848,0.555344521715386,0.846169679140022,,abundance,40,40
"GLCMANNANAUT-PWY: superpathway of N-acetylglucosamine, N-acetylmannosamine and N-acetylneuraminate degradation",turmeric_status,Taken,turmeric_statusTaken,0.0859244676153413,-0.071411131901014,0.260512688669993,0.553592507253083,0.860784008658848,0.553592507253083,0.845725756463154,,abundance,40,40
P124-PWY: Bifidobacterium shunt,turmeric_status,Taken,turmeric_statusTaken,-0.485018542721966,-0.071411131901014,0.691737633698816,0.554949477646214,0.860784008658848,0.801930032552623,0.962163760294003,,abundance,40,39
PWY-6125: superpathway of guanosine nucleotides de novo biosynthesis II,timepoint,6_months,timepoint6_months,0.32657282135603,0.128908574734089,0.327192011088653,0.551550401305696,0.860784008658848,0.551550401305696,0.845725756463154,,abundance,40,40
PWY-7323: superpathway of GDP-mannose-derived O-antigen building blocks biosynthesis,timepoint,6_months,timepoint6_months,-0.214037732686395,0.128908574734089,0.576680427475903,0.556672746472673,0.860793249296223,0.803460946279917,0.962163760294003,,abundance,40,39
PWY-6121: 5-aminoimidazole ribonucleotide biosynthesis I,timepoint,2_weeks,timepoint2_weeks,0.0386639630153334,0.074634164427337,0.0589534507247807,0.558385905407594,0.861396266398919,0.558385905407594,0.848570706643037,,abundance,40,40
PWY-6507: 4-deoxy-L-threo-hex-4-enopyranuronate degradation,timepoint,6_months,timepoint6_months,-0.150444924725106,0.128908574734089,0.476701800057732,0.561732356477774,0.864510080536716,0.561732356477774,0.851421556022595,,abundance,40,40
FERMENTATION-PWY: mixed acid fermentation,timepoint,2_weeks,timepoint2_weeks,0.00417873438944222,0.074634164427337,0.119181582135207,0.565005920288588,0.865456127312637,0.565005920288588,0.851922989185137,,abundance,40,40
LACTOSECAT-PWY: lactose and galactose degradation I,timepoint,2_weeks,timepoint2_weeks,0.346053671197064,0.074634164427337,0.464391012960793,0.564675745570443,0.865456127312637,0.81049279350535,0.962163760294003,,abundance,40,39
PWY-8187: L-arginine degradation XIII (reductive Stickland reaction),timepoint,6_months,timepoint6_months,0.427606773693093,0.128908574734089,0.521669050360517,0.571079813746432,0.872706475936448,0.571079813746432,0.858278984311688,,abundance,40,40
GALACTUROCAT-PWY: D-galacturonate degradation I,timepoint,6_months,timepoint6_months,-0.134873804548128,0.128908574734089,0.464618296163822,0.573623205563425,0.8729955886577,0.573623205563425,0.858278984311688,,abundance,40,40
PWY-4041: &gamma;-glutamyl cycle,turmeric_status,Taken,turmeric_statusTaken,-0.266580888179849,-0.071411131901014,0.343860887013626,0.576200108898684,0.8729955886577,0.576200108898684,0.858278984311688,,abundance,40,40
PWY-6731: starch degradation III,timepoint,6_months,timepoint6_months,-0.184368807232312,0.128908574734089,0.552801414691442,0.574496325341187,0.8729955886577,0.574496325341187,0.858278984311688,,abundance,40,40
VALSYN-PWY: L-valine biosynthesis,timepoint,2_weeks,timepoint2_weeks,0.0403952464418803,0.074634164427337,0.0583700625954216,0.576633030910616,0.8729955886577,0.576633030910616,0.858278984311688,,abundance,40,40
1CMET2-PWY: folate transformations III (E. coli),turmeric_status,Taken,turmeric_statusTaken,-0.17863375318633,-0.071411131901014,0.193794710955062,0.593270976998808,0.884865625414489,0.593270976998808,0.866221917489898,,abundance,40,40
COLANSYN-PWY: colanic acid building blocks biosynthesis,turmeric_status,Taken,turmeric_statusTaken,0.151552413728647,-0.071411131901014,0.412615529187734,0.593144700037641,0.884865625414489,0.593144700037641,0.866221917489898,,abundance,40,40
PWY-5913: partial TCA cycle (obligate autotrophs),timepoint,6_months,timepoint6_months,0.324571777611782,0.128908574734089,0.36248457563661,0.593988138719096,0.884865625414489,0.593988138719096,0.866221917489898,,abundance,40,40
RHAMCAT-PWY: L-rhamnose degradation I,timepoint,2_weeks,timepoint2_weeks,-0.00452194298745001,0.074634164427337,0.143433049898303,0.588400214647212,0.884865625414489,0.588400214647212,0.866221917489898,,abundance,40,40
SALVADEHYPOX-PWY: adenosine nucleotides degradation II,timepoint,2_weeks,timepoint2_weeks,-0.059604070443499,0.074634164427337,0.246141192505287,0.590235922881553,0.884865625414489,0.590235922881553,0.866221917489898,,abundance,40,40
THRESYN-PWY: superpathway of L-threonine biosynthesis,timepoint,6_months,timepoint6_months,0.192113032995182,0.128908574734089,0.112308828183966,0.593734265731146,0.884865625414489,0.593734265731146,0.866221917489898,,abundance,40,40
UDPNAGSYN-PWY: UDP-N-acetyl-D-glucosamine biosynthesis I,turmeric_status,Taken,turmeric_statusTaken,-0.238720082174579,-0.071411131901014,0.3064248371901,0.591496738170523,0.884865625414489,0.591496738170523,0.866221917489898,,abundance,40,40
PWY-5154: L-arginine biosynthesis III (via N-acetyl-L-citrulline),turmeric_status,Taken,turmeric_statusTaken,-0.450207827894739,-0.071411131901014,0.707480478047404,0.595434064181312,0.884994465255785,0.595434064181312,0.866221917489898,,abundance,40,40
SER-GLYSYN-PWY: superpathway of L-serine and glycine biosynthesis I,timepoint,6_months,timepoint6_months,0.233753852459586,0.128908574734089,0.196594334836608,0.601285406906859,0.891655580629534,0.601285406906859,0.872541981451307,,abundance,40,40
P441-PWY: superpathway of N-acetylneuraminate degradation,timepoint,2_weeks,timepoint2_weeks,0.19342799474241,0.074634164427337,0.238913296064239,0.621799062166075,0.898238655273576,0.621799062166075,0.88033496770146,,abundance,40,40
PWY-2941: L-lysine biosynthesis II,turmeric_status,Taken,turmeric_statusTaken,0.230749544250671,-0.071411131901014,0.598179689251269,0.619322563313081,0.898238655273576,0.619322563313081,0.88033496770146,,abundance,40,40
PWY-5103: L-isoleucine biosynthesis III,timepoint,6_months,timepoint6_months,0.184220747086488,0.128908574734089,0.10726054462373,0.626288638554614,0.898238655273576,0.626288638554614,0.88033496770146,,abundance,40,40
PWY-6122: 5-aminoimidazole ribonucleotide biosynthesis II,timepoint,2_weeks,timepoint2_weeks,0.0464703692454886,0.074634164427337,0.0547997194341047,0.623275795642934,0.898238655273576,0.623275795642934,0.88033496770146,,abundance,40,40
PWY-622: starch biosynthesis,timepoint,6_months,timepoint6_months,0.432041659864583,0.128908574734089,0.61304076407453,0.62624158706505,0.898238655273576,0.860304648760348,0.973333310786837,,abundance,40,35
PWY-6277: superpathway of 5-aminoimidazole ribonucleotide biosynthesis,timepoint,2_weeks,timepoint2_weeks,0.0464703692454886,0.074634164427337,0.0547997194341047,0.622582336771545,0.898238655273576,0.622582336771545,0.88033496770146,,abundance,40,40
PWY-6549: L-glutamine biosynthesis III,timepoint,6_months,timepoint6_months,-0.00164324023281074,0.128908574734089,0.257632798394666,0.62029256846584,0.898238655273576,0.62029256846584,0.88033496770146,,abundance,40,40
PWY-6902: chitin degradation II (Vibrio),timepoint,6_months,timepoint6_months,-0.203907654798537,0.128908574734089,0.662563295432319,0.618597499090766,0.898238655273576,0.618597499090766,0.88033496770146,,abundance,40,40
PWY-7111: pyruvate fermentation to isobutanol (engineered),timepoint,6_months,timepoint6_months,0.197409485301821,0.128908574734089,0.131523785453663,0.616609114673181,0.898238655273576,0.616609114673181,0.88033496770146,,abundance,40,40
PWY-7208: superpathway of pyrimidine nucleobases salvage,timepoint,6_months,timepoint6_months,0.302481839139653,0.128908574734089,0.334559332937263,0.607923915480303,0.898238655273576,0.607923915480303,0.879969867657738,,abundance,40,40
PWY-7282: 4-amino-2-methyl-5-diphosphomethylpyrimidine biosynthesis II,timepoint,2_weeks,timepoint2_weeks,0.26654055194824,0.074634164427337,0.377096094978257,0.615235730538036,0.898238655273576,0.851956456945401,0.96912139208524,,abundance,40,39
PWY-7328: superpathway of UDP-glucose-derived O-antigen building blocks biosynthesis,timepoint,6_months,timepoint6_months,-0.0635587619703483,0.128908574734089,0.391015869178928,0.626421427794476,0.898238655273576,0.626421427794476,0.88033496770146,,abundance,40,40
PWY0-1479: tRNA processing,timepoint,2_weeks,timepoint2_weeks,0.201093089898763,0.074634164427337,0.24760270651955,0.613837152897691,0.898238655273576,0.613837152897691,0.88033496770146,,abundance,40,40
THISYNARA-PWY: superpathway of thiamine diphosphate biosynthesis III (eukaryotes),timepoint,6_months,timepoint6_months,0.0127331920796618,0.128908574734089,0.225355888964142,0.615434158805748,0.898238655273576,0.615434158805748,0.88033496770146,,abundance,40,40
GLUCOSE1PMETAB-PWY: glucose and glucose-1-phosphate degradation,timepoint,6_months,timepoint6_months,1.13657606634379,0,2.29242491661423,0.620038051079475,0.898238655273576,0.855628917372517,0.97139047678174,<4 average observations per random effect group often inflates coefficients and deflates p-values: consider setting small_random_effects=TRUE and see tutorial,prevalence,40,20
PWY-5097: L-lysine biosynthesis VI,timepoint,6_months,timepoint6_months,0.089627409678514,0.128908574734089,0.0738354046633511,0.62868116399695,0.89949766541102,0.62868116399695,0.88137141393277,,abundance,40,40
P441-PWY: superpathway of N-acetylneuraminate degradation,turmeric_status,Taken,turmeric_statusTaken,-0.280891262128045,-0.071411131901014,0.433175325238088,0.632425582119689,0.902601683661776,0.632425582119689,0.884479256152898,,abundance,40,40
LACTOSECAT-PWY: lactose and galactose degradation I,timepoint,2_weeks,timepoint2_weeks,2.16618148827439,0,4.54475940508222,0.633623608960725,0.902601683661776,0.81049279350535,0.962163760294003,<4 average observations per random effect group often inflates coefficients and deflates p-values: consider setting small_random_effects=TRUE and see tutorial,prevalence,40,39
HSERMETANA-PWY: L-methionine biosynthesis III,timepoint,2_weeks,timepoint2_weeks,0.0248048479511869,0.074634164427337,0.104028390358208,0.636923313492343,0.903584169693991,0.636923313492343,0.886718039266678,,abundance,40,40
PWY-3001: superpathway of L-isoleucine biosynthesis I,turmeric_status,Taken,turmeric_statusTaken,-0.0169547173990207,-0.071411131901014,0.104182174011154,0.637089299369496,0.903584169693991,0.637089299369496,0.886718039266678,,abundance,40,40
PWY-6147: 6-hydroxymethyl-dihydropterin diphosphate biosynthesis I,timepoint,2_weeks,timepoint2_weeks,0.219010428194024,0.074634164427337,0.309625047905571,0.643362887590668,0.905532983365814,0.643362887590668,0.88915608418557,,abundance,40,40
"PWY-7237: myo-, chiro- and scyllo-inositol degradation",turmeric_status,Taken,turmeric_statusTaken,0.0483645328281107,-0.071411131901014,0.253066285661133,0.643448012562615,0.905532983365814,0.643448012562615,0.88915608418557,,abundance,40,40
PWY-7345: superpathway of anaerobic sucrose degradation,turmeric_status,Taken,turmeric_statusTaken,-0.277611077834889,-0.071411131901014,0.451445138985918,0.65159217549053,0.905532983365814,0.65159217549053,0.898266356211945,,abundance,40,40
PWY-7400: L-arginine biosynthesis IV (archaebacteria),timepoint,6_months,timepoint6_months,0.360093167828894,0.128908574734089,0.490271087413522,0.640011430721736,0.905532983365814,0.640011430721736,0.888648964958958,,abundance,40,40
UNMAPPED,turmeric_status,Taken,turmeric_statusTaken,-0.0173297307362006,-0.071411131901014,0.109508684977769,0.653764212261033,0.905532983365814,0.653764212261033,0.89911990237325,,abundance,40,40
ARGININE-SYN4-PWY: L-ornithine biosynthesis II,turmeric_status,Taken,turmeric_statusTaken,-2.22445451766002,0,4.95378325891667,0.653401682974922,0.905532983365814,0.297658392740486,0.703445752639761,<4 average observations per random effect group often inflates coefficients and deflates p-values: consider setting small_random_effects=TRUE and see tutorial,prevalence,40,39
P164-PWY: purine nucleobases degradation I (anaerobic),turmeric_status,Taken,turmeric_statusTaken,-2.22445451766002,0,4.95378325891667,0.653401682974922,0.905532983365814,0.22580218006901,0.659208076016363,<4 average observations per random effect group often inflates coefficients and deflates p-values: consider setting small_random_effects=TRUE and see tutorial,prevalence,40,39
PWY-5121: superpathway of geranylgeranyl diphosphate biosynthesis II (via MEP),turmeric_status,Taken,turmeric_statusTaken,-2.22445451766004,0,4.95378325891671,0.653401682974921,0.905532983365814,0.519056755110785,0.840556966566923,<4 average observations per random effect group often inflates coefficients and deflates p-values: consider setting small_random_effects=TRUE and see tutorial,prevalence,40,39
PWY-5505: L-glutamate and L-glutamine biosynthesis,turmeric_status,Taken,turmeric_statusTaken,-2.22445451766002,0,4.95378325891667,0.653401682974922,0.905532983365814,0.289687126361032,0.703445752639761,<4 average observations per random effect group often inflates coefficients and deflates p-values: consider setting small_random_effects=TRUE and see tutorial,prevalence,40,39
PWY-7282: 4-amino-2-methyl-5-diphosphomethylpyrimidine biosynthesis II,turmeric_status,Taken,turmeric_statusTaken,-2.22445451766002,0,4.95378325891667,0.653401682974922,0.905532983365814,0.142406914863518,0.603363922065851,<4 average observations per random effect group often inflates coefficients and deflates p-values: consider setting small_random_effects=TRUE and see tutorial,prevalence,40,39
PWY0-845: superpathway of pyridoxal 5'-phosphate biosynthesis and salvage,turmeric_status,Taken,turmeric_statusTaken,-2.22445451766002,0,4.95378325891667,0.653401682974922,0.905532983365814,0.115620869318523,0.57273976179336,<4 average observations per random effect group often inflates coefficients and deflates p-values: consider setting small_random_effects=TRUE and see tutorial,prevalence,40,39
PWY66-409: superpathway of purine nucleotide salvage,turmeric_status,Taken,turmeric_statusTaken,-2.89517398991061,0,6.55210033196097,0.658583566065934,0.910271553097501,0.329970861883343,0.726022555186393,<4 average observations per random effect group often inflates coefficients and deflates p-values: consider setting small_random_effects=TRUE and see tutorial,prevalence,40,38
GLUCOSE1PMETAB-PWY: glucose and glucose-1-phosphate degradation,timepoint,6_months,timepoint6_months,0.35165694531321,0.128908574734089,0.498311987448659,0.663251392299626,0.911041377367154,0.855628917372517,0.97139047678174,,abundance,40,20
PWY-5913: partial TCA cycle (obligate autotrophs),turmeric_status,Taken,turmeric_statusTaken,-0.249887041731031,-0.071411131901014,0.406113526342798,0.664738332180335,0.911041377367154,0.664738332180335,0.907744090406637,,abundance,40,40
PWY-6549: L-glutamine biosynthesis III,turmeric_status,Taken,turmeric_statusTaken,0.0561170264676204,-0.071411131901014,0.287796289396078,0.663422743095605,0.911041377367154,0.663422743095605,0.907744090406637,,abundance,40,40
PYRIDNUCSYN-PWY: NAD de novo biosynthesis I (from aspartate),timepoint,6_months,timepoint6_months,0.0637903246131305,0.128908574734089,0.143974442103077,0.661754469177569,0.911041377367154,0.661754469177569,0.907744090406637,,abundance,40,40
ILEUSYN-PWY: L-isoleucine biosynthesis I (from threonine),timepoint,6_months,timepoint6_months,0.172583858450137,0.128908574734089,0.0982195167706787,0.67652406853537,0.921536167619753,0.67652406853537,0.917279534949215,,abundance,40,40
PWY-2942: L-lysine biosynthesis III,timepoint,6_months,timepoint6_months,0.0383693868264691,0.128908574734089,0.213041410083081,0.675886528599621,0.921536167619753,0.675886528599621,0.917279534949215,,abundance,40,40
PWY-6606: guanosine nucleotides degradation II,timepoint,2_weeks,timepoint2_weeks,-0.018765037231863,0.074634164427337,0.221569472825908,0.676888044872191,0.921536167619753,0.676888044872191,0.917279534949215,,abundance,40,40
"PWY-724: superpathway of L-lysine, L-threonine and L-methionine biosynthesis II",timepoint,6_months,timepoint6_months,0.163127746935267,0.128908574734089,0.0745978078004505,0.678058101827744,0.921536167619753,0.678058101827744,0.917279534949215,,abundance,40,40
PWY-5659: GDP-mannose biosynthesis,timepoint,2_weeks,timepoint2_weeks,0.169822431339055,0.074634164427337,0.231447373595115,0.684692477690548,0.92613075204806,0.684692477690548,0.92116970864053,,abundance,40,40
PWY-7111: pyruvate fermentation to isobutanol (engineered),turmeric_status,Taken,turmeric_statusTaken,-0.00722855315727658,-0.071411131901014,0.146575044091735,0.682937663661052,0.92613075204806,0.682937663661052,0.92116970864053,,abundance,40,40
PWY-7761: NAD salvage pathway II (PNC IV cycle),timepoint,2_weeks,timepoint2_weeks,0.139536188920094,0.074634164427337,0.158681657812181,0.68570663976523,0.92613075204806,0.68570663976523,0.92116970864053,,abundance,40,40
BRANCHED-CHAIN-AA-SYN-PWY: superpathway of branched chain amino acid biosynthesis,timepoint,2_weeks,timepoint2_weeks,0.052782737050384,0.074634164427337,0.0516938537246429,0.688723768952572,0.928279862501293,0.688723768952572,0.923081162554489,,abundance,40,40
PWY-5971: palmitate biosynthesis (type II fatty acid synthase),timepoint,2_weeks,timepoint2_weeks,-0.0665337635790657,0.074634164427337,0.348912694395455,0.692040682439504,0.930823314603548,0.517100413524017,0.840556966566923,,abundance,40,26
PWY0-1061: superpathway of L-alanine biosynthesis,timepoint,2_weeks,timepoint2_weeks,0.00416807851068754,0.074634164427337,0.177432561180892,0.696611895134711,0.935039883984942,0.696611895134711,0.929350892357138,,abundance,40,40
PWY-6124: inosine-5'-phosphate biosynthesis II,timepoint,2_weeks,timepoint2_weeks,0.0448708293027581,0.074634164427337,0.0782385421220167,0.709769586874017,0.949790275264848,0.709769586874017,0.938139939890835,,abundance,40,40
"PWY-7117: C4 photosynthetic carbon assimilation cycle, PEPCK type",timepoint,2_weeks,timepoint2_weeks,0.147535457513473,0.074634164427337,0.194066406218184,0.710518992402429,0.949790275264848,0.710518992402429,0.938139939890835,,abundance,40,40
PWY-8004: Entner-Doudoroff pathway I,timepoint,2_weeks,timepoint2_weeks,0.157792018727828,0.074634164427337,0.223273181160283,0.712314219763654,0.950238846447006,0.712314219763654,0.938139939890835,,abundance,40,40
ANAGLYCOLYSIS-PWY: glycolysis III (from glucose),timepoint,6_months,timepoint6_months,0.087594608725738,0.128908574734089,0.110212554260264,0.720548243522297,0.957960958990195,0.720548243522297,0.94432861779018,,abundance,40,40
PWY-6123: inosine-5'-phosphate biosynthesis I,timepoint,2_weeks,timepoint2_weeks,0.047496926688724,0.074634164427337,0.0743724483605646,0.722325626062824,0.957960958990195,0.722325626062824,0.94432861779018,,abundance,40,40
PWY-6969: TCA cycle V (2-oxoglutarate synthase),timepoint,6_months,timepoint6_months,0.222558962450026,0.128908574734089,0.259880354655143,0.722517405321329,0.957960958990195,0.722517405321329,0.94432861779018,,abundance,40,40
PWY-6590: superpathway of Clostridium acetobutylicum acidogenic fermentation,timepoint,2_weeks,timepoint2_weeks,0.00223408471705017,0.074634164427337,0.206279517768375,0.729916153243605,0.965803690572332,0.729916153243605,0.944652234818376,,abundance,40,40
HISTSYN-PWY: L-histidine biosynthesis,timepoint,6_months,timepoint6_months,0.178398894954077,0.128908574734089,0.148272829848488,0.745078012073445,0.96814983528953,0.745078012073445,0.944652234818376,,abundance,40,40
"PWY-241: C4 photosynthetic carbon assimilation cycle, NADP-ME type",timepoint,2_weeks,timepoint2_weeks,0.14166992498948,0.074634164427337,0.202734920406909,0.743784891641164,0.96814983528953,0.743784891641164,0.944652234818376,,abundance,40,40
PWY-2942: L-lysine biosynthesis III,turmeric_status,Taken,turmeric_statusTaken,-0.150018992449812,-0.071411131901014,0.235381097809718,0.744316528489732,0.96814983528953,0.744316528489732,0.944652234818376,,abundance,40,40
PWY-6124: inosine-5'-phosphate biosynthesis II,timepoint,6_months,timepoint6_months,0.173955116265047,0.128908574734089,0.131828587760229,0.74074001796981,0.96814983528953,0.74074001796981,0.944652234818376,,abundance,40,40
PWY-6353: purine nucleotides degradation II (aerobic),turmeric_status,Taken,turmeric_statusTaken,0.0890746931387055,-0.071411131901014,0.472829991927047,0.736861869105016,0.96814983528953,0.736861869105016,0.944652234818376,,abundance,40,40
PWY-6703: preQ0 biosynthesis,timepoint,2_weeks,timepoint2_weeks,0.0192163112215236,0.074634164427337,0.167702527132901,0.743878771613022,0.96814983528953,0.743878771613022,0.944652234818376,,abundance,40,40
PWY-7242: D-fructuronate degradation,timepoint,6_months,timepoint6_months,-0.031149113900156,0.128908574734089,0.473407362006812,0.737134305776032,0.96814983528953,0.737134305776032,0.944652234818376,,abundance,40,40
"PWY-7456: &beta;-(1,4)-mannan degradation",timepoint,6_months,timepoint6_months,-0.0141161337831714,0.128908574734089,0.426639465532678,0.740962323396657,0.96814983528953,0.740962323396657,0.944652234818376,,abundance,40,40
PWY-7851: coenzyme A biosynthesis II (eukaryotic),turmeric_status,Taken,turmeric_statusTaken,-0.113768792121887,-0.071411131901014,0.122227273169195,0.746561009700989,0.96814983528953,0.746561009700989,0.944652234818376,,abundance,40,40
PWY66-409: superpathway of purine nucleotide salvage,timepoint,6_months,timepoint6_months,-0.0695440924275765,0.128908574734089,0.584529127842288,0.736566490163387,0.96814983528953,0.930602785895163,1,,abundance,40,38
PWY-2941: L-lysine biosynthesis II,timepoint,6_months,timepoint6_months,0.302096083367666,0.128908574734089,0.533242885358447,0.748869388223894,0.969212667462733,0.748869388223894,0.944652234818376,,abundance,40,40
"PWY-724: superpathway of L-lysine, L-threonine and L-methionine biosynthesis II",turmeric_status,Taken,turmeric_statusTaken,-0.0408475064890977,-0.071411131901014,0.0836620679821635,0.751464777794414,0.970642004651118,0.751464777794414,0.945865448571665,,abundance,40,40
PWY-6892: thiazole component of thiamine diphosphate biosynthesis I,timepoint,2_weeks,timepoint2_weeks,0.153568554382698,0.074634164427337,0.253235415018552,0.757608185668467,0.976639463109252,0.757608185668467,0.949249048239626,,abundance,40,40
GLUCUROCAT-PWY: superpathway of &beta;-D-glucuronosides degradation,timepoint,6_months,timepoint6_months,0.00205799367732243,0.128908574734089,0.412083613300046,0.760710808951963,0.976770683683881,0.760710808951963,0.949249048239626,,abundance,40,40
PWY-6549: L-glutamine biosynthesis III,timepoint,2_weeks,timepoint2_weeks,0.0308617506490835,0.074634164427337,0.141555787871462,0.759965623700211,0.976770683683881,0.759965623700211,0.949249048239626,,abundance,40,40
PWY-5989: stearate biosynthesis II (bacteria and plants),timepoint,2_weeks,timepoint2_weeks,0.00683142371074712,0.074634164427337,0.221056366688058,0.762903837946459,0.97765826476997,0.00209334794014236,0.148462663400866,,abundance,40,38
PWY-7198: pyrimidine deoxyribonucleotides de novo biosynthesis IV,timepoint,2_weeks,timepoint2_weeks,0.143506544879613,0.074634164427337,0.230248691209787,0.767321260932407,0.981387310151271,0.767321260932407,0.955438731354546,,abundance,40,40
1CMET2-PWY: folate transformations III (E. coli),timepoint,6_months,timepoint6_months,0.179504626857326,0.128908574734089,0.173972255889049,0.776636879460558,0.98705865766018,0.776636879460558,0.960251644702197,,abundance,40,40
ASPASN-PWY: superpathway of L-aspartate and L-asparagine biosynthesis,timepoint,6_months,timepoint6_months,0.0633425268607974,0.128908574734089,0.225518938650484,0.774982026524597,0.98705865766018,0.774982026524597,0.960251644702197,,abundance,40,40
PWY-2942: L-lysine biosynthesis III,timepoint,2_weeks,timepoint2_weeks,0.0403285050943859,0.074634164427337,0.119963542485421,0.777820416865856,0.98705865766018,0.777820416865856,0.960251644702197,,abundance,40,40
PWY-6470: peptidoglycan biosynthesis V (&beta;-lactam resistance),timepoint,6_months,timepoint6_months,0.00623474599263112,0.128908574734089,0.42742592838464,0.777736668198157,0.98705865766018,0.950599011336344,1,,abundance,40,37
HSERMETANA-PWY: L-methionine biosynthesis III,timepoint,6_months,timepoint6_months,0.0840303047992374,0.128908574734089,0.175283375890426,0.801795711450887,0.996011417650325,0.801795711450887,0.962163760294003,,abundance,40,40
LACTOSECAT-PWY: lactose and galactose degradation I,timepoint,6_months,timepoint6_months,0.332795105101364,0.128908574734089,0.811819827313708,0.803235014234133,0.996011417650325,0.961283540376558,1,,abundance,40,39
P441-PWY: superpathway of N-acetylneuraminate degradation,timepoint,6_months,timepoint6_months,0.0201872490940669,0.128908574734089,0.402558656680632,0.78946555834873,0.996011417650325,0.78946555834873,0.962163760294003,,abundance,40,40
PWY-4984: urea cycle,timepoint,2_weeks,timepoint2_weeks,0.212302576344361,0.074634164427337,0.540892463115416,0.800916219179612,0.996011417650325,0.800916219179612,0.962163760294003,,abundance,40,40
PWY-5913: partial TCA cycle (obligate autotrophs),timepoint,2_weeks,timepoint2_weeks,0.125017990387741,0.074634164427337,0.197806838053796,0.801017208184297,0.996011417650325,0.801017208184297,0.962163760294003,,abundance,40,40
PWY-6124: inosine-5'-phosphate biosynthesis II,turmeric_status,Taken,turmeric_statusTaken,-0.111382121033747,-0.071411131901014,0.141854833900688,0.789764743837969,0.996011417650325,0.789764743837969,0.962163760294003,,abundance,40,40
PWY-6151: S-adenosyl-L-methionine salvage I,timepoint,6_months,timepoint6_months,0.09395692757452,0.128908574734089,0.132314906286098,0.797933207256772,0.996011417650325,0.797933207256772,0.962163760294003,,abundance,40,40
PWY-6731: starch degradation III,timepoint,2_weeks,timepoint2_weeks,0.156581687168542,0.074634164427337,0.319323848180632,0.799224896161158,0.996011417650325,0.799224896161158,0.962163760294003,,abundance,40,40
PWY-7851: coenzyme A biosynthesis II (eukaryotic),timepoint,6_months,timepoint6_months,0.160822590438933,0.128908574734089,0.113588295616062,0.7880176541364,0.996011417650325,0.7880176541364,0.962163760294003,,abundance,40,40
RHAMCAT-PWY: L-rhamnose degradation I,turmeric_status,Taken,turmeric_statusTaken,0.00242491657324315,-0.071411131901014,0.286848064866422,0.80130155238138,0.996011417650325,0.80130155238138,0.962163760294003,,abundance,40,40
THISYN-PWY: superpathway of thiamine diphosphate biosynthesis I,timepoint,6_months,timepoint6_months,0.220761536628464,0.128908574734089,0.352824080783803,0.796272660351551,0.996011417650325,0.796272660351551,0.962163760294003,,abundance,40,40
PWY-5971: palmitate biosynthesis (type II fatty acid synthase),turmeric_status,Taken,turmeric_statusTaken,-17.3703790533671,0,69.526798359465,0.802713267839544,0.996011417650325,0.252131763321357,0.675853198903082,<4 average observations per random effect group often inflates coefficients and deflates p-values: consider setting small_random_effects=TRUE and see tutorial,prevalence,40,26
PWY-7198: pyrimidine deoxyribonucleotides de novo biosynthesis IV,turmeric_status,Taken,turmeric_statusTaken,-0.187413057457657,-0.071411131901014,0.466291414038323,0.805569446638119,0.996978604977798,0.805569446638119,0.962163760294003,,abundance,40,40
SALVADEHYPOX-PWY: adenosine nucleotides degradation II,turmeric_status,Taken,turmeric_statusTaken,-0.191981328000729,-0.071411131901014,0.489269863274466,0.807077918315361,0.996978604977798,0.807077918315361,0.962163760294003,,abundance,40,40
ANAGLYCOLYSIS-PWY: glycolysis III (from glucose),timepoint,2_weeks,timepoint2_weeks,0.0900256503135984,0.074634164427337,0.061442532923685,0.809309560734568,0.997841901587507,0.809309560734568,0.962163760294003,,abundance,40,40
VALSYN-PWY: L-valine biosynthesis,timepoint,6_months,timepoint6_months,0.154962890252955,0.128908574734089,0.102925915026845,0.810942858417053,0.997965597031194,0.810942858417053,0.962163760294003,,abundance,40,40
LACTOSECAT-PWY: lactose and galactose degradation I,timepoint,6_months,timepoint6_months,1.9475158968831,0,8.21226222946062,0.812542510892351,0.998047499228152,0.961283540376558,1,<4 average observations per random effect group often inflates coefficients and deflates p-values: consider setting small_random_effects=TRUE and see tutorial,prevalence,40,39
ASPASN-PWY: superpathway of L-aspartate and L-asparagine biosynthesis,turmeric_status,Taken,turmeric_statusTaken,-0.131123942289034,-0.071411131901014,0.251630446047535,0.816173678773551,0.998738843762372,0.816173678773551,0.963978323802026,,abundance,40,40
PWY-3841: folate transformations II (plants),timepoint,2_weeks,timepoint2_weeks,0.06142431200068,0.074634164427337,0.0542057992886949,0.81578670710407,0.998738843762372,0.81578670710407,0.963978323802026,,abundance,40,40
BRANCHED-CHAIN-AA-SYN-PWY: superpathway of branched chain amino acid biosynthesis,timepoint,6_months,timepoint6_months,0.151041137448372,0.128908574734089,0.0930261125677474,0.823288108768161,0.999926415686703,0.823288108768161,0.963978323802026,,abundance,40,40
P41-PWY: pyruvate fermentation to acetate and (S)-lactate I,timepoint,6_months,timepoint6_months,0.0839074841670916,0.128908574734089,0.196928035600929,0.822333837066883,0.999926415686703,0.822333837066883,0.963978323802026,,abundance,40,40
PWY-5100: pyruvate fermentation to acetate and lactate II,timepoint,6_months,timepoint6_months,0.0839074841670916,0.128908574734089,0.196928035600929,0.822421956110192,0.999926415686703,0.822421956110192,0.963978323802026,,abundance,40,40
PWY-6385: peptidoglycan biosynthesis III (mycobacteria),turmeric_status,Taken,turmeric_statusTaken,-0.0914688654841804,-0.071411131901014,0.0745546206297308,0.821323472990915,0.999926415686703,0.821323472990915,0.963978323802026,,abundance,40,40
1CMET2-PWY: folate transformations III (E. coli),timepoint,2_weeks,timepoint2_weeks,0.0838113432828515,0.074634164427337,0.0962069539598161,0.925534278437179,1,0.925534278437179,1,,abundance,40,40
CALVIN-PWY: Calvin-Benson-Bassham cycle,timepoint,2_weeks,timepoint2_weeks,0.0880760167720628,0.074634164427337,0.076396682801985,0.864064458971389,1,0.864064458971389,0.973333310786837,,abundance,40,40
COA-PWY-1: superpathway of coenzyme A biosynthesis III (mammals),timepoint,6_months,timepoint6_months,0.141082723550566,0.128908574734089,0.113744547520424,0.91809714183219,1,0.91809714183219,1,,abundance,40,40
COA-PWY-1: superpathway of coenzyme A biosynthesis III (mammals),turmeric_status,Taken,turmeric_statusTaken,-0.0828904120407779,-0.071411131901014,0.122395408839283,0.930359332413816,1,0.930359332413816,1,,abundance,40,40
COA-PWY: coenzyme A biosynthesis I (prokaryotic),timepoint,6_months,timepoint6_months,0.128908574734089,0.128908574734089,0.108754601748068,1,1,1,1,,abundance,40,40
COA-PWY: coenzyme A biosynthesis I (prokaryotic),turmeric_status,Taken,turmeric_statusTaken,-0.071411131901014,-0.071411131901014,0.117025951874468,1,1,1,1,,abundance,40,40
COBALSYN-PWY: superpathway of adenosylcobalamin salvage from cobinamide I,timepoint,2_weeks,timepoint2_weeks,0.0646892693983093,0.074634164427337,0.111455846666108,0.930003556033808,1,0.930003556033808,1,,abundance,40,40
FASYN-ELONG-PWY: fatty acid elongation -- saturated,timepoint,2_weeks,timepoint2_weeks,0.0923767874763785,0.074634164427337,0.25008346593892,0.944049091394772,1,0.00209334794014236,0.148462663400866,,abundance,40,38
"GLCMANNANAUT-PWY: superpathway of N-acetylglucosamine, N-acetylmannosamine and N-acetylneuraminate degradation",timepoint,2_weeks,timepoint2_weeks,0.0470843007192601,0.074634164427337,0.137912533961043,0.843410313320043,1,0.843410313320043,0.965690637699023,,abundance,40,40
GLUCOSE1PMETAB-PWY: glucose and glucose-1-phosphate degradation,turmeric_status,Taken,turmeric_statusTaken,-0.165285881809184,-0.071411131901014,0.515826427565131,0.858806991905062,1,0.456325264007942,0.804348618605833,,abundance,40,20
GLYCOLYSIS-E-D: superpathway of glycolysis and the Entner-Doudoroff pathway,timepoint,2_weeks,timepoint2_weeks,0.0923830636651313,0.074634164427337,0.274123172997031,0.948844829062949,1,0.948844829062949,1,,abundance,40,40
HISDEG-PWY: L-histidine degradation I,timepoint,2_weeks,timepoint2_weeks,0.091987555430332,0.074634164427337,0.436212758743566,0.968564329013993,1,0.968564329013993,1,,abundance,40,40
HISTSYN-PWY: L-histidine biosynthesis,turmeric_status,Taken,turmeric_statusTaken,-0.0632406133546456,-0.071411131901014,0.1595497456773,0.960644790816862,1,0.960644790816862,1,,abundance,40,40
HSERMETANA-PWY: L-methionine biosynthesis III,turmeric_status,Taken,turmeric_statusTaken,-0.0996969254361938,-0.071411131901014,0.188614583490134,0.884404853362837,1,0.884404853362837,0.980692512137184,,abundance,40,40
ILEUSYN-PWY: L-isoleucine biosynthesis I (from threonine),timepoint,2_weeks,timepoint2_weeks,0.074056501892121,0.074634164427337,0.0546071706940244,0.991947633827947,1,0.991947633827947,1,,abundance,40,40
METH-ACETATE-PWY: methanogenesis from acetate,timepoint,2_weeks,timepoint2_weeks,0.0638266217530851,0.074634164427337,0.323608872778196,0.973561677861168,1,0.973561677861168,1,,abundance,40,40
NONOXIPENT-PWY: pentose phosphate pathway (non-oxidative branch) I,timepoint,2_weeks,timepoint2_weeks,0.102376346886537,0.074634164427337,0.128650665546803,0.831419131522367,1,0.831419131522367,0.963978323802026,,abundance,40,40
OANTIGEN-PWY: O-antigen building blocks biosynthesis (E. coli),turmeric_status,Taken,turmeric_statusTaken,-0.0732141233328586,-0.071411131901014,0.214783203262778,0.993453299834041,1,0.993453299834041,1,,abundance,40,40
P124-PWY: Bifidobacterium shunt,timepoint,2_weeks,timepoint2_weeks,0.0666330657793914,0.074634164427337,0.345857598066261,0.981711764010638,1,0.734347965555009,0.944652234818376,,abundance,40,39
P164-PWY: purine nucleobases degradation I (anaerobic),timepoint,2_weeks,timepoint2_weeks,0.105986122433547,0.074634164427337,0.351438539233949,0.929553352978962,1,0.995037269923493,1,,abundance,40,39
PANTO-PWY: phosphopantothenate biosynthesis I,turmeric_status,Taken,turmeric_statusTaken,-0.0213791285245976,-0.071411131901014,0.246625460230868,0.842292750755296,1,0.842292750755296,0.965690637699023,,abundance,40,40
PANTOSYN-PWY: superpathway of coenzyme A biosynthesis I (bacteria),turmeric_status,Taken,turmeric_statusTaken,-0.0514633841961241,-0.071411131901014,0.209919452712341,0.926098647646559,1,0.926098647646559,1,,abundance,40,40
PENTOSE-P-PWY: pentose phosphate pathway,timepoint,2_weeks,timepoint2_weeks,0.105107117324985,0.074634164427337,0.213527612399846,0.887535192331407,1,0.887535192331407,0.980692512137184,,abundance,40,40
PHOSLIPSYN-PWY: superpathway of phospholipid biosynthesis I (bacteria),turmeric_status,Taken,turmeric_statusTaken,-0.0939373658977552,-0.071411131901014,0.449644558022287,0.960459659564264,1,0.960459659564264,1,,abundance,40,40
PWY-3001: superpathway of L-isoleucine biosynthesis I,timepoint,6_months,timepoint6_months,0.124136643157951,0.128908574734089,0.0929197959290356,0.961661744080851,1,0.961661744080851,1,,abundance,40,40
PWY-3841: folate transformations II (plants),timepoint,6_months,timepoint6_months,0.125012669833838,0.128908574734089,0.0955414227753343,0.96944247573091,1,0.96944247573091,1,,abundance,40,40
PWY-3841: folate transformations II (plants),turmeric_status,Taken,turmeric_statusTaken,-0.056908660220884,-0.071411131901014,0.105187627295554,0.899888414631496,1,0.899888414631496,0.992448365850736,,abundance,40,40
PWY-5030: L-histidine degradation III,timepoint,2_weeks,timepoint2_weeks,0.0529910829332248,0.074634164427337,0.46227072459481,0.963016035591698,1,0.963016035591698,1,,abundance,40,40
PWY-5103: L-isoleucine biosynthesis III,timepoint,2_weeks,timepoint2_weeks,0.0812400797810744,0.074634164427337,0.0591619494850355,0.914616204156363,1,0.914616204156363,1,,abundance,40,40
PWY-5154: L-arginine biosynthesis III (via N-acetyl-L-citrulline),timepoint,2_weeks,timepoint2_weeks,-0.00777983197332811,0.074634164427337,0.390203418947065,0.834115958937504,1,0.834115958937504,0.963978323802026,,abundance,40,40
PWY-5154: L-arginine biosynthesis III (via N-acetyl-L-citrulline),timepoint,6_months,timepoint6_months,0.0643794634308789,0.128908574734089,0.657476024780492,0.922312704136506,1,0.922312704136506,1,,abundance,40,40
PWY-5188: tetrapyrrole biosynthesis I (from glutamate),timepoint,2_weeks,timepoint2_weeks,0.0230218973468225,0.074634164427337,0.260772840845459,0.843936895812963,1,0.843936895812963,0.965690637699023,,abundance,40,40
PWY-5676: acetyl-CoA fermentation to butanoate II,timepoint,6_months,timepoint6_months,0.149533929695523,0.128908574734089,0.707086713737554,0.976884631074026,1,0.976884631074026,1,,abundance,40,40
PWY-5676: acetyl-CoA fermentation to butanoate II,turmeric_status,Taken,turmeric_statusTaken,-0.131439490032527,-0.071411131901014,0.777770397438026,0.938885471067457,1,0.938885471067457,1,,abundance,40,40
PWY-5941: glycogen degradation II,timepoint,2_weeks,timepoint2_weeks,0.0605449895642263,0.074634164427337,0.0634276375266165,0.829968123034023,1,0.829968123034023,0.963978323802026,,abundance,40,40
PWY-5973: cis-vaccenate biosynthesis,timepoint,2_weeks,timepoint2_weeks,0.0184740463535606,0.074634164427337,0.265264728906687,0.833882149853509,1,0.833882149853509,0.963978323802026,,abundance,40,40
PWY-6123: inosine-5'-phosphate biosynthesis I,timepoint,6_months,timepoint6_months,0.153918712185094,0.128908574734089,0.125550637545302,0.847955759197493,1,0.847955759197493,0.968375511982936,,abundance,40,40
PWY-6123: inosine-5'-phosphate biosynthesis I,turmeric_status,Taken,turmeric_statusTaken,-0.0790793369509024,-0.071411131901014,0.135237444719595,0.957318367574681,1,0.957318367574681,1,,abundance,40,40
PWY-6125: superpathway of guanosine nucleotides de novo biosynthesis II,turmeric_status,Taken,turmeric_statusTaken,-0.0526365854248203,-0.071411131901014,0.360254097936021,0.958931850200422,1,0.958931850200422,1,,abundance,40,40
PWY-6126: superpathway of adenosine nucleotides de novo biosynthesis II,turmeric_status,Taken,turmeric_statusTaken,-0.0528311549795199,-0.071411131901014,0.34667120195238,0.957723569427949,1,0.957723569427949,1,,abundance,40,40
PWY-6147: 6-hydroxymethyl-dihydropterin diphosphate biosynthesis I,timepoint,6_months,timepoint6_months,0.214029009349369,0.128908574734089,0.521704925648129,0.871100883588423,1,0.871100883588423,0.977456224026544,,abundance,40,40
PWY-622: starch biosynthesis,timepoint,2_weeks,timepoint2_weeks,0.00806987453140806,0.074634164427337,0.367742217067884,0.858425417499938,1,0.976844358195667,1,,abundance,40,35
PWY-6282: palmitoleate biosynthesis I (from (5Z)-dodec-5-enoate),timepoint,2_weeks,timepoint2_weeks,0.0845722524438419,0.074634164427337,0.243861472075139,0.967833587856799,1,0.00209334794014236,0.148462663400866,,abundance,40,38
PWY-6292: superpathway of L-cysteine biosynthesis (mammalian),timepoint,2_weeks,timepoint2_weeks,0.097395056920149,0.074634164427337,0.210421300530977,0.914670758741994,1,0.914670758741994,1,,abundance,40,40
PWY-6353: purine nucleotides degradation II (aerobic),timepoint,2_weeks,timepoint2_weeks,0.0657194122000011,0.074634164427337,0.248058327961098,0.971567964828535,1,0.971567964828535,1,,abundance,40,40
PWY-6385: peptidoglycan biosynthesis III (mycobacteria),timepoint,6_months,timepoint6_months,0.122368531181983,0.128908574734089,0.0674046284943533,0.931077756421806,1,0.931077756421806,1,,abundance,40,40
PWY-6608: guanosine nucleotides degradation III,timepoint,2_weeks,timepoint2_weeks,0.0429875281329871,0.074634164427337,0.165259592730447,0.849659069355855,1,0.849659069355855,0.968410632198898,,abundance,40,40
PWY-6630: superpathway of L-tyrosine biosynthesis,timepoint,2_weeks,timepoint2_weeks,0.0611678344225456,0.074634164427337,0.326205316816677,0.967241031720439,1,0.967241031720439,1,,abundance,40,40
PWY-6630: superpathway of L-tyrosine biosynthesis,turmeric_status,Taken,turmeric_statusTaken,-0.0934235292368964,-0.071411131901014,0.591445082941152,0.970505575176118,1,0.970505575176118,1,,abundance,40,40
PWY-6703: preQ0 biosynthesis,timepoint,6_months,timepoint6_months,0.148599213240676,0.128908574734089,0.3045960716337,0.948967970878552,1,0.948967970878552,1,,abundance,40,40
PWY-6731: starch degradation III,turmeric_status,Taken,turmeric_statusTaken,-0.0251470825052818,-0.071411131901014,0.603302378804775,0.939576107473203,1,0.939576107473203,1,,abundance,40,40
PWY-6901: superpathway of glucose and xylose degradation,timepoint,2_weeks,timepoint2_weeks,0.099875462449758,0.074634164427337,0.167844806092438,0.881579256574519,1,0.881579256574519,0.979720517383199,,abundance,40,40
PWY-6902: chitin degradation II (Vibrio),turmeric_status,Taken,turmeric_statusTaken,0.0834457056061929,-0.071411131901014,0.723906363153899,0.831801730315832,1,0.831801730315832,0.963978323802026,,abundance,40,40
PWY-6969: TCA cycle V (2-oxoglutarate synthase),timepoint,2_weeks,timepoint2_weeks,0.0736698659867597,0.074634164427337,0.142718870071457,0.994669544423211,1,0.994669544423211,1,,abundance,40,40
"PWY-7115: C4 photosynthetic carbon assimilation cycle, NAD-ME type",timepoint,2_weeks,timepoint2_weeks,0.06578305887639,0.074634164427337,0.186991062216101,0.962673488597734,1,0.962673488597734,1,,abundance,40,40
"PWY-7115: C4 photosynthetic carbon assimilation cycle, NAD-ME type",timepoint,6_months,timepoint6_months,0.136388056509564,0.128908574734089,0.345818496374384,0.982937439449524,1,0.982937439449524,1,,abundance,40,40
"PWY-7115: C4 photosynthetic carbon assimilation cycle, NAD-ME type",turmeric_status,Taken,turmeric_statusTaken,-0.0302617939351184,-0.071411131901014,0.388930309266464,0.916816000211884,1,0.916816000211884,1,,abundance,40,40
PWY-7197: pyrimidine deoxyribonucleotide phosphorylation,turmeric_status,Taken,turmeric_statusTaken,-0.0675273521890451,-0.071411131901014,0.390806339292275,0.99215042412827,1,0.99215042412827,1,,abundance,40,40
PWY-7208: superpathway of pyrimidine nucleobases salvage,turmeric_status,Taken,turmeric_statusTaken,-0.0151195294423829,-0.071411131901014,0.369269321059335,0.880886340746275,1,0.880886340746275,0.979720517383199,,abundance,40,40
PWY-7220: adenosine deoxyribonucleotides de novo biosynthesis II,turmeric_status,Taken,turmeric_statusTaken,-0.0751453077452558,-0.071411131901014,0.379057200703861,0.992220556441675,1,0.992220556441675,1,,abundance,40,40
PWY-7222: guanosine deoxyribonucleotides de novo biosynthesis II,turmeric_status,Taken,turmeric_statusTaken,-0.0751453077452558,-0.071411131901014,0.379057200703861,0.992217611628514,1,0.992217611628514,1,,abundance,40,40
PWY-7228: superpathway of guanosine nucleotides de novo biosynthesis I,turmeric_status,Taken,turmeric_statusTaken,-0.0578464881263465,-0.071411131901014,0.341551366065119,0.968686759937198,1,0.968686759937198,1,,abundance,40,40
PWY-7229: superpathway of adenosine nucleotides de novo biosynthesis I,turmeric_status,Taken,turmeric_statusTaken,-0.0655531513860671,-0.071411131901014,0.306078262335658,0.984935358363178,1,0.984935358363178,1,,abundance,40,40
PWY-7234: inosine-5'-phosphate biosynthesis III,timepoint,2_weeks,timepoint2_weeks,0.118544351700562,0.074634164427337,0.268615109928873,0.87083439430579,1,0.87083439430579,0.977456224026544,,abundance,40,40
"PWY-7237: myo-, chiro- and scyllo-inositol degradation",timepoint,6_months,timepoint6_months,0.175259648716996,0.128908574734089,0.228522238032355,0.841260502258555,1,0.841260502258555,0.965690637699023,,abundance,40,40
"PWY-724: superpathway of L-lysine, L-threonine and L-methionine biosynthesis II",timepoint,2_weeks,timepoint2_weeks,0.0752118269625531,0.074634164427337,0.0406093257461242,0.989625365406185,1,0.989625365406185,1,,abundance,40,40
PWY-7323: superpathway of GDP-mannose-derived O-antigen building blocks biosynthesis,timepoint,2_weeks,timepoint2_weeks,0.111465152209773,0.074634164427337,0.330364660509687,0.91209026628593,1,0.73434796555501,0.944652234818376,,abundance,40,39
PWY-7323: superpathway of GDP-mannose-derived O-antigen building blocks biosynthesis,turmeric_status,Taken,turmeric_statusTaken,-0.064736773055565,-0.071411131901014,0.640241361568852,0.991750530945739,1,0.999931946260323,1,,abundance,40,39
PWY-7345: superpathway of anaerobic sucrose degradation,timepoint,2_weeks,timepoint2_weeks,0.120207777458142,0.074634164427337,0.226324761648527,0.841978559688402,1,0.841978559688402,0.965690637699023,,abundance,40,40
PWY-7400: L-arginine biosynthesis IV (archaebacteria),timepoint,2_weeks,timepoint2_weeks,0.0550891860001013,0.074634164427337,0.290300268196215,0.946738898441351,1,0.946738898441351,1,,abundance,40,40
PWY-7560: methylerythritol phosphate pathway II,timepoint,2_weeks,timepoint2_weeks,0.0702596840339297,0.074634164427337,0.129339561963211,0.973332669756881,1,0.973332669756881,1,,abundance,40,40
PWY-7663: gondoate biosynthesis (anaerobic),timepoint,2_weeks,timepoint2_weeks,0.0868974986617886,0.074634164427337,0.301612124420244,0.967849786227432,1,0.967849786227432,1,,abundance,40,40
PWY-7664: oleate biosynthesis IV (anaerobic),timepoint,2_weeks,timepoint2_weeks,0.105601707600815,0.074634164427337,0.249947650019355,0.902385273823827,1,0.00209334794014236,0.148462663400866,,abundance,40,38
PWY-8178: pentose phosphate pathway (non-oxidative branch) II,timepoint,2_weeks,timepoint2_weeks,0.0918447474986959,0.074634164427337,0.1115532186025,0.879340158377571,1,0.879340158377571,0.979720517383199,,abundance,40,40
PWY-841: superpathway of purine nucleotides de novo biosynthesis I,turmeric_status,Taken,turmeric_statusTaken,-0.0417990620577865,-0.071411131901014,0.305045736040874,0.923816720493043,1,0.923816720493043,1,,abundance,40,40
PWY-I9: L-cysteine biosynthesis VI (from L-methionine),turmeric_status,Taken,turmeric_statusTaken,-0.200321416981675,-0.071411131901014,0.599713558210094,0.831319643727881,1,0.831319643727881,0.963978323802026,,abundance,40,40
PWY0-1061: superpathway of L-alanine biosynthesis,timepoint,6_months,timepoint6_months,0.0809733567665476,0.128908574734089,0.329960990906799,0.885844724761348,1,0.885844724761348,0.980692512137184,,abundance,40,40
PWY0-862: (5Z)-dodecenoate biosynthesis I,timepoint,2_weeks,timepoint2_weeks,0.121415050928344,0.074634164427337,0.250137377708716,0.853362206362394,1,0.00209334794014236,0.148462663400866,,abundance,40,38
PWY4FS-7: phosphatidylglycerol biosynthesis I (plastidic),turmeric_status,Taken,turmeric_statusTaken,-0.162723713226875,-0.071411131901014,0.525335360742106,0.863072428554835,1,0.863072428554835,0.973333310786837,,abundance,40,40
PWY4FS-8: phosphatidylglycerol biosynthesis II (non-plastidic),turmeric_status,Taken,turmeric_statusTaken,-0.162723713226875,-0.071411131901014,0.525335360742106,0.863191636918217,1,0.863191636918217,0.973333310786837,,abundance,40,40
PWY66-429: fatty acid biosynthesis initiation (mitochondria),timepoint,2_weeks,timepoint2_weeks,0.0987642988253452,0.074634164427337,0.10988480814069,0.82879187497927,1,0.82879187497927,0.963978323802026,,abundance,40,40
PYRIDNUCSYN-PWY: NAD de novo biosynthesis I (from aspartate),turmeric_status,Taken,turmeric_statusTaken,-0.0446263536470724,-0.071411131901014,0.161508441422913,0.874057256171381,1,0.874057256171381,0.978876501592321,,abundance,40,40
SER-GLYSYN-PWY: superpathway of L-serine and glycine biosynthesis I,turmeric_status,Taken,turmeric_statusTaken,-0.0716884931584196,-0.071411131901014,0.218026992358065,0.999010178690308,1,0.999010178690308,1,,abundance,40,40
THISYN-PWY: superpathway of thiamine diphosphate biosynthesis I,timepoint,2_weeks,timepoint2_weeks,0.0500169043820345,0.074634164427337,0.209396475947028,0.90700077701213,1,0.90700077701213,0.998390589144531,,abundance,40,40
THISYNARA-PWY: superpathway of thiamine diphosphate biosynthesis III (eukaryotes),timepoint,2_weeks,timepoint2_weeks,0.0555695269517823,0.074634164427337,0.123680095601652,0.878839521141672,1,0.878839521141672,0.979720517383199,,abundance,40,40
THRESYN-PWY: superpathway of L-threonine biosynthesis,turmeric_status,Taken,turmeric_statusTaken,-0.0746549213023249,-0.071411131901014,0.125319917756213,0.980701621377078,1,0.980701621377078,1,,abundance,40,40
ARGININE-SYN4-PWY: L-ornithine biosynthesis II,timepoint,2_weeks,timepoint2_weeks,-2.57202268723308e-09,0,3.12652244364621,0.999999999343623,1,0.710452797163255,0.938139939890835,<4 average observations per random effect group often inflates coefficients and deflates p-values: consider setting small_random_effects=TRUE and see tutorial,prevalence,40,39
ARGININE-SYN4-PWY: L-ornithine biosynthesis II,timepoint,6_months,timepoint6_months,2.32893643660914e-08,0,5.26805627233346,0.99999999647266,1,0.626115256260894,0.88033496770146,<4 average observations per random effect group often inflates coefficients and deflates p-values: consider setting small_random_effects=TRUE and see tutorial,prevalence,40,39
LACTOSECAT-PWY: lactose and galactose degradation I,turmeric_status,Taken,turmeric_statusTaken,3.52878672634551e-15,0,9.49633349780033,1,1,0.77264082822219,0.959997938928429,<4 average observations per random effect group often inflates coefficients and deflates p-values: consider setting small_random_effects=TRUE and see tutorial,prevalence,40,39
P124-PWY: Bifidobacterium shunt,timepoint,6_months,timepoint6_months,4.35025408528334e-08,0,5.34537189641104,0.999999993506531,1,0.78847483585517,0.962163760294003,<4 average observations per random effect group often inflates coefficients and deflates p-values: consider setting small_random_effects=TRUE and see tutorial,prevalence,40,39
P124-PWY: Bifidobacterium shunt,turmeric_status,Taken,turmeric_statusTaken,1.19819370429978e-08,0,5.75191511286386,0.99999999833791,1,0.801930032552623,0.962163760294003,<4 average observations per random effect group often inflates coefficients and deflates p-values: consider setting small_random_effects=TRUE and see tutorial,prevalence,40,39
P164-PWY: purine nucleobases degradation I (anaerobic),timepoint,2_weeks,timepoint2_weeks,-2.57202268723308e-09,0,3.12652244364621,0.999999999343623,1,0.995037269923493,1,<4 average observations per random effect group often inflates coefficients and deflates p-values: consider setting small_random_effects=TRUE and see tutorial,prevalence,40,39
P164-PWY: purine nucleobases degradation I (anaerobic),timepoint,6_months,timepoint6_months,2.32893643660914e-08,0,5.26805627233346,0.99999999647266,1,0.461572136675831,0.804693150653465,<4 average observations per random effect group often inflates coefficients and deflates p-values: consider setting small_random_effects=TRUE and see tutorial,prevalence,40,39
PWY-1861: formaldehyde assimilation II (assimilatory RuMP Cycle),timepoint,2_weeks,timepoint2_weeks,-8.83268331590444,0,69.1421385130722,0.898349393917507,1,0.123492351711973,0.581317655619775,<4 average observations per random effect group often inflates coefficients and deflates p-values: consider setting small_random_effects=TRUE and see tutorial,prevalence,40,38
PWY-1861: formaldehyde assimilation II (assimilatory RuMP Cycle),timepoint,6_months,timepoint6_months,3.99022509951732e-06,0,173.985859967187,0.999999981701162,1,0.694432554005484,0.928583022561606,<4 average observations per random effect group often inflates coefficients and deflates p-values: consider setting small_random_effects=TRUE and see tutorial,prevalence,40,38
PWY-1861: formaldehyde assimilation II (assimilatory RuMP Cycle),turmeric_status,Taken,turmeric_statusTaken,-9.37030576908861,0,159.663756550863,0.953200820891752,1,0.0615397981288511,0.459516421030308,<4 average observations per random effect group often inflates coefficients and deflates p-values: consider setting small_random_effects=TRUE and see tutorial,prevalence,40,38
PWY-5121: superpathway of geranylgeranyl diphosphate biosynthesis II (via MEP),timepoint,2_weeks,timepoint2_weeks,-2.57202272631096e-09,0,3.12652244364623,0.999999999343623,1,0.177622994226382,0.634928936526893,<4 average observations per random effect group often inflates coefficients and deflates p-values: consider setting small_random_effects=TRUE and see tutorial,prevalence,40,39
PWY-5121: superpathway of geranylgeranyl diphosphate biosynthesis II (via MEP),timepoint,6_months,timepoint6_months,2.32893867336392e-08,0,5.2680562723335,0.999999996472657,1,0.708592989984218,0.938139939890835,<4 average observations per random effect group often inflates coefficients and deflates p-values: consider setting small_random_effects=TRUE and see tutorial,prevalence,40,39
PWY-5505: L-glutamate and L-glutamine biosynthesis,timepoint,2_weeks,timepoint2_weeks,-2.57202268723308e-09,0,3.12652244364621,0.999999999343623,1,0.564644210831373,0.851922989185137,<4 average observations per random effect group often inflates coefficients and deflates p-values: consider setting small_random_effects=TRUE and see tutorial,prevalence,40,39
PWY-5505: L-glutamate and L-glutamine biosynthesis,timepoint,6_months,timepoint6_months,2.32893643660914e-08,0,5.26805627233346,0.99999999647266,1,0.552183256982958,0.845725756463154,<4 average observations per random effect group often inflates coefficients and deflates p-values: consider setting small_random_effects=TRUE and see tutorial,prevalence,40,39
PWY-5971: palmitate biosynthesis (type II fatty acid synthase),timepoint,6_months,timepoint6_months,14.0342144585542,0,69.5289743247543,0.840036341744539,1,0.734936354349615,0.944652234818376,<4 average observations per random effect group often inflates coefficients and deflates p-values: consider setting small_random_effects=TRUE and see tutorial,prevalence,40,26
PWY-622: starch biosynthesis,timepoint,2_weeks,timepoint2_weeks,-0.23763798405354,0,1.23842257770437,0.84783022046302,1,0.976844358195667,1,<4 average observations per random effect group often inflates coefficients and deflates p-values: consider setting small_random_effects=TRUE and see tutorial,prevalence,40,35
PWY-622: starch biosynthesis,timepoint,6_months,timepoint6_months,9.73540880051959,0,77.6327675679872,0.900204239422474,1,0.860304648760348,0.973333310786837,<4 average observations per random effect group often inflates coefficients and deflates p-values: consider setting small_random_effects=TRUE and see tutorial,prevalence,40,35
PWY-622: starch biosynthesis,turmeric_status,Taken,turmeric_statusTaken,-9.30112794958167,0,77.6547590920173,0.904661088790834,1,0.732969493864358,0.944652234818376,<4 average observations per random effect group often inflates coefficients and deflates p-values: consider setting small_random_effects=TRUE and see tutorial,prevalence,40,35
PWY-6470: peptidoglycan biosynthesis V (&beta;-lactam resistance),timepoint,2_weeks,timepoint2_weeks,-0.223292625178022,0,1.46626381434484,0.878960735061845,1,0.757762285950645,0.949249048239626,<4 average observations per random effect group often inflates coefficients and deflates p-values: consider setting small_random_effects=TRUE and see tutorial,prevalence,40,37
PWY-6470: peptidoglycan biosynthesis V (&beta;-lactam resistance),timepoint,6_months,timepoint6_months,8.19983817006355,0,134.89854700775,0.951530259440473,1,0.950599011336344,1,<4 average observations per random effect group often inflates coefficients and deflates p-values: consider setting small_random_effects=TRUE and see tutorial,prevalence,40,37
PWY-6470: peptidoglycan biosynthesis V (&beta;-lactam resistance),turmeric_status,Taken,turmeric_statusTaken,-8.96130919151854,0,134.898786792415,0.947035587998591,1,0.712921543267646,0.938139939890835,<4 average observations per random effect group often inflates coefficients and deflates p-values: consider setting small_random_effects=TRUE and see tutorial,prevalence,40,37
PWY-7282: 4-amino-2-methyl-5-diphosphomethylpyrimidine biosynthesis II,timepoint,2_weeks,timepoint2_weeks,-2.57202268723308e-09,0,3.12652244364621,0.999999999343623,1,0.851956456945401,0.96912139208524,<4 average observations per random effect group often inflates coefficients and deflates p-values: consider setting small_random_effects=TRUE and see tutorial,prevalence,40,39
PWY-7282: 4-amino-2-methyl-5-diphosphomethylpyrimidine biosynthesis II,timepoint,6_months,timepoint6_months,2.32893643660914e-08,0,5.26805627233346,0.99999999647266,1,0.59384879564127,0.866221917489898,<4 average observations per random effect group often inflates coefficients and deflates p-values: consider setting small_random_effects=TRUE and see tutorial,prevalence,40,39
PWY-7323: superpathway of GDP-mannose-derived O-antigen building blocks biosynthesis,timepoint,6_months,timepoint6_months,4.35025420670389e-08,0,5.34537189641104,0.999999993506531,1,0.803460946279917,0.962163760294003,<4 average observations per random effect group often inflates coefficients and deflates p-values: consider setting small_random_effects=TRUE and see tutorial,prevalence,40,39
PWY-7323: superpathway of GDP-mannose-derived O-antigen building blocks biosynthesis,turmeric_status,Taken,turmeric_statusTaken,1.19819369756797e-08,0,5.75191511286387,0.99999999833791,1,0.999931946260323,1,<4 average observations per random effect group often inflates coefficients and deflates p-values: consider setting small_random_effects=TRUE and see tutorial,prevalence,40,39
PWY0-845: superpathway of pyridoxal 5'-phosphate biosynthesis and salvage,timepoint,2_weeks,timepoint2_weeks,-2.57202268723308e-09,0,3.12652244364621,0.999999999343623,1,0.79564044086534,0.962163760294003,<4 average observations per random effect group often inflates coefficients and deflates p-values: consider setting small_random_effects=TRUE and see tutorial,prevalence,40,39
PWY0-845: superpathway of pyridoxal 5'-phosphate biosynthesis and salvage,timepoint,6_months,timepoint6_months,2.32893643660914e-08,0,5.26805627233346,0.99999999647266,1,0.50449889969018,0.840556966566923,<4 average observations per random effect group often inflates coefficients and deflates p-values: consider setting small_random_effects=TRUE and see tutorial,prevalence,40,39
PWY66-409: superpathway of purine nucleotide salvage,timepoint,6_months,timepoint6_months,2.31552969533763e-07,0,7.04768985448815,0.999999973785376,1,0.930602785895163,1,<4 average observations per random effect group often inflates coefficients and deflates p-values: consider setting small_random_effects=TRUE and see tutorial,prevalence,40,38
PYRIDNUCSAL-PWY: NAD salvage pathway I (PNC VI cycle),timepoint,2_weeks,timepoint2_weeks,-0.217827327674399,0,1.50460708237235,0.884889656250313,1,0.159516638547281,0.615401831921876,<4 average observations per random effect group often inflates coefficients and deflates p-values: consider setting small_random_effects=TRUE and see tutorial,prevalence,40,36
1CMET2-PWY: folate transformations III (E. coli),timepoint,2_weeks,timepoint2_weeks,,0,,,,0.925534278437179,1,All logistic values are the same,prevalence,40,40
1CMET2-PWY: folate transformations III (E. coli),timepoint,6_months,timepoint6_months,,0,,,,0.776636879460558,0.960251644702197,All logistic values are the same,prevalence,40,40
1CMET2-PWY: folate transformations III (E. coli),turmeric_status,Taken,turmeric_statusTaken,,0,,,,0.593270976998808,0.866221917489898,All logistic values are the same,prevalence,40,40
ANAEROFRUCAT-PWY: homolactic fermentation,timepoint,2_weeks,timepoint2_weeks,,0,,,,0.116749909348826,0.57273976179336,All logistic values are the same,prevalence,40,40
ANAEROFRUCAT-PWY: homolactic fermentation,timepoint,6_months,timepoint6_months,,0,,,,0.0719467485742911,0.474076248912989,All logistic values are the same,prevalence,40,40
ANAEROFRUCAT-PWY: homolactic fermentation,turmeric_status,Taken,turmeric_statusTaken,,0,,,,0.0594043262345312,0.456947372822295,All logistic values are the same,prevalence,40,40
ANAGLYCOLYSIS-PWY: glycolysis III (from glucose),timepoint,2_weeks,timepoint2_weeks,,0,,,,0.809309560734568,0.962163760294003,All logistic values are the same,prevalence,40,40
ANAGLYCOLYSIS-PWY: glycolysis III (from glucose),timepoint,6_months,timepoint6_months,,0,,,,0.720548243522297,0.94432861779018,All logistic values are the same,prevalence,40,40
ANAGLYCOLYSIS-PWY: glycolysis III (from glucose),turmeric_status,Taken,turmeric_statusTaken,,0,,,,0.160493396580662,0.615401831921876,All logistic values are the same,prevalence,40,40
ARGSYN-PWY: L-arginine biosynthesis I (via L-ornithine),timepoint,2_weeks,timepoint2_weeks,,0,,,,0.277198811829372,0.694797021858037,All logistic values are the same,prevalence,40,40
ARGSYN-PWY: L-arginine biosynthesis I (via L-ornithine),timepoint,6_months,timepoint6_months,,0,,,,0.322502720456651,0.72271293874657,All logistic values are the same,prevalence,40,40
ARGSYN-PWY: L-arginine biosynthesis I (via L-ornithine),turmeric_status,Taken,turmeric_statusTaken,,0,,,,0.0879929095010861,0.520734048286467,All logistic values are the same,prevalence,40,40
ARGSYNBSUB-PWY: L-arginine biosynthesis II (acetyl cycle),timepoint,2_weeks,timepoint2_weeks,,0,,,,0.415123086779433,0.796263047128727,All logistic values are the same,prevalence,40,40
ARGSYNBSUB-PWY: L-arginine biosynthesis II (acetyl cycle),timepoint,6_months,timepoint6_months,,0,,,,0.302268369294456,0.706183484130198,All logistic values are the same,prevalence,40,40
ARGSYNBSUB-PWY: L-arginine biosynthesis II (acetyl cycle),turmeric_status,Taken,turmeric_statusTaken,,0,,,,0.0650689812519104,0.466266337393563,All logistic values are the same,prevalence,40,40
ARO-PWY: chorismate biosynthesis I,timepoint,2_weeks,timepoint2_weeks,,0,,,,0.183416528760281,0.635917186540135,All logistic values are the same,prevalence,40,40
ARO-PWY: chorismate biosynthesis I,timepoint,6_months,timepoint6_months,,0,,,,0.400909997040062,0.792241939543331,All logistic values are the same,prevalence,40,40
ARO-PWY: chorismate biosynthesis I,turmeric_status,Taken,turmeric_statusTaken,,0,,,,0.143419704131087,0.603363922065851,All logistic values are the same,prevalence,40,40
ASPASN-PWY: superpathway of L-aspartate and L-asparagine biosynthesis,timepoint,2_weeks,timepoint2_weeks,,0,,,,0.443030625934881,0.804348618605833,All logistic values are the same,prevalence,40,40
ASPASN-PWY: superpathway of L-aspartate and L-asparagine biosynthesis,timepoint,6_months,timepoint6_months,,0,,,,0.774982026524597,0.960251644702197,All logistic values are the same,prevalence,40,40
ASPASN-PWY: superpathway of L-aspartate and L-asparagine biosynthesis,turmeric_status,Taken,turmeric_statusTaken,,0,,,,0.816173678773551,0.963978323802026,All logistic values are the same,prevalence,40,40
BRANCHED-CHAIN-AA-SYN-PWY: superpathway of branched chain amino acid biosynthesis,timepoint,2_weeks,timepoint2_weeks,,0,,,,0.688723768952572,0.923081162554489,All logistic values are the same,prevalence,40,40
BRANCHED-CHAIN-AA-SYN-PWY: superpathway of branched chain amino acid biosynthesis,timepoint,6_months,timepoint6_months,,0,,,,0.823288108768161,0.963978323802026,All logistic values are the same,prevalence,40,40
BRANCHED-CHAIN-AA-SYN-PWY: superpathway of branched chain amino acid biosynthesis,turmeric_status,Taken,turmeric_statusTaken,,0,,,,0.422360906131636,0.796263047128727,All logistic values are the same,prevalence,40,40
CALVIN-PWY: Calvin-Benson-Bassham cycle,timepoint,2_weeks,timepoint2_weeks,,0,,,,0.864064458971389,0.973333310786837,All logistic values are the same,prevalence,40,40
CALVIN-PWY: Calvin-Benson-Bassham cycle,timepoint,6_months,timepoint6_months,,0,,,,0.0413263498028873,0.392261582555274,All logistic values are the same,prevalence,40,40
CALVIN-PWY: Calvin-Benson-Bassham cycle,turmeric_status,Taken,turmeric_statusTaken,,0,,,,0.0220148736398471,0.300366287353549,All logistic values are the same,prevalence,40,40
CITRULBIO-PWY: L-citrulline biosynthesis,timepoint,2_weeks,timepoint2_weeks,,0,,,,0.555344521715386,0.846169679140022,All logistic values are the same,prevalence,40,40
CITRULBIO-PWY: L-citrulline biosynthesis,timepoint,6_months,timepoint6_months,,0,,,,0.265060071503872,0.682757417049693,All logistic values are the same,prevalence,40,40
CITRULBIO-PWY: L-citrulline biosynthesis,turmeric_status,Taken,turmeric_statusTaken,,0,,,,0.191393217820554,0.636877431713224,All logistic values are the same,prevalence,40,40
COA-PWY-1: superpathway of coenzyme A biosynthesis III (mammals),timepoint,2_weeks,timepoint2_weeks,,0,,,,0.131250734341053,0.591812777994574,All logistic values are the same,prevalence,40,40
COA-PWY-1: superpathway of coenzyme A biosynthesis III (mammals),timepoint,6_months,timepoint6_months,,0,,,,0.91809714183219,1,All logistic values are the same,prevalence,40,40
COA-PWY-1: superpathway of coenzyme A biosynthesis III (mammals),turmeric_status,Taken,turmeric_statusTaken,,0,,,,0.930359332413816,1,All logistic values are the same,prevalence,40,40
COA-PWY: coenzyme A biosynthesis I (prokaryotic),timepoint,2_weeks,timepoint2_weeks,,0,,,,0.100086149692934,0.565450296789404,All logistic values are the same,prevalence,40,40
COA-PWY: coenzyme A biosynthesis I (prokaryotic),timepoint,6_months,timepoint6_months,,0,,,,1,1,All logistic values are the same,prevalence,40,40
COA-PWY: coenzyme A biosynthesis I (prokaryotic),turmeric_status,Taken,turmeric_statusTaken,,0,,,,1,1,All logistic values are the same,prevalence,40,40
COBALSYN-PWY: superpathway of adenosylcobalamin salvage from cobinamide I,timepoint,2_weeks,timepoint2_weeks,,0,,,,0.930003556033808,1,All logistic values are the same,prevalence,40,40
COBALSYN-PWY: superpathway of adenosylcobalamin salvage from cobinamide I,timepoint,6_months,timepoint6_months,,0,,,,0.164454899012247,0.620291993498672,All logistic values are the same,prevalence,40,40
COBALSYN-PWY: superpathway of adenosylcobalamin salvage from cobinamide I,turmeric_status,Taken,turmeric_statusTaken,,0,,,,0.0659201270495941,0.466266337393563,All logistic values are the same,prevalence,40,40
COLANSYN-PWY: colanic acid building blocks biosynthesis,timepoint,2_weeks,timepoint2_weeks,,0,,,,0.337574391374325,0.732043343092637,All logistic values are the same,prevalence,40,40
COLANSYN-PWY: colanic acid building blocks biosynthesis,timepoint,6_months,timepoint6_months,,0,,,,0.448373010329641,0.804348618605833,All logistic values are the same,prevalence,40,40
COLANSYN-PWY: colanic acid building blocks biosynthesis,turmeric_status,Taken,turmeric_statusTaken,,0,,,,0.593144700037641,0.866221917489898,All logistic values are the same,prevalence,40,40
COMPLETE-ARO-PWY: superpathway of aromatic amino acid biosynthesis,timepoint,2_weeks,timepoint2_weeks,,0,,,,0.187818823294733,0.636877431713224,All logistic values are the same,prevalence,40,40
COMPLETE-ARO-PWY: superpathway of aromatic amino acid biosynthesis,timepoint,6_months,timepoint6_months,,0,,,,0.0893268388453199,0.522426663549901,All logistic values are the same,prevalence,40,40
COMPLETE-ARO-PWY: superpathway of aromatic amino acid biosynthesis,turmeric_status,Taken,turmeric_statusTaken,,0,,,,0.076655995304359,0.482432840013303,All logistic values are the same,prevalence,40,40
DAPLYSINESYN-PWY: L-lysine biosynthesis I,timepoint,2_weeks,timepoint2_weeks,,0,,,,0.225895926021373,0.659208076016363,All logistic values are the same,prevalence,40,40
DAPLYSINESYN-PWY: L-lysine biosynthesis I,timepoint,6_months,timepoint6_months,,0,,,,0.131854660382211,0.591812777994574,All logistic values are the same,prevalence,40,40
DAPLYSINESYN-PWY: L-lysine biosynthesis I,turmeric_status,Taken,turmeric_statusTaken,,0,,,,0.181723151126354,0.635917186540135,All logistic values are the same,prevalence,40,40
DTDPRHAMSYN-PWY: dTDP-&beta;-L-rhamnose biosynthesis,timepoint,2_weeks,timepoint2_weeks,,0,,,,0.0225352505750635,0.300366287353549,All logistic values are the same,prevalence,40,40
DTDPRHAMSYN-PWY: dTDP-&beta;-L-rhamnose biosynthesis,timepoint,6_months,timepoint6_months,,0,,,,0.0172013419046018,0.300366287353549,All logistic values are the same,prevalence,40,40
DTDPRHAMSYN-PWY: dTDP-&beta;-L-rhamnose biosynthesis,turmeric_status,Taken,turmeric_statusTaken,,0,,,,0.0042272782798567,0.203966177003086,All logistic values are the same,prevalence,40,40
FERMENTATION-PWY: mixed acid fermentation,timepoint,2_weeks,timepoint2_weeks,,0,,,,0.565005920288588,0.851922989185137,All logistic values are the same,prevalence,40,40
FERMENTATION-PWY: mixed acid fermentation,timepoint,6_months,timepoint6_months,,0,,,,0.283333782804171,0.701069488220577,All logistic values are the same,prevalence,40,40
FERMENTATION-PWY: mixed acid fermentation,turmeric_status,Taken,turmeric_statusTaken,,0,,,,0.526307379934037,0.840556966566923,All logistic values are the same,prevalence,40,40
GALACTUROCAT-PWY: D-galacturonate degradation I,timepoint,2_weeks,timepoint2_weeks,,0,,,,0.430402828717314,0.796263047128727,All logistic values are the same,prevalence,40,40
GALACTUROCAT-PWY: D-galacturonate degradation I,timepoint,6_months,timepoint6_months,,0,,,,0.573623205563425,0.858278984311688,All logistic values are the same,prevalence,40,40
GALACTUROCAT-PWY: D-galacturonate degradation I,turmeric_status,Taken,turmeric_statusTaken,,0,,,,0.510489427471211,0.840556966566923,All logistic values are the same,prevalence,40,40
"GLCMANNANAUT-PWY: superpathway of N-acetylglucosamine, N-acetylmannosamine and N-acetylneuraminate degradation",timepoint,2_weeks,timepoint2_weeks,,0,,,,0.843410313320043,0.965690637699023,All logistic values are the same,prevalence,40,40
"GLCMANNANAUT-PWY: superpathway of N-acetylglucosamine, N-acetylmannosamine and N-acetylneuraminate degradation",timepoint,6_months,timepoint6_months,,0,,,,0.432296172581558,0.797132114409943,All logistic values are the same,prevalence,40,40
"GLCMANNANAUT-PWY: superpathway of N-acetylglucosamine, N-acetylmannosamine and N-acetylneuraminate degradation",turmeric_status,Taken,turmeric_statusTaken,,0,,,,0.553592507253083,0.845725756463154,All logistic values are the same,prevalence,40,40
GLUCONEO-PWY: gluconeogenesis I,timepoint,2_weeks,timepoint2_weeks,,0,,,,0.391355639126899,0.780133606802978,All logistic values are the same,prevalence,40,40
GLUCONEO-PWY: gluconeogenesis I,timepoint,6_months,timepoint6_months,,0,,,,0.19359382600627,0.636879688963807,All logistic values are the same,prevalence,40,40
GLUCONEO-PWY: gluconeogenesis I,turmeric_status,Taken,turmeric_statusTaken,,0,,,,0.240879035106109,0.662720564417262,All logistic values are the same,prevalence,40,40
GLUCUROCAT-PWY: superpathway of &beta;-D-glucuronosides degradation,timepoint,2_weeks,timepoint2_weeks,,0,,,,0.479290032939026,0.823111589912484,All logistic values are the same,prevalence,40,40
GLUCUROCAT-PWY: superpathway of &beta;-D-glucuronosides degradation,timepoint,6_months,timepoint6_months,,0,,,,0.760710808951963,0.949249048239626,All logistic values are the same,prevalence,40,40
GLUCUROCAT-PWY: superpathway of &beta;-D-glucuronosides degradation,turmeric_status,Taken,turmeric_statusTaken,,0,,,,0.356830582101445,0.768047981549208,All logistic values are the same,prevalence,40,40
GLUTORN-PWY: L-ornithine biosynthesis I,timepoint,2_weeks,timepoint2_weeks,,0,,,,0.216543725909749,0.642968293855099,All logistic values are the same,prevalence,40,40
GLUTORN-PWY: L-ornithine biosynthesis I,timepoint,6_months,timepoint6_months,,0,,,,0.438039805020145,0.802610908565393,All logistic values are the same,prevalence,40,40
GLUTORN-PWY: L-ornithine biosynthesis I,turmeric_status,Taken,turmeric_statusTaken,,0,,,,0.206727791204396,0.642968293855099,All logistic values are the same,prevalence,40,40
GLYCOCAT-PWY: glycogen degradation I,timepoint,2_weeks,timepoint2_weeks,,0,,,,0.452484345297111,0.804348618605833,All logistic values are the same,prevalence,40,40
GLYCOCAT-PWY: glycogen degradation I,timepoint,6_months,timepoint6_months,,0,,,,0.427484312407985,0.796263047128727,All logistic values are the same,prevalence,40,40
GLYCOCAT-PWY: glycogen degradation I,turmeric_status,Taken,turmeric_statusTaken,,0,,,,0.102512964713066,0.565450296789404,All logistic values are the same,prevalence,40,40
GLYCOGENSYNTH-PWY: glycogen biosynthesis I (from ADP-D-Glucose),timepoint,2_weeks,timepoint2_weeks,,0,,,,0.21242834438309,0.642968293855099,All logistic values are the same,prevalence,40,40
GLYCOGENSYNTH-PWY: glycogen biosynthesis I (from ADP-D-Glucose),timepoint,6_months,timepoint6_months,,0,,,,0.0184414149560267,0.300366287353549,All logistic values are the same,prevalence,40,40
GLYCOGENSYNTH-PWY: glycogen biosynthesis I (from ADP-D-Glucose),turmeric_status,Taken,turmeric_statusTaken,,0,,,,0.00224227054905777,0.148462663400866,All logistic values are the same,prevalence,40,40
GLYCOLYSIS-E-D: superpathway of glycolysis and the Entner-Doudoroff pathway,timepoint,2_weeks,timepoint2_weeks,,0,,,,0.948844829062949,1,All logistic values are the same,prevalence,40,40
GLYCOLYSIS-E-D: superpathway of glycolysis and the Entner-Doudoroff pathway,timepoint,6_months,timepoint6_months,,0,,,,0.507385853498404,0.840556966566923,All logistic values are the same,prevalence,40,40
GLYCOLYSIS-E-D: superpathway of glycolysis and the Entner-Doudoroff pathway,turmeric_status,Taken,turmeric_statusTaken,,0,,,,0.522347866747249,0.840556966566923,All logistic values are the same,prevalence,40,40
GLYCOLYSIS: glycolysis I (from glucose 6-phosphate),timepoint,2_weeks,timepoint2_weeks,,0,,,,0.179599189633802,0.634928936526893,All logistic values are the same,prevalence,40,40
GLYCOLYSIS: glycolysis I (from glucose 6-phosphate),timepoint,6_months,timepoint6_months,,0,,,,0.12208549902483,0.579405769962105,All logistic values are the same,prevalence,40,40
GLYCOLYSIS: glycolysis I (from glucose 6-phosphate),turmeric_status,Taken,turmeric_statusTaken,,0,,,,0.202726375067405,0.642968293855099,All logistic values are the same,prevalence,40,40
HISDEG-PWY: L-histidine degradation I,timepoint,2_weeks,timepoint2_weeks,,0,,,,0.968564329013993,1,All logistic values are the same,prevalence,40,40
HISDEG-PWY: L-histidine degradation I,timepoint,6_months,timepoint6_months,,0,,,,0.37745743937927,0.776940649039845,All logistic values are the same,prevalence,40,40
HISDEG-PWY: L-histidine degradation I,turmeric_status,Taken,turmeric_statusTaken,,0,,,,0.143429370980238,0.603363922065851,All logistic values are the same,prevalence,40,40
HISTSYN-PWY: L-histidine biosynthesis,timepoint,2_weeks,timepoint2_weeks,,0,,,,0.255591434018584,0.681969770952812,All logistic values are the same,prevalence,40,40
HISTSYN-PWY: L-histidine biosynthesis,timepoint,6_months,timepoint6_months,,0,,,,0.745078012073445,0.944652234818376,All logistic values are the same,prevalence,40,40
HISTSYN-PWY: L-histidine biosynthesis,turmeric_status,Taken,turmeric_statusTaken,,0,,,,0.960644790816862,1,All logistic values are the same,prevalence,40,40
HSERMETANA-PWY: L-methionine biosynthesis III,timepoint,2_weeks,timepoint2_weeks,,0,,,,0.636923313492343,0.886718039266678,All logistic values are the same,prevalence,40,40
HSERMETANA-PWY: L-methionine biosynthesis III,timepoint,6_months,timepoint6_months,,0,,,,0.801795711450887,0.962163760294003,All logistic values are the same,prevalence,40,40
HSERMETANA-PWY: L-methionine biosynthesis III,turmeric_status,Taken,turmeric_statusTaken,,0,,,,0.884404853362837,0.980692512137184,All logistic values are the same,prevalence,40,40
ILEUSYN-PWY: L-isoleucine biosynthesis I (from threonine),timepoint,2_weeks,timepoint2_weeks,,0,,,,0.991947633827947,1,All logistic values are the same,prevalence,40,40
ILEUSYN-PWY: L-isoleucine biosynthesis I (from threonine),timepoint,6_months,timepoint6_months,,0,,,,0.67652406853537,0.917279534949215,All logistic values are the same,prevalence,40,40
ILEUSYN-PWY: L-isoleucine biosynthesis I (from threonine),turmeric_status,Taken,turmeric_statusTaken,,0,,,,0.422085122729666,0.796263047128727,All logistic values are the same,prevalence,40,40
METH-ACETATE-PWY: methanogenesis from acetate,timepoint,2_weeks,timepoint2_weeks,,0,,,,0.973561677861168,1,All logistic values are the same,prevalence,40,40
METH-ACETATE-PWY: methanogenesis from acetate,timepoint,6_months,timepoint6_months,,0,,,,0.262063961779502,0.682757417049693,All logistic values are the same,prevalence,40,40
METH-ACETATE-PWY: methanogenesis from acetate,turmeric_status,Taken,turmeric_statusTaken,,0,,,,0.247282581929939,0.669652614294492,All logistic values are the same,prevalence,40,40
NONMEVIPP-PWY: methylerythritol phosphate pathway I,timepoint,2_weeks,timepoint2_weeks,,0,,,,0.152929682555347,0.610664042755491,All logistic values are the same,prevalence,40,40
NONMEVIPP-PWY: methylerythritol phosphate pathway I,timepoint,6_months,timepoint6_months,,0,,,,0.333634203989984,0.726218812444363,All logistic values are the same,prevalence,40,40
NONMEVIPP-PWY: methylerythritol phosphate pathway I,turmeric_status,Taken,turmeric_statusTaken,,0,,,,0.281357867679229,0.701069488220577,All logistic values are the same,prevalence,40,40
NONOXIPENT-PWY: pentose phosphate pathway (non-oxidative branch) I,timepoint,2_weeks,timepoint2_weeks,,0,,,,0.831419131522367,0.963978323802026,All logistic values are the same,prevalence,40,40
NONOXIPENT-PWY: pentose phosphate pathway (non-oxidative branch) I,timepoint,6_months,timepoint6_months,,0,,,,0.074190521215963,0.474076248912989,All logistic values are the same,prevalence,40,40
NONOXIPENT-PWY: pentose phosphate pathway (non-oxidative branch) I,turmeric_status,Taken,turmeric_statusTaken,,0,,,,0.0745093931797617,0.474076248912989,All logistic values are the same,prevalence,40,40
OANTIGEN-PWY: O-antigen building blocks biosynthesis (E. coli),timepoint,2_weeks,timepoint2_weeks,,0,,,,0.393633194024173,0.780526093630124,All logistic values are the same,prevalence,40,40
OANTIGEN-PWY: O-antigen building blocks biosynthesis (E. coli),timepoint,6_months,timepoint6_months,,0,,,,0.462802796489816,0.804693150653465,All logistic values are the same,prevalence,40,40
OANTIGEN-PWY: O-antigen building blocks biosynthesis (E. coli),turmeric_status,Taken,turmeric_statusTaken,,0,,,,0.993453299834041,1,All logistic values are the same,prevalence,40,40
P41-PWY: pyruvate fermentation to acetate and (S)-lactate I,timepoint,2_weeks,timepoint2_weeks,,0,,,,0.211647722359683,0.642968293855099,All logistic values are the same,prevalence,40,40
P41-PWY: pyruvate fermentation to acetate and (S)-lactate I,timepoint,6_months,timepoint6_months,,0,,,,0.822333837066883,0.963978323802026,All logistic values are the same,prevalence,40,40
P41-PWY: pyruvate fermentation to acetate and (S)-lactate I,turmeric_status,Taken,turmeric_statusTaken,,0,,,,0.269487495489941,0.682757417049693,All logistic values are the same,prevalence,40,40
P441-PWY: superpathway of N-acetylneuraminate degradation,timepoint,2_weeks,timepoint2_weeks,,0,,,,0.621799062166075,0.88033496770146,All logistic values are the same,prevalence,40,40
P441-PWY: superpathway of N-acetylneuraminate degradation,timepoint,6_months,timepoint6_months,,0,,,,0.78946555834873,0.962163760294003,All logistic values are the same,prevalence,40,40
P441-PWY: superpathway of N-acetylneuraminate degradation,turmeric_status,Taken,turmeric_statusTaken,,0,,,,0.632425582119689,0.884479256152898,All logistic values are the same,prevalence,40,40
PANTO-PWY: phosphopantothenate biosynthesis I,timepoint,2_weeks,timepoint2_weeks,,0,,,,0.456293637496632,0.804348618605833,All logistic values are the same,prevalence,40,40
PANTO-PWY: phosphopantothenate biosynthesis I,timepoint,6_months,timepoint6_months,,0,,,,0.360013577057434,0.768609541740573,All logistic values are the same,prevalence,40,40
PANTO-PWY: phosphopantothenate biosynthesis I,turmeric_status,Taken,turmeric_statusTaken,,0,,,,0.842292750755296,0.965690637699023,All logistic values are the same,prevalence,40,40
PANTOSYN-PWY: superpathway of coenzyme A biosynthesis I (bacteria),timepoint,2_weeks,timepoint2_weeks,,0,,,,0.30013071929143,0.706183484130198,All logistic values are the same,prevalence,40,40
PANTOSYN-PWY: superpathway of coenzyme A biosynthesis I (bacteria),timepoint,6_months,timepoint6_months,,0,,,,0.455447468367503,0.804348618605833,All logistic values are the same,prevalence,40,40
PANTOSYN-PWY: superpathway of coenzyme A biosynthesis I (bacteria),turmeric_status,Taken,turmeric_statusTaken,,0,,,,0.926098647646559,1,All logistic values are the same,prevalence,40,40
PENTOSE-P-PWY: pentose phosphate pathway,timepoint,2_weeks,timepoint2_weeks,,0,,,,0.887535192331407,0.980692512137184,All logistic values are the same,prevalence,40,40
PENTOSE-P-PWY: pentose phosphate pathway,timepoint,6_months,timepoint6_months,,0,,,,0.262016492011743,0.682757417049693,All logistic values are the same,prevalence,40,40
PENTOSE-P-PWY: pentose phosphate pathway,turmeric_status,Taken,turmeric_statusTaken,,0,,,,0.0347818695544724,0.353310569684904,All logistic values are the same,prevalence,40,40
PEPTIDOGLYCANSYN-PWY: peptidoglycan biosynthesis I (meso-diaminopimelate containing),timepoint,2_weeks,timepoint2_weeks,,0,,,,0.19071642141107,0.636877431713224,All logistic values are the same,prevalence,40,40
PEPTIDOGLYCANSYN-PWY: peptidoglycan biosynthesis I (meso-diaminopimelate containing),timepoint,6_months,timepoint6_months,,0,,,,0.238879964313454,0.662720564417262,All logistic values are the same,prevalence,40,40
PEPTIDOGLYCANSYN-PWY: peptidoglycan biosynthesis I (meso-diaminopimelate containing),turmeric_status,Taken,turmeric_statusTaken,,0,,,,0.214731554201739,0.642968293855099,All logistic values are the same,prevalence,40,40
PHOSLIPSYN-PWY: superpathway of phospholipid biosynthesis I (bacteria),timepoint,2_weeks,timepoint2_weeks,,0,,,,0.525657463982559,0.840556966566923,All logistic values are the same,prevalence,40,40
PHOSLIPSYN-PWY: superpathway of phospholipid biosynthesis I (bacteria),timepoint,6_months,timepoint6_months,,0,,,,0.193119136508521,0.636879688963807,All logistic values are the same,prevalence,40,40
PHOSLIPSYN-PWY: superpathway of phospholipid biosynthesis I (bacteria),turmeric_status,Taken,turmeric_statusTaken,,0,,,,0.960459659564264,1,All logistic values are the same,prevalence,40,40
PWY-1042: glycolysis IV,timepoint,2_weeks,timepoint2_weeks,,0,,,,0.456323384966397,0.804348618605833,All logistic values are the same,prevalence,40,40
PWY-1042: glycolysis IV,timepoint,6_months,timepoint6_months,,0,,,,0.0403855834851741,0.38972088063193,All logistic values are the same,prevalence,40,40
PWY-1042: glycolysis IV,turmeric_status,Taken,turmeric_statusTaken,,0,,,,0.00882292644085357,0.24709464237024,All logistic values are the same,prevalence,40,40
"PWY-241: C4 photosynthetic carbon assimilation cycle, NADP-ME type",timepoint,2_weeks,timepoint2_weeks,,0,,,,0.743784891641164,0.944652234818376,All logistic values are the same,prevalence,40,40
"PWY-241: C4 photosynthetic carbon assimilation cycle, NADP-ME type",timepoint,6_months,timepoint6_months,,0,,,,0.250264818750957,0.673968977008391,All logistic values are the same,prevalence,40,40
"PWY-241: C4 photosynthetic carbon assimilation cycle, NADP-ME type",turmeric_status,Taken,turmeric_statusTaken,,0,,,,0.184826905187078,0.636877431713224,All logistic values are the same,prevalence,40,40
PWY-2941: L-lysine biosynthesis II,timepoint,2_weeks,timepoint2_weeks,,0,,,,0.0271455990067787,0.341680474454888,All logistic values are the same,prevalence,40,40
PWY-2941: L-lysine biosynthesis II,timepoint,6_months,timepoint6_months,,0,,,,0.748869388223894,0.944652234818376,All logistic values are the same,prevalence,40,40
PWY-2941: L-lysine biosynthesis II,turmeric_status,Taken,turmeric_statusTaken,,0,,,,0.619322563313081,0.88033496770146,All logistic values are the same,prevalence,40,40
PWY-2942: L-lysine biosynthesis III,timepoint,2_weeks,timepoint2_weeks,,0,,,,0.777820416865856,0.960251644702197,All logistic values are the same,prevalence,40,40
PWY-2942: L-lysine biosynthesis III,timepoint,6_months,timepoint6_months,,0,,,,0.675886528599621,0.917279534949215,All logistic values are the same,prevalence,40,40
PWY-2942: L-lysine biosynthesis III,turmeric_status,Taken,turmeric_statusTaken,,0,,,,0.744316528489732,0.944652234818376,All logistic values are the same,prevalence,40,40
PWY-3001: superpathway of L-isoleucine biosynthesis I,timepoint,2_weeks,timepoint2_weeks,,0,,,,0.501077579558996,0.840556966566923,All logistic values are the same,prevalence,40,40
PWY-3001: superpathway of L-isoleucine biosynthesis I,timepoint,6_months,timepoint6_months,,0,,,,0.961661744080851,1,All logistic values are the same,prevalence,40,40
PWY-3001: superpathway of L-isoleucine biosynthesis I,turmeric_status,Taken,turmeric_statusTaken,,0,,,,0.637089299369496,0.886718039266678,All logistic values are the same,prevalence,40,40
PWY-3841: folate transformations II (plants),timepoint,2_weeks,timepoint2_weeks,,0,,,,0.81578670710407,0.963978323802026,All logistic values are the same,prevalence,40,40
PWY-3841: folate transformations II (plants),timepoint,6_months,timepoint6_months,,0,,,,0.96944247573091,1,All logistic values are the same,prevalence,40,40
PWY-3841: folate transformations II (plants),turmeric_status,Taken,turmeric_statusTaken,,0,,,,0.899888414631496,0.992448365850736,All logistic values are the same,prevalence,40,40
PWY-4041: &gamma;-glutamyl cycle,timepoint,2_weeks,timepoint2_weeks,,0,,,,0.404744682819509,0.794684264402861,All logistic values are the same,prevalence,40,40
PWY-4041: &gamma;-glutamyl cycle,timepoint,6_months,timepoint6_months,,0,,,,0.351809617176231,0.760066299794916,All logistic values are the same,prevalence,40,40
PWY-4041: &gamma;-glutamyl cycle,turmeric_status,Taken,turmeric_statusTaken,,0,,,,0.576200108898684,0.858278984311688,All logistic values are the same,prevalence,40,40
PWY-4984: urea cycle,timepoint,2_weeks,timepoint2_weeks,,0,,,,0.800916219179612,0.962163760294003,All logistic values are the same,prevalence,40,40
PWY-4984: urea cycle,timepoint,6_months,timepoint6_months,,0,,,,0.329520669755264,0.726022555186393,All logistic values are the same,prevalence,40,40
PWY-4984: urea cycle,turmeric_status,Taken,turmeric_statusTaken,,0,,,,0.292989909845097,0.703445752639761,All logistic values are the same,prevalence,40,40
PWY-5030: L-histidine degradation III,timepoint,2_weeks,timepoint2_weeks,,0,,,,0.963016035591698,1,All logistic values are the same,prevalence,40,40
PWY-5030: L-histidine degradation III,timepoint,6_months,timepoint6_months,,0,,,,0.369705613200473,0.769998381449905,All logistic values are the same,prevalence,40,40
PWY-5030: L-histidine degradation III,turmeric_status,Taken,turmeric_statusTaken,,0,,,,0.141447923840796,0.603363922065851,All logistic values are the same,prevalence,40,40
PWY-5097: L-lysine biosynthesis VI,timepoint,2_weeks,timepoint2_weeks,,0,,,,0.117713353460121,0.57273976179336,All logistic values are the same,prevalence,40,40
PWY-5097: L-lysine biosynthesis VI,timepoint,6_months,timepoint6_months,,0,,,,0.62868116399695,0.88137141393277,All logistic values are the same,prevalence,40,40
PWY-5097: L-lysine biosynthesis VI,turmeric_status,Taken,turmeric_statusTaken,,0,,,,0.511576337564182,0.840556966566923,All logistic values are the same,prevalence,40,40
PWY-5100: pyruvate fermentation to acetate and lactate II,timepoint,2_weeks,timepoint2_weeks,,0,,,,0.211972289483144,0.642968293855099,All logistic values are the same,prevalence,40,40
PWY-5100: pyruvate fermentation to acetate and lactate II,timepoint,6_months,timepoint6_months,,0,,,,0.822421956110192,0.963978323802026,All logistic values are the same,prevalence,40,40
PWY-5100: pyruvate fermentation to acetate and lactate II,turmeric_status,Taken,turmeric_statusTaken,,0,,,,0.269917842311035,0.682757417049693,All logistic values are the same,prevalence,40,40
PWY-5103: L-isoleucine biosynthesis III,timepoint,2_weeks,timepoint2_weeks,,0,,,,0.914616204156363,1,All logistic values are the same,prevalence,40,40
PWY-5103: L-isoleucine biosynthesis III,timepoint,6_months,timepoint6_months,,0,,,,0.626288638554614,0.88033496770146,All logistic values are the same,prevalence,40,40
PWY-5103: L-isoleucine biosynthesis III,turmeric_status,Taken,turmeric_statusTaken,,0,,,,0.517341590545014,0.840556966566923,All logistic values are the same,prevalence,40,40
PWY-5154: L-arginine biosynthesis III (via N-acetyl-L-citrulline),timepoint,2_weeks,timepoint2_weeks,,0,,,,0.834115958937504,0.963978323802026,All logistic values are the same,prevalence,40,40
PWY-5154: L-arginine biosynthesis III (via N-acetyl-L-citrulline),timepoint,6_months,timepoint6_months,,0,,,,0.922312704136506,1,All logistic values are the same,prevalence,40,40
PWY-5154: L-arginine biosynthesis III (via N-acetyl-L-citrulline),turmeric_status,Taken,turmeric_statusTaken,,0,,,,0.595434064181312,0.866221917489898,All logistic values are the same,prevalence,40,40
PWY-5188: tetrapyrrole biosynthesis I (from glutamate),timepoint,2_weeks,timepoint2_weeks,,0,,,,0.843936895812963,0.965690637699023,All logistic values are the same,prevalence,40,40
PWY-5188: tetrapyrrole biosynthesis I (from glutamate),timepoint,6_months,timepoint6_months,,0,,,,0.387606575275796,0.779250719044049,All logistic values are the same,prevalence,40,40
PWY-5188: tetrapyrrole biosynthesis I (from glutamate),turmeric_status,Taken,turmeric_statusTaken,,0,,,,0.512836282339115,0.840556966566923,All logistic values are the same,prevalence,40,40
PWY-5384: sucrose degradation IV (sucrose phosphorylase),timepoint,2_weeks,timepoint2_weeks,,0,,,,0.317769008686928,0.72271293874657,All logistic values are the same,prevalence,40,40
PWY-5384: sucrose degradation IV (sucrose phosphorylase),timepoint,6_months,timepoint6_months,,0,,,,0.0721054489123332,0.474076248912989,All logistic values are the same,prevalence,40,40
PWY-5384: sucrose degradation IV (sucrose phosphorylase),turmeric_status,Taken,turmeric_statusTaken,,0,,,,0.121196333143262,0.579405769962105,All logistic values are the same,prevalence,40,40
PWY-5484: glycolysis II (from fructose 6-phosphate),timepoint,2_weeks,timepoint2_weeks,,0,,,,0.190325184599244,0.636877431713224,All logistic values are the same,prevalence,40,40
PWY-5484: glycolysis II (from fructose 6-phosphate),timepoint,6_months,timepoint6_months,,0,,,,0.0881380599863105,0.520734048286467,All logistic values are the same,prevalence,40,40
PWY-5484: glycolysis II (from fructose 6-phosphate),turmeric_status,Taken,turmeric_statusTaken,,0,,,,0.0523330781388103,0.456947372822295,All logistic values are the same,prevalence,40,40
PWY-5659: GDP-mannose biosynthesis,timepoint,2_weeks,timepoint2_weeks,,0,,,,0.684692477690548,0.92116970864053,All logistic values are the same,prevalence,40,40
PWY-5659: GDP-mannose biosynthesis,timepoint,6_months,timepoint6_months,,0,,,,0.114179182852025,0.57273976179336,All logistic values are the same,prevalence,40,40
PWY-5659: GDP-mannose biosynthesis,turmeric_status,Taken,turmeric_statusTaken,,0,,,,0.490442683887359,0.835195041090532,All logistic values are the same,prevalence,40,40
PWY-5667: CDP-diacylglycerol biosynthesis I,timepoint,2_weeks,timepoint2_weeks,,0,,,,0.0681739429306827,0.469913249486492,All logistic values are the same,prevalence,40,40
PWY-5667: CDP-diacylglycerol biosynthesis I,timepoint,6_months,timepoint6_months,,0,,,,0.0102075516323645,0.24709464237024,All logistic values are the same,prevalence,40,40
PWY-5667: CDP-diacylglycerol biosynthesis I,turmeric_status,Taken,turmeric_statusTaken,,0,,,,0.00646413287315554,0.24709464237024,All logistic values are the same,prevalence,40,40
PWY-5676: acetyl-CoA fermentation to butanoate II,timepoint,2_weeks,timepoint2_weeks,,0,,,,0.296540718529149,0.703445752639761,All logistic values are the same,prevalence,40,40
PWY-5676: acetyl-CoA fermentation to butanoate II,timepoint,6_months,timepoint6_months,,0,,,,0.976884631074026,1,All logistic values are the same,prevalence,40,40
PWY-5676: acetyl-CoA fermentation to butanoate II,turmeric_status,Taken,turmeric_statusTaken,,0,,,,0.938885471067457,1,All logistic values are the same,prevalence,40,40
PWY-5686: UMP biosynthesis I,timepoint,2_weeks,timepoint2_weeks,,0,,,,0.296681697308353,0.703445752639761,All logistic values are the same,prevalence,40,40
PWY-5686: UMP biosynthesis I,timepoint,6_months,timepoint6_months,,0,,,,0.415025461879268,0.796263047128727,All logistic values are the same,prevalence,40,40
PWY-5686: UMP biosynthesis I,turmeric_status,Taken,turmeric_statusTaken,,0,,,,0.234142277811052,0.659208076016363,All logistic values are the same,prevalence,40,40
PWY-5695: inosine 5'-phosphate degradation,timepoint,2_weeks,timepoint2_weeks,,0,,,,0.318253996042961,0.72271293874657,All logistic values are the same,prevalence,40,40
PWY-5695: inosine 5'-phosphate degradation,timepoint,6_months,timepoint6_months,,0,,,,0.407596537187252,0.794684264402861,All logistic values are the same,prevalence,40,40
PWY-5695: inosine 5'-phosphate degradation,turmeric_status,Taken,turmeric_statusTaken,,0,,,,0.145891103781035,0.603363922065851,All logistic values are the same,prevalence,40,40
PWY-5913: partial TCA cycle (obligate autotrophs),timepoint,2_weeks,timepoint2_weeks,,0,,,,0.801017208184297,0.962163760294003,All logistic values are the same,prevalence,40,40
PWY-5913: partial TCA cycle (obligate autotrophs),timepoint,6_months,timepoint6_months,,0,,,,0.593988138719096,0.866221917489898,All logistic values are the same,prevalence,40,40
PWY-5913: partial TCA cycle (obligate autotrophs),turmeric_status,Taken,turmeric_statusTaken,,0,,,,0.664738332180335,0.907744090406637,All logistic values are the same,prevalence,40,40
PWY-5941: glycogen degradation II,timepoint,2_weeks,timepoint2_weeks,,0,,,,0.829968123034023,0.963978323802026,All logistic values are the same,prevalence,40,40
PWY-5941: glycogen degradation II,timepoint,6_months,timepoint6_months,,0,,,,0.239398510700531,0.662720564417262,All logistic values are the same,prevalence,40,40
PWY-5941: glycogen degradation II,turmeric_status,Taken,turmeric_statusTaken,,0,,,,0.0336048873393655,0.349203313330948,All logistic values are the same,prevalence,40,40
PWY-5973: cis-vaccenate biosynthesis,timepoint,2_weeks,timepoint2_weeks,,0,,,,0.833882149853509,0.963978323802026,All logistic values are the same,prevalence,40,40
PWY-5973: cis-vaccenate biosynthesis,timepoint,6_months,timepoint6_months,,0,,,,0.532553980158651,0.843827872311739,All logistic values are the same,prevalence,40,40
PWY-5973: cis-vaccenate biosynthesis,turmeric_status,Taken,turmeric_statusTaken,,0,,,,0.0730649056470975,0.474076248912989,All logistic values are the same,prevalence,40,40
PWY-6121: 5-aminoimidazole ribonucleotide biosynthesis I,timepoint,2_weeks,timepoint2_weeks,,0,,,,0.558385905407594,0.848570706643037,All logistic values are the same,prevalence,40,40
PWY-6121: 5-aminoimidazole ribonucleotide biosynthesis I,timepoint,6_months,timepoint6_months,,0,,,,0.200092049603413,0.642968293855099,All logistic values are the same,prevalence,40,40
PWY-6121: 5-aminoimidazole ribonucleotide biosynthesis I,turmeric_status,Taken,turmeric_statusTaken,,0,,,,0.0599270516861282,0.456947372822295,All logistic values are the same,prevalence,40,40
PWY-6122: 5-aminoimidazole ribonucleotide biosynthesis II,timepoint,2_weeks,timepoint2_weeks,,0,,,,0.623275795642934,0.88033496770146,All logistic values are the same,prevalence,40,40
PWY-6122: 5-aminoimidazole ribonucleotide biosynthesis II,timepoint,6_months,timepoint6_months,,0,,,,0.428382727974264,0.796263047128727,All logistic values are the same,prevalence,40,40
PWY-6122: 5-aminoimidazole ribonucleotide biosynthesis II,turmeric_status,Taken,turmeric_statusTaken,,0,,,,0.190681810562292,0.636877431713224,All logistic values are the same,prevalence,40,40
PWY-6123: inosine-5'-phosphate biosynthesis I,timepoint,2_weeks,timepoint2_weeks,,0,,,,0.722325626062824,0.94432861779018,All logistic values are the same,prevalence,40,40
PWY-6123: inosine-5'-phosphate biosynthesis I,timepoint,6_months,timepoint6_months,,0,,,,0.847955759197493,0.968375511982936,All logistic values are the same,prevalence,40,40
PWY-6123: inosine-5'-phosphate biosynthesis I,turmeric_status,Taken,turmeric_statusTaken,,0,,,,0.957318367574681,1,All logistic values are the same,prevalence,40,40
PWY-6124: inosine-5'-phosphate biosynthesis II,timepoint,2_weeks,timepoint2_weeks,,0,,,,0.709769586874017,0.938139939890835,All logistic values are the same,prevalence,40,40
PWY-6124: inosine-5'-phosphate biosynthesis II,timepoint,6_months,timepoint6_months,,0,,,,0.74074001796981,0.944652234818376,All logistic values are the same,prevalence,40,40
PWY-6124: inosine-5'-phosphate biosynthesis II,turmeric_status,Taken,turmeric_statusTaken,,0,,,,0.789764743837969,0.962163760294003,All logistic values are the same,prevalence,40,40
PWY-6125: superpathway of guanosine nucleotides de novo biosynthesis II,timepoint,2_weeks,timepoint2_weeks,,0,,,,0.0586799279638825,0.456947372822295,All logistic values are the same,prevalence,40,40
PWY-6125: superpathway of guanosine nucleotides de novo biosynthesis II,timepoint,6_months,timepoint6_months,,0,,,,0.551550401305696,0.845725756463154,All logistic values are the same,prevalence,40,40
PWY-6125: superpathway of guanosine nucleotides de novo biosynthesis II,turmeric_status,Taken,turmeric_statusTaken,,0,,,,0.958931850200422,1,All logistic values are the same,prevalence,40,40
PWY-6126: superpathway of adenosine nucleotides de novo biosynthesis II,timepoint,2_weeks,timepoint2_weeks,,0,,,,0.0592535447770633,0.456947372822295,All logistic values are the same,prevalence,40,40
PWY-6126: superpathway of adenosine nucleotides de novo biosynthesis II,timepoint,6_months,timepoint6_months,,0,,,,0.544526486893812,0.843827872311739,All logistic values are the same,prevalence,40,40
PWY-6126: superpathway of adenosine nucleotides de novo biosynthesis II,turmeric_status,Taken,turmeric_statusTaken,,0,,,,0.957723569427949,1,All logistic values are the same,prevalence,40,40
PWY-6147: 6-hydroxymethyl-dihydropterin diphosphate biosynthesis I,timepoint,2_weeks,timepoint2_weeks,,0,,,,0.643362887590668,0.88915608418557,All logistic values are the same,prevalence,40,40
PWY-6147: 6-hydroxymethyl-dihydropterin diphosphate biosynthesis I,timepoint,6_months,timepoint6_months,,0,,,,0.871100883588423,0.977456224026544,All logistic values are the same,prevalence,40,40
PWY-6147: 6-hydroxymethyl-dihydropterin diphosphate biosynthesis I,turmeric_status,Taken,turmeric_statusTaken,,0,,,,0.113433485485591,0.57273976179336,All logistic values are the same,prevalence,40,40
PWY-6151: S-adenosyl-L-methionine salvage I,timepoint,2_weeks,timepoint2_weeks,,0,,,,0.152237330764014,0.610664042755491,All logistic values are the same,prevalence,40,40
PWY-6151: S-adenosyl-L-methionine salvage I,timepoint,6_months,timepoint6_months,,0,,,,0.797933207256772,0.962163760294003,All logistic values are the same,prevalence,40,40
PWY-6151: S-adenosyl-L-methionine salvage I,turmeric_status,Taken,turmeric_statusTaken,,0,,,,0.389779767749591,0.780133606802978,All logistic values are the same,prevalence,40,40
PWY-6163: chorismate biosynthesis from 3-dehydroquinate,timepoint,2_weeks,timepoint2_weeks,,0,,,,0.228118336809931,0.659208076016363,All logistic values are the same,prevalence,40,40
PWY-6163: chorismate biosynthesis from 3-dehydroquinate,timepoint,6_months,timepoint6_months,,0,,,,0.458485134008041,0.804348618605833,All logistic values are the same,prevalence,40,40
PWY-6163: chorismate biosynthesis from 3-dehydroquinate,turmeric_status,Taken,turmeric_statusTaken,,0,,,,0.174728734916887,0.634928936526893,All logistic values are the same,prevalence,40,40
PWY-621: sucrose degradation III (sucrose invertase),timepoint,2_weeks,timepoint2_weeks,,0,,,,0.43574973279343,0.800949508848877,All logistic values are the same,prevalence,40,40
PWY-621: sucrose degradation III (sucrose invertase),timepoint,6_months,timepoint6_months,,0,,,,0.325743977101764,0.725406779776621,All logistic values are the same,prevalence,40,40
PWY-621: sucrose degradation III (sucrose invertase),turmeric_status,Taken,turmeric_statusTaken,,0,,,,0.494288413918657,0.837860283432176,All logistic values are the same,prevalence,40,40
PWY-6270: isoprene biosynthesis I,timepoint,2_weeks,timepoint2_weeks,,0,,,,0.509097292096707,0.840556966566923,All logistic values are the same,prevalence,40,40
PWY-6270: isoprene biosynthesis I,timepoint,6_months,timepoint6_months,,0,,,,0.0298682358495924,0.347724248920838,All logistic values are the same,prevalence,40,40
PWY-6270: isoprene biosynthesis I,turmeric_status,Taken,turmeric_statusTaken,,0,,,,0.0225717638016552,0.300366287353549,All logistic values are the same,prevalence,40,40
PWY-6277: superpathway of 5-aminoimidazole ribonucleotide biosynthesis,timepoint,2_weeks,timepoint2_weeks,,0,,,,0.622582336771545,0.88033496770146,All logistic values are the same,prevalence,40,40
PWY-6277: superpathway of 5-aminoimidazole ribonucleotide biosynthesis,timepoint,6_months,timepoint6_months,,0,,,,0.427305549978406,0.796263047128727,All logistic values are the same,prevalence,40,40
PWY-6277: superpathway of 5-aminoimidazole ribonucleotide biosynthesis,turmeric_status,Taken,turmeric_statusTaken,,0,,,,0.189242090798356,0.636877431713224,All logistic values are the same,prevalence,40,40
PWY-6292: superpathway of L-cysteine biosynthesis (mammalian),timepoint,2_weeks,timepoint2_weeks,,0,,,,0.914670758741994,1,All logistic values are the same,prevalence,40,40
PWY-6292: superpathway of L-cysteine biosynthesis (mammalian),timepoint,6_months,timepoint6_months,,0,,,,0.33234393223424,0.726140138730661,All logistic values are the same,prevalence,40,40
PWY-6292: superpathway of L-cysteine biosynthesis (mammalian),turmeric_status,Taken,turmeric_statusTaken,,0,,,,0.156446227339167,0.615401831921876,All logistic values are the same,prevalence,40,40
PWY-6305: superpathway of putrescine biosynthesis,timepoint,2_weeks,timepoint2_weeks,,0,,,,0.380603845722158,0.776940649039845,All logistic values are the same,prevalence,40,40
PWY-6305: superpathway of putrescine biosynthesis,timepoint,6_months,timepoint6_months,,0,,,,0.260330124572104,0.682757417049693,All logistic values are the same,prevalence,40,40
PWY-6305: superpathway of putrescine biosynthesis,turmeric_status,Taken,turmeric_statusTaken,,0,,,,0.157895821369128,0.615401831921876,All logistic values are the same,prevalence,40,40
PWY-6317: D-galactose degradation I (Leloir pathway),timepoint,2_weeks,timepoint2_weeks,,0,,,,0.176751937626749,0.634928936526893,All logistic values are the same,prevalence,40,40
PWY-6317: D-galactose degradation I (Leloir pathway),timepoint,6_months,timepoint6_months,,0,,,,0.0101845710720891,0.24709464237024,All logistic values are the same,prevalence,40,40
PWY-6317: D-galactose degradation I (Leloir pathway),turmeric_status,Taken,turmeric_statusTaken,,0,,,,0.00311054901534988,0.163727989080689,All logistic values are the same,prevalence,40,40
PWY-6353: purine nucleotides degradation II (aerobic),timepoint,2_weeks,timepoint2_weeks,,0,,,,0.971567964828535,1,All logistic values are the same,prevalence,40,40
PWY-6353: purine nucleotides degradation II (aerobic),timepoint,6_months,timepoint6_months,,0,,,,0.261438117735274,0.682757417049693,All logistic values are the same,prevalence,40,40
PWY-6353: purine nucleotides degradation II (aerobic),turmeric_status,Taken,turmeric_statusTaken,,0,,,,0.736861869105016,0.944652234818376,All logistic values are the same,prevalence,40,40
PWY-6385: peptidoglycan biosynthesis III (mycobacteria),timepoint,2_weeks,timepoint2_weeks,,0,,,,0.392087874921704,0.780133606802978,All logistic values are the same,prevalence,40,40
PWY-6385: peptidoglycan biosynthesis III (mycobacteria),timepoint,6_months,timepoint6_months,,0,,,,0.931077756421806,1,All logistic values are the same,prevalence,40,40
PWY-6385: peptidoglycan biosynthesis III (mycobacteria),turmeric_status,Taken,turmeric_statusTaken,,0,,,,0.821323472990915,0.963978323802026,All logistic values are the same,prevalence,40,40
PWY-6386: UDP-N-acetylmuramoyl-pentapeptide biosynthesis II (lysine-containing),timepoint,2_weeks,timepoint2_weeks,,0,,,,0.31913736114076,0.72271293874657,All logistic values are the same,prevalence,40,40
PWY-6386: UDP-N-acetylmuramoyl-pentapeptide biosynthesis II (lysine-containing),timepoint,6_months,timepoint6_months,,0,,,,0.235675426140565,0.659208076016363,All logistic values are the same,prevalence,40,40
PWY-6386: UDP-N-acetylmuramoyl-pentapeptide biosynthesis II (lysine-containing),turmeric_status,Taken,turmeric_statusTaken,,0,,,,0.101958419942144,0.565450296789404,All logistic values are the same,prevalence,40,40
PWY-6387: UDP-N-acetylmuramoyl-pentapeptide biosynthesis I (meso-diaminopimelate containing),timepoint,2_weeks,timepoint2_weeks,,0,,,,0.220683646296094,0.651917506150196,All logistic values are the same,prevalence,40,40
PWY-6387: UDP-N-acetylmuramoyl-pentapeptide biosynthesis I (meso-diaminopimelate containing),timepoint,6_months,timepoint6_months,,0,,,,0.203477807949532,0.642968293855099,All logistic values are the same,prevalence,40,40
PWY-6387: UDP-N-acetylmuramoyl-pentapeptide biosynthesis I (meso-diaminopimelate containing),turmeric_status,Taken,turmeric_statusTaken,,0,,,,0.129895947850002,0.591812777994574,All logistic values are the same,prevalence,40,40
PWY-6507: 4-deoxy-L-threo-hex-4-enopyranuronate degradation,timepoint,2_weeks,timepoint2_weeks,,0,,,,0.382102810832907,0.776940649039845,All logistic values are the same,prevalence,40,40
PWY-6507: 4-deoxy-L-threo-hex-4-enopyranuronate degradation,timepoint,6_months,timepoint6_months,,0,,,,0.561732356477774,0.851421556022595,All logistic values are the same,prevalence,40,40
PWY-6507: 4-deoxy-L-threo-hex-4-enopyranuronate degradation,turmeric_status,Taken,turmeric_statusTaken,,0,,,,0.459826239652039,0.804348618605833,All logistic values are the same,prevalence,40,40
PWY-6527: stachyose degradation,timepoint,2_weeks,timepoint2_weeks,,0,,,,0.373410606533746,0.774604768737574,All logistic values are the same,prevalence,40,40
PWY-6527: stachyose degradation,timepoint,6_months,timepoint6_months,,0,,,,0.084432677802953,0.50923458799906,All logistic values are the same,prevalence,40,40
PWY-6527: stachyose degradation,turmeric_status,Taken,turmeric_statusTaken,,0,,,,0.360172056597596,0.768609541740573,All logistic values are the same,prevalence,40,40
PWY-6549: L-glutamine biosynthesis III,timepoint,2_weeks,timepoint2_weeks,,0,,,,0.759965623700211,0.949249048239626,All logistic values are the same,prevalence,40,40
PWY-6549: L-glutamine biosynthesis III,timepoint,6_months,timepoint6_months,,0,,,,0.62029256846584,0.88033496770146,All logistic values are the same,prevalence,40,40
PWY-6549: L-glutamine biosynthesis III,turmeric_status,Taken,turmeric_statusTaken,,0,,,,0.663422743095605,0.907744090406637,All logistic values are the same,prevalence,40,40
PWY-6590: superpathway of Clostridium acetobutylicum acidogenic fermentation,timepoint,2_weeks,timepoint2_weeks,,0,,,,0.729916153243605,0.944652234818376,All logistic values are the same,prevalence,40,40
PWY-6590: superpathway of Clostridium acetobutylicum acidogenic fermentation,timepoint,6_months,timepoint6_months,,0,,,,0.361406645806112,0.768609541740573,All logistic values are the same,prevalence,40,40
PWY-6590: superpathway of Clostridium acetobutylicum acidogenic fermentation,turmeric_status,Taken,turmeric_statusTaken,,0,,,,0.331036190965816,0.726022555186393,All logistic values are the same,prevalence,40,40
PWY-6606: guanosine nucleotides degradation II,timepoint,2_weeks,timepoint2_weeks,,0,,,,0.676888044872191,0.917279534949215,All logistic values are the same,prevalence,40,40
PWY-6606: guanosine nucleotides degradation II,timepoint,6_months,timepoint6_months,,0,,,,0.0940065589934439,0.541500354486575,All logistic values are the same,prevalence,40,40
PWY-6606: guanosine nucleotides degradation II,turmeric_status,Taken,turmeric_statusTaken,,0,,,,0.294805536546353,0.703445752639761,All logistic values are the same,prevalence,40,40
PWY-6608: guanosine nucleotides degradation III,timepoint,2_weeks,timepoint2_weeks,,0,,,,0.849659069355855,0.968410632198898,All logistic values are the same,prevalence,40,40
PWY-6608: guanosine nucleotides degradation III,timepoint,6_months,timepoint6_months,,0,,,,0.182686018666081,0.635917186540135,All logistic values are the same,prevalence,40,40
PWY-6608: guanosine nucleotides degradation III,turmeric_status,Taken,turmeric_statusTaken,,0,,,,0.200071367485053,0.642968293855099,All logistic values are the same,prevalence,40,40
PWY-6609: adenine and adenosine salvage III,timepoint,2_weeks,timepoint2_weeks,,0,,,,0.0115225480898039,0.24709464237024,All logistic values are the same,prevalence,40,40
PWY-6609: adenine and adenosine salvage III,timepoint,6_months,timepoint6_months,,0,,,,0.00230770979379584,0.148462663400866,All logistic values are the same,prevalence,40,40
PWY-6609: adenine and adenosine salvage III,turmeric_status,Taken,turmeric_statusTaken,,0,,,,0.00963330287073027,0.24709464237024,All logistic values are the same,prevalence,40,40
PWY-6628: superpathway of L-phenylalanine biosynthesis,timepoint,2_weeks,timepoint2_weeks,,0,,,,0.374592979700381,0.774604768737574,All logistic values are the same,prevalence,40,40
PWY-6628: superpathway of L-phenylalanine biosynthesis,timepoint,6_months,timepoint6_months,,0,,,,0.282751184358131,0.701069488220577,All logistic values are the same,prevalence,40,40
PWY-6628: superpathway of L-phenylalanine biosynthesis,turmeric_status,Taken,turmeric_statusTaken,,0,,,,0.139514560961244,0.603363922065851,All logistic values are the same,prevalence,40,40
PWY-6629: superpathway of L-tryptophan biosynthesis,timepoint,2_weeks,timepoint2_weeks,,0,,,,0.215474064103468,0.642968293855099,All logistic values are the same,prevalence,40,40
PWY-6629: superpathway of L-tryptophan biosynthesis,timepoint,6_months,timepoint6_months,,0,,,,0.322912587348444,0.72271293874657,All logistic values are the same,prevalence,40,40
PWY-6629: superpathway of L-tryptophan biosynthesis,turmeric_status,Taken,turmeric_statusTaken,,0,,,,0.319442417445225,0.72271293874657,All logistic values are the same,prevalence,40,40
PWY-6630: superpathway of L-tyrosine biosynthesis,timepoint,2_weeks,timepoint2_weeks,,0,,,,0.967241031720439,1,All logistic values are the same,prevalence,40,40
PWY-6630: superpathway of L-tyrosine biosynthesis,timepoint,6_months,timepoint6_months,,0,,,,0.230109692137457,0.659208076016363,All logistic values are the same,prevalence,40,40
PWY-6630: superpathway of L-tyrosine biosynthesis,turmeric_status,Taken,turmeric_statusTaken,,0,,,,0.970505575176118,1,All logistic values are the same,prevalence,40,40
PWY-6700: queuosine biosynthesis I (de novo),timepoint,2_weeks,timepoint2_weeks,,0,,,,0.105419357336634,0.566255720443161,All logistic values are the same,prevalence,40,40
PWY-6700: queuosine biosynthesis I (de novo),timepoint,6_months,timepoint6_months,,0,,,,0.127572166573509,0.590914275568492,All logistic values are the same,prevalence,40,40
PWY-6700: queuosine biosynthesis I (de novo),turmeric_status,Taken,turmeric_statusTaken,,0,,,,0.107266931201246,0.566255720443161,All logistic values are the same,prevalence,40,40
PWY-6703: preQ0 biosynthesis,timepoint,2_weeks,timepoint2_weeks,,0,,,,0.743878771613022,0.944652234818376,All logistic values are the same,prevalence,40,40
PWY-6703: preQ0 biosynthesis,timepoint,6_months,timepoint6_months,,0,,,,0.948967970878552,1,All logistic values are the same,prevalence,40,40
PWY-6703: preQ0 biosynthesis,turmeric_status,Taken,turmeric_statusTaken,,0,,,,0.164982671845934,0.620291993498672,All logistic values are the same,prevalence,40,40
PWY-6731: starch degradation III,timepoint,2_weeks,timepoint2_weeks,,0,,,,0.799224896161158,0.962163760294003,All logistic values are the same,prevalence,40,40
PWY-6731: starch degradation III,timepoint,6_months,timepoint6_months,,0,,,,0.574496325341187,0.858278984311688,All logistic values are the same,prevalence,40,40
PWY-6731: starch degradation III,turmeric_status,Taken,turmeric_statusTaken,,0,,,,0.939576107473203,1,All logistic values are the same,prevalence,40,40
PWY-6823: molybdopterin biosynthesis,timepoint,2_weeks,timepoint2_weeks,,0,,,,0.544960858090753,0.843827872311739,All logistic values are the same,prevalence,40,40
PWY-6823: molybdopterin biosynthesis,timepoint,6_months,timepoint6_months,,0,,,,0.0789138001801386,0.486075428769152,All logistic values are the same,prevalence,40,40
PWY-6823: molybdopterin biosynthesis,turmeric_status,Taken,turmeric_statusTaken,,0,,,,0.0155108632670801,0.299359661054647,All logistic values are the same,prevalence,40,40
PWY-6892: thiazole component of thiamine diphosphate biosynthesis I,timepoint,2_weeks,timepoint2_weeks,,0,,,,0.757608185668467,0.949249048239626,All logistic values are the same,prevalence,40,40
PWY-6892: thiazole component of thiamine diphosphate biosynthesis I,timepoint,6_months,timepoint6_months,,0,,,,0.546219029540175,0.843827872311739,All logistic values are the same,prevalence,40,40
PWY-6892: thiazole component of thiamine diphosphate biosynthesis I,turmeric_status,Taken,turmeric_statusTaken,,0,,,,0.425404402323777,0.796263047128727,All logistic values are the same,prevalence,40,40
PWY-6897: thiamine diphosphate salvage II,timepoint,2_weeks,timepoint2_weeks,,0,,,,0.172590252362515,0.634928936526893,All logistic values are the same,prevalence,40,40
PWY-6897: thiamine diphosphate salvage II,timepoint,6_months,timepoint6_months,,0,,,,0.216039638242004,0.642968293855099,All logistic values are the same,prevalence,40,40
PWY-6897: thiamine diphosphate salvage II,turmeric_status,Taken,turmeric_statusTaken,,0,,,,0.51172104994456,0.840556966566923,All logistic values are the same,prevalence,40,40
PWY-6901: superpathway of glucose and xylose degradation,timepoint,2_weeks,timepoint2_weeks,,0,,,,0.881579256574519,0.979720517383199,All logistic values are the same,prevalence,40,40
PWY-6901: superpathway of glucose and xylose degradation,timepoint,6_months,timepoint6_months,,0,,,,0.174244458990837,0.634928936526893,All logistic values are the same,prevalence,40,40
PWY-6901: superpathway of glucose and xylose degradation,turmeric_status,Taken,turmeric_statusTaken,,0,,,,0.0140275857583506,0.287380344260106,All logistic values are the same,prevalence,40,40
PWY-6902: chitin degradation II (Vibrio),timepoint,2_weeks,timepoint2_weeks,,0,,,,0.52456531213329,0.840556966566923,All logistic values are the same,prevalence,40,40
PWY-6902: chitin degradation II (Vibrio),timepoint,6_months,timepoint6_months,,0,,,,0.618597499090766,0.88033496770146,All logistic values are the same,prevalence,40,40
PWY-6902: chitin degradation II (Vibrio),turmeric_status,Taken,turmeric_statusTaken,,0,,,,0.831801730315832,0.963978323802026,All logistic values are the same,prevalence,40,40
PWY-6936: seleno-amino acid biosynthesis (plants),timepoint,2_weeks,timepoint2_weeks,,0,,,,0.197467785830271,0.642968293855099,All logistic values are the same,prevalence,40,40
PWY-6936: seleno-amino acid biosynthesis (plants),timepoint,6_months,timepoint6_months,,0,,,,0.178968517187102,0.634928936526893,All logistic values are the same,prevalence,40,40
PWY-6936: seleno-amino acid biosynthesis (plants),turmeric_status,Taken,turmeric_statusTaken,,0,,,,0.310387263370525,0.718856901966135,All logistic values are the same,prevalence,40,40
PWY-6969: TCA cycle V (2-oxoglutarate synthase),timepoint,2_weeks,timepoint2_weeks,,0,,,,0.994669544423211,1,All logistic values are the same,prevalence,40,40
PWY-6969: TCA cycle V (2-oxoglutarate synthase),timepoint,6_months,timepoint6_months,,0,,,,0.722517405321329,0.94432861779018,All logistic values are the same,prevalence,40,40
PWY-6969: TCA cycle V (2-oxoglutarate synthase),turmeric_status,Taken,turmeric_statusTaken,,0,,,,0.139175653592752,0.603363922065851,All logistic values are the same,prevalence,40,40
PWY-702: L-methionine biosynthesis II,timepoint,2_weeks,timepoint2_weeks,,0,,,,0.322804363384742,0.72271293874657,All logistic values are the same,prevalence,40,40
PWY-702: L-methionine biosynthesis II,timepoint,6_months,timepoint6_months,,0,,,,0.179841702228688,0.634928936526893,All logistic values are the same,prevalence,40,40
PWY-702: L-methionine biosynthesis II,turmeric_status,Taken,turmeric_statusTaken,,0,,,,0.516386858088409,0.840556966566923,All logistic values are the same,prevalence,40,40
PWY-7111: pyruvate fermentation to isobutanol (engineered),timepoint,2_weeks,timepoint2_weeks,,0,,,,0.211783698360913,0.642968293855099,All logistic values are the same,prevalence,40,40
PWY-7111: pyruvate fermentation to isobutanol (engineered),timepoint,6_months,timepoint6_months,,0,,,,0.616609114673181,0.88033496770146,All logistic values are the same,prevalence,40,40
PWY-7111: pyruvate fermentation to isobutanol (engineered),turmeric_status,Taken,turmeric_statusTaken,,0,,,,0.682937663661052,0.92116970864053,All logistic values are the same,prevalence,40,40
"PWY-7115: C4 photosynthetic carbon assimilation cycle, NAD-ME type",timepoint,2_weeks,timepoint2_weeks,,0,,,,0.962673488597734,1,All logistic values are the same,prevalence,40,40
"PWY-7115: C4 photosynthetic carbon assimilation cycle, NAD-ME type",timepoint,6_months,timepoint6_months,,0,,,,0.982937439449524,1,All logistic values are the same,prevalence,40,40
"PWY-7115: C4 photosynthetic carbon assimilation cycle, NAD-ME type",turmeric_status,Taken,turmeric_statusTaken,,0,,,,0.916816000211884,1,All logistic values are the same,prevalence,40,40
"PWY-7117: C4 photosynthetic carbon assimilation cycle, PEPCK type",timepoint,2_weeks,timepoint2_weeks,,0,,,,0.710518992402429,0.938139939890835,All logistic values are the same,prevalence,40,40
"PWY-7117: C4 photosynthetic carbon assimilation cycle, PEPCK type",timepoint,6_months,timepoint6_months,,0,,,,0.209071134903168,0.642968293855099,All logistic values are the same,prevalence,40,40
"PWY-7117: C4 photosynthetic carbon assimilation cycle, PEPCK type",turmeric_status,Taken,turmeric_statusTaken,,0,,,,0.112535208933764,0.57273976179336,All logistic values are the same,prevalence,40,40
PWY-7197: pyrimidine deoxyribonucleotide phosphorylation,timepoint,2_weeks,timepoint2_weeks,,0,,,,0.0559880196774367,0.456947372822295,All logistic values are the same,prevalence,40,40
PWY-7197: pyrimidine deoxyribonucleotide phosphorylation,timepoint,6_months,timepoint6_months,,0,,,,0.511270530566625,0.840556966566923,All logistic values are the same,prevalence,40,40
PWY-7197: pyrimidine deoxyribonucleotide phosphorylation,turmeric_status,Taken,turmeric_statusTaken,,0,,,,0.99215042412827,1,All logistic values are the same,prevalence,40,40
PWY-7198: pyrimidine deoxyribonucleotides de novo biosynthesis IV,timepoint,2_weeks,timepoint2_weeks,,0,,,,0.767321260932407,0.955438731354546,All logistic values are the same,prevalence,40,40
PWY-7198: pyrimidine deoxyribonucleotides de novo biosynthesis IV,timepoint,6_months,timepoint6_months,,0,,,,0.29750528578218,0.703445752639761,All logistic values are the same,prevalence,40,40
PWY-7198: pyrimidine deoxyribonucleotides de novo biosynthesis IV,turmeric_status,Taken,turmeric_statusTaken,,0,,,,0.805569446638119,0.962163760294003,All logistic values are the same,prevalence,40,40
PWY-7199: pyrimidine deoxyribonucleosides salvage,timepoint,2_weeks,timepoint2_weeks,,0,,,,0.145421314719429,0.603363922065851,All logistic values are the same,prevalence,40,40
PWY-7199: pyrimidine deoxyribonucleosides salvage,timepoint,6_months,timepoint6_months,,0,,,,0.369114189231363,0.769998381449905,All logistic values are the same,prevalence,40,40
PWY-7199: pyrimidine deoxyribonucleosides salvage,turmeric_status,Taken,turmeric_statusTaken,,0,,,,0.494901929073928,0.837860283432176,All logistic values are the same,prevalence,40,40
PWY-7208: superpathway of pyrimidine nucleobases salvage,timepoint,2_weeks,timepoint2_weeks,,0,,,,0.0663682989290489,0.466266337393563,All logistic values are the same,prevalence,40,40
PWY-7208: superpathway of pyrimidine nucleobases salvage,timepoint,6_months,timepoint6_months,,0,,,,0.607923915480303,0.879969867657738,All logistic values are the same,prevalence,40,40
PWY-7208: superpathway of pyrimidine nucleobases salvage,turmeric_status,Taken,turmeric_statusTaken,,0,,,,0.880886340746275,0.979720517383199,All logistic values are the same,prevalence,40,40
PWY-7220: adenosine deoxyribonucleotides de novo biosynthesis II,timepoint,2_weeks,timepoint2_weeks,,0,,,,0.0555545143875334,0.456947372822295,All logistic values are the same,prevalence,40,40
PWY-7220: adenosine deoxyribonucleotides de novo biosynthesis II,timepoint,6_months,timepoint6_months,,0,,,,0.536786129238782,0.843827872311739,All logistic values are the same,prevalence,40,40
PWY-7220: adenosine deoxyribonucleotides de novo biosynthesis II,turmeric_status,Taken,turmeric_statusTaken,,0,,,,0.992220556441675,1,All logistic values are the same,prevalence,40,40
PWY-7221: guanosine ribonucleotides de novo biosynthesis,timepoint,2_weeks,timepoint2_weeks,,0,,,,0.129899033049389,0.591812777994574,All logistic values are the same,prevalence,40,40
PWY-7221: guanosine ribonucleotides de novo biosynthesis,timepoint,6_months,timepoint6_months,,0,,,,0.14975353838486,0.610614779752352,All logistic values are the same,prevalence,40,40
PWY-7221: guanosine ribonucleotides de novo biosynthesis,turmeric_status,Taken,turmeric_statusTaken,,0,,,,0.366383823005869,0.768609541740573,All logistic values are the same,prevalence,40,40
PWY-7222: guanosine deoxyribonucleotides de novo biosynthesis II,timepoint,2_weeks,timepoint2_weeks,,0,,,,0.055259808679603,0.456947372822295,All logistic values are the same,prevalence,40,40
PWY-7222: guanosine deoxyribonucleotides de novo biosynthesis II,timepoint,6_months,timepoint6_months,,0,,,,0.537275225949047,0.843827872311739,All logistic values are the same,prevalence,40,40
PWY-7222: guanosine deoxyribonucleotides de novo biosynthesis II,turmeric_status,Taken,turmeric_statusTaken,,0,,,,0.992217611628514,1,All logistic values are the same,prevalence,40,40
PWY-7228: superpathway of guanosine nucleotides de novo biosynthesis I,timepoint,2_weeks,timepoint2_weeks,,0,,,,0.0584385641356723,0.456947372822295,All logistic values are the same,prevalence,40,40
PWY-7228: superpathway of guanosine nucleotides de novo biosynthesis I,timepoint,6_months,timepoint6_months,,0,,,,0.545963120910584,0.843827872311739,All logistic values are the same,prevalence,40,40
PWY-7228: superpathway of guanosine nucleotides de novo biosynthesis I,turmeric_status,Taken,turmeric_statusTaken,,0,,,,0.968686759937198,1,All logistic values are the same,prevalence,40,40
PWY-7229: superpathway of adenosine nucleotides de novo biosynthesis I,timepoint,2_weeks,timepoint2_weeks,,0,,,,0.0599792751891096,0.456947372822295,All logistic values are the same,prevalence,40,40
PWY-7229: superpathway of adenosine nucleotides de novo biosynthesis I,timepoint,6_months,timepoint6_months,,0,,,,0.527591438990093,0.840556966566923,All logistic values are the same,prevalence,40,40
PWY-7229: superpathway of adenosine nucleotides de novo biosynthesis I,turmeric_status,Taken,turmeric_statusTaken,,0,,,,0.984935358363178,1,All logistic values are the same,prevalence,40,40
PWY-7234: inosine-5'-phosphate biosynthesis III,timepoint,2_weeks,timepoint2_weeks,,0,,,,0.87083439430579,0.977456224026544,All logistic values are the same,prevalence,40,40
PWY-7234: inosine-5'-phosphate biosynthesis III,timepoint,6_months,timepoint6_months,,0,,,,0.0714335716738944,0.474076248912989,All logistic values are the same,prevalence,40,40
PWY-7234: inosine-5'-phosphate biosynthesis III,turmeric_status,Taken,turmeric_statusTaken,,0,,,,0.0114280355185843,0.24709464237024,All logistic values are the same,prevalence,40,40
"PWY-7237: myo-, chiro- and scyllo-inositol degradation",timepoint,2_weeks,timepoint2_weeks,,0,,,,0.430449626513457,0.796263047128727,All logistic values are the same,prevalence,40,40
"PWY-7237: myo-, chiro- and scyllo-inositol degradation",timepoint,6_months,timepoint6_months,,0,,,,0.841260502258555,0.965690637699023,All logistic values are the same,prevalence,40,40
"PWY-7237: myo-, chiro- and scyllo-inositol degradation",turmeric_status,Taken,turmeric_statusTaken,,0,,,,0.643448012562615,0.88915608418557,All logistic values are the same,prevalence,40,40
PWY-7238: sucrose biosynthesis II,timepoint,2_weeks,timepoint2_weeks,,0,,,,0.32808215246163,0.726022555186393,All logistic values are the same,prevalence,40,40
PWY-7238: sucrose biosynthesis II,timepoint,6_months,timepoint6_months,,0,,,,0.259693611623884,0.682757417049693,All logistic values are the same,prevalence,40,40
PWY-7238: sucrose biosynthesis II,turmeric_status,Taken,turmeric_statusTaken,,0,,,,0.0269282759705331,0.341680474454888,All logistic values are the same,prevalence,40,40
"PWY-724: superpathway of L-lysine, L-threonine and L-methionine biosynthesis II",timepoint,2_weeks,timepoint2_weeks,,0,,,,0.989625365406185,1,All logistic values are the same,prevalence,40,40
"PWY-724: superpathway of L-lysine, L-threonine and L-methionine biosynthesis II",timepoint,6_months,timepoint6_months,,0,,,,0.678058101827744,0.917279534949215,All logistic values are the same,prevalence,40,40
"PWY-724: superpathway of L-lysine, L-threonine and L-methionine biosynthesis II",turmeric_status,Taken,turmeric_statusTaken,,0,,,,0.751464777794414,0.945865448571665,All logistic values are the same,prevalence,40,40
PWY-7242: D-fructuronate degradation,timepoint,2_weeks,timepoint2_weeks,,0,,,,0.423255127689906,0.796263047128727,All logistic values are the same,prevalence,40,40
PWY-7242: D-fructuronate degradation,timepoint,6_months,timepoint6_months,,0,,,,0.737134305776032,0.944652234818376,All logistic values are the same,prevalence,40,40
PWY-7242: D-fructuronate degradation,turmeric_status,Taken,turmeric_statusTaken,,0,,,,0.536957637391467,0.843827872311739,All logistic values are the same,prevalence,40,40
PWY-7328: superpathway of UDP-glucose-derived O-antigen building blocks biosynthesis,timepoint,2_weeks,timepoint2_weeks,,0,,,,0.115721476833925,0.57273976179336,All logistic values are the same,prevalence,40,40
PWY-7328: superpathway of UDP-glucose-derived O-antigen building blocks biosynthesis,timepoint,6_months,timepoint6_months,,0,,,,0.626421427794476,0.88033496770146,All logistic values are the same,prevalence,40,40
PWY-7328: superpathway of UDP-glucose-derived O-antigen building blocks biosynthesis,turmeric_status,Taken,turmeric_statusTaken,,0,,,,0.445970364096765,0.804348618605833,All logistic values are the same,prevalence,40,40
PWY-7345: superpathway of anaerobic sucrose degradation,timepoint,2_weeks,timepoint2_weeks,,0,,,,0.841978559688402,0.965690637699023,All logistic values are the same,prevalence,40,40
PWY-7345: superpathway of anaerobic sucrose degradation,timepoint,6_months,timepoint6_months,,0,,,,0.515397925070646,0.840556966566923,All logistic values are the same,prevalence,40,40
PWY-7345: superpathway of anaerobic sucrose degradation,turmeric_status,Taken,turmeric_statusTaken,,0,,,,0.65159217549053,0.898266356211945,All logistic values are the same,prevalence,40,40
PWY-7356: thiamine diphosphate salvage IV (yeast),timepoint,2_weeks,timepoint2_weeks,,0,,,,0.262963599826067,0.682757417049693,All logistic values are the same,prevalence,40,40
PWY-7356: thiamine diphosphate salvage IV (yeast),timepoint,6_months,timepoint6_months,,0,,,,0.242654161755543,0.662720564417262,All logistic values are the same,prevalence,40,40
PWY-7356: thiamine diphosphate salvage IV (yeast),turmeric_status,Taken,turmeric_statusTaken,,0,,,,0.0439176243547684,0.403623880974776,All logistic values are the same,prevalence,40,40
PWY-7357: thiamine phosphate formation from pyrithiamine and oxythiamine (yeast),timepoint,2_weeks,timepoint2_weeks,,0,,,,0.483092079314973,0.825104170865396,All logistic values are the same,prevalence,40,40
PWY-7357: thiamine phosphate formation from pyrithiamine and oxythiamine (yeast),timepoint,6_months,timepoint6_months,,0,,,,0.116792691306102,0.57273976179336,All logistic values are the same,prevalence,40,40
PWY-7357: thiamine phosphate formation from pyrithiamine and oxythiamine (yeast),turmeric_status,Taken,turmeric_statusTaken,,0,,,,0.152579636535261,0.610664042755491,All logistic values are the same,prevalence,40,40
"PWY-7383: anaerobic energy metabolism (invertebrates, cytosol)",timepoint,2_weeks,timepoint2_weeks,,0,,,,0.542613542880991,0.843827872311739,All logistic values are the same,prevalence,40,40
"PWY-7383: anaerobic energy metabolism (invertebrates, cytosol)",timepoint,6_months,timepoint6_months,,0,,,,0.106783053219247,0.566255720443161,All logistic values are the same,prevalence,40,40
"PWY-7383: anaerobic energy metabolism (invertebrates, cytosol)",turmeric_status,Taken,turmeric_statusTaken,,0,,,,0.0337744137245822,0.349203313330948,All logistic values are the same,prevalence,40,40
PWY-7400: L-arginine biosynthesis IV (archaebacteria),timepoint,2_weeks,timepoint2_weeks,,0,,,,0.946738898441351,1,All logistic values are the same,prevalence,40,40
PWY-7400: L-arginine biosynthesis IV (archaebacteria),timepoint,6_months,timepoint6_months,,0,,,,0.640011430721736,0.888648964958958,All logistic values are the same,prevalence,40,40
PWY-7400: L-arginine biosynthesis IV (archaebacteria),turmeric_status,Taken,turmeric_statusTaken,,0,,,,0.366238579612616,0.768609541740573,All logistic values are the same,prevalence,40,40
"PWY-7456: &beta;-(1,4)-mannan degradation",timepoint,2_weeks,timepoint2_weeks,,0,,,,0.36431005606948,0.768609541740573,All logistic values are the same,prevalence,40,40
"PWY-7456: &beta;-(1,4)-mannan degradation",timepoint,6_months,timepoint6_months,,0,,,,0.740962323396657,0.944652234818376,All logistic values are the same,prevalence,40,40
"PWY-7456: &beta;-(1,4)-mannan degradation",turmeric_status,Taken,turmeric_statusTaken,,0,,,,0.125493901071163,0.585975554195189,All logistic values are the same,prevalence,40,40
PWY-7560: methylerythritol phosphate pathway II,timepoint,2_weeks,timepoint2_weeks,,0,,,,0.973332669756881,1,All logistic values are the same,prevalence,40,40
PWY-7560: methylerythritol phosphate pathway II,timepoint,6_months,timepoint6_months,,0,,,,0.0165619629278001,0.300366287353549,All logistic values are the same,prevalence,40,40
PWY-7560: methylerythritol phosphate pathway II,turmeric_status,Taken,turmeric_statusTaken,,0,,,,0.0427329726301611,0.399070825046181,All logistic values are the same,prevalence,40,40
PWY-7663: gondoate biosynthesis (anaerobic),timepoint,2_weeks,timepoint2_weeks,,0,,,,0.967849786227432,1,All logistic values are the same,prevalence,40,40
PWY-7663: gondoate biosynthesis (anaerobic),timepoint,6_months,timepoint6_months,,0,,,,0.527629301958896,0.840556966566923,All logistic values are the same,prevalence,40,40
PWY-7663: gondoate biosynthesis (anaerobic),turmeric_status,Taken,turmeric_statusTaken,,0,,,,0.10351939803053,0.565450296789404,All logistic values are the same,prevalence,40,40
PWY-7761: NAD salvage pathway II (PNC IV cycle),timepoint,2_weeks,timepoint2_weeks,,0,,,,0.68570663976523,0.92116970864053,All logistic values are the same,prevalence,40,40
PWY-7761: NAD salvage pathway II (PNC IV cycle),timepoint,6_months,timepoint6_months,,0,,,,0.242104116740799,0.662720564417262,All logistic values are the same,prevalence,40,40
PWY-7761: NAD salvage pathway II (PNC IV cycle),turmeric_status,Taken,turmeric_statusTaken,,0,,,,0.107578806992656,0.566255720443161,All logistic values are the same,prevalence,40,40
PWY-7790: UMP biosynthesis II,timepoint,2_weeks,timepoint2_weeks,,0,,,,0.295041018609155,0.703445752639761,All logistic values are the same,prevalence,40,40
PWY-7790: UMP biosynthesis II,timepoint,6_months,timepoint6_months,,0,,,,0.414546886044896,0.796263047128727,All logistic values are the same,prevalence,40,40
PWY-7790: UMP biosynthesis II,turmeric_status,Taken,turmeric_statusTaken,,0,,,,0.234481719017715,0.659208076016363,All logistic values are the same,prevalence,40,40
PWY-7791: UMP biosynthesis III,timepoint,2_weeks,timepoint2_weeks,,0,,,,0.296135165638086,0.703445752639761,All logistic values are the same,prevalence,40,40
PWY-7791: UMP biosynthesis III,timepoint,6_months,timepoint6_months,,0,,,,0.41828449998593,0.796263047128727,All logistic values are the same,prevalence,40,40
PWY-7791: UMP biosynthesis III,turmeric_status,Taken,turmeric_statusTaken,,0,,,,0.233015847622317,0.659208076016363,All logistic values are the same,prevalence,40,40
PWY-7851: coenzyme A biosynthesis II (eukaryotic),timepoint,2_weeks,timepoint2_weeks,,0,,,,0.119300429321384,0.575624571475676,All logistic values are the same,prevalence,40,40
PWY-7851: coenzyme A biosynthesis II (eukaryotic),timepoint,6_months,timepoint6_months,,0,,,,0.7880176541364,0.962163760294003,All logistic values are the same,prevalence,40,40
PWY-7851: coenzyme A biosynthesis II (eukaryotic),turmeric_status,Taken,turmeric_statusTaken,,0,,,,0.746561009700989,0.944652234818376,All logistic values are the same,prevalence,40,40
PWY-7953: UDP-N-acetylmuramoyl-pentapeptide biosynthesis III (meso-diaminopimelate containing),timepoint,2_weeks,timepoint2_weeks,,0,,,,0.102768234074822,0.565450296789404,All logistic values are the same,prevalence,40,40
PWY-7953: UDP-N-acetylmuramoyl-pentapeptide biosynthesis III (meso-diaminopimelate containing),timepoint,6_months,timepoint6_months,,0,,,,0.0364713041687243,0.364084226098127,All logistic values are the same,prevalence,40,40
PWY-7953: UDP-N-acetylmuramoyl-pentapeptide biosynthesis III (meso-diaminopimelate containing),turmeric_status,Taken,turmeric_statusTaken,,0,,,,0.16431586809169,0.620291993498672,All logistic values are the same,prevalence,40,40
PWY-7977: L-methionine biosynthesis IV,timepoint,2_weeks,timepoint2_weeks,,0,,,,0.27307278375175,0.68743105127071,All logistic values are the same,prevalence,40,40
PWY-7977: L-methionine biosynthesis IV,timepoint,6_months,timepoint6_months,,0,,,,0.387339803491011,0.779250719044049,All logistic values are the same,prevalence,40,40
PWY-7977: L-methionine biosynthesis IV,turmeric_status,Taken,turmeric_statusTaken,,0,,,,0.528433049793368,0.840556966566923,All logistic values are the same,prevalence,40,40
PWY-8004: Entner-Doudoroff pathway I,timepoint,2_weeks,timepoint2_weeks,,0,,,,0.712314219763654,0.938139939890835,All logistic values are the same,prevalence,40,40
PWY-8004: Entner-Doudoroff pathway I,timepoint,6_months,timepoint6_months,,0,,,,0.0834878157936865,0.508836266784679,All logistic values are the same,prevalence,40,40
PWY-8004: Entner-Doudoroff pathway I,turmeric_status,Taken,turmeric_statusTaken,,0,,,,0.00710786015199981,0.24709464237024,All logistic values are the same,prevalence,40,40
PWY-8178: pentose phosphate pathway (non-oxidative branch) II,timepoint,2_weeks,timepoint2_weeks,,0,,,,0.879340158377571,0.979720517383199,All logistic values are the same,prevalence,40,40
PWY-8178: pentose phosphate pathway (non-oxidative branch) II,timepoint,6_months,timepoint6_months,,0,,,,0.0384503073676654,0.377334372303022,All logistic values are the same,prevalence,40,40
PWY-8178: pentose phosphate pathway (non-oxidative branch) II,turmeric_status,Taken,turmeric_statusTaken,,0,,,,0.0552191667620121,0.456947372822295,All logistic values are the same,prevalence,40,40
PWY-8187: L-arginine degradation XIII (reductive Stickland reaction),timepoint,2_weeks,timepoint2_weeks,,0,,,,0.138546151415147,0.603363922065851,All logistic values are the same,prevalence,40,40
PWY-8187: L-arginine degradation XIII (reductive Stickland reaction),timepoint,6_months,timepoint6_months,,0,,,,0.571079813746432,0.858278984311688,All logistic values are the same,prevalence,40,40
PWY-8187: L-arginine degradation XIII (reductive Stickland reaction),turmeric_status,Taken,turmeric_statusTaken,,0,,,,0.385421379121277,0.779250719044049,All logistic values are the same,prevalence,40,40
PWY-841: superpathway of purine nucleotides de novo biosynthesis I,timepoint,2_weeks,timepoint2_weeks,,0,,,,0.0620157692138118,0.459516421030308,All logistic values are the same,prevalence,40,40
PWY-841: superpathway of purine nucleotides de novo biosynthesis I,timepoint,6_months,timepoint6_months,,0,,,,0.547527506344095,0.843827872311739,All logistic values are the same,prevalence,40,40
PWY-841: superpathway of purine nucleotides de novo biosynthesis I,turmeric_status,Taken,turmeric_statusTaken,,0,,,,0.923816720493043,1,All logistic values are the same,prevalence,40,40
PWY-I9: L-cysteine biosynthesis VI (from L-methionine),timepoint,2_weeks,timepoint2_weeks,,0,,,,0.407635969823229,0.794684264402861,All logistic values are the same,prevalence,40,40
PWY-I9: L-cysteine biosynthesis VI (from L-methionine),timepoint,6_months,timepoint6_months,,0,,,,0.364469170971081,0.768609541740573,All logistic values are the same,prevalence,40,40
PWY-I9: L-cysteine biosynthesis VI (from L-methionine),turmeric_status,Taken,turmeric_statusTaken,,0,,,,0.831319643727881,0.963978323802026,All logistic values are the same,prevalence,40,40
PWY0-1061: superpathway of L-alanine biosynthesis,timepoint,2_weeks,timepoint2_weeks,,0,,,,0.696611895134711,0.929350892357138,All logistic values are the same,prevalence,40,40
PWY0-1061: superpathway of L-alanine biosynthesis,timepoint,6_months,timepoint6_months,,0,,,,0.885844724761348,0.980692512137184,All logistic values are the same,prevalence,40,40
PWY0-1061: superpathway of L-alanine biosynthesis,turmeric_status,Taken,turmeric_statusTaken,,0,,,,0.247505456751332,0.669652614294492,All logistic values are the same,prevalence,40,40
PWY0-1296: purine ribonucleosides degradation,timepoint,2_weeks,timepoint2_weeks,,0,,,,0.140693920266755,0.603363922065851,All logistic values are the same,prevalence,40,40
PWY0-1296: purine ribonucleosides degradation,timepoint,6_months,timepoint6_months,,0,,,,0.00862425564802741,0.24709464237024,All logistic values are the same,prevalence,40,40
PWY0-1296: purine ribonucleosides degradation,turmeric_status,Taken,turmeric_statusTaken,,0,,,,0.00673991854290022,0.24709464237024,All logistic values are the same,prevalence,40,40
PWY0-1297: superpathway of purine deoxyribonucleosides degradation,timepoint,2_weeks,timepoint2_weeks,,0,,,,0.480503829689844,0.823111589912484,All logistic values are the same,prevalence,40,40
PWY0-1297: superpathway of purine deoxyribonucleosides degradation,timepoint,6_months,timepoint6_months,,0,,,,0.440346629584383,0.804292424382832,All logistic values are the same,prevalence,40,40
PWY0-1297: superpathway of purine deoxyribonucleosides degradation,turmeric_status,Taken,turmeric_statusTaken,,0,,,,0.457653009347876,0.804348618605833,All logistic values are the same,prevalence,40,40
PWY0-1319: CDP-diacylglycerol biosynthesis II,timepoint,2_weeks,timepoint2_weeks,,0,,,,0.0691626182804215,0.471119482168989,All logistic values are the same,prevalence,40,40
PWY0-1319: CDP-diacylglycerol biosynthesis II,timepoint,6_months,timepoint6_months,,0,,,,0.0105585410041529,0.24709464237024,All logistic values are the same,prevalence,40,40
PWY0-1319: CDP-diacylglycerol biosynthesis II,turmeric_status,Taken,turmeric_statusTaken,,0,,,,0.00663756179794147,0.24709464237024,All logistic values are the same,prevalence,40,40
PWY0-1477: ethanolamine utilization,timepoint,2_weeks,timepoint2_weeks,,0,,,,0.157494701627171,0.615401831921876,All logistic values are the same,prevalence,40,40
PWY0-1477: ethanolamine utilization,timepoint,6_months,timepoint6_months,,0,,,,0.38225058949084,0.776940649039845,All logistic values are the same,prevalence,40,40
PWY0-1477: ethanolamine utilization,turmeric_status,Taken,turmeric_statusTaken,,0,,,,0.310252501223435,0.718856901966135,All logistic values are the same,prevalence,40,40
PWY0-1479: tRNA processing,timepoint,2_weeks,timepoint2_weeks,,0,,,,0.613837152897691,0.88033496770146,All logistic values are the same,prevalence,40,40
PWY0-1479: tRNA processing,timepoint,6_months,timepoint6_months,,0,,,,0.235316494485964,0.659208076016363,All logistic values are the same,prevalence,40,40
PWY0-1479: tRNA processing,turmeric_status,Taken,turmeric_statusTaken,,0,,,,0.144426854012737,0.603363922065851,All logistic values are the same,prevalence,40,40
PWY0-1586: peptidoglycan maturation (meso-diaminopimelate containing),timepoint,2_weeks,timepoint2_weeks,,0,,,,0.294190867291038,0.703445752639761,All logistic values are the same,prevalence,40,40
PWY0-1586: peptidoglycan maturation (meso-diaminopimelate containing),timepoint,6_months,timepoint6_months,,0,,,,0.0668395613189391,0.466266337393563,All logistic values are the same,prevalence,40,40
PWY0-1586: peptidoglycan maturation (meso-diaminopimelate containing),turmeric_status,Taken,turmeric_statusTaken,,0,,,,0.0777142802900254,0.483834067612094,All logistic values are the same,prevalence,40,40
PWY0-162: superpathway of pyrimidine ribonucleotides de novo biosynthesis,timepoint,2_weeks,timepoint2_weeks,,0,,,,0.176048812647318,0.634928936526893,All logistic values are the same,prevalence,40,40
PWY0-162: superpathway of pyrimidine ribonucleotides de novo biosynthesis,timepoint,6_months,timepoint6_months,,0,,,,0.149038919376956,0.610614779752352,All logistic values are the same,prevalence,40,40
PWY0-162: superpathway of pyrimidine ribonucleotides de novo biosynthesis,turmeric_status,Taken,turmeric_statusTaken,,0,,,,0.302475827399463,0.706183484130198,All logistic values are the same,prevalence,40,40
PWY4FS-7: phosphatidylglycerol biosynthesis I (plastidic),timepoint,2_weeks,timepoint2_weeks,,0,,,,0.477190114728278,0.822300822701407,All logistic values are the same,prevalence,40,40
PWY4FS-7: phosphatidylglycerol biosynthesis I (plastidic),timepoint,6_months,timepoint6_months,,0,,,,0.232457560798995,0.659208076016363,All logistic values are the same,prevalence,40,40
PWY4FS-7: phosphatidylglycerol biosynthesis I (plastidic),turmeric_status,Taken,turmeric_statusTaken,,0,,,,0.863072428554835,0.973333310786837,All logistic values are the same,prevalence,40,40
PWY4FS-8: phosphatidylglycerol biosynthesis II (non-plastidic),timepoint,2_weeks,timepoint2_weeks,,0,,,,0.476559071175437,0.822300822701407,All logistic values are the same,prevalence,40,40
PWY4FS-8: phosphatidylglycerol biosynthesis II (non-plastidic),timepoint,6_months,timepoint6_months,,0,,,,0.232059930688928,0.659208076016363,All logistic values are the same,prevalence,40,40
PWY4FS-8: phosphatidylglycerol biosynthesis II (non-plastidic),turmeric_status,Taken,turmeric_statusTaken,,0,,,,0.863191636918217,0.973333310786837,All logistic values are the same,prevalence,40,40
PWY66-399: gluconeogenesis III,timepoint,2_weeks,timepoint2_weeks,,0,,,,0.547978031069454,0.843827872311739,All logistic values are the same,prevalence,40,40
PWY66-399: gluconeogenesis III,timepoint,6_months,timepoint6_months,,0,,,,0.320397534238178,0.72271293874657,All logistic values are the same,prevalence,40,40
PWY66-399: gluconeogenesis III,turmeric_status,Taken,turmeric_statusTaken,,0,,,,0.0589793542312563,0.456947372822295,All logistic values are the same,prevalence,40,40
PWY66-429: fatty acid biosynthesis initiation (mitochondria),timepoint,2_weeks,timepoint2_weeks,,0,,,,0.82879187497927,0.963978323802026,All logistic values are the same,prevalence,40,40
PWY66-429: fatty acid biosynthesis initiation (mitochondria),timepoint,6_months,timepoint6_months,,0,,,,0.20672228427056,0.642968293855099,All logistic values are the same,prevalence,40,40
PWY66-429: fatty acid biosynthesis initiation (mitochondria),turmeric_status,Taken,turmeric_statusTaken,,0,,,,0.200523625645691,0.642968293855099,All logistic values are the same,prevalence,40,40
PYRIDNUCSYN-PWY: NAD de novo biosynthesis I (from aspartate),timepoint,2_weeks,timepoint2_weeks,,0,,,,0.202761593525383,0.642968293855099,All logistic values are the same,prevalence,40,40
PYRIDNUCSYN-PWY: NAD de novo biosynthesis I (from aspartate),timepoint,6_months,timepoint6_months,,0,,,,0.661754469177569,0.907744090406637,All logistic values are the same,prevalence,40,40
PYRIDNUCSYN-PWY: NAD de novo biosynthesis I (from aspartate),turmeric_status,Taken,turmeric_statusTaken,,0,,,,0.874057256171381,0.978876501592321,All logistic values are the same,prevalence,40,40
RHAMCAT-PWY: L-rhamnose degradation I,timepoint,2_weeks,timepoint2_weeks,,0,,,,0.588400214647212,0.866221917489898,All logistic values are the same,prevalence,40,40
RHAMCAT-PWY: L-rhamnose degradation I,timepoint,6_months,timepoint6_months,,0,,,,0.405402787192483,0.794684264402861,All logistic values are the same,prevalence,40,40
RHAMCAT-PWY: L-rhamnose degradation I,turmeric_status,Taken,turmeric_statusTaken,,0,,,,0.80130155238138,0.962163760294003,All logistic values are the same,prevalence,40,40
RIBOSYN2-PWY: flavin biosynthesis I (bacteria and plants),timepoint,2_weeks,timepoint2_weeks,,0,,,,0.0108636618647829,0.24709464237024,All logistic values are the same,prevalence,40,40
RIBOSYN2-PWY: flavin biosynthesis I (bacteria and plants),timepoint,6_months,timepoint6_months,,0,,,,0.008352544002483,0.24709464237024,All logistic values are the same,prevalence,40,40
RIBOSYN2-PWY: flavin biosynthesis I (bacteria and plants),turmeric_status,Taken,turmeric_statusTaken,,0,,,,0.0193047845827148,0.300366287353549,All logistic values are the same,prevalence,40,40
SALVADEHYPOX-PWY: adenosine nucleotides degradation II,timepoint,2_weeks,timepoint2_weeks,,0,,,,0.590235922881553,0.866221917489898,All logistic values are the same,prevalence,40,40
SALVADEHYPOX-PWY: adenosine nucleotides degradation II,timepoint,6_months,timepoint6_months,,0,,,,0.270037044049015,0.682757417049693,All logistic values are the same,prevalence,40,40
SALVADEHYPOX-PWY: adenosine nucleotides degradation II,turmeric_status,Taken,turmeric_statusTaken,,0,,,,0.807077918315361,0.962163760294003,All logistic values are the same,prevalence,40,40
SER-GLYSYN-PWY: superpathway of L-serine and glycine biosynthesis I,timepoint,2_weeks,timepoint2_weeks,,0,,,,0.425447406527719,0.796263047128727,All logistic values are the same,prevalence,40,40
SER-GLYSYN-PWY: superpathway of L-serine and glycine biosynthesis I,timepoint,6_months,timepoint6_months,,0,,,,0.601285406906859,0.872541981451307,All logistic values are the same,prevalence,40,40
SER-GLYSYN-PWY: superpathway of L-serine and glycine biosynthesis I,turmeric_status,Taken,turmeric_statusTaken,,0,,,,0.999010178690308,1,All logistic values are the same,prevalence,40,40
THISYN-PWY: superpathway of thiamine diphosphate biosynthesis I,timepoint,2_weeks,timepoint2_weeks,,0,,,,0.90700077701213,0.998390589144531,All logistic values are the same,prevalence,40,40
THISYN-PWY: superpathway of thiamine diphosphate biosynthesis I,timepoint,6_months,timepoint6_months,,0,,,,0.796272660351551,0.962163760294003,All logistic values are the same,prevalence,40,40
THISYN-PWY: superpathway of thiamine diphosphate biosynthesis I,turmeric_status,Taken,turmeric_statusTaken,,0,,,,0.062697404596536,0.459516421030308,All logistic values are the same,prevalence,40,40
THISYNARA-PWY: superpathway of thiamine diphosphate biosynthesis III (eukaryotes),timepoint,2_weeks,timepoint2_weeks,,0,,,,0.878839521141672,0.979720517383199,All logistic values are the same,prevalence,40,40
THISYNARA-PWY: superpathway of thiamine diphosphate biosynthesis III (eukaryotes),timepoint,6_months,timepoint6_months,,0,,,,0.615434158805748,0.88033496770146,All logistic values are the same,prevalence,40,40
THISYNARA-PWY: superpathway of thiamine diphosphate biosynthesis III (eukaryotes),turmeric_status,Taken,turmeric_statusTaken,,0,,,,0.382431925693188,0.776940649039845,All logistic values are the same,prevalence,40,40
THRESYN-PWY: superpathway of L-threonine biosynthesis,timepoint,2_weeks,timepoint2_weeks,,0,,,,0.268921184927958,0.682757417049693,All logistic values are the same,prevalence,40,40
THRESYN-PWY: superpathway of L-threonine biosynthesis,timepoint,6_months,timepoint6_months,,0,,,,0.593734265731146,0.866221917489898,All logistic values are the same,prevalence,40,40
THRESYN-PWY: superpathway of L-threonine biosynthesis,turmeric_status,Taken,turmeric_statusTaken,,0,,,,0.980701621377078,1,All logistic values are the same,prevalence,40,40
TRNA-CHARGING-PWY: tRNA charging,timepoint,2_weeks,timepoint2_weeks,,0,,,,0.169259489467591,0.63226609291442,All logistic values are the same,prevalence,40,40
TRNA-CHARGING-PWY: tRNA charging,timepoint,6_months,timepoint6_months,,0,,,,0.109789128828739,0.57268383416072,All logistic values are the same,prevalence,40,40
TRNA-CHARGING-PWY: tRNA charging,turmeric_status,Taken,turmeric_statusTaken,,0,,,,0.050734662245575,0.456947372822295,All logistic values are the same,prevalence,40,40
TRPSYN-PWY: L-tryptophan biosynthesis,timepoint,2_weeks,timepoint2_weeks,,0,,,,0.323286098679381,0.72271293874657,All logistic values are the same,prevalence,40,40
TRPSYN-PWY: L-tryptophan biosynthesis,timepoint,6_months,timepoint6_months,,0,,,,0.453917810165734,0.804348618605833,All logistic values are the same,prevalence,40,40
TRPSYN-PWY: L-tryptophan biosynthesis,turmeric_status,Taken,turmeric_statusTaken,,0,,,,0.471636391369468,0.817597217374018,All logistic values are the same,prevalence,40,40
UDPNAGSYN-PWY: UDP-N-acetyl-D-glucosamine biosynthesis I,timepoint,2_weeks,timepoint2_weeks,,0,,,,0.0944586110589708,0.541500354486575,All logistic values are the same,prevalence,40,40
UDPNAGSYN-PWY: UDP-N-acetyl-D-glucosamine biosynthesis I,timepoint,6_months,timepoint6_months,,0,,,,0.21255909215903,0.642968293855099,All logistic values are the same,prevalence,40,40
UDPNAGSYN-PWY: UDP-N-acetyl-D-glucosamine biosynthesis I,turmeric_status,Taken,turmeric_statusTaken,,0,,,,0.591496738170523,0.866221917489898,All logistic values are the same,prevalence,40,40
UNINTEGRATED,timepoint,2_weeks,timepoint2_weeks,,0,,,,0.0104258872544759,0.24709464237024,All logistic values are the same,prevalence,40,40
UNINTEGRATED,timepoint,6_months,timepoint6_months,,0,,,,0.00259385501530317,0.150184205386053,All logistic values are the same,prevalence,40,40
UNINTEGRATED,turmeric_status,Taken,turmeric_statusTaken,,0,,,,0.160159307245597,0.615401831921876,All logistic values are the same,prevalence,40,40
UNMAPPED,timepoint,2_weeks,timepoint2_weeks,,0,,,,0.0143938341684682,0.287380344260106,All logistic values are the same,prevalence,40,40
UNMAPPED,timepoint,6_months,timepoint6_months,,0,,,,0.295847153136788,0.703445752639761,All logistic values are the same,prevalence,40,40
UNMAPPED,turmeric_status,Taken,turmeric_statusTaken,,0,,,,0.653764212261033,0.89911990237325,All logistic values are the same,prevalence,40,40
VALSYN-PWY: L-valine biosynthesis,timepoint,2_weeks,timepoint2_weeks,,0,,,,0.576633030910616,0.858278984311688,All logistic values are the same,prevalence,40,40
VALSYN-PWY: L-valine biosynthesis,timepoint,6_months,timepoint6_months,,0,,,,0.810942858417053,0.962163760294003,All logistic values are the same,prevalence,40,40
VALSYN-PWY: L-valine biosynthesis,turmeric_status,Taken,turmeric_statusTaken,,0,,,,0.452920665875389,0.804348618605833,All logistic values are the same,prevalence,40,40
