feature,metadata,value,name,coef,null_hypothesis,stderr,pval_individual,qval_individual,pval_joint,qval_joint,error,model,N,N_not_zero
k__Bacteria|p__Firmicutes|c__Clostridia|o__Eubacteriales|f__Lachnospiraceae|g__Lachnospiraceae_unclassified|s__Eubacterium_rectale|t__SGB4933,turmeric_status,Taken,turmeric_statusTaken,4.50580009159449,-0.260356152329717,1.29814237205267,0.00101074637365887,0.705334886031317,0.00202047113908587,0.78543811624494,,abundance,40,37
k__Bacteria|p__Firmicutes|c__Clostridia|o__Eubacteriales|f__Oscillospiraceae|g__GGB13489|s__GGB13489_SGB15224|t__SGB15224,timepoint,2_weeks,timepoint2_weeks,-2.90308738592415,0.115356323157511,0.378979020353776,0.00164797870568065,0.705334886031317,0.00329324157754692,0.78543811624494,,abundance,40,13
k__Bacteria|p__Firmicutes|c__Clostridia|o__Eubacteriales|f__Lachnospiraceae|g__Lachnospira|s__Lachnospira_eligens|t__SGB5082,turmeric_status,Taken,turmeric_statusTaken,-5.63860107881155,-0.260356152329717,1.09126452117525,0.00293950214793708,0.838737946211379,0.00587036362299643,0.933387816056432,,abundance,40,9
k__Bacteria|p__Actinobacteria|c__Actinomycetia|o__Bifidobacteriales|f__Bifidobacteriaceae|g__Bifidobacterium|s__Bifidobacterium_bifidum|t__SGB17256,timepoint,2_weeks,timepoint2_weeks,-0.858076494904402,0.115356323157511,2.36445428383695,0.752154623596961,1,0.938572669395636,0.999999999965202,,abundance,40,5
k__Bacteria|p__Actinobacteria|c__Actinomycetia|o__Bifidobacteriales|f__Bifidobacteriaceae|g__Bifidobacterium|s__Bifidobacterium_bifidum|t__SGB17256,turmeric_status,Taken,turmeric_statusTaken,0.740818871264825,-0.260356152329717,2.91122297713285,0.762878057018549,1,0.929066757042303,0.999999999965202,,abundance,40,5
k__Bacteria|p__Actinobacteria|c__Actinomycetia|o__Bifidobacteriales|f__Bifidobacteriaceae|g__Bifidobacterium|s__Bifidobacterium_longum|t__SGB17248,timepoint,2_weeks,timepoint2_weeks,-0.0137497272565414,0.115356323157511,0.611196501451104,0.839291242760763,1,0.388208619135788,0.999999999965202,,abundance,40,34
k__Bacteria|p__Actinobacteria|c__Actinomycetia|o__Bifidobacteriales|f__Bifidobacteriaceae|g__Bifidobacterium|s__Bifidobacterium_longum|t__SGB17248,timepoint,6_months,timepoint6_months,0.303498616865528,-0.170698946788675,1.02417726025697,0.649383789052011,1,0.877068272620475,0.999999999965202,,abundance,40,34
k__Bacteria|p__Actinobacteria|c__Actinomycetia|o__Bifidobacteriales|f__Bifidobacteriaceae|g__Bifidobacterium|s__Bifidobacterium_longum|t__SGB17248,turmeric_status,Taken,turmeric_statusTaken,-1.62155112795175,-0.260356152329717,1.18358104609784,0.269747550852991,1,0.466731360514794,0.999999999965202,,abundance,40,34
k__Bacteria|p__Actinobacteria|c__Actinomycetia|o__Bifidobacteriales|f__Bifidobacteriaceae|g__Bifidobacterium|s__Bifidobacterium_pseudocatenulatum|t__SGB17237,timepoint,2_weeks,timepoint2_weeks,0.315191363346523,0.115356323157511,0.319020032961554,0.65055244416032,1,0.877886405717673,0.999999999965202,,abundance,40,7
k__Bacteria|p__Actinobacteria|c__Actinomycetia|o__Bifidobacteriales|f__Bifidobacteriaceae|g__Bifidobacterium|s__Bifidobacterium_pseudocatenulatum|t__SGB17237,timepoint,6_months,timepoint6_months,1.55300673976833,-0.170698946788675,0.420358816211087,0.136473850080208,1,0.254322588404701,0.999999999965202,,abundance,40,7
k__Bacteria|p__Actinobacteria|c__Actinomycetia|o__Bifidobacteriales|f__Bifidobacteriaceae|g__Bifidobacterium|s__Bifidobacterium_pseudocatenulatum|t__SGB17237,turmeric_status,Taken,turmeric_statusTaken,-1.30366786219557,-0.260356152329717,0.537758896710309,0.278949210495106,1,0.480085758954369,0.999999999965202,,abundance,40,7
k__Bacteria|p__Actinobacteria|c__CFGB12107|o__OFGB12107|f__FGB12107|g__GGB34797|s__GGB34797_SGB14322|t__SGB14322,timepoint,2_weeks,timepoint2_weeks,0.107588294970956,0.115356323157511,0.907837089872141,0.993359093035081,1,0.743649563722694,0.999999999965202,,abundance,40,19
k__Bacteria|p__Actinobacteria|c__CFGB12107|o__OFGB12107|f__FGB12107|g__GGB34797|s__GGB34797_SGB14322|t__SGB14322,turmeric_status,Taken,turmeric_statusTaken,0.471850435403887,-0.260356152329717,1.06763498904874,0.509428124335053,1,0.759339234806576,0.999999999965202,,abundance,40,19
k__Bacteria|p__Actinobacteria|c__Coriobacteriia|o__Coriobacteriales|f__Coriobacteriaceae|g__Collinsella|s__Collinsella_bouchesdurhonensis|t__SGB14397,timepoint,2_weeks,timepoint2_weeks,1.14976928924363,0.115356323157511,0.675742508386944,0.235431125999053,1,0.415434436908924,0.999999999965202,,abundance,40,8
k__Bacteria|p__Actinobacteria|c__Coriobacteriia|o__Coriobacteriales|f__Coriobacteriaceae|g__Collinsella|s__Collinsella_bouchesdurhonensis|t__SGB14397,turmeric_status,Taken,turmeric_statusTaken,0.327311957469104,-0.260356152329717,0.778376314649371,0.51662041347237,1,0.766344175328377,0.999999999965202,,abundance,40,8
k__Bacteria|p__Actinobacteria|c__Coriobacteriia|o__Coriobacteriales|f__Coriobacteriaceae|g__Senegalimassilia|s__Senegalimassilia_anaerobia|t__SGB14824_group,timepoint,2_weeks,timepoint2_weeks,0.288044081518262,0.115356323157511,0.862662623453463,0.84740000778633,1,0.542869193179235,0.999999999965202,,abundance,40,11
k__Bacteria|p__Actinobacteria|c__Coriobacteriia|o__Coriobacteriales|f__Coriobacteriaceae|g__Senegalimassilia|s__Senegalimassilia_anaerobia|t__SGB14824_group,timepoint,6_months,timepoint6_months,0.282046819372591,-0.170698946788675,1.31773892372823,0.740542831965557,1,0.902995032708205,0.999999999965202,,abundance,40,11
k__Bacteria|p__Actinobacteria|c__Coriobacteriia|o__Coriobacteriales|f__Coriobacteriaceae|g__Senegalimassilia|s__Senegalimassilia_anaerobia|t__SGB14824_group,turmeric_status,Taken,turmeric_statusTaken,-0.24033278862068,-0.260356152329717,1.72532524690692,0.991051975846572,1,0.814780510123294,0.999999999965202,,abundance,40,11
k__Bacteria|p__Actinobacteria|c__Coriobacteriia|o__Eggerthellales|f__Eggerthellaceae|g__Adlercreutzia|s__Adlercreutzia_equolifaciens|t__SGB14797,timepoint,2_weeks,timepoint2_weeks,1.35369742196857,0.115356323157511,0.584587677559166,0.0593386460774492,1,0.115156217236594,0.999999999965202,,abundance,40,23
k__Bacteria|p__Actinobacteria|c__Coriobacteriia|o__Eggerthellales|f__Eggerthellaceae|g__Adlercreutzia|s__Adlercreutzia_equolifaciens|t__SGB14797,timepoint,6_months,timepoint6_months,2.27465385883943,-0.170698946788675,0.96490342065898,0.0252528392763519,1,0.0498679726611865,0.999999999965202,,abundance,40,23
k__Bacteria|p__Actinobacteria|c__Coriobacteriia|o__Eggerthellales|f__Eggerthellaceae|g__Adlercreutzia|s__Adlercreutzia_equolifaciens|t__SGB14797,turmeric_status,Taken,turmeric_statusTaken,-0.370426075417766,-0.260356152329717,1.11243934789062,0.923015692244096,1,0.905716284511585,0.999999999965202,,abundance,40,23
k__Bacteria|p__Actinobacteria|c__Coriobacteriia|o__Eggerthellales|f__Eggerthellaceae|g__Gordonibacter|s__Gordonibacter_pamelaeae|t__SGB14807,timepoint,2_weeks,timepoint2_weeks,-1.40205223118624,0.115356323157511,1.37286484972937,0.320014887771075,1,0.537620247147017,0.999999999965202,,abundance,40,9
k__Bacteria|p__Actinobacteria|c__Coriobacteriia|o__Eggerthellales|f__Eggerthellaceae|g__Gordonibacter|s__Gordonibacter_pamelaeae|t__SGB14807,timepoint,6_months,timepoint6_months,0.513618962227213,-0.170698946788675,2.00966836049906,0.746170408562331,1,0.935570538510586,0.999999999965202,,abundance,40,9
k__Bacteria|p__Actinobacteria|c__Coriobacteriia|o__Eggerthellales|f__Eggerthellaceae|g__Gordonibacter|s__Gordonibacter_pamelaeae|t__SGB14807,turmeric_status,Taken,turmeric_statusTaken,-4.09482906423229,-0.260356152329717,2.54205174430135,0.192222785163699,1,0.347495971191308,0.999999999965202,,abundance,40,9
k__Bacteria|p__Bacteria_unclassified|c__CFGB2989|o__OFGB2989|f__FGB2989|g__GGB9365|s__GGB9365_SGB14341|t__SGB14341,timepoint,2_weeks,timepoint2_weeks,-0.0477574972837625,0.115356323157511,0.750480562678248,0.842366719575526,1,0.923384826166057,0.999999999965202,,abundance,40,15
k__Bacteria|p__Bacteria_unclassified|c__CFGB2989|o__OFGB2989|f__FGB2989|g__GGB9365|s__GGB9365_SGB14341|t__SGB14341,timepoint,6_months,timepoint6_months,2.15085408498889,-0.170698946788675,1.36651967000048,0.17672047080799,1,0.322210816813382,0.999999999965202,,abundance,40,15
k__Bacteria|p__Bacteria_unclassified|c__CFGB2989|o__OFGB2989|f__FGB2989|g__GGB9365|s__GGB9365_SGB14341|t__SGB14341,turmeric_status,Taken,turmeric_statusTaken,-3.25313115451062,-0.260356152329717,1.52796603132089,0.120245243325317,1,0.226031568108269,0.999999999965202,,abundance,40,15
k__Bacteria|p__Bacteroidetes|c__Bacteroidia|o__Bacteroidales|f__Bacteroidaceae|g__Bacteroides|s__Bacteroides_caccae|t__SGB1877,timepoint,2_weeks,timepoint2_weeks,-2.07035002263908,0.115356323157511,1.20117597047012,0.0951558704329729,1,0.181257101188089,0.999999999965202,,abundance,40,16
k__Bacteria|p__Bacteroidetes|c__Bacteroidia|o__Bacteroidales|f__Bacteroidaceae|g__Bacteroides|s__Bacteroides_caccae|t__SGB1877,timepoint,6_months,timepoint6_months,-1.95226452946272,-0.170698946788675,1.73107881491772,0.323742869267318,1,0.542676293133201,0.999999999965202,,abundance,40,16
k__Bacteria|p__Bacteroidetes|c__Bacteroidia|o__Bacteroidales|f__Bacteroidaceae|g__Bacteroides|s__Bacteroides_caccae|t__SGB1877,turmeric_status,Taken,turmeric_statusTaken,0.677381712134384,-0.260356152329717,2.64426656776497,0.728546094755723,1,0.247038494070893,0.999999999965202,,abundance,40,16
k__Bacteria|p__Bacteroidetes|c__Bacteroidia|o__Bacteroidales|f__Bacteroidaceae|g__Bacteroides|s__Bacteroides_cellulosilyticus|t__SGB1844,timepoint,2_weeks,timepoint2_weeks,0.620525419975032,0.115356323157511,1.43238807171581,0.734304799448568,1,0.929406060403934,0.999999999965202,,abundance,40,14
k__Bacteria|p__Bacteroidetes|c__Bacteroidia|o__Bacteroidales|f__Bacteroidaceae|g__Bacteroides|s__Bacteroides_cellulosilyticus|t__SGB1844,timepoint,6_months,timepoint6_months,1.60418696579961,-0.170698946788675,1.79225769041743,0.352194337685754,1,0.580347823873601,0.999999999965202,,abundance,40,14
k__Bacteria|p__Bacteroidetes|c__Bacteroidia|o__Bacteroidales|f__Bacteroidaceae|g__Bacteroides|s__Bacteroides_cellulosilyticus|t__SGB1844,turmeric_status,Taken,turmeric_statusTaken,-4.98353712060307,-0.260356152329717,2.00721002011461,0.0419405984952485,1,0.0821221831883573,0.999999999965202,,abundance,40,14
k__Bacteria|p__Bacteroidetes|c__Bacteroidia|o__Bacteroidales|f__Bacteroidaceae|g__Bacteroides|s__Bacteroides_eggerthii|t__SGB1829,timepoint,2_weeks,timepoint2_weeks,-1.1439211056757,0.115356323157511,1.65098996460707,0.500742734804775,1,0.750742183149785,0.999999999965202,,abundance,40,6
k__Bacteria|p__Bacteroidetes|c__Bacteroidia|o__Bacteroidales|f__Bacteroidaceae|g__Bacteroides|s__Bacteroides_eggerthii|t__SGB1829,turmeric_status,Taken,turmeric_statusTaken,-4.66860807495637,-0.260356152329717,1.65098996460707,0.0773994359822791,1,0.148808199274183,0.999999999965202,,abundance,40,6
k__Bacteria|p__Bacteroidetes|c__Bacteroidia|o__Bacteroidales|f__Bacteroidaceae|g__Bacteroides|s__Bacteroides_faecis|t__SGB1860,timepoint,2_weeks,timepoint2_weeks,-0.465710538618166,0.115356323157511,0.951206439224242,0.567033594363651,1,0.812540091590341,0.999999999965202,,abundance,40,13
k__Bacteria|p__Bacteroidetes|c__Bacteroidia|o__Bacteroidales|f__Bacteroidaceae|g__Bacteroides|s__Bacteroides_faecis|t__SGB1860,timepoint,6_months,timepoint6_months,-0.508431867804594,-0.170698946788675,1.43061293850107,0.818421209434904,1,0.233713025461953,0.999999999965202,,abundance,40,13
k__Bacteria|p__Bacteroidetes|c__Bacteroidia|o__Bacteroidales|f__Bacteroidaceae|g__Bacteroides|s__Bacteroides_faecis|t__SGB1860,turmeric_status,Taken,turmeric_statusTaken,-0.0439801418470214,-0.260356152329717,1.52268884867056,0.891450055339308,1,0.462324357208205,0.999999999965202,,abundance,40,13
k__Bacteria|p__Bacteroidetes|c__Bacteroidia|o__Bacteroidales|f__Bacteroidaceae|g__Bacteroides|s__Bacteroides_ovatus|t__SGB1871,timepoint,2_weeks,timepoint2_weeks,1.72584261676255,0.115356323157511,1.0173868577074,0.199284893300052,1,0.358855317902491,0.999999999965202,,abundance,40,10
k__Bacteria|p__Bacteroidetes|c__Bacteroidia|o__Bacteroidales|f__Bacteroidaceae|g__Bacteroides|s__Bacteroides_ovatus|t__SGB1871,timepoint,6_months,timepoint6_months,0.91468572920132,-0.170698946788675,1.09103578398522,0.394039991632607,1,0.509899806365302,0.999999999965202,,abundance,40,10
k__Bacteria|p__Bacteroidetes|c__Bacteroidia|o__Bacteroidales|f__Bacteroidaceae|g__Bacteroides|s__Bacteroides_ovatus|t__SGB1871,turmeric_status,Taken,turmeric_statusTaken,-2.28753100780449,-0.260356152329717,1.83465964837125,0.328685949675851,1,0.298484517432112,0.999999999965202,,abundance,40,10
k__Bacteria|p__Bacteroidetes|c__Bacteroidia|o__Bacteroidales|f__Bacteroidaceae|g__Bacteroides|s__Bacteroides_stercoris|t__SGB1830,timepoint,2_weeks,timepoint2_weeks,0.982161282685559,0.115356323157511,1.14240010197624,0.470472240016551,1,0.719600351406911,0.999999999965202,,abundance,40,17
k__Bacteria|p__Bacteroidetes|c__Bacteroidia|o__Bacteroidales|f__Bacteroidaceae|g__Bacteroides|s__Bacteroides_stercoris|t__SGB1830,timepoint,6_months,timepoint6_months,-1.32924399961675,-0.170698946788675,1.76464529734444,0.527452477492829,1,0.776698838972335,0.999999999965202,,abundance,40,17
k__Bacteria|p__Bacteroidetes|c__Bacteroidia|o__Bacteroidales|f__Bacteroidaceae|g__Bacteroides|s__Bacteroides_stercoris|t__SGB1830,turmeric_status,Taken,turmeric_statusTaken,1.82969839922554,-0.260356152329717,2.32952465050995,0.392225523895906,1,0.519149511192547,0.999999999965202,,abundance,40,17
k__Bacteria|p__Bacteroidetes|c__Bacteroidia|o__Bacteroidales|f__Bacteroidaceae|g__Bacteroides|s__Bacteroides_uniformis|t__SGB1836,timepoint,2_weeks,timepoint2_weeks,0.0927009698865566,0.115356323157511,0.743084675099335,0.976048589710318,1,0.976048589710318,0.999999999965202,,abundance,40,40
k__Bacteria|p__Bacteroidetes|c__Bacteroidia|o__Bacteroidales|f__Bacteroidaceae|g__Bacteroides|s__Bacteroides_uniformis|t__SGB1836,timepoint,6_months,timepoint6_months,1.10615881435944,-0.170698946788675,1.32319014573182,0.34198861992933,1,0.34198861992933,0.999999999965202,,abundance,40,40
k__Bacteria|p__Bacteroidetes|c__Bacteroidia|o__Bacteroidales|f__Bacteroidaceae|g__Bacteroides|s__Bacteroides_uniformis|t__SGB1836,turmeric_status,Taken,turmeric_statusTaken,-2.04600955493165,-0.260356152329717,1.46376226646178,0.233816462752341,1,0.233816462752341,0.999999999965202,,abundance,40,40
k__Bacteria|p__Bacteroidetes|c__Bacteroidia|o__Bacteroidales|f__Bacteroidaceae|g__Bacteroides|s__Bacteroides_xylanisolvens|t__SGB1867,timepoint,2_weeks,timepoint2_weeks,0.870535404579907,0.115356323157511,1.16291297548373,0.5404100553837,1,0.788777082807586,0.999999999965202,,abundance,40,9
k__Bacteria|p__Bacteroidetes|c__Bacteroidia|o__Bacteroidales|f__Bacteroidaceae|g__Bacteroides|s__Bacteroides_xylanisolvens|t__SGB1867,turmeric_status,Taken,turmeric_statusTaken,0.901699804542806,-0.260356152329717,1.74436946322559,0.53011069943115,1,0.779204045210916,0.999999999965202,,abundance,40,9
k__Bacteria|p__Bacteroidetes|c__Bacteroidia|o__Bacteroidales|f__Bacteroidaceae|g__GGB1387|s__GGB1387_SGB1895|t__SGB1895,timepoint,2_weeks,timepoint2_weeks,-1.22860977986409,0.115356323157511,0.444796467446686,0.212285292571921,1,0.379505539701495,0.999999999965202,,abundance,40,6
k__Bacteria|p__Bacteroidetes|c__Bacteroidia|o__Bacteroidales|f__Bacteroidaceae|g__GGB1387|s__GGB1387_SGB1895|t__SGB1895,timepoint,6_months,timepoint6_months,-1.26416999035488,-0.170698946788675,0.587812890273761,0.326319000043228,1,0.546153910297243,0.999999999965202,,abundance,40,6
k__Bacteria|p__Bacteroidetes|c__Bacteroidia|o__Bacteroidales|f__Bacteroidaceae|g__GGB1387|s__GGB1387_SGB1895|t__SGB1895,turmeric_status,Taken,turmeric_statusTaken,-0.922936913122369,-0.260356152329717,0.768583363127103,0.553314838128785,1,0.800472366164086,0.999999999965202,,abundance,40,6
k__Bacteria|p__Bacteroidetes|c__Bacteroidia|o__Bacteroidales|f__Bacteroidaceae|g__Phocaeicola|s__Phocaeicola_dorei|t__SGB1815,timepoint,2_weeks,timepoint2_weeks,-1.89474872962823,0.115356323157511,1.36857348950959,0.168072208283453,1,0.30789614936963,0.999999999965202,,abundance,40,23
k__Bacteria|p__Bacteroidetes|c__Bacteroidia|o__Bacteroidales|f__Bacteroidaceae|g__Phocaeicola|s__Phocaeicola_dorei|t__SGB1815,timepoint,6_months,timepoint6_months,-1.63254012027258,-0.170698946788675,1.90127226875452,0.453499417351238,1,0.701337113164563,0.999999999965202,,abundance,40,23
k__Bacteria|p__Bacteroidetes|c__Bacteroidia|o__Bacteroidales|f__Bacteroidaceae|g__Phocaeicola|s__Phocaeicola_dorei|t__SGB1815,turmeric_status,Taken,turmeric_statusTaken,-0.247372668968702,-0.260356152329717,2.23953344523914,0.995431417183405,1,0.986111882533144,0.999999999965202,,abundance,40,23
k__Bacteria|p__Bacteroidetes|c__Bacteroidia|o__Bacteroidales|f__Bacteroidaceae|g__Phocaeicola|s__Phocaeicola_massiliensis|t__SGB1812,timepoint,2_weeks,timepoint2_weeks,2.5706651730281,0.115356323157511,2.00796477448635,0.256031188480505,1,0.446510407486271,0.999999999965202,,abundance,40,12
k__Bacteria|p__Bacteroidetes|c__Bacteroidia|o__Bacteroidales|f__Bacteroidaceae|g__Phocaeicola|s__Phocaeicola_massiliensis|t__SGB1812,timepoint,6_months,timepoint6_months,2.82087564125299,-0.170698946788675,3.27899274598283,0.386980080983424,1,0.62420657888891,0.999999999965202,,abundance,40,12
k__Bacteria|p__Bacteroidetes|c__Bacteroidia|o__Bacteroidales|f__Bacteroidaceae|g__Phocaeicola|s__Phocaeicola_massiliensis|t__SGB1812,turmeric_status,Taken,turmeric_statusTaken,-4.13927569182982,-0.260356152329717,3.66602533887315,0.320519126452265,1,0.538305742482807,0.999999999965202,,abundance,40,12
k__Bacteria|p__Bacteroidetes|c__Bacteroidia|o__Bacteroidales|f__Bacteroidaceae|g__Phocaeicola|s__Phocaeicola_vulgatus|t__SGB1814,timepoint,2_weeks,timepoint2_weeks,0.400352201356429,0.115356323157511,0.845043337667158,0.740965800102048,1,0.932901283283228,0.999999999965202,,abundance,40,30
k__Bacteria|p__Bacteroidetes|c__Bacteroidia|o__Bacteroidales|f__Bacteroidaceae|g__Phocaeicola|s__Phocaeicola_vulgatus|t__SGB1814,timepoint,6_months,timepoint6_months,-0.360087376947168,-0.170698946788675,1.55834544393526,0.903843248674844,1,0.990753879174592,0.999999999965202,,abundance,40,30
k__Bacteria|p__Bacteroidetes|c__Bacteroidia|o__Bacteroidales|f__Bacteroidaceae|g__Phocaeicola|s__Phocaeicola_vulgatus|t__SGB1814,turmeric_status,Taken,turmeric_statusTaken,-0.242070225361998,-0.260356152329717,1.69033639654859,0.991446817014027,1,0.991048145866448,0.999999999965202,,abundance,40,30
k__Bacteria|p__Bacteroidetes|c__Bacteroidia|o__Bacteroidales|f__Barnesiellaceae|g__Barnesiella|s__Barnesiella_intestinihominis|t__SGB1965,timepoint,2_weeks,timepoint2_weeks,-0.768800377219407,0.115356323157511,0.896435376466389,0.3479776801976,1,0.574866894479497,0.999999999965202,,abundance,40,23
k__Bacteria|p__Bacteroidetes|c__Bacteroidia|o__Bacteroidales|f__Barnesiellaceae|g__Barnesiella|s__Barnesiella_intestinihominis|t__SGB1965,timepoint,6_months,timepoint6_months,-0.407355787794581,-0.170698946788675,2.66113203747225,0.929886428504764,1,0.674024306807087,0.999999999965202,,abundance,40,23
k__Bacteria|p__Bacteroidetes|c__Bacteroidia|o__Bacteroidales|f__Barnesiellaceae|g__Barnesiella|s__Barnesiella_intestinihominis|t__SGB1965,turmeric_status,Taken,turmeric_statusTaken,-0.661681893312705,-0.260356152329717,2.84651877885503,0.889166227374246,1,0.987715874845543,0.999999999965202,,abundance,40,23
k__Bacteria|p__Bacteroidetes|c__Bacteroidia|o__Bacteroidales|f__Prevotellaceae|g__Paraprevotella|s__Paraprevotella_clara|t__SGB1798,timepoint,2_weeks,timepoint2_weeks,2.70741832185236,0.115356323157511,1.30415462104348,0.118579441692243,1,0.223097799392442,0.999999999965202,,abundance,40,8
k__Bacteria|p__Bacteroidetes|c__Bacteroidia|o__Bacteroidales|f__Prevotellaceae|g__Paraprevotella|s__Paraprevotella_clara|t__SGB1798,timepoint,6_months,timepoint6_months,3.33903370232572,-0.170698946788675,1.68365637606028,0.106800768957594,1,0.202195133665254,0.999999999965202,,abundance,40,8
k__Bacteria|p__Bacteroidetes|c__Bacteroidia|o__Bacteroidales|f__Prevotellaceae|g__Paraprevotella|s__Paraprevotella_clara|t__SGB1798,turmeric_status,Taken,turmeric_statusTaken,-2.81580635620985,-0.260356152329717,2.12967557816619,0.296974447061277,1,0.505755071915203,0.999999999965202,,abundance,40,8
k__Bacteria|p__Bacteroidetes|c__Bacteroidia|o__Bacteroidales|f__Prevotellaceae|g__Prevotella|s__Prevotella_copri_clade_C|t__SGB1644,timepoint,2_weeks,timepoint2_weeks,-2.0040819062394,0.115356323157511,0.848969619037641,0.245371017628771,1,0.430535098965362,0.999999999965202,,abundance,40,5
k__Bacteria|p__Bacteroidetes|c__Bacteroidia|o__Bacteroidales|f__Prevotellaceae|g__Prevotella|s__Prevotella_copri_clade_C|t__SGB1644,turmeric_status,Taken,turmeric_statusTaken,-2.21231295785053,-0.260356152329717,1.05800740542261,0.276544359902844,1,0.476611936811614,0.999999999965202,,abundance,40,5
k__Bacteria|p__Bacteroidetes|c__Bacteroidia|o__Bacteroidales|f__Rikenellaceae|g__Alistipes|s__Alistipes_communis|t__SGB2290,timepoint,2_weeks,timepoint2_weeks,1.95134496713405,0.115356323157511,1.47042235866275,0.258996798757581,1,0.412473529070714,0.999999999965202,,abundance,40,14
k__Bacteria|p__Bacteroidetes|c__Bacteroidia|o__Bacteroidales|f__Rikenellaceae|g__Alistipes|s__Alistipes_communis|t__SGB2290,timepoint,6_months,timepoint6_months,-1.01112040705508,-0.170698946788675,1.84284740150513,0.657291210037921,1,0.708054305952879,0.999999999965202,,abundance,40,14
k__Bacteria|p__Bacteroidetes|c__Bacteroidia|o__Bacteroidales|f__Rikenellaceae|g__Alistipes|s__Alistipes_communis|t__SGB2290,turmeric_status,Taken,turmeric_statusTaken,1.43546278768482,-0.260356152329717,2.2724254244201,0.472514165246456,1,0.370993758893871,0.999999999965202,,abundance,40,14
k__Bacteria|p__Bacteroidetes|c__Bacteroidia|o__Bacteroidales|f__Rikenellaceae|g__Alistipes|s__Alistipes_ihumii|t__SGB2328,timepoint,2_weeks,timepoint2_weeks,-2.09989172019909,0.115356323157511,0.922456278364742,0.126179547320472,1,0.236437816478946,0.999999999965202,,abundance,40,13
k__Bacteria|p__Bacteroidetes|c__Bacteroidia|o__Bacteroidales|f__Rikenellaceae|g__Alistipes|s__Alistipes_ihumii|t__SGB2328,timepoint,6_months,timepoint6_months,-3.30904181933193,-0.170698946788675,2.47736623338923,0.23913841081903,1,0.421089642109009,0.999999999965202,,abundance,40,13
k__Bacteria|p__Bacteroidetes|c__Bacteroidia|o__Bacteroidales|f__Rikenellaceae|g__Alistipes|s__Alistipes_ihumii|t__SGB2328,turmeric_status,Taken,turmeric_statusTaken,-1.19260935781072,-0.260356152329717,2.8261919443514,0.748757198539065,1,0.732169185767063,0.999999999965202,,abundance,40,13
k__Bacteria|p__Bacteroidetes|c__Bacteroidia|o__Bacteroidales|f__Rikenellaceae|g__Alistipes|s__Alistipes_indistinctus|t__SGB2325,timepoint,2_weeks,timepoint2_weeks,-0.603249421800798,0.115356323157511,0.389720694666695,0.222634117609991,1,0.395702284896002,0.999999999965202,,abundance,40,7
k__Bacteria|p__Bacteroidetes|c__Bacteroidia|o__Bacteroidales|f__Rikenellaceae|g__Alistipes|s__Alistipes_indistinctus|t__SGB2325,turmeric_status,Taken,turmeric_statusTaken,-4.05806395594778,-0.260356152329717,0.614462234467207,0.0277884359011076,1,0.0548046746323853,0.999999999965202,,abundance,40,7
k__Bacteria|p__Bacteroidetes|c__Bacteroidia|o__Bacteroidales|f__Rikenellaceae|g__Alistipes|s__Alistipes_onderdonkii|t__SGB2303,timepoint,2_weeks,timepoint2_weeks,-2.1386860880816,0.115356323157511,0.865151901110803,0.042144443606584,1,0.0825127330862594,0.999999999965202,,abundance,40,22
k__Bacteria|p__Bacteroidetes|c__Bacteroidia|o__Bacteroidales|f__Rikenellaceae|g__Alistipes|s__Alistipes_onderdonkii|t__SGB2303,timepoint,6_months,timepoint6_months,2.75214242821156,-0.170698946788675,1.51184915339262,0.0746334223286851,1,0.143696696928878,0.999999999965202,,abundance,40,22
k__Bacteria|p__Bacteroidetes|c__Bacteroidia|o__Bacteroidales|f__Rikenellaceae|g__Alistipes|s__Alistipes_onderdonkii|t__SGB2303,turmeric_status,Taken,turmeric_statusTaken,-3.4156589175662,-0.260356152329717,1.64307382561347,0.0789687964451507,1,0.151701522078306,0.999999999965202,,abundance,40,22
k__Bacteria|p__Bacteroidetes|c__Bacteroidia|o__Bacteroidales|f__Rikenellaceae|g__Alistipes|s__Alistipes_putredinis|t__SGB2318,timepoint,2_weeks,timepoint2_weeks,-0.183725044509456,0.115356323157511,0.513964241974015,0.573750329596449,1,0.818311218480864,0.999999999965202,,abundance,40,33
k__Bacteria|p__Bacteroidetes|c__Bacteroidia|o__Bacteroidales|f__Rikenellaceae|g__Alistipes|s__Alistipes_putredinis|t__SGB2318,timepoint,6_months,timepoint6_months,-0.19519760324646,-0.170698946788675,0.782651371889057,0.975420040412016,1,0.109631350710137,0.999999999965202,,abundance,40,33
k__Bacteria|p__Bacteroidetes|c__Bacteroidia|o__Bacteroidales|f__Rikenellaceae|g__Alistipes|s__Alistipes_putredinis|t__SGB2318,turmeric_status,Taken,turmeric_statusTaken,-1.30937978233537,-0.260356152329717,0.843200811161049,0.233460470191019,1,0.162322861344524,0.999999999965202,,abundance,40,33
k__Bacteria|p__Bacteroidetes|c__Bacteroidia|o__Bacteroidales|f__Rikenellaceae|g__Alistipes|s__Alistipes_shahii|t__SGB2295,timepoint,2_weeks,timepoint2_weeks,-0.577850981525545,0.115356323157511,0.655538359931388,0.308456663019276,1,0.521767813077564,0.999999999965202,,abundance,40,26
k__Bacteria|p__Bacteroidetes|c__Bacteroidia|o__Bacteroidales|f__Rikenellaceae|g__Alistipes|s__Alistipes_shahii|t__SGB2295,timepoint,6_months,timepoint6_months,-0.371509429259809,-0.170698946788675,0.93919033193266,0.832832327707154,1,0.972054969340192,0.999999999965202,,abundance,40,26
k__Bacteria|p__Bacteroidetes|c__Bacteroidia|o__Bacteroidales|f__Rikenellaceae|g__Alistipes|s__Alistipes_shahii|t__SGB2295,turmeric_status,Taken,turmeric_statusTaken,-0.827594720036975,-0.260356152329717,1.08968497186912,0.610657435311182,1,0.848412367321534,0.999999999965202,,abundance,40,26
k__Bacteria|p__Bacteroidetes|c__Bacteroidia|o__Bacteroidales|f__Tannerellaceae|g__Parabacteroides|s__Parabacteroides_distasonis|t__SGB1934,timepoint,2_weeks,timepoint2_weeks,0.110337254035993,0.115356323157511,0.504342253363348,0.992323577192872,1,0.402773439581202,0.999999999965202,,abundance,40,33
k__Bacteria|p__Bacteroidetes|c__Bacteroidia|o__Bacteroidales|f__Tannerellaceae|g__Parabacteroides|s__Parabacteroides_distasonis|t__SGB1934,timepoint,6_months,timepoint6_months,0.837420974531427,-0.170698946788675,0.831889633756774,0.248342315968592,1,0.43501072603654,0.999999999965202,,abundance,40,33
k__Bacteria|p__Bacteroidetes|c__Bacteroidia|o__Bacteroidales|f__Tannerellaceae|g__Parabacteroides|s__Parabacteroides_distasonis|t__SGB1934,turmeric_status,Taken,turmeric_statusTaken,-2.49544198528832,-0.260356152329717,0.967613662449195,0.0356037717537568,1,0.0699399149444199,0.999999999965202,,abundance,40,33
k__Bacteria|p__Bacteroidetes|c__Bacteroidia|o__Bacteroidales|f__Tannerellaceae|g__Parabacteroides|s__Parabacteroides_merdae|t__SGB1949,timepoint,2_weeks,timepoint2_weeks,0.407678251670459,0.115356323157511,0.71288989379944,0.687925802306695,1,0.90260969513408,0.999999999965202,,abundance,40,24
k__Bacteria|p__Bacteroidetes|c__Bacteroidia|o__Bacteroidales|f__Tannerellaceae|g__Parabacteroides|s__Parabacteroides_merdae|t__SGB1949,timepoint,6_months,timepoint6_months,0.309370282190528,-0.170698946788675,0.978076865191979,0.6305419281781,1,0.863500733165644,0.999999999965202,,abundance,40,24
k__Bacteria|p__Bacteroidetes|c__Bacteroidia|o__Bacteroidales|f__Tannerellaceae|g__Parabacteroides|s__Parabacteroides_merdae|t__SGB1949,turmeric_status,Taken,turmeric_statusTaken,-0.918581041732088,-0.260356152329717,1.12052781755684,0.566942796464591,1,0.812461458466091,0.999999999965202,,abundance,40,24
k__Bacteria|p__Bacteroidetes|c__CFGB1670|o__OFGB1670|f__FGB1670|g__GGB47687|s__GGB47687_SGB2286|t__SGB2286,timepoint,2_weeks,timepoint2_weeks,-0.397591109288878,0.115356323157511,0.263693261333195,0.332814763424735,1,0.554863860096008,0.999999999965202,,abundance,40,5
k__Bacteria|p__Bacteroidetes|c__CFGB1670|o__OFGB1670|f__FGB1670|g__GGB47687|s__GGB47687_SGB2286|t__SGB2286,turmeric_status,Taken,turmeric_statusTaken,-0.94178232866346,-0.260356152329717,0.348353112357009,0.345637046404938,1,0.571809124962346,0.999999999965202,,abundance,40,5
k__Bacteria|p__Bacteroidetes|c__CFGB4405|o__OFGB4405|f__FGB4405|g__GGB1266|s__GGB1266_SGB1699|t__SGB1699,timepoint,2_weeks,timepoint2_weeks,-1.29328720056701,0.115356323157511,0.496145620182633,0.11467414930385,1,0.216198138089139,0.999999999965202,,abundance,40,9
k__Bacteria|p__Bacteroidetes|c__CFGB4405|o__OFGB4405|f__FGB4405|g__GGB1266|s__GGB1266_SGB1699|t__SGB1699,timepoint,6_months,timepoint6_months,-2.2088173367383,-0.170698946788675,0.783620878283554,0.129537357991267,1,0.242294788867176,0.999999999965202,,abundance,40,9
k__Bacteria|p__Bacteroidetes|c__CFGB4405|o__OFGB4405|f__FGB4405|g__GGB1266|s__GGB1266_SGB1699|t__SGB1699,turmeric_status,Taken,turmeric_statusTaken,1.90970179909005,-0.260356152329717,1.05057299287886,0.182565987579881,1,0.331801635338744,0.999999999965202,,abundance,40,9
k__Bacteria|p__Firmicutes|c__Bacilli|o__Lactobacillales|f__Streptococcaceae|g__Streptococcus|s__Streptococcus_parasanguinis|t__SGB8071,timepoint,2_weeks,timepoint2_weeks,0.974605171214608,0.115356323157511,0.699328336511506,0.325739487533594,1,0.54537276132854,0.999999999965202,,abundance,40,9
k__Bacteria|p__Firmicutes|c__Bacilli|o__Lactobacillales|f__Streptococcaceae|g__Streptococcus|s__Streptococcus_parasanguinis|t__SGB8071,timepoint,6_months,timepoint6_months,1.43848952893969,-0.170698946788675,0.869399291942616,0.246245772067047,1,0.431854563873198,0.999999999965202,,abundance,40,9
k__Bacteria|p__Firmicutes|c__Bacilli|o__Lactobacillales|f__Streptococcaceae|g__Streptococcus|s__Streptococcus_parasanguinis|t__SGB8071,turmeric_status,Taken,turmeric_statusTaken,-0.632230118487324,-0.260356152329717,1.02709886346235,0.756206904344195,1,0.94056492651056,0.999999999965202,,abundance,40,9
k__Bacteria|p__Firmicutes|c__Bacilli|o__Lactobacillales|f__Streptococcaceae|g__Streptococcus|s__Streptococcus_thermophilus|t__SGB8002,timepoint,2_weeks,timepoint2_weeks,-0.808287238161694,0.115356323157511,1.29740505239879,0.494204293127023,1,0.394784196759323,0.999999999965202,,abundance,40,13
k__Bacteria|p__Firmicutes|c__Bacilli|o__Lactobacillales|f__Streptococcaceae|g__Streptococcus|s__Streptococcus_thermophilus|t__SGB8002,turmeric_status,Taken,turmeric_statusTaken,-0.340641715355041,-0.260356152329717,1.44807640545159,0.957278907193942,1,0.998174908229456,0.999999999965202,,abundance,40,13
k__Bacteria|p__Firmicutes|c__CFGB1354|o__OFGB1354|f__FGB1354|g__GGB3304|s__GGB3304_SGB4367|t__SGB4367,timepoint,2_weeks,timepoint2_weeks,0.69317041597953,0.115356323157511,2.6684181792601,0.848284781702673,1,0.585152091989253,0.999999999965202,,abundance,40,5
k__Bacteria|p__Firmicutes|c__CFGB1354|o__OFGB1354|f__FGB1354|g__GGB3304|s__GGB3304_SGB4367|t__SGB4367,turmeric_status,Taken,turmeric_statusTaken,-1.34888532126411,-0.260356152329717,2.6684181792601,0.722361662543864,1,0.922916953574593,0.999999999965202,,abundance,40,5
k__Bacteria|p__Firmicutes|c__CFGB14936|o__OFGB14936|f__FGB14936|g__GGB3256|s__GGB3256_SGB4303|t__SGB4303,timepoint,2_weeks,timepoint2_weeks,0.268354089944658,0.115356323157511,0.175109534075386,0.537239297709337,1,0.76950393335682,0.999999999965202,,abundance,40,11
k__Bacteria|p__Firmicutes|c__CFGB14936|o__OFGB14936|f__FGB14936|g__GGB3256|s__GGB3256_SGB4303|t__SGB4303,timepoint,6_months,timepoint6_months,1.24555550719276,-0.170698946788675,3.09475633431702,0.66961300703603,1,0.409094154110709,0.999999999965202,,abundance,40,11
k__Bacteria|p__Firmicutes|c__CFGB14936|o__OFGB14936|f__FGB14936|g__GGB3256|s__GGB3256_SGB4303|t__SGB4303,turmeric_status,Taken,turmeric_statusTaken,-0.460101978201257,-0.260356152329717,3.09760653371423,0.951544933354015,1,0.524095883590097,0.999999999965202,,abundance,40,11
k__Bacteria|p__Firmicutes|c__CFGB2949|o__OFGB2949|f__FGB2949|g__GGB9290|s__GGB9290_SGB14247|t__SGB14247,timepoint,2_weeks,timepoint2_weeks,4.01781619510188,0.115356323157511,2.18309704135072,0.34471647539054,1,0.305169960509497,0.999999999965202,,abundance,40,6
k__Bacteria|p__Firmicutes|c__CFGB2949|o__OFGB2949|f__FGB2949|g__GGB9290|s__GGB9290_SGB14247|t__SGB14247,turmeric_status,Taken,turmeric_statusTaken,2.38796170024657,-0.260356152329717,2.19748663197367,0.462145584451699,1,0.710712627675196,0.999999999965202,,abundance,40,6
k__Bacteria|p__Firmicutes|c__CFGB3005|o__OFGB3005|f__FGB3005|g__GGB9468|s__GGB9468_SGB14861|t__SGB14861,timepoint,2_weeks,timepoint2_weeks,0.402590595048715,0.115356323157511,0.541906318367938,0.608342189221426,1,0.846604159256135,0.999999999965202,,abundance,40,37
k__Bacteria|p__Firmicutes|c__CFGB3005|o__OFGB3005|f__FGB3005|g__GGB9468|s__GGB9468_SGB14861|t__SGB14861,timepoint,6_months,timepoint6_months,0.263332799369604,-0.170698946788675,0.934423001025929,0.647316372551722,1,0.807662844627497,0.999999999965202,,abundance,40,37
k__Bacteria|p__Firmicutes|c__CFGB3005|o__OFGB3005|f__FGB3005|g__GGB9468|s__GGB9468_SGB14861|t__SGB14861,turmeric_status,Taken,turmeric_statusTaken,-0.367017282948291,-0.260356152329717,1.0506087912745,0.920412396755802,1,0.793997220021293,0.999999999965202,,abundance,40,37
k__Bacteria|p__Firmicutes|c__CFGB3035|o__OFGB3035|f__FGB3035|g__GGB9602|s__GGB9602_SGB15031|t__SGB15031,timepoint,2_weeks,timepoint2_weeks,-0.060486391348427,0.115356323157511,0.755859279858824,0.918600383192518,1,0.572885912551398,0.999999999965202,,abundance,40,7
k__Bacteria|p__Firmicutes|c__CFGB3035|o__OFGB3035|f__FGB3035|g__GGB9602|s__GGB9602_SGB15031|t__SGB15031,timepoint,6_months,timepoint6_months,3.52810655166603,-0.170698946788675,1.07879952835398,0.623601751620079,1,0.565330890954164,0.999999999965202,,abundance,40,7
k__Bacteria|p__Firmicutes|c__CFGB3035|o__OFGB3035|f__FGB3035|g__GGB9602|s__GGB9602_SGB15031|t__SGB15031,turmeric_status,Taken,turmeric_statusTaken,-3.14080273125095,-0.260356152329717,1.55064192846928,0.211414956345518,1,0.378133628924458,0.999999999965202,,abundance,40,7
k__Bacteria|p__Firmicutes|c__CFGB3054|o__OFGB3054|f__FGB3054|g__GGB9677|s__GGB9677_SGB15180|t__SGB15180,timepoint,2_weeks,timepoint2_weeks,-0.399852499279821,0.115356323157511,2.4720345006255,0.853975888175617,1,0.633245779898026,0.999999999965202,,abundance,40,5
k__Bacteria|p__Firmicutes|c__CFGB3054|o__OFGB3054|f__FGB3054|g__GGB9677|s__GGB9677_SGB15180|t__SGB15180,turmeric_status,Taken,turmeric_statusTaken,-5.02822849878165,-0.260356152329717,2.4720345006255,0.194825798511567,1,0.351694505257464,0.999999999965202,,abundance,40,5
k__Bacteria|p__Firmicutes|c__CFGB38642|o__OFGB38642|f__FGB38642|g__GGB9758|s__GGB9758_SGB15368|t__SGB15368,timepoint,2_weeks,timepoint2_weeks,-0.757404771392996,0.115356323157511,0.342283223400849,0.0443116147497927,1,0.0866597102978513,0.999999999965202,,abundance,40,22
k__Bacteria|p__Firmicutes|c__CFGB38642|o__OFGB38642|f__FGB38642|g__GGB9758|s__GGB9758_SGB15368|t__SGB15368,timepoint,6_months,timepoint6_months,2.36036072923414,-0.170698946788675,0.896379435884748,0.0231747898432896,1,0.0458125088022985,0.999999999965202,,abundance,40,22
k__Bacteria|p__Firmicutes|c__CFGB38642|o__OFGB38642|f__FGB38642|g__GGB9758|s__GGB9758_SGB15368|t__SGB15368,turmeric_status,Taken,turmeric_statusTaken,-2.55303079300501,-0.260356152329717,0.923715454402009,0.0407739192952146,1,0.0798853260957366,0.999999999965202,,abundance,40,22
k__Bacteria|p__Firmicutes|c__CFGB4806|o__OFGB4806|f__FGB4806|g__GGB51647|s__GGB51647_SGB4348|t__SGB4348,timepoint,2_weeks,timepoint2_weeks,-1.00697078731965,0.115356323157511,1.17437843317162,0.368245764290232,1,0.600886585662768,0.999999999965202,,abundance,40,12
k__Bacteria|p__Firmicutes|c__CFGB4806|o__OFGB4806|f__FGB4806|g__GGB51647|s__GGB51647_SGB4348|t__SGB4348,timepoint,6_months,timepoint6_months,-0.864582108486433,-0.170698946788675,1.91775195079978,0.725475666377965,1,0.807137611053461,0.999999999965202,,abundance,40,12
k__Bacteria|p__Firmicutes|c__CFGB4806|o__OFGB4806|f__FGB4806|g__GGB51647|s__GGB51647_SGB4348|t__SGB4348,turmeric_status,Taken,turmeric_statusTaken,-1.89200574668794,-0.260356152329717,2.14411186298557,0.46800127837915,1,0.716977360193781,0.999999999965202,,abundance,40,12
k__Bacteria|p__Firmicutes|c__CFGB74461|o__OFGB74461|f__FGB74461|g__GGB9524|s__GGB9524_SGB14924|t__SGB14924,timepoint,2_weeks,timepoint2_weeks,1.40216694772154,0.115356323157511,2.52963354419055,0.678271683859755,1,0.602600023380833,0.999999999965202,,abundance,40,6
k__Bacteria|p__Firmicutes|c__CFGB74461|o__OFGB74461|f__FGB74461|g__GGB9524|s__GGB9524_SGB14924|t__SGB14924,turmeric_status,Taken,turmeric_statusTaken,0.705036923617553,-0.260356152329717,2.47001160678034,0.74265262393859,1,0.933772328034307,0.999999999965202,,abundance,40,6
k__Bacteria|p__Firmicutes|c__Clostridia|o__Clostridiales|f__Clostridiales_unclassified|g__Lawsonibacter|s__Lawsonibacter_asaccharolyticus|t__SGB15154,timepoint,2_weeks,timepoint2_weeks,-1.00359835117141,0.115356323157511,0.670317489561237,0.134361232927054,1,0.250669524940431,0.999999999965202,,abundance,40,17
k__Bacteria|p__Firmicutes|c__Clostridia|o__Clostridiales|f__Clostridiales_unclassified|g__Lawsonibacter|s__Lawsonibacter_asaccharolyticus|t__SGB15154,timepoint,6_months,timepoint6_months,0.858481460232998,-0.170698946788675,0.955459639048106,0.312237067363587,1,0.526982148491361,0.999999999965202,,abundance,40,17
k__Bacteria|p__Firmicutes|c__Clostridia|o__Clostridiales|f__Clostridiales_unclassified|g__Lawsonibacter|s__Lawsonibacter_asaccharolyticus|t__SGB15154,turmeric_status,Taken,turmeric_statusTaken,-1.64972025643169,-0.260356152329717,1.11009240958415,0.246522157866006,1,0.432271141413101,0.999999999965202,,abundance,40,17
k__Bacteria|p__Firmicutes|c__Clostridia|o__Clostridiales|f__Ruminococcaceae|g__Candidatus_Cibionibacter|s__Candidatus_Cibionibacter_quicibialis|t__SGB15286,timepoint,2_weeks,timepoint2_weeks,-0.120525655544127,0.115356323157511,0.549187169825011,0.678746844462749,1,0.896796410057359,0.999999999965202,,abundance,40,29
k__Bacteria|p__Firmicutes|c__Clostridia|o__Clostridiales|f__Ruminococcaceae|g__Candidatus_Cibionibacter|s__Candidatus_Cibionibacter_quicibialis|t__SGB15286,timepoint,6_months,timepoint6_months,1.08955673526579,-0.170698946788675,1.03160755804863,0.243769127813158,1,0.428114867951528,0.999999999965202,,abundance,40,29
k__Bacteria|p__Firmicutes|c__Clostridia|o__Clostridiales|f__Ruminococcaceae|g__Candidatus_Cibionibacter|s__Candidatus_Cibionibacter_quicibialis|t__SGB15286,turmeric_status,Taken,turmeric_statusTaken,0.0877785947356894,-0.260356152329717,1.15520849356613,0.768303079218215,1,0.836148689821301,0.999999999965202,,abundance,40,29
k__Bacteria|p__Firmicutes|c__Clostridia|o__Eubacteriales|f__Clostridiaceae|g__Butyricicoccus|s__Butyricicoccus_sp_AM29_23AC|t__SGB14991,timepoint,2_weeks,timepoint2_weeks,-0.490467683828244,0.115356323157511,1.06937497424125,0.596132385540109,1,0.802787453158624,0.999999999965202,,abundance,40,9
k__Bacteria|p__Firmicutes|c__Clostridia|o__Eubacteriales|f__Clostridiaceae|g__Butyricicoccus|s__Butyricicoccus_sp_AM29_23AC|t__SGB14991,timepoint,6_months,timepoint6_months,-0.669042451134166,-0.170698946788675,1.51232459183435,0.753596825315779,1,0.923272266419103,0.999999999965202,,abundance,40,9
k__Bacteria|p__Firmicutes|c__Clostridia|o__Eubacteriales|f__Clostridiaceae|g__Butyricicoccus|s__Butyricicoccus_sp_AM29_23AC|t__SGB14991,turmeric_status,Taken,turmeric_statusTaken,1.7931621670249,-0.260356152329717,1.60406246136187,0.258937088701289,1,0.450825761497478,0.999999999965202,,abundance,40,9
k__Bacteria|p__Firmicutes|c__Clostridia|o__Eubacteriales|f__Clostridiaceae|g__Clostridiaceae_unclassified|s__Clostridiaceae_bacterium_AF18_31LB|t__SGB4767,timepoint,2_weeks,timepoint2_weeks,0.516438793053066,0.115356323157511,0.790083124756139,0.641620402316572,1,0.871564063964265,0.999999999965202,,abundance,40,11
k__Bacteria|p__Firmicutes|c__Clostridia|o__Eubacteriales|f__Clostridiaceae|g__Clostridiaceae_unclassified|s__Clostridiaceae_bacterium_AF18_31LB|t__SGB4767,timepoint,6_months,timepoint6_months,-1.56360548773687,-0.170698946788675,1.53984152451593,0.397197508425837,1,0.636629156151981,0.999999999965202,,abundance,40,11
k__Bacteria|p__Firmicutes|c__Clostridia|o__Eubacteriales|f__Clostridiaceae|g__Clostridiaceae_unclassified|s__Clostridiaceae_bacterium_AF18_31LB|t__SGB4767,turmeric_status,Taken,turmeric_statusTaken,-1.32100578209453,-0.260356152329717,1.98792686008294,0.610747291567583,1,0.613562980659587,0.999999999965202,,abundance,40,11
k__Bacteria|p__Firmicutes|c__Clostridia|o__Eubacteriales|f__Clostridiaceae|g__Clostridiaceae_unclassified|s__Clostridiaceae_bacterium_Marseille_Q4149|t__SGB15091,timepoint,2_weeks,timepoint2_weeks,0.206315241599533,0.115356323157511,0.798230420993241,0.912829299562868,1,0.571754969622939,0.999999999965202,,abundance,40,11
k__Bacteria|p__Firmicutes|c__Clostridia|o__Eubacteriales|f__Clostridiaceae|g__Clostridiaceae_unclassified|s__Clostridiaceae_bacterium_Marseille_Q4149|t__SGB15091,timepoint,6_months,timepoint6_months,-0.912921377298734,-0.170698946788675,1.21931710873933,0.561258334120284,1,0.807505750621092,0.999999999965202,,abundance,40,11
k__Bacteria|p__Firmicutes|c__Clostridia|o__Eubacteriales|f__Clostridiaceae|g__Clostridiaceae_unclassified|s__Clostridiaceae_bacterium_Marseille_Q4149|t__SGB15091,turmeric_status,Taken,turmeric_statusTaken,0.13291685101187,-0.260356152329717,1.59646084198648,0.812148321548363,1,0.700446936380011,0.999999999965202,,abundance,40,11
k__Bacteria|p__Firmicutes|c__Clostridia|o__Eubacteriales|f__Clostridiaceae|g__Clostridiaceae_unclassified|s__Clostridiaceae_bacterium|t__SGB4269,timepoint,2_weeks,timepoint2_weeks,0.0399845137841361,0.115356323157511,0.580695302101702,0.899404185826661,1,0.986283866887141,0.999999999965202,,abundance,40,36
k__Bacteria|p__Firmicutes|c__Clostridia|o__Eubacteriales|f__Clostridiaceae|g__Clostridiaceae_unclassified|s__Clostridiaceae_bacterium|t__SGB4269,timepoint,6_months,timepoint6_months,-1.54475676620282,-0.170698946788675,0.989362150291787,0.182812557907808,1,0.33220468448682,0.999999999965202,,abundance,40,36
k__Bacteria|p__Firmicutes|c__Clostridia|o__Eubacteriales|f__Clostridiaceae|g__Clostridiaceae_unclassified|s__Clostridiaceae_bacterium|t__SGB4269,turmeric_status,Taken,turmeric_statusTaken,2.12318891547933,-0.260356152329717,1.13884421393382,0.049362507909191,1,0.096288358631297,0.999999999965202,,abundance,40,36
k__Bacteria|p__Firmicutes|c__Clostridia|o__Eubacteriales|f__Clostridiaceae|g__Clostridiaceae_unclassified|s__Clostridiaceae_bacterium|t__SGB4721,timepoint,2_weeks,timepoint2_weeks,1.14272116146954,0.115356323157511,1.33397734228499,0.486029036131107,1,0.63947642237689,0.999999999965202,,abundance,40,12
k__Bacteria|p__Firmicutes|c__Clostridia|o__Eubacteriales|f__Clostridiaceae|g__Clostridiaceae_unclassified|s__Clostridiaceae_bacterium|t__SGB4721,turmeric_status,Taken,turmeric_statusTaken,1.73426895161468,-0.260356152329717,1.52474522423431,0.243225131535108,1,0.427291798459945,0.999999999965202,,abundance,40,12
k__Bacteria|p__Firmicutes|c__Clostridia|o__Eubacteriales|f__Clostridiaceae|g__Clostridium|s__Clostridium_fessum|t__SGB4705,timepoint,2_weeks,timepoint2_weeks,-0.540797515348892,0.115356323157511,0.55967586480804,0.263551649125673,1,0.457643826494484,0.999999999965202,,abundance,40,34
k__Bacteria|p__Firmicutes|c__Clostridia|o__Eubacteriales|f__Clostridiaceae|g__Clostridium|s__Clostridium_fessum|t__SGB4705,timepoint,6_months,timepoint6_months,-0.956106060617751,-0.170698946788675,0.953094023656652,0.42113702655417,1,0.664917657973452,0.999999999965202,,abundance,40,34
k__Bacteria|p__Firmicutes|c__Clostridia|o__Eubacteriales|f__Clostridiaceae|g__Clostridium|s__Clostridium_fessum|t__SGB4705,turmeric_status,Taken,turmeric_statusTaken,1.24752395475346,-0.260356152329717,1.13367628140564,0.200498256788329,1,0.360796962601499,0.999999999965202,,abundance,40,34
k__Bacteria|p__Firmicutes|c__Clostridia|o__Eubacteriales|f__Clostridiaceae|g__Clostridium|s__Clostridium_sp_1001270H_150608_G6|t__SGB5111,timepoint,2_weeks,timepoint2_weeks,-1.53413554693217,0.115356323157511,3.47317818728299,0.666848151348218,1,0.8890098457399,0.999999999965202,,abundance,40,6
k__Bacteria|p__Firmicutes|c__Clostridia|o__Eubacteriales|f__Clostridiaceae|g__Clostridium|s__Clostridium_sp_1001270H_150608_G6|t__SGB5111,turmeric_status,Taken,turmeric_statusTaken,-1.95105829153047,-0.260356152329717,3.47317818728299,0.658527672050809,1,0.88339664924496,0.999999999965202,,abundance,40,6
k__Bacteria|p__Firmicutes|c__Clostridia|o__Eubacteriales|f__Clostridiaceae|g__Clostridium|s__Clostridium_sp_AF34_10BH|t__SGB4914,timepoint,2_weeks,timepoint2_weeks,0.1676540420917,0.115356323157511,0.834192547886758,0.951418463963397,1,0.108033281443347,0.999999999965202,,abundance,40,23
k__Bacteria|p__Firmicutes|c__Clostridia|o__Eubacteriales|f__Clostridiaceae|g__Clostridium|s__Clostridium_sp_AF34_10BH|t__SGB4914,timepoint,6_months,timepoint6_months,0.166601517953458,-0.170698946788675,1.70993220778249,0.846417502616094,1,0.33499947353812,0.999999999965202,,abundance,40,23
k__Bacteria|p__Firmicutes|c__Clostridia|o__Eubacteriales|f__Clostridiaceae|g__Clostridium|s__Clostridium_sp_AF34_10BH|t__SGB4914,turmeric_status,Taken,turmeric_statusTaken,-0.666566815199553,-0.260356152329717,1.83099070986403,0.828051820566669,1,0.709008416388652,0.999999999965202,,abundance,40,23
k__Bacteria|p__Firmicutes|c__Clostridia|o__Eubacteriales|f__Clostridiaceae|g__Clostridium|s__Clostridium_sp_AF36_4|t__SGB4644,timepoint,2_weeks,timepoint2_weeks,1.39037169778337,0.115356323157511,0.827728690869765,0.276812694801291,1,0.477000121599429,0.999999999965202,,abundance,40,8
k__Bacteria|p__Firmicutes|c__Clostridia|o__Eubacteriales|f__Clostridiaceae|g__Clostridium|s__Clostridium_sp_AF36_4|t__SGB4644,turmeric_status,Taken,turmeric_statusTaken,0.102573136135948,-0.260356152329717,1.29927526992184,0.805564852026163,1,0.962194973232392,0.999999999965202,,abundance,40,8
k__Bacteria|p__Firmicutes|c__Clostridia|o__Eubacteriales|f__Clostridiaceae|g__Clostridium|s__Clostridium_sp_AM22_11AC|t__SGB4749,timepoint,2_weeks,timepoint2_weeks,-1.16082563271419,0.115356323157511,0.755288642884082,0.301457798252742,1,0.512038792378094,0.999999999965202,,abundance,40,10
k__Bacteria|p__Firmicutes|c__Clostridia|o__Eubacteriales|f__Clostridiaceae|g__Clostridium|s__Clostridium_sp_AM22_11AC|t__SGB4749,timepoint,6_months,timepoint6_months,-4.02795125888257,-0.170698946788675,0.904955426679535,0.120785734900867,1,0.226982276046192,0.999999999965202,,abundance,40,10
k__Bacteria|p__Firmicutes|c__Clostridia|o__Eubacteriales|f__Clostridiaceae|g__Clostridium|s__Clostridium_sp_AM22_11AC|t__SGB4749,turmeric_status,Taken,turmeric_statusTaken,5.96661844787528,-0.260356152329717,1.05828771163892,0.0840548028357078,1,0.161044395791666,0.999999999965202,,abundance,40,10
k__Bacteria|p__Firmicutes|c__Clostridia|o__Eubacteriales|f__Clostridiaceae|g__Clostridium|s__Clostridium_sp_AM33_3|t__SGB4711,timepoint,2_weeks,timepoint2_weeks,1.1868373726771,0.115356323157511,0.753669653945295,0.334374736179662,1,0.556943008164106,0.999999999965202,,abundance,40,7
k__Bacteria|p__Firmicutes|c__Clostridia|o__Eubacteriales|f__Clostridiaceae|g__Clostridium|s__Clostridium_sp_AM33_3|t__SGB4711,timepoint,6_months,timepoint6_months,0.446514372077431,-0.170698946788675,0.984955135738003,0.609531715995037,1,0.847534519186219,0.999999999965202,,abundance,40,7
k__Bacteria|p__Firmicutes|c__Clostridia|o__Eubacteriales|f__Clostridiaceae|g__Clostridium|s__Clostridium_sp_AM33_3|t__SGB4711,turmeric_status,Taken,turmeric_statusTaken,-0.228926698555891,-0.260356152329717,1.26825655470594,0.982654950654015,1,0.998739309402934,0.999999999965202,,abundance,40,7
k__Bacteria|p__Firmicutes|c__Clostridia|o__Eubacteriales|f__Clostridiaceae|g__Clostridium|s__Clostridium_sp_AM49_4BH|t__SGB4652,timepoint,2_weeks,timepoint2_weeks,0.292407636067846,0.115356323157511,0.770280721572503,0.831228880303272,1,0.79088517044677,0.999999999965202,,abundance,40,13
k__Bacteria|p__Firmicutes|c__Clostridia|o__Eubacteriales|f__Clostridiaceae|g__Clostridium|s__Clostridium_sp_AM49_4BH|t__SGB4652,timepoint,6_months,timepoint6_months,-2.85589246052647,-0.170698946788675,1.28109304681214,0.123380263923766,1,0.231537838321633,0.999999999965202,,abundance,40,13
k__Bacteria|p__Firmicutes|c__Clostridia|o__Eubacteriales|f__Clostridiaceae|g__Clostridium|s__Clostridium_sp_AM49_4BH|t__SGB4652,turmeric_status,Taken,turmeric_statusTaken,4.1145959392841,-0.260356152329717,1.711534779563,0.0600711850714217,1,0.116533822866958,0.999999999965202,,abundance,40,13
k__Bacteria|p__Firmicutes|c__Clostridia|o__Eubacteriales|f__Eubacteriaceae|g__Eubacteriaceae_unclassified|s__Eubacteriaceae_bacterium|t__SGB3958,timepoint,2_weeks,timepoint2_weeks,0.843598290028293,0.115356323157511,1.09738498485499,0.540154244785948,1,0.200935165947414,0.999999999965202,,abundance,40,12
k__Bacteria|p__Firmicutes|c__Clostridia|o__Eubacteriales|f__Eubacteriaceae|g__Eubacteriaceae_unclassified|s__Eubacteriaceae_bacterium|t__SGB3958,timepoint,6_months,timepoint6_months,0.470030250813964,-0.170698946788675,1.79791790802304,0.729157315219654,1,0.79374611766206,0.999999999965202,,abundance,40,12
k__Bacteria|p__Firmicutes|c__Clostridia|o__Eubacteriales|f__Eubacteriaceae|g__Eubacteriaceae_unclassified|s__Eubacteriaceae_bacterium|t__SGB3958,turmeric_status,Taken,turmeric_statusTaken,1.51910908439175,-0.260356152329717,1.90696483435674,0.378503361620549,1,0.613741928483043,0.999999999965202,,abundance,40,12
k__Bacteria|p__Firmicutes|c__Clostridia|o__Eubacteriales|f__Eubacteriaceae|g__Eubacterium|s__Eubacterium_ramulus|t__SGB4959,timepoint,2_weeks,timepoint2_weeks,0.904444760622959,0.115356323157511,0.505862596698854,0.154365620647211,1,0.284902496456623,0.999999999965202,,abundance,40,24
k__Bacteria|p__Firmicutes|c__Clostridia|o__Eubacteriales|f__Eubacteriaceae|g__Eubacterium|s__Eubacterium_ramulus|t__SGB4959,timepoint,6_months,timepoint6_months,-2.02873560869043,-0.170698946788675,1.18902590701989,0.138798204201189,1,0.258331466912903,0.999999999965202,,abundance,40,24
k__Bacteria|p__Firmicutes|c__Clostridia|o__Eubacteriales|f__Eubacteriaceae|g__Eubacterium|s__Eubacterium_ramulus|t__SGB4959,turmeric_status,Taken,turmeric_statusTaken,2.34858684267074,-0.260356152329717,1.31844001836361,0.0651891803007235,1,0.126128731373167,0.999999999965202,,abundance,40,24
k__Bacteria|p__Firmicutes|c__Clostridia|o__Eubacteriales|f__Eubacteriales_unclassified|g__Evtepia|s__Evtepia_gabavorous|t__SGB15120,timepoint,2_weeks,timepoint2_weeks,0.577269143884113,0.115356323157511,0.352380776042068,0.249829995874633,1,0.437244964910546,0.999999999965202,,abundance,40,22
k__Bacteria|p__Firmicutes|c__Clostridia|o__Eubacteriales|f__Eubacteriales_unclassified|g__Evtepia|s__Evtepia_gabavorous|t__SGB15120,timepoint,6_months,timepoint6_months,0.226886609030714,-0.170698946788675,0.720972351419633,0.597577341923669,1,0.53966494262039,0.999999999965202,,abundance,40,22
k__Bacteria|p__Firmicutes|c__Clostridia|o__Eubacteriales|f__Eubacteriales_unclassified|g__Evtepia|s__Evtepia_gabavorous|t__SGB15120,turmeric_status,Taken,turmeric_statusTaken,0.766594146257424,-0.260356152329717,0.772975718975346,0.226272796543802,1,0.401346214631851,0.999999999965202,,abundance,40,22
k__Bacteria|p__Firmicutes|c__Clostridia|o__Eubacteriales|f__Eubacteriales_unclassified|g__Gemmiger|s__Gemmiger_formicilis|t__SGB15300,timepoint,2_weeks,timepoint2_weeks,-0.0530521758157635,0.115356323157511,0.378243613698249,0.67343599942786,1,0.67343599942786,0.999999999965202,,abundance,40,40
k__Bacteria|p__Firmicutes|c__Clostridia|o__Eubacteriales|f__Eubacteriales_unclassified|g__Gemmiger|s__Gemmiger_formicilis|t__SGB15300,timepoint,6_months,timepoint6_months,0.117222774203824,-0.170698946788675,0.696605900392413,0.686647735322964,1,0.686647735322964,0.999999999965202,,abundance,40,40
k__Bacteria|p__Firmicutes|c__Clostridia|o__Eubacteriales|f__Eubacteriales_unclassified|g__Gemmiger|s__Gemmiger_formicilis|t__SGB15300,turmeric_status,Taken,turmeric_statusTaken,-0.0404885212317567,-0.260356152329717,0.782091678845869,0.790294204988036,1,0.790294204988036,0.999999999965202,,abundance,40,40
k__Bacteria|p__Firmicutes|c__Clostridia|o__Eubacteriales|f__Lachnospiraceae|g__Anaerobutyricum|s__Anaerobutyricum_hallii|t__SGB4532,timepoint,2_weeks,timepoint2_weeks,0.167307715388287,0.115356323157511,0.737243577745982,0.945176241960787,1,0.990997891634058,0.999999999965202,,abundance,40,31
k__Bacteria|p__Firmicutes|c__Clostridia|o__Eubacteriales|f__Lachnospiraceae|g__Anaerobutyricum|s__Anaerobutyricum_hallii|t__SGB4532,timepoint,6_months,timepoint6_months,-0.58266043563257,-0.170698946788675,1.1483497996248,0.724074837648611,1,0.92386530478136,0.999999999965202,,abundance,40,31
k__Bacteria|p__Firmicutes|c__Clostridia|o__Eubacteriales|f__Lachnospiraceae|g__Anaerobutyricum|s__Anaerobutyricum_hallii|t__SGB4532,turmeric_status,Taken,turmeric_statusTaken,0.559477320829691,-0.260356152329717,1.3013284543173,0.537952399014796,1,0.786512014423817,0.999999999965202,,abundance,40,31
k__Bacteria|p__Firmicutes|c__Clostridia|o__Eubacteriales|f__Lachnospiraceae|g__Anaerobutyricum|s__Anaerobutyricum_soehngenii|t__SGB4537,timepoint,2_weeks,timepoint2_weeks,0.477341152903058,0.115356323157511,0.889310123761312,0.701805962332829,1,0.465402337322707,0.999999999965202,,abundance,40,15
k__Bacteria|p__Firmicutes|c__Clostridia|o__Eubacteriales|f__Lachnospiraceae|g__Anaerobutyricum|s__Anaerobutyricum_soehngenii|t__SGB4537,turmeric_status,Taken,turmeric_statusTaken,0.95744523552781,-0.260356152329717,1.35537556164666,0.40855394611133,1,0.650191565339521,0.999999999965202,,abundance,40,15
k__Bacteria|p__Firmicutes|c__Clostridia|o__Eubacteriales|f__Lachnospiraceae|g__Anaerotignum|s__Anaerotignum_faecicola|t__SGB5190,timepoint,2_weeks,timepoint2_weeks,0.0725792724968514,0.115356323157511,1.09014522216505,0.969371421385841,1,0.188933381910604,0.999999999965202,,abundance,40,15
k__Bacteria|p__Firmicutes|c__Clostridia|o__Eubacteriales|f__Lachnospiraceae|g__Anaerotignum|s__Anaerotignum_faecicola|t__SGB5190,timepoint,6_months,timepoint6_months,-2.20466667779177,-0.170698946788675,1.50625208301915,0.205942455050066,1,0.369472615308083,0.999999999965202,,abundance,40,15
k__Bacteria|p__Firmicutes|c__Clostridia|o__Eubacteriales|f__Lachnospiraceae|g__Anaerotignum|s__Anaerotignum_faecicola|t__SGB5190,turmeric_status,Taken,turmeric_statusTaken,-0.629951662568655,-0.260356152329717,1.73927009119709,0.835231548842459,1,0.638799314880555,0.999999999965202,,abundance,40,15
k__Bacteria|p__Firmicutes|c__Clostridia|o__Eubacteriales|f__Lachnospiraceae|g__Blautia|s__Blautia_faecicola|t__SGB4867,timepoint,2_weeks,timepoint2_weeks,-0.250674536256435,0.115356323157511,0.463765965826806,0.583114359478245,1,0.826206362726766,0.999999999965202,,abundance,40,6
k__Bacteria|p__Firmicutes|c__Clostridia|o__Eubacteriales|f__Lachnospiraceae|g__Blautia|s__Blautia_faecicola|t__SGB4867,timepoint,6_months,timepoint6_months,-1.07721361041005,-0.170698946788675,0.613202266749296,0.390103539030107,1,0.6280263068964,0.999999999965202,,abundance,40,6
k__Bacteria|p__Firmicutes|c__Clostridia|o__Eubacteriales|f__Lachnospiraceae|g__Blautia|s__Blautia_faecicola|t__SGB4867,turmeric_status,Taken,turmeric_statusTaken,0.174155592067828,-0.260356152329717,0.802341944278634,0.689878124637834,1,0.903824422421853,0.999999999965202,,abundance,40,6
k__Bacteria|p__Firmicutes|c__Clostridia|o__Eubacteriales|f__Lachnospiraceae|g__Blautia|s__Blautia_faecis|t__SGB4820,timepoint,2_weeks,timepoint2_weeks,-0.152128547324699,0.115356323157511,0.763525923688158,0.732421414547364,1,0.461529860434043,0.999999999965202,,abundance,40,29
k__Bacteria|p__Firmicutes|c__Clostridia|o__Eubacteriales|f__Lachnospiraceae|g__Blautia|s__Blautia_faecis|t__SGB4820,timepoint,6_months,timepoint6_months,1.59781695594283,-0.170698946788675,1.9076012318419,0.36317051782788,1,0.497864407454343,0.999999999965202,,abundance,40,29
k__Bacteria|p__Firmicutes|c__Clostridia|o__Eubacteriales|f__Lachnospiraceae|g__Blautia|s__Blautia_faecis|t__SGB4820,turmeric_status,Taken,turmeric_statusTaken,-1.14911092042198,-0.260356152329717,1.98497137621008,0.657993842556948,1,0.435133359755236,0.999999999965202,,abundance,40,29
k__Bacteria|p__Firmicutes|c__Clostridia|o__Eubacteriales|f__Lachnospiraceae|g__Blautia|s__Blautia_glucerasea|t__SGB4804,timepoint,2_weeks,timepoint2_weeks,-1.19240659233253,0.115356323157511,0.830171473684971,0.145736322588935,1,0.270233569456124,0.999999999965202,,abundance,40,16
k__Bacteria|p__Firmicutes|c__Clostridia|o__Eubacteriales|f__Lachnospiraceae|g__Blautia|s__Blautia_glucerasea|t__SGB4804,timepoint,6_months,timepoint6_months,-2.79222787153805,-0.170698946788675,1.54455147603071,0.117178292328411,1,0.220625832463819,0.999999999965202,,abundance,40,16
k__Bacteria|p__Firmicutes|c__Clostridia|o__Eubacteriales|f__Lachnospiraceae|g__Blautia|s__Blautia_glucerasea|t__SGB4804,turmeric_status,Taken,turmeric_statusTaken,5.21594099130528,-0.260356152329717,1.78349442092713,0.0101872160372336,1,0.020270652703878,0.999999999965202,,abundance,40,16
k__Bacteria|p__Firmicutes|c__Clostridia|o__Eubacteriales|f__Lachnospiraceae|g__Blautia|s__Blautia_glucerasea|t__SGB4816,timepoint,2_weeks,timepoint2_weeks,1.07512148026224,0.115356323157511,0.58373330508276,0.164102899341517,1,0.271844535257155,0.999999999965202,,abundance,40,17
k__Bacteria|p__Firmicutes|c__Clostridia|o__Eubacteriales|f__Lachnospiraceae|g__Blautia|s__Blautia_glucerasea|t__SGB4816,turmeric_status,Taken,turmeric_statusTaken,-0.196494665579186,-0.260356152329717,1.28467345838106,0.962290263686671,1,0.984798461691234,0.999999999965202,,abundance,40,17
k__Bacteria|p__Firmicutes|c__Clostridia|o__Eubacteriales|f__Lachnospiraceae|g__Blautia|s__Blautia_luti|t__SGB4832,timepoint,2_weeks,timepoint2_weeks,2.28265756142808,0.115356323157511,0.517152983977402,0.026034958027867,1,0.0513920970162213,0.999999999965202,,abundance,40,10
k__Bacteria|p__Firmicutes|c__Clostridia|o__Eubacteriales|f__Lachnospiraceae|g__Blautia|s__Blautia_luti|t__SGB4832,turmeric_status,Taken,turmeric_statusTaken,0.280258716868172,-0.260356152329717,0.609276707937507,0.462107154762706,1,0.710671287042528,0.999999999965202,,abundance,40,10
k__Bacteria|p__Firmicutes|c__Clostridia|o__Eubacteriales|f__Lachnospiraceae|g__Blautia|s__Blautia_massiliensis|t__SGB4826,timepoint,2_weeks,timepoint2_weeks,0.597168141523591,0.115356323157511,0.4860347863054,0.345902931442656,1,0.572157024904689,0.999999999965202,,abundance,40,36
k__Bacteria|p__Firmicutes|c__Clostridia|o__Eubacteriales|f__Lachnospiraceae|g__Blautia|s__Blautia_massiliensis|t__SGB4826,timepoint,6_months,timepoint6_months,-0.85169876169873,-0.170698946788675,1.02532495580071,0.513319005519375,1,0.76314160961135,0.999999999965202,,abundance,40,36
k__Bacteria|p__Firmicutes|c__Clostridia|o__Eubacteriales|f__Lachnospiraceae|g__Blautia|s__Blautia_massiliensis|t__SGB4826,turmeric_status,Taken,turmeric_statusTaken,1.05388408936657,-0.260356152329717,1.12139350020276,0.259972193348141,1,0.452358845382039,0.999999999965202,,abundance,40,36
k__Bacteria|p__Firmicutes|c__Clostridia|o__Eubacteriales|f__Lachnospiraceae|g__Blautia|s__Blautia_obeum|t__SGB4809,timepoint,2_weeks,timepoint2_weeks,-0.217394683471849,0.115356323157511,1.06683826453081,0.768366337750533,1,0.917992354386991,0.999999999965202,,abundance,40,12
k__Bacteria|p__Firmicutes|c__Clostridia|o__Eubacteriales|f__Lachnospiraceae|g__Blautia|s__Blautia_obeum|t__SGB4809,turmeric_status,Taken,turmeric_statusTaken,-0.239835104884479,-0.260356152329717,1.3414747169439,0.988489536851247,1,0.995791927229571,0.999999999965202,,abundance,40,12
k__Bacteria|p__Firmicutes|c__Clostridia|o__Eubacteriales|f__Lachnospiraceae|g__Blautia|s__Blautia_obeum|t__SGB4810,timepoint,2_weeks,timepoint2_weeks,-0.474259571790177,0.115356323157511,2.10790897530499,0.788745605468661,1,0.85671030706804,0.999999999965202,,abundance,40,9
k__Bacteria|p__Firmicutes|c__Clostridia|o__Eubacteriales|f__Lachnospiraceae|g__Blautia|s__Blautia_obeum|t__SGB4810,turmeric_status,Taken,turmeric_statusTaken,0.59928079678023,-0.260356152329717,2.10790897530499,0.697023939867062,1,0.908205506986322,0.999999999965202,,abundance,40,9
k__Bacteria|p__Firmicutes|c__Clostridia|o__Eubacteriales|f__Lachnospiraceae|g__Blautia|s__Blautia_obeum|t__SGB4811,timepoint,2_weeks,timepoint2_weeks,-0.104188153704511,0.115356323157511,0.672248621836717,0.7498183014924,1,0.870797960579362,0.999999999965202,,abundance,40,31
k__Bacteria|p__Firmicutes|c__Clostridia|o__Eubacteriales|f__Lachnospiraceae|g__Blautia|s__Blautia_obeum|t__SGB4811,timepoint,6_months,timepoint6_months,0.372356572001893,-0.170698946788675,1.33208402220869,0.687798717444667,1,0.501255994741103,0.999999999965202,,abundance,40,31
k__Bacteria|p__Firmicutes|c__Clostridia|o__Eubacteriales|f__Lachnospiraceae|g__Blautia|s__Blautia_obeum|t__SGB4811,turmeric_status,Taken,turmeric_statusTaken,2.14117406857334,-0.260356152329717,1.5157233933629,0.132205725548607,1,0.246933097229381,0.999999999965202,,abundance,40,31
k__Bacteria|p__Firmicutes|c__Clostridia|o__Eubacteriales|f__Lachnospiraceae|g__Blautia|s__Blautia_SGB101324|t__SGB101324,timepoint,2_weeks,timepoint2_weeks,-0.385375075266024,0.115356323157511,0.381384804354672,0.426994857646969,1,0.602815369028223,0.999999999965202,,abundance,40,6
k__Bacteria|p__Firmicutes|c__Clostridia|o__Eubacteriales|f__Lachnospiraceae|g__Blautia|s__Blautia_SGB101324|t__SGB101324,turmeric_status,Taken,turmeric_statusTaken,-0.385205590849112,-0.260356152329717,0.381064050546061,0.81943827597641,1,0.967397463817629,0.999999999965202,,abundance,40,6
k__Bacteria|p__Firmicutes|c__Clostridia|o__Eubacteriales|f__Lachnospiraceae|g__Blautia|s__Blautia_SGB4815|t__SGB4815,timepoint,2_weeks,timepoint2_weeks,0.427766022371936,0.115356323157511,0.569960726243237,0.595103334908038,1,0.836058690597407,0.999999999965202,,abundance,40,24
k__Bacteria|p__Firmicutes|c__Clostridia|o__Eubacteriales|f__Lachnospiraceae|g__Blautia|s__Blautia_SGB4815|t__SGB4815,timepoint,6_months,timepoint6_months,-0.347905511833909,-0.170698946788675,0.916952436261734,0.849148527964898,1,0.957909056699205,0.999999999965202,,abundance,40,24
k__Bacteria|p__Firmicutes|c__Clostridia|o__Eubacteriales|f__Lachnospiraceae|g__Blautia|s__Blautia_SGB4815|t__SGB4815,turmeric_status,Taken,turmeric_statusTaken,0.486780716785663,-0.260356152329717,0.98137669102763,0.462373760047777,1,0.710958026114835,0.999999999965202,,abundance,40,24
k__Bacteria|p__Firmicutes|c__Clostridia|o__Eubacteriales|f__Lachnospiraceae|g__Blautia|s__Blautia_sp_Marseille_P3087|t__SGB4813,timepoint,2_weeks,timepoint2_weeks,0.730400443001006,0.115356323157511,1.03861400522811,0.576066455889604,1,0.36000818516568,0.999999999965202,,abundance,40,9
k__Bacteria|p__Firmicutes|c__Clostridia|o__Eubacteriales|f__Lachnospiraceae|g__Blautia|s__Blautia_sp_Marseille_P3087|t__SGB4813,turmeric_status,Taken,turmeric_statusTaken,0.659134751866597,-0.260356152329717,1.09479528875695,0.437779898609988,1,0.683908557593004,0.999999999965202,,abundance,40,9
k__Bacteria|p__Firmicutes|c__Clostridia|o__Eubacteriales|f__Lachnospiraceae|g__Blautia|s__Blautia_sp_MSK_20_85|t__SGB4828,timepoint,2_weeks,timepoint2_weeks,-0.370045087504818,0.115356323157511,0.625367935007786,0.458699194826005,1,0.706993438317985,0.999999999965202,,abundance,40,24
k__Bacteria|p__Firmicutes|c__Clostridia|o__Eubacteriales|f__Lachnospiraceae|g__Blautia|s__Blautia_sp_MSK_20_85|t__SGB4828,timepoint,6_months,timepoint6_months,0.0332678178558906,-0.170698946788675,0.919194152869401,0.831448378554714,1,0.96676918217978,0.999999999965202,,abundance,40,24
k__Bacteria|p__Firmicutes|c__Clostridia|o__Eubacteriales|f__Lachnospiraceae|g__Blautia|s__Blautia_sp_MSK_20_85|t__SGB4828,turmeric_status,Taken,turmeric_statusTaken,0.202707578192999,-0.260356152329717,1.12726746706072,0.689487124332365,1,0.903581754044616,0.999999999965202,,abundance,40,24
k__Bacteria|p__Firmicutes|c__Clostridia|o__Eubacteriales|f__Lachnospiraceae|g__Blautia|s__Blautia_wexlerae|t__SGB4837,timepoint,2_weeks,timepoint2_weeks,0.495070528247393,0.115356323157511,0.584592266547668,0.52846743805653,1,0.52846743805653,0.999999999965202,,abundance,40,40
k__Bacteria|p__Firmicutes|c__Clostridia|o__Eubacteriales|f__Lachnospiraceae|g__Blautia|s__Blautia_wexlerae|t__SGB4837,timepoint,6_months,timepoint6_months,-0.190848991741574,-0.170698946788675,1.02891253458481,0.984465382876637,1,0.984465382876637,0.999999999965202,,abundance,40,40
k__Bacteria|p__Firmicutes|c__Clostridia|o__Eubacteriales|f__Lachnospiraceae|g__Blautia|s__Blautia_wexlerae|t__SGB4837,turmeric_status,Taken,turmeric_statusTaken,0.711961922061588,-0.260356152329717,1.13202552233669,0.399813155089973,1,0.399813155089973,0.999999999965202,,abundance,40,40
k__Bacteria|p__Firmicutes|c__Clostridia|o__Eubacteriales|f__Lachnospiraceae|g__Coprococcus|s__Coprococcus_catus|t__SGB4670,timepoint,2_weeks,timepoint2_weeks,1.26587135035186,0.115356323157511,0.961002404175334,0.247773416098677,1,0.434155166472146,0.999999999965202,,abundance,40,24
k__Bacteria|p__Firmicutes|c__Clostridia|o__Eubacteriales|f__Lachnospiraceae|g__Coprococcus|s__Coprococcus_catus|t__SGB4670,timepoint,6_months,timepoint6_months,0.465895300003349,-0.170698946788675,2.0760024640023,0.760725111259103,1,0.942747527618031,0.999999999965202,,abundance,40,24
k__Bacteria|p__Firmicutes|c__Clostridia|o__Eubacteriales|f__Lachnospiraceae|g__Coprococcus|s__Coprococcus_catus|t__SGB4670,turmeric_status,Taken,turmeric_statusTaken,-1.07330670462915,-0.260356152329717,2.17732975306864,0.712431625869941,1,0.917304430200195,0.999999999965202,,abundance,40,24
k__Bacteria|p__Firmicutes|c__Clostridia|o__Eubacteriales|f__Lachnospiraceae|g__Coprococcus|s__Coprococcus_comes|t__SGB4577,timepoint,2_weeks,timepoint2_weeks,0.125180979998708,0.115356323157511,0.424786295000282,0.982279805175478,1,0.999685994695381,0.999999999965202,,abundance,40,38
k__Bacteria|p__Firmicutes|c__Clostridia|o__Eubacteriales|f__Lachnospiraceae|g__Coprococcus|s__Coprococcus_comes|t__SGB4577,timepoint,6_months,timepoint6_months,-0.785421295495009,-0.170698946788675,0.715746687642187,0.405011050912533,1,0.645988150463791,0.999999999965202,,abundance,40,38
k__Bacteria|p__Firmicutes|c__Clostridia|o__Eubacteriales|f__Lachnospiraceae|g__Coprococcus|s__Coprococcus_comes|t__SGB4577,turmeric_status,Taken,turmeric_statusTaken,1.00849989062071,-0.260356152329717,0.804429830798721,0.136709286774772,1,0.254729144459077,0.999999999965202,,abundance,40,38
k__Bacteria|p__Firmicutes|c__Clostridia|o__Eubacteriales|f__Lachnospiraceae|g__Coprococcus|s__Coprococcus_eutactus|t__SGB5117,timepoint,2_weeks,timepoint2_weeks,0.175072815182341,0.115356323157511,0.679429326997094,0.933668047417692,1,0.995600072066618,0.999999999965202,,abundance,40,15
k__Bacteria|p__Firmicutes|c__Clostridia|o__Eubacteriales|f__Lachnospiraceae|g__Coprococcus|s__Coprococcus_eutactus|t__SGB5117,timepoint,6_months,timepoint6_months,0.942049121372652,-0.170698946788675,1.33072536044837,0.43543271835315,1,0.681263784493886,0.999999999965202,,abundance,40,15
k__Bacteria|p__Firmicutes|c__Clostridia|o__Eubacteriales|f__Lachnospiraceae|g__Coprococcus|s__Coprococcus_eutactus|t__SGB5117,turmeric_status,Taken,turmeric_statusTaken,-1.49758392645206,-0.260356152329717,1.51191777334188,0.441851504077169,1,0.688470256499081,0.999999999965202,,abundance,40,15
k__Bacteria|p__Firmicutes|c__Clostridia|o__Eubacteriales|f__Lachnospiraceae|g__Coprococcus|s__Coprococcus_eutactus|t__SGB5118,timepoint,2_weeks,timepoint2_weeks,-1.50166357149394,0.115356323157511,1.70057526974301,0.441951588339065,1,0.688581970242707,0.999999999965202,,abundance,40,5
k__Bacteria|p__Firmicutes|c__Clostridia|o__Eubacteriales|f__Lachnospiraceae|g__Coprococcus|s__Coprococcus_eutactus|t__SGB5118,turmeric_status,Taken,turmeric_statusTaken,-1.75006349339115,-0.260356152329717,2.08277084003312,0.548130100154449,1,0.795813593613572,0.999999999965202,,abundance,40,5
k__Bacteria|p__Firmicutes|c__Clostridia|o__Eubacteriales|f__Lachnospiraceae|g__Dorea|s__Dorea_formicigenerans|t__SGB4575,timepoint,2_weeks,timepoint2_weeks,0.499651233310044,0.115356323157511,0.565516896058744,0.512558905319463,1,0.76240117921664,0.999999999965202,,abundance,40,37
k__Bacteria|p__Firmicutes|c__Clostridia|o__Eubacteriales|f__Lachnospiraceae|g__Dorea|s__Dorea_formicigenerans|t__SGB4575,timepoint,6_months,timepoint6_months,-1.30986028621331,-0.170698946788675,0.983043606084181,0.265639108768188,1,0.460714081429218,0.999999999965202,,abundance,40,37
k__Bacteria|p__Firmicutes|c__Clostridia|o__Eubacteriales|f__Lachnospiraceae|g__Dorea|s__Dorea_formicigenerans|t__SGB4575,turmeric_status,Taken,turmeric_statusTaken,2.22291215881627,-0.260356152329717,1.12099521742868,0.0401172569200813,1,0.0786251195373708,0.999999999965202,,abundance,40,37
k__Bacteria|p__Firmicutes|c__Clostridia|o__Eubacteriales|f__Lachnospiraceae|g__Dorea|s__Dorea_longicatena|t__SGB4581,timepoint,2_weeks,timepoint2_weeks,0.367532542261705,0.115356323157511,0.54453492093761,0.655423013492738,1,0.881266700369574,0.999999999965202,,abundance,40,35
k__Bacteria|p__Firmicutes|c__Clostridia|o__Eubacteriales|f__Lachnospiraceae|g__Dorea|s__Dorea_longicatena|t__SGB4581,timepoint,6_months,timepoint6_months,0.836085977280607,-0.170698946788675,1.17978519283036,0.401411216639964,1,0.439600192173787,0.999999999965202,,abundance,40,35
k__Bacteria|p__Firmicutes|c__Clostridia|o__Eubacteriales|f__Lachnospiraceae|g__Dorea|s__Dorea_longicatena|t__SGB4581,turmeric_status,Taken,turmeric_statusTaken,0.392488242908961,-0.260356152329717,1.28778206075977,0.616774738910815,1,0.853138399263126,0.999999999965202,,abundance,40,35
k__Bacteria|p__Firmicutes|c__Clostridia|o__Eubacteriales|f__Lachnospiraceae|g__Dorea|s__Dorea_longicatena|t__SGB4582,timepoint,2_weeks,timepoint2_weeks,-0.0439338548201079,0.115356323157511,1.22651197061756,0.900540314718146,1,0.969415159497553,0.999999999965202,,abundance,40,17
k__Bacteria|p__Firmicutes|c__Clostridia|o__Eubacteriales|f__Lachnospiraceae|g__Dorea|s__Dorea_longicatena|t__SGB4582,timepoint,6_months,timepoint6_months,-0.62360980421236,-0.170698946788675,2.3758077348143,0.852283439988642,1,0.975712139980716,0.999999999965202,,abundance,40,17
k__Bacteria|p__Firmicutes|c__Clostridia|o__Eubacteriales|f__Lachnospiraceae|g__Dorea|s__Dorea_longicatena|t__SGB4582,turmeric_status,Taken,turmeric_statusTaken,0.00433830983531944,-0.260356152329717,2.55542945085787,0.919850864867776,1,0.79536020954735,0.999999999965202,,abundance,40,17
k__Bacteria|p__Firmicutes|c__Clostridia|o__Eubacteriales|f__Lachnospiraceae|g__Dorea|s__Dorea_sp_AF24_7LB|t__SGB4571,timepoint,2_weeks,timepoint2_weeks,-0.81222204426877,0.115356323157511,0.720085464361439,0.23210129948322,1,0.410331585744641,0.999999999965202,,abundance,40,20
k__Bacteria|p__Firmicutes|c__Clostridia|o__Eubacteriales|f__Lachnospiraceae|g__Dorea|s__Dorea_sp_AF24_7LB|t__SGB4571,timepoint,6_months,timepoint6_months,-0.706559023308215,-0.170698946788675,0.987308834075759,0.597875337415029,1,0.838295755740923,0.999999999965202,,abundance,40,20
k__Bacteria|p__Firmicutes|c__Clostridia|o__Eubacteriales|f__Lachnospiraceae|g__Dorea|s__Dorea_sp_AF24_7LB|t__SGB4571,turmeric_status,Taken,turmeric_statusTaken,2.17019793770005,-0.260356152329717,1.22841584898577,0.0722206207079323,1,0.139225423360426,0.999999999965202,,abundance,40,20
k__Bacteria|p__Firmicutes|c__Clostridia|o__Eubacteriales|f__Lachnospiraceae|g__Dorea|s__Dorea_sp_AF36_15AT|t__SGB4552,timepoint,2_weeks,timepoint2_weeks,-0.910421596063862,0.115356323157511,0.655224539847193,0.14633182189551,1,0.192304319506205,0.999999999965202,,abundance,40,27
k__Bacteria|p__Firmicutes|c__Clostridia|o__Eubacteriales|f__Lachnospiraceae|g__Dorea|s__Dorea_sp_AF36_15AT|t__SGB4552,timepoint,6_months,timepoint6_months,-1.64452648859879,-0.170698946788675,1.20136870531155,0.242864680938468,1,0.426746108629592,0.999999999965202,,abundance,40,27
k__Bacteria|p__Firmicutes|c__Clostridia|o__Eubacteriales|f__Lachnospiraceae|g__Dorea|s__Dorea_sp_AF36_15AT|t__SGB4552,turmeric_status,Taken,turmeric_statusTaken,3.44864104608448,-0.260356152329717,1.36111499023633,0.0162436893241073,1,0.0322235212053566,0.999999999965202,,abundance,40,27
k__Bacteria|p__Firmicutes|c__Clostridia|o__Eubacteriales|f__Lachnospiraceae|g__Faecalicatena|s__Faecalicatena_fissicatena|t__SGB4871,timepoint,2_weeks,timepoint2_weeks,0.0666046671932217,0.115356323157511,0.706332531363169,0.94605729271902,1,0.97100510619426,0.999999999965202,,abundance,40,30
k__Bacteria|p__Firmicutes|c__Clostridia|o__Eubacteriales|f__Lachnospiraceae|g__Faecalicatena|s__Faecalicatena_fissicatena|t__SGB4871,timepoint,6_months,timepoint6_months,-1.07299498238431,-0.170698946788675,1.28293058193133,0.488854310077167,1,0.70724779086047,0.999999999965202,,abundance,40,30
k__Bacteria|p__Firmicutes|c__Clostridia|o__Eubacteriales|f__Lachnospiraceae|g__Faecalicatena|s__Faecalicatena_fissicatena|t__SGB4871,turmeric_status,Taken,turmeric_statusTaken,0.781050553686083,-0.260356152329717,1.4145922497977,0.469700337991163,1,0.306478001126118,0.999999999965202,,abundance,40,30
k__Bacteria|p__Firmicutes|c__Clostridia|o__Eubacteriales|f__Lachnospiraceae|g__Fusicatenibacter|s__Fusicatenibacter_saccharivorans|t__SGB4874,timepoint,2_weeks,timepoint2_weeks,0.0366824278966095,0.115356323157511,0.34423624105591,0.830683053794903,1,0.97133177172778,0.999999999965202,,abundance,40,34
k__Bacteria|p__Firmicutes|c__Clostridia|o__Eubacteriales|f__Lachnospiraceae|g__Fusicatenibacter|s__Fusicatenibacter_saccharivorans|t__SGB4874,timepoint,6_months,timepoint6_months,-0.919499030150257,-0.170698946788675,0.698001769794167,0.305717657822716,1,0.517972029340825,0.999999999965202,,abundance,40,34
k__Bacteria|p__Firmicutes|c__Clostridia|o__Eubacteriales|f__Lachnospiraceae|g__Fusicatenibacter|s__Fusicatenibacter_saccharivorans|t__SGB4874,turmeric_status,Taken,turmeric_statusTaken,0.848772473083796,-0.260356152329717,0.76462423764478,0.1734877294928,1,0.316877466701033,0.999999999965202,,abundance,40,34
k__Bacteria|p__Firmicutes|c__Clostridia|o__Eubacteriales|f__Lachnospiraceae|g__GGB3653|s__GGB3653_SGB4964|t__SGB4964,timepoint,2_weeks,timepoint2_weeks,6.49859835052079,0.115356323157511,1.67400432084978,0.0627589989103144,1,0.121579305876404,0.999999999965202,,abundance,40,5
k__Bacteria|p__Firmicutes|c__Clostridia|o__Eubacteriales|f__Lachnospiraceae|g__GGB3653|s__GGB3653_SGB4964|t__SGB4964,turmeric_status,Taken,turmeric_statusTaken,3.95494249683007,-0.260356152329717,1.67400432084978,0.1298019787767,1,0.242755403859053,0.999999999965202,,abundance,40,5
k__Bacteria|p__Firmicutes|c__Clostridia|o__Eubacteriales|f__Lachnospiraceae|g__GGB3746|s__GGB3746_SGB5089|t__SGB5089,timepoint,2_weeks,timepoint2_weeks,-0.767571654806894,0.115356323157511,2.46646945106404,0.743643505174974,1,0.934281347561027,0.999999999965202,,abundance,40,6
k__Bacteria|p__Firmicutes|c__Clostridia|o__Eubacteriales|f__Lachnospiraceae|g__GGB3746|s__GGB3746_SGB5089|t__SGB5089,turmeric_status,Taken,turmeric_statusTaken,-2.60790434319849,-0.260356152329717,3.11986449783504,0.505366225822219,1,0.755337429442644,0.999999999965202,,abundance,40,6
k__Bacteria|p__Firmicutes|c__Clostridia|o__Eubacteriales|f__Lachnospiraceae|g__Lachnospira|s__Lachnospira_eligens|t__SGB5082,timepoint,2_weeks,timepoint2_weeks,-0.0158491353805609,0.115356323157511,0.82491843931934,0.880458067473266,1,0.32974039203282,0.999999999965202,,abundance,40,9
k__Bacteria|p__Firmicutes|c__Clostridia|o__Eubacteriales|f__Lachnospiraceae|g__Lachnospiraceae_unclassified|s__Eubacterium_rectale|t__SGB4933,timepoint,2_weeks,timepoint2_weeks,0.355199527312953,0.115356323157511,0.604149084855632,0.698734482541068,1,0.909239087990202,0.999999999965202,,abundance,40,37
k__Bacteria|p__Firmicutes|c__Clostridia|o__Eubacteriales|f__Lachnospiraceae|g__Lachnospiraceae_unclassified|s__Eubacterium_rectale|t__SGB4933,timepoint,6_months,timepoint6_months,-3.85259956536716,-0.170698946788675,1.2200185225961,0.0057009233984371,1,0.0113693462692794,0.999999999965202,,abundance,40,37
k__Bacteria|p__Firmicutes|c__Clostridia|o__Eubacteriales|f__Lachnospiraceae|g__Lachnospiraceae_unclassified|s__Lachnospiraceae_bacterium_Marseille_Q4251|t__SGB4780,timepoint,2_weeks,timepoint2_weeks,-0.36906698492578,0.115356323157511,0.71832610306672,0.517730952830711,1,0.604491019665473,0.999999999965202,,abundance,40,19
k__Bacteria|p__Firmicutes|c__Clostridia|o__Eubacteriales|f__Lachnospiraceae|g__Lachnospiraceae_unclassified|s__Lachnospiraceae_bacterium_Marseille_Q4251|t__SGB4780,turmeric_status,Taken,turmeric_statusTaken,-1.4667728988274,-0.260356152329717,0.916158674185642,0.224392263409718,1,0.398432638941299,0.999999999965202,,abundance,40,19
k__Bacteria|p__Firmicutes|c__Clostridia|o__Eubacteriales|f__Lachnospiraceae|g__Lachnospiraceae_unclassified|s__Lachnospiraceae_bacterium|t__SGB4922,timepoint,2_weeks,timepoint2_weeks,0.768404656246811,0.115356323157511,0.619277015078564,0.40947885788629,1,0.651284780716719,0.999999999965202,,abundance,40,5
k__Bacteria|p__Firmicutes|c__Clostridia|o__Eubacteriales|f__Lachnospiraceae|g__Lachnospiraceae_unclassified|s__Lachnospiraceae_bacterium|t__SGB4922,turmeric_status,Taken,turmeric_statusTaken,-0.759982837910372,-0.260356152329717,0.758456348188163,0.587428443122187,1,0.829784710455417,0.999999999965202,,abundance,40,5
k__Bacteria|p__Firmicutes|c__Clostridia|o__Eubacteriales|f__Lachnospiraceae|g__Lacrimispora|s__Lacrimispora_amygdalina|t__SGB4716,timepoint,2_weeks,timepoint2_weeks,1.16626220477142,0.115356323157511,0.85165942849745,0.255873595820782,1,0.446275894603307,0.999999999965202,,abundance,40,12
k__Bacteria|p__Firmicutes|c__Clostridia|o__Eubacteriales|f__Lachnospiraceae|g__Lacrimispora|s__Lacrimispora_amygdalina|t__SGB4716,timepoint,6_months,timepoint6_months,2.16425940807156,-0.170698946788675,1.47511740090266,0.15349425367859,1,0.283428021444833,0.999999999965202,,abundance,40,12
k__Bacteria|p__Firmicutes|c__Clostridia|o__Eubacteriales|f__Lachnospiraceae|g__Lacrimispora|s__Lacrimispora_amygdalina|t__SGB4716,turmeric_status,Taken,turmeric_statusTaken,-0.855736326412465,-0.260356152329717,1.90436837579892,0.761828683371047,1,0.763974413199853,0.999999999965202,,abundance,40,12
k__Bacteria|p__Firmicutes|c__Clostridia|o__Eubacteriales|f__Lachnospiraceae|g__Lacrimispora|s__Lacrimispora_celerecrescens|t__SGB4868,timepoint,2_weeks,timepoint2_weeks,0.115356323157511,0.115356323157511,0.578010233525048,1,1,0.989219885387675,0.999999999965202,,abundance,40,32
k__Bacteria|p__Firmicutes|c__Clostridia|o__Eubacteriales|f__Lachnospiraceae|g__Lacrimispora|s__Lacrimispora_celerecrescens|t__SGB4868,timepoint,6_months,timepoint6_months,-0.155615123250275,-0.170698946788675,1.1726861075439,0.989812876483049,1,0.933995008665295,0.999999999965202,,abundance,40,32
k__Bacteria|p__Firmicutes|c__Clostridia|o__Eubacteriales|f__Lachnospiraceae|g__Lacrimispora|s__Lacrimispora_celerecrescens|t__SGB4868,turmeric_status,Taken,turmeric_statusTaken,0.487520558540259,-0.260356152329717,1.33470312563458,0.583079329796834,1,0.642629031511099,0.999999999965202,,abundance,40,32
k__Bacteria|p__Firmicutes|c__Clostridia|o__Eubacteriales|f__Lachnospiraceae|g__Mediterraneibacter|s__Ruminococcus_gnavus|t__SGB4584,timepoint,2_weeks,timepoint2_weeks,0.151048748062712,0.115356323157511,0.18694733416049,0.888579263999572,1,0.987585419589123,0.999999999965202,,abundance,40,8
k__Bacteria|p__Firmicutes|c__Clostridia|o__Eubacteriales|f__Lachnospiraceae|g__Mediterraneibacter|s__Ruminococcus_gnavus|t__SGB4584,turmeric_status,Taken,turmeric_statusTaken,-0.95992248045313,-0.260356152329717,0.295567604632988,0.201121373830329,1,0.361792940649258,0.999999999965202,,abundance,40,8
k__Bacteria|p__Firmicutes|c__Clostridia|o__Eubacteriales|f__Lachnospiraceae|g__Mediterraneibacter|s__Ruminococcus_lactaris|t__SGB4557,timepoint,2_weeks,timepoint2_weeks,-1.18070190409884,0.115356323157511,1.34055414384893,0.382028672290355,1,0.301809545437669,0.999999999965202,,abundance,40,12
k__Bacteria|p__Firmicutes|c__Clostridia|o__Eubacteriales|f__Lachnospiraceae|g__Mediterraneibacter|s__Ruminococcus_lactaris|t__SGB4557,timepoint,6_months,timepoint6_months,-3.41391446902273,-0.170698946788675,2.32524877046669,0.213620828791858,1,0.381607799089996,0.999999999965202,,abundance,40,12
k__Bacteria|p__Firmicutes|c__Clostridia|o__Eubacteriales|f__Lachnospiraceae|g__Mediterraneibacter|s__Ruminococcus_lactaris|t__SGB4557,turmeric_status,Taken,turmeric_statusTaken,4.66807506532093,-0.260356152329717,2.950167950385,0.133987254822986,1,0.250021925190972,0.999999999965202,,abundance,40,12
k__Bacteria|p__Firmicutes|c__Clostridia|o__Eubacteriales|f__Lachnospiraceae|g__Mediterraneibacter|s__Ruminococcus_torques|t__SGB4563,timepoint,2_weeks,timepoint2_weeks,0.274621495344077,0.115356323157511,0.505770261061137,0.761476354838233,1,0.939341998513559,0.999999999965202,,abundance,40,32
k__Bacteria|p__Firmicutes|c__Clostridia|o__Eubacteriales|f__Lachnospiraceae|g__Mediterraneibacter|s__Ruminococcus_torques|t__SGB4563,timepoint,6_months,timepoint6_months,-1.02787135350353,-0.170698946788675,0.841573503569887,0.327795282166625,1,0.548140817322552,0.999999999965202,,abundance,40,32
k__Bacteria|p__Firmicutes|c__Clostridia|o__Eubacteriales|f__Lachnospiraceae|g__Mediterraneibacter|s__Ruminococcus_torques|t__SGB4563,turmeric_status,Taken,turmeric_statusTaken,-0.135827217973081,-0.260356152329717,1.03440282849896,0.906210420488407,1,0.859205671608669,0.999999999965202,,abundance,40,32
k__Bacteria|p__Firmicutes|c__Clostridia|o__Eubacteriales|f__Lachnospiraceae|g__Mediterraneibacter|s__Ruminococcus_torques|t__SGB4608,timepoint,2_weeks,timepoint2_weeks,-1.09065626446197,0.115356323157511,0.614619401062295,0.133606410777978,1,0.249362148554982,0.999999999965202,,abundance,40,15
k__Bacteria|p__Firmicutes|c__Clostridia|o__Eubacteriales|f__Lachnospiraceae|g__Mediterraneibacter|s__Ruminococcus_torques|t__SGB4608,turmeric_status,Taken,turmeric_statusTaken,-2.98999007426364,-0.260356152329717,0.86444509224601,0.03410886819937,1,0.067054321508898,0.999999999965202,,abundance,40,15
k__Bacteria|p__Firmicutes|c__Clostridia|o__Eubacteriales|f__Lachnospiraceae|g__Roseburia|s__Roseburia_faecis|t__SGB4925,timepoint,2_weeks,timepoint2_weeks,-2.46018535535308,0.115356323157511,1.35867492052431,0.0752014080811823,1,0.144747564384972,0.999999999965202,,abundance,40,22
k__Bacteria|p__Firmicutes|c__Clostridia|o__Eubacteriales|f__Lachnospiraceae|g__Roseburia|s__Roseburia_faecis|t__SGB4925,timepoint,6_months,timepoint6_months,1.34249245982702,-0.170698946788675,2.94737972536064,0.612627984203109,1,0.849942921377453,0.999999999965202,,abundance,40,22
k__Bacteria|p__Firmicutes|c__Clostridia|o__Eubacteriales|f__Lachnospiraceae|g__Roseburia|s__Roseburia_faecis|t__SGB4925,turmeric_status,Taken,turmeric_statusTaken,-4.32906164052849,-0.260356152329717,3.12616828580138,0.209391592241763,1,0.374938345581985,0.999999999965202,,abundance,40,22
k__Bacteria|p__Firmicutes|c__Clostridia|o__Eubacteriales|f__Lachnospiraceae|g__Roseburia|s__Roseburia_hominis|t__SGB4936,timepoint,2_weeks,timepoint2_weeks,1.16583481648487,0.115356323157511,0.658013859158533,0.145285847311878,1,0.269463717194626,0.999999999965202,,abundance,40,23
k__Bacteria|p__Firmicutes|c__Clostridia|o__Eubacteriales|f__Lachnospiraceae|g__Roseburia|s__Roseburia_hominis|t__SGB4936,timepoint,6_months,timepoint6_months,0.328519394981627,-0.170698946788675,1.8462874030749,0.789428879890028,1,0.955659803375632,0.999999999965202,,abundance,40,23
k__Bacteria|p__Firmicutes|c__Clostridia|o__Eubacteriales|f__Lachnospiraceae|g__Roseburia|s__Roseburia_hominis|t__SGB4936,turmeric_status,Taken,turmeric_statusTaken,1.04224086255029,-0.260356152329717,1.87082005488666,0.497052060574273,1,0.631720351673929,0.999999999965202,,abundance,40,23
k__Bacteria|p__Firmicutes|c__Clostridia|o__Eubacteriales|f__Lachnospiraceae|g__Roseburia|s__Roseburia_intestinalis|t__SGB4951,timepoint,2_weeks,timepoint2_weeks,1.00723488175521,0.115356323157511,0.915223333588409,0.356239816758822,1,0.356174851405368,0.999999999965202,,abundance,40,23
k__Bacteria|p__Firmicutes|c__Clostridia|o__Eubacteriales|f__Lachnospiraceae|g__Roseburia|s__Roseburia_intestinalis|t__SGB4951,timepoint,6_months,timepoint6_months,0.327542788342025,-0.170698946788675,1.35402201669905,0.7175433802811,1,0.902489357070078,0.999999999965202,,abundance,40,23
k__Bacteria|p__Firmicutes|c__Clostridia|o__Eubacteriales|f__Lachnospiraceae|g__Roseburia|s__Roseburia_intestinalis|t__SGB4951,turmeric_status,Taken,turmeric_statusTaken,-1.47196443805594,-0.260356152329717,1.66903665247821,0.481608317264584,1,0.731270063270743,0.999999999965202,,abundance,40,23
k__Bacteria|p__Firmicutes|c__Clostridia|o__Eubacteriales|f__Lachnospiraceae|g__Roseburia|s__Roseburia_inulinivorans|t__SGB4940,timepoint,2_weeks,timepoint2_weeks,0.6232983462479,0.115356323157511,0.670690349925412,0.482400716288275,1,0.732090981501109,0.999999999965202,,abundance,40,20
k__Bacteria|p__Firmicutes|c__Clostridia|o__Eubacteriales|f__Lachnospiraceae|g__Roseburia|s__Roseburia_inulinivorans|t__SGB4940,timepoint,6_months,timepoint6_months,0.353463839184576,-0.170698946788675,1.42223095306538,0.72624193795723,1,0.56322299327716,0.999999999965202,,abundance,40,20
k__Bacteria|p__Firmicutes|c__Clostridia|o__Eubacteriales|f__Lachnospiraceae|g__Roseburia|s__Roseburia_inulinivorans|t__SGB4940,turmeric_status,Taken,turmeric_statusTaken,-0.936867903147618,-0.260356152329717,1.87139241306824,0.727480278631511,1,0.925733001465241,0.999999999965202,,abundance,40,20
k__Bacteria|p__Firmicutes|c__Clostridia|o__Eubacteriales|f__Lachnospiraceae|g__Waltera|s__Waltera_intestinalis|t__SGB4910,timepoint,2_weeks,timepoint2_weeks,-1.05090558408732,0.115356323157511,0.790812498148791,0.190505046320189,1,0.344717919966921,0.999999999965202,,abundance,40,19
k__Bacteria|p__Firmicutes|c__Clostridia|o__Eubacteriales|f__Lachnospiraceae|g__Waltera|s__Waltera_intestinalis|t__SGB4910,timepoint,6_months,timepoint6_months,-3.4650637557337,-0.170698946788675,2.22529391793444,0.164834396277184,1,0.302498414358304,0.999999999965202,,abundance,40,19
k__Bacteria|p__Firmicutes|c__Clostridia|o__Eubacteriales|f__Lachnospiraceae|g__Waltera|s__Waltera_intestinalis|t__SGB4910,turmeric_status,Taken,turmeric_statusTaken,1.48568426231732,-0.260356152329717,2.36767672657573,0.472336942409226,1,0.721571697653956,0.999999999965202,,abundance,40,19
k__Bacteria|p__Firmicutes|c__Clostridia|o__Eubacteriales|f__Oscillospiraceae|g__Agathobaculum|s__Agathobaculum_butyriciproducens|t__SGB14993,timepoint,2_weeks,timepoint2_weeks,-0.10377061506526,0.115356323157511,0.454217608506088,0.64364912369258,1,0.873014052954934,0.999999999965202,,abundance,40,35
k__Bacteria|p__Firmicutes|c__Clostridia|o__Eubacteriales|f__Oscillospiraceae|g__Agathobaculum|s__Agathobaculum_butyriciproducens|t__SGB14993,timepoint,6_months,timepoint6_months,0.64413000643031,-0.170698946788675,0.947326605317045,0.402755690610402,1,0.643299234901742,0.999999999965202,,abundance,40,35
k__Bacteria|p__Firmicutes|c__Clostridia|o__Eubacteriales|f__Oscillospiraceae|g__Agathobaculum|s__Agathobaculum_butyriciproducens|t__SGB14993,turmeric_status,Taken,turmeric_statusTaken,-0.30095367153622,-0.260356152329717,1.04008456944305,0.969467087354829,1,0.738166968304028,0.999999999965202,,abundance,40,35
k__Bacteria|p__Firmicutes|c__Clostridia|o__Eubacteriales|f__Oscillospiraceae|g__Dysosmobacter|s__Dysosmobacter_sp_BX15|t__SGB15053,timepoint,2_weeks,timepoint2_weeks,1.51662702647219,0.115356323157511,0.733406834774721,0.0804921689928673,1,0.154505348716558,0.999999999965202,,abundance,40,17
k__Bacteria|p__Firmicutes|c__Clostridia|o__Eubacteriales|f__Oscillospiraceae|g__Dysosmobacter|s__Dysosmobacter_sp_BX15|t__SGB15053,turmeric_status,Taken,turmeric_statusTaken,2.16895451811989,-0.260356152329717,1.03719389247553,0.0379058454508471,1,0.0743748377823508,0.999999999965202,,abundance,40,17
k__Bacteria|p__Firmicutes|c__Clostridia|o__Eubacteriales|f__Oscillospiraceae|g__Dysosmobacter|s__Dysosmobacter_welbionis|t__SGB15078,timepoint,2_weeks,timepoint2_weeks,-0.225661998657299,0.115356323157511,0.960001313742309,0.72849763715668,1,0.926286466970494,0.999999999965202,,abundance,40,17
k__Bacteria|p__Firmicutes|c__Clostridia|o__Eubacteriales|f__Oscillospiraceae|g__Dysosmobacter|s__Dysosmobacter_welbionis|t__SGB15078,timepoint,6_months,timepoint6_months,-0.142274937184369,-0.170698946788675,1.38350914218013,0.983860286281598,1,0.897029860114593,0.999999999965202,,abundance,40,17
k__Bacteria|p__Firmicutes|c__Clostridia|o__Eubacteriales|f__Oscillospiraceae|g__Dysosmobacter|s__Dysosmobacter_welbionis|t__SGB15078,turmeric_status,Taken,turmeric_statusTaken,0.525741153142278,-0.260356152329717,1.72553906716918,0.656173858812986,1,0.488191212778734,0.999999999965202,,abundance,40,17
k__Bacteria|p__Firmicutes|c__Clostridia|o__Eubacteriales|f__Oscillospiraceae|g__Faecalibacterium|s__Faecalibacterium_prausnitzii|t__SGB15316,timepoint,2_weeks,timepoint2_weeks,-0.935717843217488,0.115356323157511,0.582872864953163,0.0939368862500602,1,0.179049633901764,0.999999999965202,,abundance,40,35
k__Bacteria|p__Firmicutes|c__Clostridia|o__Eubacteriales|f__Oscillospiraceae|g__Faecalibacterium|s__Faecalibacterium_prausnitzii|t__SGB15316,timepoint,6_months,timepoint6_months,0.33445426420246,-0.170698946788675,1.72077020931853,0.771031392973477,1,0.261185551826738,0.999999999965202,,abundance,40,35
k__Bacteria|p__Firmicutes|c__Clostridia|o__Eubacteriales|f__Oscillospiraceae|g__Faecalibacterium|s__Faecalibacterium_prausnitzii|t__SGB15316,turmeric_status,Taken,turmeric_statusTaken,-0.807776500752515,-0.260356152329717,1.80779587512667,0.764558879922257,1,0.47857439628141,0.999999999965202,,abundance,40,35
k__Bacteria|p__Firmicutes|c__Clostridia|o__Eubacteriales|f__Oscillospiraceae|g__Faecalibacterium|s__Faecalibacterium_prausnitzii|t__SGB15317,timepoint,2_weeks,timepoint2_weeks,-0.26571237376418,0.115356323157511,0.685284909163544,0.589031941655826,1,0.831105255020819,0.999999999965202,,abundance,40,31
k__Bacteria|p__Firmicutes|c__Clostridia|o__Eubacteriales|f__Oscillospiraceae|g__Faecalibacterium|s__Faecalibacterium_prausnitzii|t__SGB15317,timepoint,6_months,timepoint6_months,-0.610639320426385,-0.170698946788675,1.10991262363669,0.696140301372926,1,0.907669283550264,0.999999999965202,,abundance,40,31
k__Bacteria|p__Firmicutes|c__Clostridia|o__Eubacteriales|f__Oscillospiraceae|g__Faecalibacterium|s__Faecalibacterium_prausnitzii|t__SGB15317,turmeric_status,Taken,turmeric_statusTaken,-0.0096300728430102,-0.260356152329717,1.29500555050461,0.850362121679999,1,0.966680706943125,0.999999999965202,,abundance,40,31
k__Bacteria|p__Firmicutes|c__Clostridia|o__Eubacteriales|f__Oscillospiraceae|g__Faecalibacterium|s__Faecalibacterium_prausnitzii|t__SGB15318,timepoint,2_weeks,timepoint2_weeks,-0.586114263847162,0.115356323157511,0.669866545077636,0.311819955264615,1,0.311819955264615,0.999999999965202,,abundance,40,40
k__Bacteria|p__Firmicutes|c__Clostridia|o__Eubacteriales|f__Oscillospiraceae|g__Faecalibacterium|s__Faecalibacterium_prausnitzii|t__SGB15318,timepoint,6_months,timepoint6_months,-0.279021722121154,-0.170698946788675,1.22199983971272,0.929724147117598,1,0.929724147117598,0.999999999965202,,abundance,40,40
k__Bacteria|p__Firmicutes|c__Clostridia|o__Eubacteriales|f__Oscillospiraceae|g__Faecalibacterium|s__Faecalibacterium_prausnitzii|t__SGB15318,turmeric_status,Taken,turmeric_statusTaken,-0.341193233588668,-0.260356152329717,1.36643892136752,0.953337557877378,1,0.953337557877378,0.999999999965202,,abundance,40,40
k__Bacteria|p__Firmicutes|c__Clostridia|o__Eubacteriales|f__Oscillospiraceae|g__Faecalibacterium|s__Faecalibacterium_prausnitzii|t__SGB15322,timepoint,2_weeks,timepoint2_weeks,-0.697626983512342,0.115356323157511,0.924858491288835,0.44292691959752,1,0.574548839351409,0.999999999965202,,abundance,40,11
k__Bacteria|p__Firmicutes|c__Clostridia|o__Eubacteriales|f__Oscillospiraceae|g__Faecalibacterium|s__Faecalibacterium_prausnitzii|t__SGB15322,timepoint,6_months,timepoint6_months,1.24240922397153,-0.170698946788675,1.66436827348728,0.453661019589304,1,0.701513718483801,0.999999999965202,,abundance,40,11
k__Bacteria|p__Firmicutes|c__Clostridia|o__Eubacteriales|f__Oscillospiraceae|g__Faecalibacterium|s__Faecalibacterium_prausnitzii|t__SGB15322,turmeric_status,Taken,turmeric_statusTaken,-4.40587316458589,-0.260356152329717,2.25230574334798,0.156823736661442,1,0.289053788942426,0.999999999965202,,abundance,40,11
k__Bacteria|p__Firmicutes|c__Clostridia|o__Eubacteriales|f__Oscillospiraceae|g__Faecalibacterium|s__Faecalibacterium_prausnitzii|t__SGB15323,timepoint,2_weeks,timepoint2_weeks,0.280493420899159,0.115356323157511,0.866390896693683,0.858926904489476,1,0.715803184613641,0.999999999965202,,abundance,40,15
k__Bacteria|p__Firmicutes|c__Clostridia|o__Eubacteriales|f__Oscillospiraceae|g__Faecalibacterium|s__Faecalibacterium_prausnitzii|t__SGB15323,timepoint,6_months,timepoint6_months,-0.0534583184025226,-0.170698946788675,1.73581308708368,0.949628945586859,1,0.997462756877308,0.999999999965202,,abundance,40,15
k__Bacteria|p__Firmicutes|c__Clostridia|o__Eubacteriales|f__Oscillospiraceae|g__Faecalibacterium|s__Faecalibacterium_prausnitzii|t__SGB15323,turmeric_status,Taken,turmeric_statusTaken,0.545951192365166,-0.260356152329717,2.0447242077527,0.712354386203719,1,0.85445190202164,0.999999999965202,,abundance,40,15
k__Bacteria|p__Firmicutes|c__Clostridia|o__Eubacteriales|f__Oscillospiraceae|g__Faecalibacterium|s__Faecalibacterium_prausnitzii|t__SGB15332,timepoint,2_weeks,timepoint2_weeks,-0.208947391870305,0.115356323157511,0.503654843111629,0.563576842356658,1,0.809534827472615,0.999999999965202,,abundance,40,11
k__Bacteria|p__Firmicutes|c__Clostridia|o__Eubacteriales|f__Oscillospiraceae|g__Faecalibacterium|s__Faecalibacterium_prausnitzii|t__SGB15332,timepoint,6_months,timepoint6_months,1.37537744636593,-0.170698946788675,0.8977235358846,0.163227889587276,1,0.299812435235435,0.999999999965202,,abundance,40,11
k__Bacteria|p__Firmicutes|c__Clostridia|o__Eubacteriales|f__Oscillospiraceae|g__Faecalibacterium|s__Faecalibacterium_prausnitzii|t__SGB15332,turmeric_status,Taken,turmeric_statusTaken,-1.73165777429754,-0.260356152329717,1.05094181179678,0.236093435203901,1,0.416446760261423,0.999999999965202,,abundance,40,11
k__Bacteria|p__Firmicutes|c__Clostridia|o__Eubacteriales|f__Oscillospiraceae|g__Faecalibacterium|s__Faecalibacterium_prausnitzii|t__SGB15342,timepoint,2_weeks,timepoint2_weeks,0.5628110769161,0.115356323157511,0.602881833740467,0.473820757833189,1,0.323313122213793,0.999999999965202,,abundance,40,34
k__Bacteria|p__Firmicutes|c__Clostridia|o__Eubacteriales|f__Oscillospiraceae|g__Faecalibacterium|s__Faecalibacterium_prausnitzii|t__SGB15342,timepoint,6_months,timepoint6_months,1.01158198385426,-0.170698946788675,0.995768124937851,0.253806721565919,1,0.443195591219798,0.999999999965202,,abundance,40,34
k__Bacteria|p__Firmicutes|c__Clostridia|o__Eubacteriales|f__Oscillospiraceae|g__Faecalibacterium|s__Faecalibacterium_prausnitzii|t__SGB15342,turmeric_status,Taken,turmeric_statusTaken,0.895191976409299,-0.260356152329717,1.17844547645335,0.342351563552915,1,0.567498534038704,0.999999999965202,,abundance,40,34
k__Bacteria|p__Firmicutes|c__Clostridia|o__Eubacteriales|f__Oscillospiraceae|g__Faecalibacterium|s__Faecalibacterium_SGB15315|t__SGB15315,timepoint,2_weeks,timepoint2_weeks,0.0714939341692558,0.115356323157511,0.905953765437122,0.962515380026007,1,0.983044591423867,0.999999999965202,,abundance,40,19
k__Bacteria|p__Firmicutes|c__Clostridia|o__Eubacteriales|f__Oscillospiraceae|g__Faecalibacterium|s__Faecalibacterium_SGB15315|t__SGB15315,timepoint,6_months,timepoint6_months,-3.12283769978227,-0.170698946788675,1.51549585712265,0.0777469405708666,1,0.149449294373603,0.999999999965202,,abundance,40,19
k__Bacteria|p__Firmicutes|c__Clostridia|o__Eubacteriales|f__Oscillospiraceae|g__Faecalibacterium|s__Faecalibacterium_SGB15315|t__SGB15315,turmeric_status,Taken,turmeric_statusTaken,-1.7582379116429,-0.260356152329717,1.96763314287207,0.461691842985648,1,0.289850898365544,0.999999999965202,,abundance,40,19
k__Bacteria|p__Firmicutes|c__Clostridia|o__Eubacteriales|f__Oscillospiraceae|g__Flavonifractor|s__Flavonifractor_plautii|t__SGB15132,timepoint,2_weeks,timepoint2_weeks,0.809028593736399,0.115356323157511,0.696228071737873,0.352265050958232,1,0.580439435789858,0.999999999965202,,abundance,40,19
k__Bacteria|p__Firmicutes|c__Clostridia|o__Eubacteriales|f__Oscillospiraceae|g__Flavonifractor|s__Flavonifractor_plautii|t__SGB15132,timepoint,6_months,timepoint6_months,1.91630389636607,-0.170698946788675,1.09843558436924,0.0934861635668499,1,0.178232664355252,0.999999999965202,,abundance,40,19
k__Bacteria|p__Firmicutes|c__Clostridia|o__Eubacteriales|f__Oscillospiraceae|g__Flavonifractor|s__Flavonifractor_plautii|t__SGB15132,turmeric_status,Taken,turmeric_statusTaken,-2.50626711016489,-0.260356152329717,1.36261267319751,0.131366958520951,1,0.245476639250856,0.999999999965202,,abundance,40,19
k__Bacteria|p__Firmicutes|c__Clostridia|o__Eubacteriales|f__Oscillospiraceae|g__GGB13489|s__GGB13489_SGB15224|t__SGB15224,timepoint,6_months,timepoint6_months,-1.11289098210468,-0.170698946788675,1.64576243863511,0.589625899412645,1,0.3744037665977,0.999999999965202,,abundance,40,13
k__Bacteria|p__Firmicutes|c__Clostridia|o__Eubacteriales|f__Oscillospiraceae|g__GGB13489|s__GGB13489_SGB15224|t__SGB15224,turmeric_status,Taken,turmeric_statusTaken,0.892599812988728,-0.260356152329717,1.65709044403311,0.51596497992062,1,0.765710099336754,0.999999999965202,,abundance,40,13
k__Bacteria|p__Firmicutes|c__Clostridia|o__Eubacteriales|f__Oscillospiraceae|g__GGB3343|s__GGB3343_SGB4423|t__SGB4423,timepoint,2_weeks,timepoint2_weeks,2.55243345569021,0.115356323157511,2.12678806090555,0.421790449066891,1,0.665673715209732,0.999999999965202,,abundance,40,6
k__Bacteria|p__Firmicutes|c__Clostridia|o__Eubacteriales|f__Oscillospiraceae|g__GGB3343|s__GGB3343_SGB4423|t__SGB4423,turmeric_status,Taken,turmeric_statusTaken,1.28984388671028,-0.260356152329717,2.80182920680723,0.658051797563959,1,0.88307142685076,0.999999999965202,,abundance,40,6
k__Bacteria|p__Firmicutes|c__Clostridia|o__Eubacteriales|f__Oscillospiraceae|g__GGB9634|s__GGB9634_SGB15093|t__SGB15093,timepoint,2_weeks,timepoint2_weeks,-0.249407093373373,0.115356323157511,1.50919195401271,0.818514026964182,1,0.821682850910556,0.999999999965202,,abundance,40,8
k__Bacteria|p__Firmicutes|c__Clostridia|o__Eubacteriales|f__Oscillospiraceae|g__GGB9634|s__GGB9634_SGB15093|t__SGB15093,turmeric_status,Taken,turmeric_statusTaken,1.25857313572777,-0.260356152329717,1.68732790013407,0.410340338271289,1,0.652301483329983,0.999999999965202,,abundance,40,8
k__Bacteria|p__Firmicutes|c__Clostridia|o__Eubacteriales|f__Oscillospiraceae|g__GGB9635|s__GGB9635_SGB15106|t__SGB15106,timepoint,2_weeks,timepoint2_weeks,0.40338868189569,0.115356323157511,1.14360511170924,0.818129392881081,1,0.67160667248289,0.999999999965202,,abundance,40,10
k__Bacteria|p__Firmicutes|c__Clostridia|o__Eubacteriales|f__Oscillospiraceae|g__GGB9635|s__GGB9635_SGB15106|t__SGB15106,turmeric_status,Taken,turmeric_statusTaken,-0.0913509283189319,-0.260356152329717,1.3925206456985,0.91292691406548,1,0.985458137496685,0.999999999965202,,abundance,40,10
k__Bacteria|p__Firmicutes|c__Clostridia|o__Eubacteriales|f__Oscillospiraceae|g__GGB9699|s__GGB9699_SGB15216|t__SGB15216,timepoint,2_weeks,timepoint2_weeks,0.0632219980308162,0.115356323157511,0.507504832149842,0.923958026231016,1,0.979781802364587,0.999999999965202,,abundance,40,17
k__Bacteria|p__Firmicutes|c__Clostridia|o__Eubacteriales|f__Oscillospiraceae|g__GGB9699|s__GGB9699_SGB15216|t__SGB15216,timepoint,6_months,timepoint6_months,-1.06581271505397,-0.170698946788675,0.965767691411114,0.409948990291451,1,0.651839805941922,0.999999999965202,,abundance,40,17
k__Bacteria|p__Firmicutes|c__Clostridia|o__Eubacteriales|f__Oscillospiraceae|g__GGB9699|s__GGB9699_SGB15216|t__SGB15216,turmeric_status,Taken,turmeric_statusTaken,1.54448609346784,-0.260356152329717,1.16478854277609,0.199805022542246,1,0.359687998051384,0.999999999965202,,abundance,40,17
k__Bacteria|p__Firmicutes|c__Clostridia|o__Eubacteriales|f__Oscillospiraceae|g__GGB9708|s__GGB9708_SGB15234|t__SGB15234,timepoint,2_weeks,timepoint2_weeks,-1.217426005052,0.115356323157511,0.379354117638166,0.208416120542248,1,0.373394961782616,0.999999999965202,,abundance,40,9
k__Bacteria|p__Firmicutes|c__Clostridia|o__Eubacteriales|f__Oscillospiraceae|g__GGB9708|s__GGB9708_SGB15234|t__SGB15234,timepoint,6_months,timepoint6_months,-0.015733016104453,-0.170698946788675,2.09264819490422,0.944920201186439,1,0.545843076765262,0.999999999965202,,abundance,40,9
k__Bacteria|p__Firmicutes|c__Clostridia|o__Eubacteriales|f__Oscillospiraceae|g__GGB9708|s__GGB9708_SGB15234|t__SGB15234,turmeric_status,Taken,turmeric_statusTaken,1.71044029952982,-0.260356152329717,2.13265993925746,0.405975431643071,1,0.31723110195068,0.999999999965202,,abundance,40,9
k__Bacteria|p__Firmicutes|c__Clostridia|o__Eubacteriales|f__Oscillospiraceae|g__GGB9715|s__GGB9715_SGB15265|t__SGB15265,timepoint,2_weeks,timepoint2_weeks,0.642790551763853,0.115356323157511,1.46817658816231,0.737595145495708,1,0.931143692332581,0.999999999965202,,abundance,40,11
k__Bacteria|p__Firmicutes|c__Clostridia|o__Eubacteriales|f__Oscillospiraceae|g__GGB9715|s__GGB9715_SGB15265|t__SGB15265,timepoint,6_months,timepoint6_months,-1.51158537621114,-0.170698946788675,2.5320342275751,0.612760868927441,1,0.47093956005288,0.999999999965202,,abundance,40,11
k__Bacteria|p__Firmicutes|c__Clostridia|o__Eubacteriales|f__Oscillospiraceae|g__GGB9715|s__GGB9715_SGB15265|t__SGB15265,turmeric_status,Taken,turmeric_statusTaken,2.8762747857704,-0.260356152329717,2.60470729790241,0.270338995784008,1,0.46759481892651,0.999999999965202,,abundance,40,11
k__Bacteria|p__Firmicutes|c__Clostridia|o__Eubacteriales|f__Oscillospiraceae|g__Oscillibacter|s__Oscillibacter_sp_ER4|t__SGB15254,timepoint,2_weeks,timepoint2_weeks,0.0434648641333792,0.115356323157511,0.72127518858224,0.923421030475029,1,0.994135661426494,0.999999999965202,,abundance,40,27
k__Bacteria|p__Firmicutes|c__Clostridia|o__Eubacteriales|f__Oscillospiraceae|g__Oscillibacter|s__Oscillibacter_sp_ER4|t__SGB15254,timepoint,6_months,timepoint6_months,0.911491275797904,-0.170698946788675,1.33410832126444,0.426766072862676,1,0.571895094216464,0.999999999965202,,abundance,40,27
k__Bacteria|p__Firmicutes|c__Clostridia|o__Eubacteriales|f__Oscillospiraceae|g__Oscillibacter|s__Oscillibacter_sp_ER4|t__SGB15254,turmeric_status,Taken,turmeric_statusTaken,-2.16789699262353,-0.260356152329717,1.46534600240505,0.209778261417238,1,0.375549603871238,0.999999999965202,,abundance,40,27
k__Bacteria|p__Firmicutes|c__Clostridia|o__Eubacteriales|f__Oscillospiraceae|g__Oscillospiraceae_unclassified|s__Eubacterium_siraeum|t__SGB4198,timepoint,2_weeks,timepoint2_weeks,-3.19045496486026,0.115356323157511,0.363594908375423,0.0634915947866131,1,0.122952006964679,0.999999999965202,,abundance,40,7
k__Bacteria|p__Firmicutes|c__Clostridia|o__Eubacteriales|f__Oscillospiraceae|g__Oscillospiraceae_unclassified|s__Eubacterium_siraeum|t__SGB4198,turmeric_status,Taken,turmeric_statusTaken,-0.0278855231823582,-0.260356152329717,0.473336078370759,0.727142624689739,1,0.925548852738796,0.999999999965202,,abundance,40,7
k__Bacteria|p__Firmicutes|c__Clostridia|o__Eubacteriales|f__Oscillospiraceae|g__Oscillospiraceae_unclassified|s__Oscillospiraceae_unclassified_SGB15256|t__SGB15256,timepoint,2_weeks,timepoint2_weeks,2.50197934270909,0.115356323157511,2.11028715476783,0.340024273323784,1,0.5644320401982,0.999999999965202,,abundance,40,6
k__Bacteria|p__Firmicutes|c__Clostridia|o__Eubacteriales|f__Oscillospiraceae|g__Oscillospiraceae_unclassified|s__Oscillospiraceae_unclassified_SGB15256|t__SGB15256,turmeric_status,Taken,turmeric_statusTaken,1.7988181985652,-0.260356152329717,2.66932557042504,0.496912754360941,1,0.746903223275305,0.999999999965202,,abundance,40,6
k__Bacteria|p__Firmicutes|c__Clostridia|o__Eubacteriales|f__Oscillospiraceae|g__Ruminococcus|s__Ruminococcus_bicirculans|t__SGB4262,timepoint,2_weeks,timepoint2_weeks,-1.3114620633206,0.115356323157511,0.90681389661482,0.142103771407578,1,0.264014060966898,0.999999999965202,,abundance,40,26
k__Bacteria|p__Firmicutes|c__Clostridia|o__Eubacteriales|f__Oscillospiraceae|g__Ruminococcus|s__Ruminococcus_bicirculans|t__SGB4262,timepoint,6_months,timepoint6_months,1.32732981086344,-0.170698946788675,1.30539221073877,0.26936351304399,1,0.46617032392858,0.999999999965202,,abundance,40,26
k__Bacteria|p__Firmicutes|c__Clostridia|o__Eubacteriales|f__Oscillospiraceae|g__Ruminococcus|s__Ruminococcus_bicirculans|t__SGB4262,turmeric_status,Taken,turmeric_statusTaken,-2.31855097694486,-0.260356152329717,1.50126048526596,0.18874759496442,1,0.341869535323987,0.999999999965202,,abundance,40,26
k__Bacteria|p__Firmicutes|c__Clostridia|o__Eubacteriales|f__Oscillospiraceae|g__Ruminococcus|s__Ruminococcus_callidus|t__SGB4422,timepoint,2_weeks,timepoint2_weeks,-3.4792549456738,0.115356323157511,1.79233433225905,0.13894866961739,1,0.258590606446337,0.999999999965202,,abundance,40,7
k__Bacteria|p__Firmicutes|c__Clostridia|o__Eubacteriales|f__Oscillospiraceae|g__Ruminococcus|s__Ruminococcus_callidus|t__SGB4422,timepoint,6_months,timepoint6_months,-0.416411833967898,-0.170698946788675,2.40466884320275,0.924716932251485,1,0.490895075392341,0.999999999965202,,abundance,40,7
k__Bacteria|p__Firmicutes|c__Clostridia|o__Eubacteriales|f__Oscillospiraceae|g__Ruminococcus|s__Ruminococcus_callidus|t__SGB4422,turmeric_status,Taken,turmeric_statusTaken,-4.28164178341839,-0.260356152329717,2.77667240787003,0.243836067872657,1,0.428216107749714,0.999999999965202,,abundance,40,7
k__Bacteria|p__Firmicutes|c__Clostridia|o__Eubacteriales|f__Oscillospiraceae|g__Ruminococcus|s__Ruminococcus_sp_AF41_9|t__SGB25497,timepoint,2_weeks,timepoint2_weeks,0.48385850666097,0.115356323157511,0.773077416366333,0.668354309402363,1,0.290637172315777,0.999999999965202,,abundance,40,12
k__Bacteria|p__Firmicutes|c__Clostridia|o__Eubacteriales|f__Oscillospiraceae|g__Ruminococcus|s__Ruminococcus_sp_AF41_9|t__SGB25497,turmeric_status,Taken,turmeric_statusTaken,1.84470561416038,-0.260356152329717,1.05858801873439,0.149049928540999,1,0.275883975883921,0.999999999965202,,abundance,40,12
k__Bacteria|p__Firmicutes|c__Clostridia|o__Eubacteriales|f__Oscillospiraceae|g__Ruthenibacterium|s__Ruthenibacterium_lactatiformans|t__SGB15271,timepoint,2_weeks,timepoint2_weeks,1.18031102308149,0.115356323157511,0.951952887453766,0.297562965321022,1,0.506582212311404,0.999999999965202,,abundance,40,17
k__Bacteria|p__Firmicutes|c__Clostridia|o__Eubacteriales|f__Oscillospiraceae|g__Ruthenibacterium|s__Ruthenibacterium_lactatiformans|t__SGB15271,timepoint,6_months,timepoint6_months,-0.667996669403639,-0.170698946788675,1.9435046598039,0.802476750129074,1,0.603180945872678,0.999999999965202,,abundance,40,17
k__Bacteria|p__Firmicutes|c__Clostridia|o__Eubacteriales|f__Oscillospiraceae|g__Ruthenibacterium|s__Ruthenibacterium_lactatiformans|t__SGB15271,turmeric_status,Taken,turmeric_statusTaken,0.212178714282699,-0.260356152329717,2.29359073488146,0.840562950927265,1,0.974579827382978,0.999999999965202,,abundance,40,17
k__Bacteria|p__Firmicutes|c__Clostridia|o__Eubacteriales|f__Oscillospiraceae|g__Vescimonas|s__Vescimonas_coprocola|t__SGB15089,timepoint,2_weeks,timepoint2_weeks,0.274252718899505,0.115356323157511,0.555655485182623,0.784258189402366,1,0.475160725175017,0.999999999965202,,abundance,40,24
k__Bacteria|p__Firmicutes|c__Clostridia|o__Eubacteriales|f__Oscillospiraceae|g__Vescimonas|s__Vescimonas_coprocola|t__SGB15089,timepoint,6_months,timepoint6_months,1.2885118875737,-0.170698946788675,1.2292764793815,0.260450668418832,1,0.431789735677022,0.999999999965202,,abundance,40,24
k__Bacteria|p__Firmicutes|c__Clostridia|o__Eubacteriales|f__Oscillospiraceae|g__Vescimonas|s__Vescimonas_coprocola|t__SGB15089,turmeric_status,Taken,turmeric_statusTaken,-1.33309851145188,-0.260356152329717,1.35196663449671,0.445647633246853,1,0.331689450893078,0.999999999965202,,abundance,40,24
k__Bacteria|p__Firmicutes|c__Erysipelotrichia|o__Erysipelotrichales|f__Erysipelotrichaceae|g__Holdemanella|s__Holdemanella_biformis|t__SGB6806,timepoint,2_weeks,timepoint2_weeks,1.22003120734311,0.115356323157511,0.812520268194898,0.21711721127609,1,0.387094539119874,0.999999999965202,,abundance,40,15
k__Bacteria|p__Firmicutes|c__Erysipelotrichia|o__Erysipelotrichales|f__Erysipelotrichaceae|g__Holdemanella|s__Holdemanella_biformis|t__SGB6806,turmeric_status,Taken,turmeric_statusTaken,0.664131327089278,-0.260356152329717,0.786510899540167,0.286018835673305,1,0.490230896986698,0.999999999965202,,abundance,40,15
k__Bacteria|p__Firmicutes|c__Firmicutes_unclassified|o__Firmicutes_unclassified|f__Firmicutes_unclassified|g__Firmicutes_unclassified|s__Firmicutes_bacterium_AF16_15|t__SGB4993,timepoint,2_weeks,timepoint2_weeks,0.576964899114641,0.115356323157511,0.581598392763376,0.443606976815496,1,0.598940654383883,0.999999999965202,,abundance,40,36
k__Bacteria|p__Firmicutes|c__Firmicutes_unclassified|o__Firmicutes_unclassified|f__Firmicutes_unclassified|g__Firmicutes_unclassified|s__Firmicutes_bacterium_AF16_15|t__SGB4993,timepoint,6_months,timepoint6_months,-0.185782770327076,-0.170698946788675,1.00174769424467,0.988099746374916,1,0.98259398995598,0.999999999965202,,abundance,40,36
k__Bacteria|p__Firmicutes|c__Firmicutes_unclassified|o__Firmicutes_unclassified|f__Firmicutes_unclassified|g__Firmicutes_unclassified|s__Firmicutes_bacterium_AF16_15|t__SGB4993,turmeric_status,Taken,turmeric_statusTaken,0.358950657111109,-0.260356152329717,1.1420110164785,0.596579105247627,1,0.837251581677195,0.999999999965202,,abundance,40,36
k__Bacteria|p__Firmicutes|c__Firmicutes_unclassified|o__Firmicutes_unclassified|f__Firmicutes_unclassified|g__GGB9512|s__GGB9512_SGB14909|t__SGB14909,timepoint,2_weeks,timepoint2_weeks,-0.857291010291448,0.115356323157511,0.440063250114933,0.258735989910384,1,0.450527667345861,0.999999999965202,,abundance,40,7
k__Bacteria|p__Firmicutes|c__Firmicutes_unclassified|o__Firmicutes_unclassified|f__Firmicutes_unclassified|g__GGB9512|s__GGB9512_SGB14909|t__SGB14909,turmeric_status,Taken,turmeric_statusTaken,-3.03552393676128,-0.260356152329717,0.567082861969398,0.102109424694888,1,0.193792514778255,0.999999999965202,,abundance,40,7
k__Bacteria|p__Firmicutes|c__Negativicutes|o__Acidaminococcales|f__Acidaminococcaceae|g__GGB15850|s__GGB15850_SGB5785|t__SGB5785,timepoint,2_weeks,timepoint2_weeks,0.30782104924533,0.115356323157511,0.218165389986961,0.526979703492643,1,0.776251799092092,0.999999999965202,,abundance,40,5
k__Bacteria|p__Firmicutes|c__Negativicutes|o__Acidaminococcales|f__Acidaminococcaceae|g__GGB15850|s__GGB15850_SGB5785|t__SGB5785,turmeric_status,Taken,turmeric_statusTaken,-3.92645584347134,-0.260356152329717,0.267196942501676,0.0091773860798453,1,0.0182705477444321,0.999999999965202,,abundance,40,5
k__Bacteria|p__Firmicutes|c__Negativicutes|o__Acidaminococcales|f__Acidaminococcaceae|g__Phascolarctobacterium|s__Phascolarctobacterium_faecium|t__SGB5792,timepoint,2_weeks,timepoint2_weeks,0.534224005058349,0.115356323157511,0.813093872198517,0.642257107387988,1,0.87202002278559,0.999999999965202,,abundance,40,13
k__Bacteria|p__Firmicutes|c__Negativicutes|o__Acidaminococcales|f__Acidaminococcaceae|g__Phascolarctobacterium|s__Phascolarctobacterium_faecium|t__SGB5792,timepoint,6_months,timepoint6_months,-0.618480047943308,-0.170698946788675,1.06972480251124,0.701432307313734,1,0.825533336696125,0.999999999965202,,abundance,40,13
k__Bacteria|p__Firmicutes|c__Negativicutes|o__Acidaminococcales|f__Acidaminococcaceae|g__Phascolarctobacterium|s__Phascolarctobacterium_faecium|t__SGB5792,turmeric_status,Taken,turmeric_statusTaken,-2.81932652701955,-0.260356152329717,1.55780658565913,0.165110039786685,1,0.30295875433501,0.999999999965202,,abundance,40,13
k__Bacteria|p__Firmicutes|c__Negativicutes|o__Acidaminococcales|f__Acidaminococcaceae|g__Phascolarctobacterium|s__Phascolarctobacterium_succinatutens|t__SGB5763_group,timepoint,2_weeks,timepoint2_weeks,-1.40756968839158,0.115356323157511,0.102004471470442,0.0692671189737969,1,0.133736304176664,0.999999999965202,,abundance,40,6
k__Bacteria|p__Firmicutes|c__Negativicutes|o__Acidaminococcales|f__Acidaminococcaceae|g__Phascolarctobacterium|s__Phascolarctobacterium_succinatutens|t__SGB5763_group,turmeric_status,Taken,turmeric_statusTaken,-1.50068824305079,-0.260356152329717,0.134938835139691,0.131795466355065,1,0.24622088775838,0.999999999965202,,abundance,40,6
k__Bacteria|p__Firmicutes|c__Negativicutes|o__Veillonellales|f__Veillonellaceae|g__Dialister|s__Dialister_invisus|t__SGB5825_group,timepoint,2_weeks,timepoint2_weeks,1.0233954054813,0.115356323157511,0.540737920926513,0.266577376985442,1,0.462091256050445,0.999999999965202,,abundance,40,11
k__Bacteria|p__Firmicutes|c__Negativicutes|o__Veillonellales|f__Veillonellaceae|g__Dialister|s__Dialister_invisus|t__SGB5825_group,turmeric_status,Taken,turmeric_statusTaken,-0.260356152329717,-0.260356152329717,0.823970290207002,1,1,0.995780945642907,0.999999999965202,,abundance,40,11
k__Bacteria|p__Proteobacteria|c__CFGB2403|o__OFGB2403|f__FGB2403|g__GGB6601|s__GGB6601_SGB9333|t__SGB9333,timepoint,2_weeks,timepoint2_weeks,-0.242434671183291,0.115356323157511,2.35789341731312,0.897234744982236,1,0.847635252400361,0.999999999965202,,abundance,40,6
k__Bacteria|p__Proteobacteria|c__CFGB2403|o__OFGB2403|f__FGB2403|g__GGB6601|s__GGB6601_SGB9333|t__SGB9333,turmeric_status,Taken,turmeric_statusTaken,-2.78410191985363,-0.260356152329717,3.0871720231926,0.517482064160507,1,0.767176441593195,0.999999999965202,,abundance,40,6
k__Bacteria|p__Proteobacteria|c__Deltaproteobacteria|o__Desulfovibrionales|f__Desulfovibrionaceae|g__Bilophila|s__Bilophila_wadsworthia|t__SGB15452,timepoint,2_weeks,timepoint2_weeks,2.29417201518693,0.115356323157511,0.798539619554846,0.0453975328555072,1,0.0887341297216476,0.999999999965202,,abundance,40,18
k__Bacteria|p__Proteobacteria|c__Deltaproteobacteria|o__Desulfovibrionales|f__Desulfovibrionaceae|g__Bilophila|s__Bilophila_wadsworthia|t__SGB15452,timepoint,6_months,timepoint6_months,2.34579933868294,-0.170698946788675,1.11744127823022,0.06612328002191,1,0.127874271882964,0.999999999965202,,abundance,40,18
k__Bacteria|p__Proteobacteria|c__Deltaproteobacteria|o__Desulfovibrionales|f__Desulfovibrionaceae|g__Bilophila|s__Bilophila_wadsworthia|t__SGB15452,turmeric_status,Taken,turmeric_statusTaken,-1.89903202698162,-0.260356152329717,1.20668145991707,0.224801761992475,1,0.399067691790029,0.999999999965202,,abundance,40,18
k__Bacteria|p__Verrucomicrobia|c__Verrucomicrobiae|o__Verrucomicrobiales|f__Akkermansiaceae|g__Akkermansia|s__Akkermansia_muciniphila|t__SGB9226,timepoint,2_weeks,timepoint2_weeks,0.378121803687014,0.115356323157511,1.10105935401667,0.823268963302135,1,0.83274390844972,0.999999999965202,,abundance,40,12
k__Bacteria|p__Verrucomicrobia|c__Verrucomicrobiae|o__Verrucomicrobiales|f__Akkermansiaceae|g__Akkermansia|s__Akkermansia_muciniphila|t__SGB9226,timepoint,6_months,timepoint6_months,1.35386351971672,-0.170698946788675,1.80387541883294,0.445064051953236,1,0.692046093565439,0.999999999965202,,abundance,40,12
k__Bacteria|p__Verrucomicrobia|c__Verrucomicrobiae|o__Verrucomicrobiales|f__Akkermansiaceae|g__Akkermansia|s__Akkermansia_muciniphila|t__SGB9226,turmeric_status,Taken,turmeric_statusTaken,-3.70551039941747,-0.260356152329717,2.02873878749563,0.153295697728102,1,0.283091824514259,0.999999999965202,,abundance,40,12
k__Bacteria|p__Actinobacteria|c__Actinomycetia|o__Bifidobacteriales|f__Bifidobacteriaceae|g__Bifidobacterium|s__Bifidobacterium_animalis|t__SGB17278,timepoint,2_weeks,timepoint2_weeks,-0.30037776213293,0,0.764196576583098,0.69427259998376,1,0.69427259998376,0.999999999965202,<4 average observations per random effect group often inflates coefficients and deflates p-values: consider setting small_random_effects=TRUE and see tutorial,prevalence,40,11
k__Bacteria|p__Actinobacteria|c__Actinomycetia|o__Bifidobacteriales|f__Bifidobacteriaceae|g__Bifidobacterium|s__Bifidobacterium_animalis|t__SGB17278,timepoint,6_months,timepoint6_months,-0.182051414924638,0,1.28188729487337,0.887065575218282,1,0.887065575218282,0.999999999965202,<4 average observations per random effect group often inflates coefficients and deflates p-values: consider setting small_random_effects=TRUE and see tutorial,prevalence,40,11
k__Bacteria|p__Actinobacteria|c__Actinomycetia|o__Bifidobacteriales|f__Bifidobacteriaceae|g__Bifidobacterium|s__Bifidobacterium_animalis|t__SGB17278,turmeric_status,Taken,turmeric_statusTaken,-12.7817924044543,0,287.555483194616,0.964545842107778,1,0.964545842107778,0.999999999965202,<4 average observations per random effect group often inflates coefficients and deflates p-values: consider setting small_random_effects=TRUE and see tutorial,prevalence,40,11
k__Bacteria|p__Actinobacteria|c__Actinomycetia|o__Bifidobacteriales|f__Bifidobacteriaceae|g__Bifidobacterium|s__Bifidobacterium_bifidum|t__SGB17256,timepoint,2_weeks,timepoint2_weeks,0.156624674494932,0,1.0436803735026,0.880709720415286,1,0.938572669395636,0.999999999965202,<4 average observations per random effect group often inflates coefficients and deflates p-values: consider setting small_random_effects=TRUE and see tutorial,prevalence,40,5
k__Bacteria|p__Actinobacteria|c__Actinomycetia|o__Bifidobacteriales|f__Bifidobacteriaceae|g__Bifidobacterium|s__Bifidobacterium_bifidum|t__SGB17256,timepoint,6_months,timepoint6_months,-4.2933046574907,0,12.4514287032387,0.730241590780347,1,0.730241590780347,0.999999999965202,<4 average observations per random effect group often inflates coefficients and deflates p-values: consider setting small_random_effects=TRUE and see tutorial,prevalence,40,5
k__Bacteria|p__Actinobacteria|c__Actinomycetia|o__Bifidobacteriales|f__Bifidobacteriaceae|g__Bifidobacterium|s__Bifidobacterium_bifidum|t__SGB17256,turmeric_status,Taken,turmeric_statusTaken,4.24423391772753,0,12.4738094576751,0.733667044927412,1,0.929066757042303,0.999999999965202,<4 average observations per random effect group often inflates coefficients and deflates p-values: consider setting small_random_effects=TRUE and see tutorial,prevalence,40,5
k__Bacteria|p__Actinobacteria|c__Actinomycetia|o__Bifidobacteriales|f__Bifidobacteriaceae|g__Bifidobacterium|s__Bifidobacterium_catenulatum|t__SGB17241,timepoint,2_weeks,timepoint2_weeks,-0.136727766913844,0,1.36637818592452,0.920292063051626,1,0.920292063051626,0.999999999965202,<4 average observations per random effect group often inflates coefficients and deflates p-values: consider setting small_random_effects=TRUE and see tutorial,prevalence,40,10
k__Bacteria|p__Actinobacteria|c__Actinomycetia|o__Bifidobacteriales|f__Bifidobacteriaceae|g__Bifidobacterium|s__Bifidobacterium_catenulatum|t__SGB17241,timepoint,6_months,timepoint6_months,16.5685072450998,0,11.9916990901469,0.167074680002318,1,0.167074680002318,0.999999999965202,<4 average observations per random effect group often inflates coefficients and deflates p-values: consider setting small_random_effects=TRUE and see tutorial,prevalence,40,10
k__Bacteria|p__Actinobacteria|c__Actinomycetia|o__Bifidobacteriales|f__Bifidobacteriaceae|g__Bifidobacterium|s__Bifidobacterium_catenulatum|t__SGB17241,turmeric_status,Taken,turmeric_statusTaken,-26.8480092179742,0,143.241507533159,0.851322115526641,1,0.851322115526641,0.999999999965202,<4 average observations per random effect group often inflates coefficients and deflates p-values: consider setting small_random_effects=TRUE and see tutorial,prevalence,40,10
k__Bacteria|p__Actinobacteria|c__Actinomycetia|o__Bifidobacteriales|f__Bifidobacteriaceae|g__Bifidobacterium|s__Bifidobacterium_longum|t__SGB17248,timepoint,2_weeks,timepoint2_weeks,1.81663022897856,0,1.47415298396218,0.217829059051532,1,0.388208619135788,0.999999999965202,<4 average observations per random effect group often inflates coefficients and deflates p-values: consider setting small_random_effects=TRUE and see tutorial,prevalence,40,34
k__Bacteria|p__Actinobacteria|c__Actinomycetia|o__Bifidobacteriales|f__Bifidobacteriaceae|g__Bifidobacterium|s__Bifidobacterium_longum|t__SGB17248,timepoint,6_months,timepoint6_months,10.5090918382809,0,160.427331353585,0.947770439104751,1,0.877068272620475,0.999999999965202,<4 average observations per random effect group often inflates coefficients and deflates p-values: consider setting small_random_effects=TRUE and see tutorial,prevalence,40,34
k__Bacteria|p__Actinobacteria|c__Actinomycetia|o__Bifidobacteriales|f__Bifidobacteriaceae|g__Bifidobacterium|s__Bifidobacterium_longum|t__SGB17248,turmeric_status,Taken,turmeric_statusTaken,-8.98995779171193,0,160.44565519256,0.955316976039479,1,0.466731360514794,0.999999999965202,<4 average observations per random effect group often inflates coefficients and deflates p-values: consider setting small_random_effects=TRUE and see tutorial,prevalence,40,34
k__Bacteria|p__Actinobacteria|c__Actinomycetia|o__Bifidobacteriales|f__Bifidobacteriaceae|g__Bifidobacterium|s__Bifidobacterium_pseudocatenulatum|t__SGB17237,timepoint,2_weeks,timepoint2_weeks,0.223578110633147,0,1.78841765937694,0.900512083826007,1,0.877886405717673,0.999999999965202,<4 average observations per random effect group often inflates coefficients and deflates p-values: consider setting small_random_effects=TRUE and see tutorial,prevalence,40,7
k__Bacteria|p__Actinobacteria|c__Actinomycetia|o__Bifidobacteriales|f__Bifidobacteriaceae|g__Bifidobacterium|s__Bifidobacterium_pseudocatenulatum|t__SGB17237,timepoint,6_months,timepoint6_months,1.00298539585136,0,2.84077016901167,0.724037368873738,1,0.254322588404701,0.999999999965202,<4 average observations per random effect group often inflates coefficients and deflates p-values: consider setting small_random_effects=TRUE and see tutorial,prevalence,40,7
k__Bacteria|p__Actinobacteria|c__Actinomycetia|o__Bifidobacteriales|f__Bifidobacteriaceae|g__Bifidobacterium|s__Bifidobacterium_pseudocatenulatum|t__SGB17237,turmeric_status,Taken,turmeric_statusTaken,1.16772811464162,0,3.25487333383064,0.719772395829365,1,0.480085758954369,0.999999999965202,<4 average observations per random effect group often inflates coefficients and deflates p-values: consider setting small_random_effects=TRUE and see tutorial,prevalence,40,7
k__Bacteria|p__Actinobacteria|c__CFGB12107|o__OFGB12107|f__FGB12107|g__GGB34797|s__GGB34797_SGB14322|t__SGB14322,timepoint,2_weeks,timepoint2_weeks,-0.786290203618602,0,1.1487868717213,0.493689387552161,1,0.743649563722694,0.999999999965202,<4 average observations per random effect group often inflates coefficients and deflates p-values: consider setting small_random_effects=TRUE and see tutorial,prevalence,40,19
k__Bacteria|p__Actinobacteria|c__CFGB12107|o__OFGB12107|f__FGB12107|g__GGB34797|s__GGB34797_SGB14322|t__SGB14322,timepoint,6_months,timepoint6_months,-13.7401391503491,0,158.485007256074,0.930912539264917,1,0.930912539264917,0.999999999965202,<4 average observations per random effect group often inflates coefficients and deflates p-values: consider setting small_random_effects=TRUE and see tutorial,prevalence,40,19
k__Bacteria|p__Actinobacteria|c__CFGB12107|o__OFGB12107|f__FGB12107|g__GGB34797|s__GGB34797_SGB14322|t__SGB14322,turmeric_status,Taken,turmeric_statusTaken,13.280929168641,0,158.486962542517,0.933216844142156,1,0.759339234806576,0.999999999965202,<4 average observations per random effect group often inflates coefficients and deflates p-values: consider setting small_random_effects=TRUE and see tutorial,prevalence,40,19
k__Bacteria|p__Actinobacteria|c__Coriobacteriia|o__Coriobacteriales|f__Coriobacteriaceae|g__Collinsella|s__Collinsella_bouchesdurhonensis|t__SGB14397,timepoint,2_weeks,timepoint2_weeks,0.284444075489599,0,1.60930187943164,0.859704780264022,1,0.415434436908924,0.999999999965202,<4 average observations per random effect group often inflates coefficients and deflates p-values: consider setting small_random_effects=TRUE and see tutorial,prevalence,40,8
k__Bacteria|p__Actinobacteria|c__Coriobacteriia|o__Coriobacteriales|f__Coriobacteriaceae|g__Collinsella|s__Collinsella_bouchesdurhonensis|t__SGB14397,timepoint,6_months,timepoint6_months,-7.86856093918437,0,95.2726082677662,0.934177584482152,1,0.934177584482152,0.999999999965202,<4 average observations per random effect group often inflates coefficients and deflates p-values: consider setting small_random_effects=TRUE and see tutorial,prevalence,40,8
k__Bacteria|p__Actinobacteria|c__Coriobacteriia|o__Coriobacteriales|f__Coriobacteriaceae|g__Collinsella|s__Collinsella_bouchesdurhonensis|t__SGB14397,turmeric_status,Taken,turmeric_statusTaken,8.25566902418982,0,95.2865117860205,0.93095728926429,1,0.766344175328377,0.999999999965202,<4 average observations per random effect group often inflates coefficients and deflates p-values: consider setting small_random_effects=TRUE and see tutorial,prevalence,40,8
k__Bacteria|p__Actinobacteria|c__Coriobacteriia|o__Coriobacteriales|f__Coriobacteriaceae|g__Senegalimassilia|s__Senegalimassilia_anaerobia|t__SGB14824_group,timepoint,2_weeks,timepoint2_weeks,-1.0233144762397,0,1.03731332565927,0.323885507609277,1,0.542869193179235,0.999999999965202,<4 average observations per random effect group often inflates coefficients and deflates p-values: consider setting small_random_effects=TRUE and see tutorial,prevalence,40,11
k__Bacteria|p__Actinobacteria|c__Coriobacteriia|o__Coriobacteriales|f__Coriobacteriaceae|g__Senegalimassilia|s__Senegalimassilia_anaerobia|t__SGB14824_group,timepoint,6_months,timepoint6_months,-0.701590905180328,0,1.75033643392068,0.688543795547761,1,0.902995032708205,0.999999999965202,<4 average observations per random effect group often inflates coefficients and deflates p-values: consider setting small_random_effects=TRUE and see tutorial,prevalence,40,11
k__Bacteria|p__Actinobacteria|c__Coriobacteriia|o__Coriobacteriales|f__Coriobacteriaceae|g__Senegalimassilia|s__Senegalimassilia_anaerobia|t__SGB14824_group,turmeric_status,Taken,turmeric_statusTaken,-1.13193728854589,0,1.99074978175498,0.569628660484104,1,0.814780510123294,0.999999999965202,<4 average observations per random effect group often inflates coefficients and deflates p-values: consider setting small_random_effects=TRUE and see tutorial,prevalence,40,11
k__Bacteria|p__Actinobacteria|c__Coriobacteriia|o__Eggerthellales|f__Eggerthellaceae|g__Adlercreutzia|s__Adlercreutzia_equolifaciens|t__SGB14797,timepoint,2_weeks,timepoint2_weeks,-1.56426914934926,0,1.54859263586161,0.312436330032763,1,0.115156217236594,0.999999999965202,<4 average observations per random effect group often inflates coefficients and deflates p-values: consider setting small_random_effects=TRUE and see tutorial,prevalence,40,23
k__Bacteria|p__Actinobacteria|c__Coriobacteriia|o__Eggerthellales|f__Eggerthellaceae|g__Adlercreutzia|s__Adlercreutzia_equolifaciens|t__SGB14797,timepoint,6_months,timepoint6_months,-0.371428651257178,0,2.79119886391367,0.894136938736337,1,0.0498679726611865,0.999999999965202,<4 average observations per random effect group often inflates coefficients and deflates p-values: consider setting small_random_effects=TRUE and see tutorial,prevalence,40,23
k__Bacteria|p__Actinobacteria|c__Coriobacteriia|o__Eggerthellales|f__Eggerthellaceae|g__Adlercreutzia|s__Adlercreutzia_equolifaciens|t__SGB14797,turmeric_status,Taken,turmeric_statusTaken,-1.20173169824611,0,3.04340873632228,0.692943465322076,1,0.905716284511585,0.999999999965202,<4 average observations per random effect group often inflates coefficients and deflates p-values: consider setting small_random_effects=TRUE and see tutorial,prevalence,40,23
k__Bacteria|p__Actinobacteria|c__Coriobacteriia|o__Eggerthellales|f__Eggerthellaceae|g__Gordonibacter|s__Gordonibacter_pamelaeae|t__SGB14807,timepoint,2_weeks,timepoint2_weeks,-0.109843097762294,0,1.16423870753712,0.924833059737699,1,0.537620247147017,0.999999999965202,<4 average observations per random effect group often inflates coefficients and deflates p-values: consider setting small_random_effects=TRUE and see tutorial,prevalence,40,9
k__Bacteria|p__Actinobacteria|c__Coriobacteriia|o__Eggerthellales|f__Eggerthellaceae|g__Gordonibacter|s__Gordonibacter_pamelaeae|t__SGB14807,timepoint,6_months,timepoint6_months,0.282792105562931,0,2.15537741700083,0.895614677925518,1,0.935570538510586,0.999999999965202,<4 average observations per random effect group often inflates coefficients and deflates p-values: consider setting small_random_effects=TRUE and see tutorial,prevalence,40,9
k__Bacteria|p__Actinobacteria|c__Coriobacteriia|o__Eggerthellales|f__Eggerthellaceae|g__Gordonibacter|s__Gordonibacter_pamelaeae|t__SGB14807,turmeric_status,Taken,turmeric_statusTaken,-1.55817828683335,0,2.49546636081105,0.532362533165196,1,0.347495971191308,0.999999999965202,<4 average observations per random effect group often inflates coefficients and deflates p-values: consider setting small_random_effects=TRUE and see tutorial,prevalence,40,9
k__Bacteria|p__Actinobacteria|c__Coriobacteriia|o__Eggerthellales|f__Eggerthellaceae|g__Slackia|s__Slackia_isoflavoniconvertens|t__SGB14773,timepoint,2_weeks,timepoint2_weeks,-0.238530466109851,0,1.14383427824697,0.834810584990612,1,0.834810584990612,0.999999999965202,<4 average observations per random effect group often inflates coefficients and deflates p-values: consider setting small_random_effects=TRUE and see tutorial,prevalence,40,6
k__Bacteria|p__Actinobacteria|c__Coriobacteriia|o__Eggerthellales|f__Eggerthellaceae|g__Slackia|s__Slackia_isoflavoniconvertens|t__SGB14773,timepoint,6_months,timepoint6_months,-7.68785548098329,0,67.4342630374191,0.909233684995692,1,0.909233684995692,0.999999999965202,<4 average observations per random effect group often inflates coefficients and deflates p-values: consider setting small_random_effects=TRUE and see tutorial,prevalence,40,6
k__Bacteria|p__Actinobacteria|c__Coriobacteriia|o__Eggerthellales|f__Eggerthellaceae|g__Slackia|s__Slackia_isoflavoniconvertens|t__SGB14773,turmeric_status,Taken,turmeric_statusTaken,6.85795122176033,0,67.4470626765898,0.919011455592455,1,0.919011455592455,0.999999999965202,<4 average observations per random effect group often inflates coefficients and deflates p-values: consider setting small_random_effects=TRUE and see tutorial,prevalence,40,6
k__Bacteria|p__Bacteria_unclassified|c__CFGB2989|o__OFGB2989|f__FGB2989|g__GGB9365|s__GGB9365_SGB14341|t__SGB14341,timepoint,2_weeks,timepoint2_weeks,0.401890294087647,0,1.13471296356267,0.723205538650169,1,0.923384826166057,0.999999999965202,<4 average observations per random effect group often inflates coefficients and deflates p-values: consider setting small_random_effects=TRUE and see tutorial,prevalence,40,15
k__Bacteria|p__Bacteria_unclassified|c__CFGB2989|o__OFGB2989|f__FGB2989|g__GGB9365|s__GGB9365_SGB14341|t__SGB14341,timepoint,6_months,timepoint6_months,0.141370541473159,0,2.23368438791429,0.949535344585602,1,0.322210816813382,0.999999999965202,<4 average observations per random effect group often inflates coefficients and deflates p-values: consider setting small_random_effects=TRUE and see tutorial,prevalence,40,15
k__Bacteria|p__Bacteria_unclassified|c__CFGB2989|o__OFGB2989|f__FGB2989|g__GGB9365|s__GGB9365_SGB14341|t__SGB14341,turmeric_status,Taken,turmeric_statusTaken,1.56327314074002,0,2.46730488430607,0.526344873026372,1,0.226031568108269,0.999999999965202,<4 average observations per random effect group often inflates coefficients and deflates p-values: consider setting small_random_effects=TRUE and see tutorial,prevalence,40,15
k__Bacteria|p__Bacteroidetes|c__Bacteroidia|o__Bacteroidales|f__Bacteroidaceae|g__Bacteroides|s__Bacteroides_caccae|t__SGB1877,timepoint,2_weeks,timepoint2_weeks,0.185630184389043,0,0.879808902829686,0.832895691872151,1,0.181257101188089,0.999999999965202,<4 average observations per random effect group often inflates coefficients and deflates p-values: consider setting small_random_effects=TRUE and see tutorial,prevalence,40,16
k__Bacteria|p__Bacteroidetes|c__Bacteroidia|o__Bacteroidales|f__Bacteroidaceae|g__Bacteroides|s__Bacteroides_caccae|t__SGB1877,timepoint,6_months,timepoint6_months,1.18099751825616,0,1.64128768430094,0.471798742409028,1,0.542676293133201,0.999999999965202,<4 average observations per random effect group often inflates coefficients and deflates p-values: consider setting small_random_effects=TRUE and see tutorial,prevalence,40,16
k__Bacteria|p__Bacteroidetes|c__Bacteroidia|o__Bacteroidales|f__Bacteroidaceae|g__Bacteroides|s__Bacteroides_caccae|t__SGB1877,turmeric_status,Taken,turmeric_statusTaken,-2.9856556733544,0,1.98352892785141,0.132266454532783,1,0.247038494070893,0.999999999965202,<4 average observations per random effect group often inflates coefficients and deflates p-values: consider setting small_random_effects=TRUE and see tutorial,prevalence,40,16
k__Bacteria|p__Bacteroidetes|c__Bacteroidia|o__Bacteroidales|f__Bacteroidaceae|g__Bacteroides|s__Bacteroides_cellulosilyticus|t__SGB1844,timepoint,2_weeks,timepoint2_weeks,-0.26051686104761,0,1.13322323632957,0.818177129657375,1,0.929406060403934,0.999999999965202,<4 average observations per random effect group often inflates coefficients and deflates p-values: consider setting small_random_effects=TRUE and see tutorial,prevalence,40,14
k__Bacteria|p__Bacteroidetes|c__Bacteroidia|o__Bacteroidales|f__Bacteroidaceae|g__Bacteroides|s__Bacteroides_cellulosilyticus|t__SGB1844,timepoint,6_months,timepoint6_months,1.89691192167339,0,2.08502062427038,0.362938074055932,1,0.580347823873601,0.999999999965202,<4 average observations per random effect group often inflates coefficients and deflates p-values: consider setting small_random_effects=TRUE and see tutorial,prevalence,40,14
k__Bacteria|p__Bacteroidetes|c__Bacteroidia|o__Bacteroidales|f__Bacteroidaceae|g__Bacteroides|s__Bacteroides_cellulosilyticus|t__SGB1844,turmeric_status,Taken,turmeric_statusTaken,-1.403950582666,0,2.29187519773607,0.540155911407438,1,0.0821221831883573,0.999999999965202,<4 average observations per random effect group often inflates coefficients and deflates p-values: consider setting small_random_effects=TRUE and see tutorial,prevalence,40,14
k__Bacteria|p__Bacteroidetes|c__Bacteroidia|o__Bacteroidales|f__Bacteroidaceae|g__Bacteroides|s__Bacteroides_eggerthii|t__SGB1829,timepoint,2_weeks,timepoint2_weeks,0.153500946385984,0,1.86278315334651,0.934325385570808,1,0.750742183149785,0.999999999965202,<4 average observations per random effect group often inflates coefficients and deflates p-values: consider setting small_random_effects=TRUE and see tutorial,prevalence,40,6
k__Bacteria|p__Bacteroidetes|c__Bacteroidia|o__Bacteroidales|f__Bacteroidaceae|g__Bacteroides|s__Bacteroides_eggerthii|t__SGB1829,timepoint,6_months,timepoint6_months,-7.45080638455372,0,93.4742913097886,0.936468155865829,1,0.936468155865829,0.999999999965202,<4 average observations per random effect group often inflates coefficients and deflates p-values: consider setting small_random_effects=TRUE and see tutorial,prevalence,40,6
k__Bacteria|p__Bacteroidetes|c__Bacteroidia|o__Bacteroidales|f__Bacteroidaceae|g__Bacteroides|s__Bacteroides_eggerthii|t__SGB1829,turmeric_status,Taken,turmeric_statusTaken,8.0959161374388,0,93.4921235270401,0.930993732017862,1,0.148808199274183,0.999999999965202,<4 average observations per random effect group often inflates coefficients and deflates p-values: consider setting small_random_effects=TRUE and see tutorial,prevalence,40,6
k__Bacteria|p__Bacteroidetes|c__Bacteroidia|o__Bacteroidales|f__Bacteroidaceae|g__Bacteroides|s__Bacteroides_faecis|t__SGB1860,timepoint,2_weeks,timepoint2_weeks,0.326640083893433,0,1.08870154993422,0.764156403843996,1,0.812540091590341,0.999999999965202,<4 average observations per random effect group often inflates coefficients and deflates p-values: consider setting small_random_effects=TRUE and see tutorial,prevalence,40,13
k__Bacteria|p__Bacteroidetes|c__Bacteroidia|o__Bacteroidales|f__Bacteroidaceae|g__Bacteroides|s__Bacteroides_faecis|t__SGB1860,timepoint,6_months,timepoint6_months,3.35101736801124,0,2.18213507444838,0.124621810565258,1,0.233713025461953,0.999999999965202,<4 average observations per random effect group often inflates coefficients and deflates p-values: consider setting small_random_effects=TRUE and see tutorial,prevalence,40,13
k__Bacteria|p__Bacteroidetes|c__Bacteroidia|o__Bacteroidales|f__Bacteroidaceae|g__Bacteroides|s__Bacteroides_faecis|t__SGB1860,turmeric_status,Taken,turmeric_statusTaken,-2.52821757434919,0,2.27642272596145,0.266736307463819,1,0.462324357208205,0.999999999965202,<4 average observations per random effect group often inflates coefficients and deflates p-values: consider setting small_random_effects=TRUE and see tutorial,prevalence,40,13
k__Bacteria|p__Bacteroidetes|c__Bacteroidia|o__Bacteroidales|f__Bacteroidaceae|g__Bacteroides|s__Bacteroides_ovatus|t__SGB1871,timepoint,2_weeks,timepoint2_weeks,-0.312259429259274,0,1.12290574598443,0.780949718082131,1,0.358855317902491,0.999999999965202,<4 average observations per random effect group often inflates coefficients and deflates p-values: consider setting small_random_effects=TRUE and see tutorial,prevalence,40,10
k__Bacteria|p__Bacteroidetes|c__Bacteroidia|o__Bacteroidales|f__Bacteroidaceae|g__Bacteroides|s__Bacteroides_ovatus|t__SGB1871,timepoint,6_months,timepoint6_months,2.07965051676623,0,2.00624818279082,0.299928436776141,1,0.509899806365302,0.999999999965202,<4 average observations per random effect group often inflates coefficients and deflates p-values: consider setting small_random_effects=TRUE and see tutorial,prevalence,40,10
k__Bacteria|p__Bacteroidetes|c__Bacteroidia|o__Bacteroidales|f__Bacteroidaceae|g__Bacteroides|s__Bacteroides_ovatus|t__SGB1871,turmeric_status,Taken,turmeric_statusTaken,-3.34730346948554,0,2.39618649438188,0.162434789065419,1,0.298484517432112,0.999999999965202,<4 average observations per random effect group often inflates coefficients and deflates p-values: consider setting small_random_effects=TRUE and see tutorial,prevalence,40,10
k__Bacteria|p__Bacteroidetes|c__Bacteroidia|o__Bacteroidales|f__Bacteroidaceae|g__Bacteroides|s__Bacteroides_stercoris|t__SGB1830,timepoint,2_weeks,timepoint2_weeks,-0.35069348968208,0,1.36066263496234,0.796609670778905,1,0.719600351406911,0.999999999965202,<4 average observations per random effect group often inflates coefficients and deflates p-values: consider setting small_random_effects=TRUE and see tutorial,prevalence,40,17
k__Bacteria|p__Bacteroidetes|c__Bacteroidia|o__Bacteroidales|f__Bacteroidaceae|g__Bacteroides|s__Bacteroides_stercoris|t__SGB1830,timepoint,6_months,timepoint6_months,0.79752183644735,0,2.71854173019846,0.769244062955909,1,0.776698838972335,0.999999999965202,<4 average observations per random effect group often inflates coefficients and deflates p-values: consider setting small_random_effects=TRUE and see tutorial,prevalence,40,17
k__Bacteria|p__Bacteroidetes|c__Bacteroidia|o__Bacteroidales|f__Bacteroidaceae|g__Bacteroides|s__Bacteroides_stercoris|t__SGB1830,turmeric_status,Taken,turmeric_statusTaken,-3.2003653774845,0,3.13008307124889,0.30656616118951,1,0.519149511192547,0.999999999965202,<4 average observations per random effect group often inflates coefficients and deflates p-values: consider setting small_random_effects=TRUE and see tutorial,prevalence,40,17
k__Bacteria|p__Bacteroidetes|c__Bacteroidia|o__Bacteroidales|f__Bacteroidaceae|g__Bacteroides|s__Bacteroides_thetaiotaomicron|t__SGB1861,timepoint,2_weeks,timepoint2_weeks,0.976830694779432,0,0.883940951341951,0.269122363258767,1,0.269122363258767,0.999999999965202,<4 average observations per random effect group often inflates coefficients and deflates p-values: consider setting small_random_effects=TRUE and see tutorial,prevalence,40,6
k__Bacteria|p__Bacteroidetes|c__Bacteroidia|o__Bacteroidales|f__Bacteroidaceae|g__Bacteroides|s__Bacteroides_thetaiotaomicron|t__SGB1861,timepoint,6_months,timepoint6_months,-3.18943647021248,0,6.58352737379787,0.628061514981908,1,0.628061514981908,0.999999999965202,<4 average observations per random effect group often inflates coefficients and deflates p-values: consider setting small_random_effects=TRUE and see tutorial,prevalence,40,6
k__Bacteria|p__Bacteroidetes|c__Bacteroidia|o__Bacteroidales|f__Bacteroidaceae|g__Bacteroides|s__Bacteroides_thetaiotaomicron|t__SGB1861,turmeric_status,Taken,turmeric_statusTaken,-3.34921013518412e-10,0,7.67941213286511,0.999999999965202,1,0.999999999965202,0.999999999965202,<4 average observations per random effect group often inflates coefficients and deflates p-values: consider setting small_random_effects=TRUE and see tutorial,prevalence,40,6
k__Bacteria|p__Bacteroidetes|c__Bacteroidia|o__Bacteroidales|f__Bacteroidaceae|g__Bacteroides|s__Bacteroides_xylanisolvens|t__SGB1867,timepoint,2_weeks,timepoint2_weeks,-0.41551544098781,0,0.820800757292769,0.612693936837305,1,0.788777082807586,0.999999999965202,<4 average observations per random effect group often inflates coefficients and deflates p-values: consider setting small_random_effects=TRUE and see tutorial,prevalence,40,9
k__Bacteria|p__Bacteroidetes|c__Bacteroidia|o__Bacteroidales|f__Bacteroidaceae|g__Bacteroides|s__Bacteroides_xylanisolvens|t__SGB1867,timepoint,6_months,timepoint6_months,-20.5272197673526,0,23679.6693807199,0.999308337062737,1,0.999308337062737,0.999999999965202,<4 average observations per random effect group often inflates coefficients and deflates p-values: consider setting small_random_effects=TRUE and see tutorial,prevalence,40,9
k__Bacteria|p__Bacteroidetes|c__Bacteroidia|o__Bacteroidales|f__Bacteroidaceae|g__Bacteroides|s__Bacteroides_xylanisolvens|t__SGB1867,turmeric_status,Taken,turmeric_statusTaken,19.3697669719638,0,23679.6693974539,0.999347337328475,1,0.779204045210916,0.999999999965202,<4 average observations per random effect group often inflates coefficients and deflates p-values: consider setting small_random_effects=TRUE and see tutorial,prevalence,40,9
k__Bacteria|p__Bacteroidetes|c__Bacteroidia|o__Bacteroidales|f__Bacteroidaceae|g__GGB1387|s__GGB1387_SGB1895|t__SGB1895,timepoint,2_weeks,timepoint2_weeks,0.150691250304879,0,1.88972991865101,0.936442283269311,1,0.379505539701495,0.999999999965202,<4 average observations per random effect group often inflates coefficients and deflates p-values: consider setting small_random_effects=TRUE and see tutorial,prevalence,40,6
k__Bacteria|p__Bacteroidetes|c__Bacteroidia|o__Bacteroidales|f__Bacteroidaceae|g__GGB1387|s__GGB1387_SGB1895|t__SGB1895,timepoint,6_months,timepoint6_months,1.008498001437,0,3.00461207258243,0.737134824818595,1,0.546153910297243,0.999999999965202,<4 average observations per random effect group often inflates coefficients and deflates p-values: consider setting small_random_effects=TRUE and see tutorial,prevalence,40,6
k__Bacteria|p__Bacteroidetes|c__Bacteroidia|o__Bacteroidales|f__Bacteroidaceae|g__GGB1387|s__GGB1387_SGB1895|t__SGB1895,turmeric_status,Taken,turmeric_statusTaken,-1.09992279511341,0,3.51969067662436,0.754656362157995,1,0.800472366164086,0.999999999965202,<4 average observations per random effect group often inflates coefficients and deflates p-values: consider setting small_random_effects=TRUE and see tutorial,prevalence,40,6
k__Bacteria|p__Bacteroidetes|c__Bacteroidia|o__Bacteroidales|f__Bacteroidaceae|g__Phocaeicola|s__Phocaeicola_dorei|t__SGB1815,timepoint,2_weeks,timepoint2_weeks,0.976419072404339,0,1.256215905544,0.43699942709645,1,0.30789614936963,0.999999999965202,<4 average observations per random effect group often inflates coefficients and deflates p-values: consider setting small_random_effects=TRUE and see tutorial,prevalence,40,23
k__Bacteria|p__Bacteroidetes|c__Bacteroidia|o__Bacteroidales|f__Bacteroidaceae|g__Phocaeicola|s__Phocaeicola_dorei|t__SGB1815,timepoint,6_months,timepoint6_months,8.51745307594649,0,58.0546615016909,0.88335747588994,1,0.701337113164563,0.999999999965202,<4 average observations per random effect group often inflates coefficients and deflates p-values: consider setting small_random_effects=TRUE and see tutorial,prevalence,40,23
k__Bacteria|p__Bacteroidetes|c__Bacteroidia|o__Bacteroidales|f__Bacteroidaceae|g__Phocaeicola|s__Phocaeicola_dorei|t__SGB1815,turmeric_status,Taken,turmeric_statusTaken,-8.60679780166379,0,58.0592813720707,0.882152142714194,1,0.986111882533144,0.999999999965202,<4 average observations per random effect group often inflates coefficients and deflates p-values: consider setting small_random_effects=TRUE and see tutorial,prevalence,40,23
k__Bacteria|p__Bacteroidetes|c__Bacteroidia|o__Bacteroidales|f__Bacteroidaceae|g__Phocaeicola|s__Phocaeicola_massiliensis|t__SGB1812,timepoint,2_weeks,timepoint2_weeks,-0.015558897363769,0,1.16446424006722,0.989339445392322,1,0.446510407486271,0.999999999965202,<4 average observations per random effect group often inflates coefficients and deflates p-values: consider setting small_random_effects=TRUE and see tutorial,prevalence,40,12
k__Bacteria|p__Bacteroidetes|c__Bacteroidia|o__Bacteroidales|f__Bacteroidaceae|g__Phocaeicola|s__Phocaeicola_massiliensis|t__SGB1812,timepoint,6_months,timepoint6_months,-0.758848317352078,0,2.13730778534955,0.722553119182697,1,0.62420657888891,0.999999999965202,<4 average observations per random effect group often inflates coefficients and deflates p-values: consider setting small_random_effects=TRUE and see tutorial,prevalence,40,12
k__Bacteria|p__Bacteroidetes|c__Bacteroidia|o__Bacteroidales|f__Bacteroidaceae|g__Phocaeicola|s__Phocaeicola_massiliensis|t__SGB1812,turmeric_status,Taken,turmeric_statusTaken,0.130454904618054,0,2.38946634589568,0.95646045891409,1,0.538305742482807,0.999999999965202,<4 average observations per random effect group often inflates coefficients and deflates p-values: consider setting small_random_effects=TRUE and see tutorial,prevalence,40,12
k__Bacteria|p__Bacteroidetes|c__Bacteroidia|o__Bacteroidales|f__Bacteroidaceae|g__Phocaeicola|s__Phocaeicola_vulgatus|t__SGB1814,timepoint,2_weeks,timepoint2_weeks,0.168226794385859,0,1.6026299691312,0.916400244235462,1,0.932901283283228,0.999999999965202,<4 average observations per random effect group often inflates coefficients and deflates p-values: consider setting small_random_effects=TRUE and see tutorial,prevalence,40,30
k__Bacteria|p__Bacteroidetes|c__Bacteroidia|o__Bacteroidales|f__Bacteroidaceae|g__Phocaeicola|s__Phocaeicola_vulgatus|t__SGB1814,timepoint,6_months,timepoint6_months,-0.328707832373577,0,2.87764892180749,0.909057124883241,1,0.990753879174592,0.999999999965202,<4 average observations per random effect group often inflates coefficients and deflates p-values: consider setting small_random_effects=TRUE and see tutorial,prevalence,40,30
k__Bacteria|p__Bacteroidetes|c__Bacteroidia|o__Bacteroidales|f__Bacteroidaceae|g__Phocaeicola|s__Phocaeicola_vulgatus|t__SGB1814,turmeric_status,Taken,turmeric_statusTaken,0.389191625430431,0,3.27435229446128,0.905385761465029,1,0.991048145866448,0.999999999965202,<4 average observations per random effect group often inflates coefficients and deflates p-values: consider setting small_random_effects=TRUE and see tutorial,prevalence,40,30
k__Bacteria|p__Bacteroidetes|c__Bacteroidia|o__Bacteroidales|f__Barnesiellaceae|g__Barnesiella|s__Barnesiella_intestinihominis|t__SGB1965,timepoint,2_weeks,timepoint2_weeks,0.347471475249344,0,0.834110955242346,0.676987803983803,1,0.574866894479497,0.999999999965202,<4 average observations per random effect group often inflates coefficients and deflates p-values: consider setting small_random_effects=TRUE and see tutorial,prevalence,40,23
k__Bacteria|p__Bacteroidetes|c__Bacteroidia|o__Bacteroidales|f__Barnesiellaceae|g__Barnesiella|s__Barnesiella_intestinihominis|t__SGB1965,timepoint,6_months,timepoint6_months,-1.1208337553091,0,1.41733081109893,0.429057189209889,1,0.674024306807087,0.999999999965202,<4 average observations per random effect group often inflates coefficients and deflates p-values: consider setting small_random_effects=TRUE and see tutorial,prevalence,40,23
k__Bacteria|p__Bacteroidetes|c__Bacteroidia|o__Bacteroidales|f__Barnesiellaceae|g__Barnesiella|s__Barnesiella_intestinihominis|t__SGB1965,turmeric_status,Taken,turmeric_statusTaken,-0.0344777680413242,0,1.62307088945682,0.983052366801074,1,0.987715874845543,0.999999999965202,<4 average observations per random effect group often inflates coefficients and deflates p-values: consider setting small_random_effects=TRUE and see tutorial,prevalence,40,23
k__Bacteria|p__Bacteroidetes|c__Bacteroidia|o__Bacteroidales|f__Odoribacteraceae|g__Odoribacter|s__Odoribacter_splanchnicus|t__SGB1790,timepoint,2_weeks,timepoint2_weeks,0.59254579941481,0,1.03086165460533,0.565422288513299,1,0.565422288513299,0.999999999965202,<4 average observations per random effect group often inflates coefficients and deflates p-values: consider setting small_random_effects=TRUE and see tutorial,prevalence,40,14
k__Bacteria|p__Bacteroidetes|c__Bacteroidia|o__Bacteroidales|f__Odoribacteraceae|g__Odoribacter|s__Odoribacter_splanchnicus|t__SGB1790,timepoint,6_months,timepoint6_months,2.42325662649619,0,2.21643067770522,0.274255574620638,1,0.274255574620638,0.999999999965202,<4 average observations per random effect group often inflates coefficients and deflates p-values: consider setting small_random_effects=TRUE and see tutorial,prevalence,40,14
k__Bacteria|p__Bacteroidetes|c__Bacteroidia|o__Bacteroidales|f__Odoribacteraceae|g__Odoribacter|s__Odoribacter_splanchnicus|t__SGB1790,turmeric_status,Taken,turmeric_statusTaken,-14.3165719713833,0,80.2423180387698,0.858395711656552,1,0.858395711656552,0.999999999965202,<4 average observations per random effect group often inflates coefficients and deflates p-values: consider setting small_random_effects=TRUE and see tutorial,prevalence,40,14
k__Bacteria|p__Bacteroidetes|c__Bacteroidia|o__Bacteroidales|f__Prevotellaceae|g__Paraprevotella|s__Paraprevotella_clara|t__SGB1798,timepoint,2_weeks,timepoint2_weeks,-0.836134014610402,0,1.60464292314901,0.602316825022156,1,0.223097799392442,0.999999999965202,<4 average observations per random effect group often inflates coefficients and deflates p-values: consider setting small_random_effects=TRUE and see tutorial,prevalence,40,8
k__Bacteria|p__Bacteroidetes|c__Bacteroidia|o__Bacteroidales|f__Prevotellaceae|g__Paraprevotella|s__Paraprevotella_clara|t__SGB1798,timepoint,6_months,timepoint6_months,0.0860104458213822,0,2.69465624718177,0.974536731467378,1,0.202195133665254,0.999999999965202,<4 average observations per random effect group often inflates coefficients and deflates p-values: consider setting small_random_effects=TRUE and see tutorial,prevalence,40,8
k__Bacteria|p__Bacteroidetes|c__Bacteroidia|o__Bacteroidales|f__Prevotellaceae|g__Paraprevotella|s__Paraprevotella_clara|t__SGB1798,turmeric_status,Taken,turmeric_statusTaken,-1.14662976659381,0,3.24007833792529,0.723421681574515,1,0.505755071915203,0.999999999965202,<4 average observations per random effect group often inflates coefficients and deflates p-values: consider setting small_random_effects=TRUE and see tutorial,prevalence,40,8
k__Bacteria|p__Bacteroidetes|c__Bacteroidia|o__Bacteroidales|f__Prevotellaceae|g__Prevotella|s__Prevotella_copri_clade_C|t__SGB1644,timepoint,2_weeks,timepoint2_weeks,0.159608798677472,0,1.77270040091614,0.928257735062896,1,0.430535098965362,0.999999999965202,<4 average observations per random effect group often inflates coefficients and deflates p-values: consider setting small_random_effects=TRUE and see tutorial,prevalence,40,5
k__Bacteria|p__Bacteroidetes|c__Bacteroidia|o__Bacteroidales|f__Prevotellaceae|g__Prevotella|s__Prevotella_copri_clade_C|t__SGB1644,timepoint,6_months,timepoint6_months,-7.78653199075928,0,108.740717580275,0.94291514177559,1,0.94291514177559,0.999999999965202,<4 average observations per random effect group often inflates coefficients and deflates p-values: consider setting small_random_effects=TRUE and see tutorial,prevalence,40,5
k__Bacteria|p__Bacteroidetes|c__Bacteroidia|o__Bacteroidales|f__Prevotellaceae|g__Prevotella|s__Prevotella_copri_clade_C|t__SGB1644,turmeric_status,Taken,turmeric_statusTaken,7.69571160172777,0,108.760906938717,0.943590305367882,1,0.476611936811614,0.999999999965202,<4 average observations per random effect group often inflates coefficients and deflates p-values: consider setting small_random_effects=TRUE and see tutorial,prevalence,40,5
k__Bacteria|p__Bacteroidetes|c__Bacteroidia|o__Bacteroidales|f__Rikenellaceae|g__Alistipes|s__Alistipes_communis|t__SGB2290,timepoint,2_weeks,timepoint2_weeks,-0.952626698346633,0,0.799587065972807,0.233497246626416,1,0.412473529070714,0.999999999965202,<4 average observations per random effect group often inflates coefficients and deflates p-values: consider setting small_random_effects=TRUE and see tutorial,prevalence,40,14
k__Bacteria|p__Bacteroidetes|c__Bacteroidia|o__Bacteroidales|f__Rikenellaceae|g__Alistipes|s__Alistipes_communis|t__SGB2290,timepoint,6_months,timepoint6_months,0.944429819487013,0,1.2773373044341,0.459680007729566,1,0.708054305952879,0.999999999965202,<4 average observations per random effect group often inflates coefficients and deflates p-values: consider setting small_random_effects=TRUE and see tutorial,prevalence,40,14
k__Bacteria|p__Bacteroidetes|c__Bacteroidia|o__Bacteroidales|f__Rikenellaceae|g__Alistipes|s__Alistipes_communis|t__SGB2290,turmeric_status,Taken,turmeric_statusTaken,-1.79184099522211,0,1.4196924737126,0.206900863002532,1,0.370993758893871,0.999999999965202,<4 average observations per random effect group often inflates coefficients and deflates p-values: consider setting small_random_effects=TRUE and see tutorial,prevalence,40,14
k__Bacteria|p__Bacteroidetes|c__Bacteroidia|o__Bacteroidales|f__Rikenellaceae|g__Alistipes|s__Alistipes_ihumii|t__SGB2328,timepoint,2_weeks,timepoint2_weeks,0.0506427257050741,0,0.740111450559949,0.945446676340794,1,0.236437816478946,0.999999999965202,<4 average observations per random effect group often inflates coefficients and deflates p-values: consider setting small_random_effects=TRUE and see tutorial,prevalence,40,13
k__Bacteria|p__Bacteroidetes|c__Bacteroidia|o__Bacteroidales|f__Rikenellaceae|g__Alistipes|s__Alistipes_ihumii|t__SGB2328,timepoint,6_months,timepoint6_months,-0.324620293147312,0,1.30691698770515,0.803835521777547,1,0.421089642109009,0.999999999965202,<4 average observations per random effect group often inflates coefficients and deflates p-values: consider setting small_random_effects=TRUE and see tutorial,prevalence,40,13
k__Bacteria|p__Bacteroidetes|c__Bacteroidia|o__Bacteroidales|f__Rikenellaceae|g__Alistipes|s__Alistipes_ihumii|t__SGB2328,turmeric_status,Taken,turmeric_statusTaken,-1.1136994151248,0,1.58573140293259,0.482476266985815,1,0.732169185767063,0.999999999965202,<4 average observations per random effect group often inflates coefficients and deflates p-values: consider setting small_random_effects=TRUE and see tutorial,prevalence,40,13
k__Bacteria|p__Bacteroidetes|c__Bacteroidia|o__Bacteroidales|f__Rikenellaceae|g__Alistipes|s__Alistipes_indistinctus|t__SGB2325,timepoint,2_weeks,timepoint2_weeks,0.249661243895886,0,1.45430585150724,0.86369667030434,1,0.395702284896002,0.999999999965202,<4 average observations per random effect group often inflates coefficients and deflates p-values: consider setting small_random_effects=TRUE and see tutorial,prevalence,40,7
k__Bacteria|p__Bacteroidetes|c__Bacteroidia|o__Bacteroidales|f__Rikenellaceae|g__Alistipes|s__Alistipes_indistinctus|t__SGB2325,timepoint,6_months,timepoint6_months,-8.09219084955818,0,104.768898148464,0.938433827373621,1,0.938433827373621,0.999999999965202,<4 average observations per random effect group often inflates coefficients and deflates p-values: consider setting small_random_effects=TRUE and see tutorial,prevalence,40,7
k__Bacteria|p__Bacteroidetes|c__Bacteroidia|o__Bacteroidales|f__Rikenellaceae|g__Alistipes|s__Alistipes_indistinctus|t__SGB2325,turmeric_status,Taken,turmeric_statusTaken,5.16309513200081,0,104.815570060431,0.960713007390069,1,0.0548046746323853,0.999999999965202,<4 average observations per random effect group often inflates coefficients and deflates p-values: consider setting small_random_effects=TRUE and see tutorial,prevalence,40,7
k__Bacteria|p__Bacteroidetes|c__Bacteroidia|o__Bacteroidales|f__Rikenellaceae|g__Alistipes|s__Alistipes_onderdonkii|t__SGB2303,timepoint,2_weeks,timepoint2_weeks,1.524250019911,0,1.44282888123881,0.290771076435406,1,0.0825127330862594,0.999999999965202,<4 average observations per random effect group often inflates coefficients and deflates p-values: consider setting small_random_effects=TRUE and see tutorial,prevalence,40,22
k__Bacteria|p__Bacteroidetes|c__Bacteroidia|o__Bacteroidales|f__Rikenellaceae|g__Alistipes|s__Alistipes_onderdonkii|t__SGB2303,timepoint,6_months,timepoint6_months,2.85337810471138,0,2.36957456999819,0.228522656446311,1,0.143696696928878,0.999999999965202,<4 average observations per random effect group often inflates coefficients and deflates p-values: consider setting small_random_effects=TRUE and see tutorial,prevalence,40,22
k__Bacteria|p__Bacteroidetes|c__Bacteroidia|o__Bacteroidales|f__Rikenellaceae|g__Alistipes|s__Alistipes_onderdonkii|t__SGB2303,turmeric_status,Taken,turmeric_statusTaken,-3.44740257932021,0,2.821932498231,0.221841521090242,1,0.151701522078306,0.999999999965202,<4 average observations per random effect group often inflates coefficients and deflates p-values: consider setting small_random_effects=TRUE and see tutorial,prevalence,40,22
k__Bacteria|p__Bacteroidetes|c__Bacteroidia|o__Bacteroidales|f__Rikenellaceae|g__Alistipes|s__Alistipes_putredinis|t__SGB2318,timepoint,2_weeks,timepoint2_weeks,-0.279087104762881,0,1.5342225427085,0.855655053800962,1,0.818311218480864,0.999999999965202,<4 average observations per random effect group often inflates coefficients and deflates p-values: consider setting small_random_effects=TRUE and see tutorial,prevalence,40,33
k__Bacteria|p__Bacteroidetes|c__Bacteroidia|o__Bacteroidales|f__Rikenellaceae|g__Alistipes|s__Alistipes_putredinis|t__SGB2318,timepoint,6_months,timepoint6_months,11.5567764381198,0,6.05738665736749,0.0564065232898952,1,0.109631350710137,0.999999999965202,<4 average observations per random effect group often inflates coefficients and deflates p-values: consider setting small_random_effects=TRUE and see tutorial,prevalence,40,33
k__Bacteria|p__Bacteroidetes|c__Bacteroidia|o__Bacteroidales|f__Rikenellaceae|g__Alistipes|s__Alistipes_putredinis|t__SGB2318,turmeric_status,Taken,turmeric_statusTaken,-11.1619562060669,0,6.47539111759779,0.0847529630446892,1,0.162322861344524,0.999999999965202,<4 average observations per random effect group often inflates coefficients and deflates p-values: consider setting small_random_effects=TRUE and see tutorial,prevalence,40,33
k__Bacteria|p__Bacteroidetes|c__Bacteroidia|o__Bacteroidales|f__Rikenellaceae|g__Alistipes|s__Alistipes_shahii|t__SGB2295,timepoint,2_weeks,timepoint2_weeks,0.367128245529097,0,0.88273300974041,0.677483522075707,1,0.521767813077564,0.999999999965202,<4 average observations per random effect group often inflates coefficients and deflates p-values: consider setting small_random_effects=TRUE and see tutorial,prevalence,40,26
k__Bacteria|p__Bacteroidetes|c__Bacteroidia|o__Bacteroidales|f__Rikenellaceae|g__Alistipes|s__Alistipes_shahii|t__SGB2295,timepoint,6_months,timepoint6_months,11.6110513818626,0,150.997823859582,0.938706686821463,1,0.972054969340192,0.999999999965202,<4 average observations per random effect group often inflates coefficients and deflates p-values: consider setting small_random_effects=TRUE and see tutorial,prevalence,40,26
k__Bacteria|p__Bacteroidetes|c__Bacteroidia|o__Bacteroidales|f__Rikenellaceae|g__Alistipes|s__Alistipes_shahii|t__SGB2295,turmeric_status,Taken,turmeric_statusTaken,-12.3572922562743,0,150.994519524044,0.934774469896924,1,0.848412367321534,0.999999999965202,<4 average observations per random effect group often inflates coefficients and deflates p-values: consider setting small_random_effects=TRUE and see tutorial,prevalence,40,26
k__Bacteria|p__Bacteroidetes|c__Bacteroidia|o__Bacteroidales|f__Tannerellaceae|g__Parabacteroides|s__Parabacteroides_distasonis|t__SGB1934,timepoint,2_weeks,timepoint2_weeks,1.3863084642798,0,1.1479728682383,0.227195651915184,1,0.402773439581202,0.999999999965202,<4 average observations per random effect group often inflates coefficients and deflates p-values: consider setting small_random_effects=TRUE and see tutorial,prevalence,40,33
k__Bacteria|p__Bacteroidetes|c__Bacteroidia|o__Bacteroidales|f__Tannerellaceae|g__Parabacteroides|s__Parabacteroides_distasonis|t__SGB1934,timepoint,6_months,timepoint6_months,11.6611338667733,0,328.458672855417,0.971678980496053,1,0.43501072603654,0.999999999965202,<4 average observations per random effect group often inflates coefficients and deflates p-values: consider setting small_random_effects=TRUE and see tutorial,prevalence,40,33
k__Bacteria|p__Bacteroidetes|c__Bacteroidia|o__Bacteroidales|f__Tannerellaceae|g__Parabacteroides|s__Parabacteroides_distasonis|t__SGB1934,turmeric_status,Taken,turmeric_statusTaken,-11.6611491426062,0,328.459144866996,0.971678984093339,1,0.0699399149444199,0.999999999965202,<4 average observations per random effect group often inflates coefficients and deflates p-values: consider setting small_random_effects=TRUE and see tutorial,prevalence,40,33
k__Bacteria|p__Bacteroidetes|c__Bacteroidia|o__Bacteroidales|f__Tannerellaceae|g__Parabacteroides|s__Parabacteroides_merdae|t__SGB1949,timepoint,2_weeks,timepoint2_weeks,0.256612130907412,0,1.11258962758169,0.817591375816769,1,0.90260969513408,0.999999999965202,<4 average observations per random effect group often inflates coefficients and deflates p-values: consider setting small_random_effects=TRUE and see tutorial,prevalence,40,24
k__Bacteria|p__Bacteroidetes|c__Bacteroidia|o__Bacteroidales|f__Tannerellaceae|g__Parabacteroides|s__Parabacteroides_merdae|t__SGB1949,timepoint,6_months,timepoint6_months,12.1361103639128,0,46.8738258169141,0.795704548636274,1,0.863500733165644,0.999999999965202,<4 average observations per random effect group often inflates coefficients and deflates p-values: consider setting small_random_effects=TRUE and see tutorial,prevalence,40,24
k__Bacteria|p__Bacteroidetes|c__Bacteroidia|o__Bacteroidales|f__Tannerellaceae|g__Parabacteroides|s__Parabacteroides_merdae|t__SGB1949,turmeric_status,Taken,turmeric_statusTaken,-12.5919358190801,0,46.8920784854419,0.788291287675116,1,0.812461458466091,0.999999999965202,<4 average observations per random effect group often inflates coefficients and deflates p-values: consider setting small_random_effects=TRUE and see tutorial,prevalence,40,24
k__Bacteria|p__Bacteroidetes|c__CFGB1670|o__OFGB1670|f__FGB1670|g__GGB47687|s__GGB47687_SGB2286|t__SGB2286,timepoint,2_weeks,timepoint2_weeks,0.159608799355437,0,1.77270119938706,0.928257766986344,1,0.554863860096008,0.999999999965202,<4 average observations per random effect group often inflates coefficients and deflates p-values: consider setting small_random_effects=TRUE and see tutorial,prevalence,40,5
k__Bacteria|p__Bacteroidetes|c__CFGB1670|o__OFGB1670|f__FGB1670|g__GGB47687|s__GGB47687_SGB2286|t__SGB2286,timepoint,6_months,timepoint6_months,-7.7865322953365,0,108.511515084042,0.94279476914727,1,0.94279476914727,0.999999999965202,<4 average observations per random effect group often inflates coefficients and deflates p-values: consider setting small_random_effects=TRUE and see tutorial,prevalence,40,5
k__Bacteria|p__Bacteroidetes|c__CFGB1670|o__OFGB1670|f__FGB1670|g__GGB47687|s__GGB47687_SGB2286|t__SGB2286,turmeric_status,Taken,turmeric_statusTaken,7.695711906857,0,108.531601407772,0.943471320147124,1,0.571809124962346,0.999999999965202,<4 average observations per random effect group often inflates coefficients and deflates p-values: consider setting small_random_effects=TRUE and see tutorial,prevalence,40,5
k__Bacteria|p__Bacteroidetes|c__CFGB4405|o__OFGB4405|f__FGB4405|g__GGB1266|s__GGB1266_SGB1699|t__SGB1699,timepoint,2_weeks,timepoint2_weeks,-0.156960467079193,0,1.5419675712926,0.918921516264406,1,0.216198138089139,0.999999999965202,<4 average observations per random effect group often inflates coefficients and deflates p-values: consider setting small_random_effects=TRUE and see tutorial,prevalence,40,9
k__Bacteria|p__Bacteroidetes|c__CFGB4405|o__OFGB4405|f__FGB4405|g__GGB1266|s__GGB1266_SGB1699|t__SGB1699,timepoint,6_months,timepoint6_months,0.319334876754646,0,2.80221558890031,0.909271089698567,1,0.242294788867176,0.999999999965202,<4 average observations per random effect group often inflates coefficients and deflates p-values: consider setting small_random_effects=TRUE and see tutorial,prevalence,40,9
k__Bacteria|p__Bacteroidetes|c__CFGB4405|o__OFGB4405|f__FGB4405|g__GGB1266|s__GGB1266_SGB1699|t__SGB1699,turmeric_status,Taken,turmeric_statusTaken,-1.16323288470161,0,3.36091531483188,0.72926307036514,1,0.331801635338744,0.999999999965202,<4 average observations per random effect group often inflates coefficients and deflates p-values: consider setting small_random_effects=TRUE and see tutorial,prevalence,40,9
k__Bacteria|p__Firmicutes|c__Bacilli|o__Lactobacillales|f__Streptococcaceae|g__Streptococcus|s__Streptococcus_parasanguinis|t__SGB8071,timepoint,2_weeks,timepoint2_weeks,0.281965285506772,0,1.11286995362338,0.799984095595923,1,0.54537276132854,0.999999999965202,<4 average observations per random effect group often inflates coefficients and deflates p-values: consider setting small_random_effects=TRUE and see tutorial,prevalence,40,9
k__Bacteria|p__Firmicutes|c__Bacilli|o__Lactobacillales|f__Streptococcaceae|g__Streptococcus|s__Streptococcus_parasanguinis|t__SGB8071,timepoint,6_months,timepoint6_months,0.728940831632619,0,1.77886291130461,0.681968003633031,1,0.431854563873198,0.999999999965202,<4 average observations per random effect group often inflates coefficients and deflates p-values: consider setting small_random_effects=TRUE and see tutorial,prevalence,40,9
k__Bacteria|p__Firmicutes|c__Bacilli|o__Lactobacillales|f__Streptococcaceae|g__Streptococcus|s__Streptococcus_parasanguinis|t__SGB8071,turmeric_status,Taken,turmeric_statusTaken,-0.37632541142235,0,1.9962837807576,0.850474538614648,1,0.94056492651056,0.999999999965202,<4 average observations per random effect group often inflates coefficients and deflates p-values: consider setting small_random_effects=TRUE and see tutorial,prevalence,40,9
k__Bacteria|p__Firmicutes|c__Bacilli|o__Lactobacillales|f__Streptococcaceae|g__Streptococcus|s__Streptococcus_thermophilus|t__SGB8002,timepoint,2_weeks,timepoint2_weeks,0.944288620310775,0,0.773302575634003,0.222043829486084,1,0.394784196759323,0.999999999965202,<4 average observations per random effect group often inflates coefficients and deflates p-values: consider setting small_random_effects=TRUE and see tutorial,prevalence,40,13
k__Bacteria|p__Firmicutes|c__Bacilli|o__Lactobacillales|f__Streptococcaceae|g__Streptococcus|s__Streptococcus_thermophilus|t__SGB8002,timepoint,6_months,timepoint6_months,-11.0825798701195,0,245.942779609052,0.964058193801053,1,0.964058193801053,0.999999999965202,<4 average observations per random effect group often inflates coefficients and deflates p-values: consider setting small_random_effects=TRUE and see tutorial,prevalence,40,13
k__Bacteria|p__Firmicutes|c__Bacilli|o__Lactobacillales|f__Streptococcaceae|g__Streptococcus|s__Streptococcus_thermophilus|t__SGB8002,turmeric_status,Taken,turmeric_statusTaken,11.6702782299731,0,245.943157867161,0.962153687224655,1,0.998174908229456,0.999999999965202,<4 average observations per random effect group often inflates coefficients and deflates p-values: consider setting small_random_effects=TRUE and see tutorial,prevalence,40,13
k__Bacteria|p__Firmicutes|c__CFGB1325|o__OFGB1325|f__FGB1325|g__GGB3175|s__GGB3175_SGB4191|t__SGB4191,timepoint,2_weeks,timepoint2_weeks,-0.707034167882051,0,1.47640594619204,0.632017789234622,1,0.632017789234622,0.999999999965202,<4 average observations per random effect group often inflates coefficients and deflates p-values: consider setting small_random_effects=TRUE and see tutorial,prevalence,40,6
k__Bacteria|p__Firmicutes|c__CFGB1325|o__OFGB1325|f__FGB1325|g__GGB3175|s__GGB3175_SGB4191|t__SGB4191,timepoint,6_months,timepoint6_months,2.88509106135577,0,2.84066171386787,0.309800615067519,1,0.309800615067519,0.999999999965202,<4 average observations per random effect group often inflates coefficients and deflates p-values: consider setting small_random_effects=TRUE and see tutorial,prevalence,40,6
k__Bacteria|p__Firmicutes|c__CFGB1325|o__OFGB1325|f__FGB1325|g__GGB3175|s__GGB3175_SGB4191|t__SGB4191,turmeric_status,Taken,turmeric_statusTaken,-16.3718467392785,0,196.179953810577,0.933491181146924,1,0.933491181146924,0.999999999965202,<4 average observations per random effect group often inflates coefficients and deflates p-values: consider setting small_random_effects=TRUE and see tutorial,prevalence,40,6
k__Bacteria|p__Firmicutes|c__CFGB1354|o__OFGB1354|f__FGB1354|g__GGB3304|s__GGB3304_SGB4367|t__SGB4367,timepoint,2_weeks,timepoint2_weeks,1.90759246343602,0,2.066326521197,0.355913120758739,1,0.585152091989253,0.999999999965202,<4 average observations per random effect group often inflates coefficients and deflates p-values: consider setting small_random_effects=TRUE and see tutorial,prevalence,40,5
k__Bacteria|p__Firmicutes|c__CFGB1354|o__OFGB1354|f__FGB1354|g__GGB3304|s__GGB3304_SGB4367|t__SGB4367,timepoint,6_months,timepoint6_months,-7.33099401600213,0,165.908036134261,0.964755269367715,1,0.964755269367715,0.999999999965202,<4 average observations per random effect group often inflates coefficients and deflates p-values: consider setting small_random_effects=TRUE and see tutorial,prevalence,40,5
k__Bacteria|p__Firmicutes|c__CFGB1354|o__OFGB1354|f__FGB1354|g__GGB3304|s__GGB3304_SGB4367|t__SGB4367,turmeric_status,Taken,turmeric_statusTaken,9.84628067011428,0,165.894596048677,0.952671241845098,1,0.922916953574593,0.999999999965202,<4 average observations per random effect group often inflates coefficients and deflates p-values: consider setting small_random_effects=TRUE and see tutorial,prevalence,40,5
k__Bacteria|p__Firmicutes|c__CFGB14936|o__OFGB14936|f__FGB14936|g__GGB3256|s__GGB3256_SGB4303|t__SGB4303,timepoint,2_weeks,timepoint2_weeks,0.962921113330666,0,1.4963817175638,0.519899941008981,1,0.76950393335682,0.999999999965202,<4 average observations per random effect group often inflates coefficients and deflates p-values: consider setting small_random_effects=TRUE and see tutorial,prevalence,40,11
k__Bacteria|p__Firmicutes|c__CFGB14936|o__OFGB14936|f__FGB14936|g__GGB3256|s__GGB3256_SGB4303|t__SGB4303,timepoint,6_months,timepoint6_months,3.31058962564269,0,2.76567644338303,0.231295995919567,1,0.409094154110709,0.999999999965202,<4 average observations per random effect group often inflates coefficients and deflates p-values: consider setting small_random_effects=TRUE and see tutorial,prevalence,40,11
k__Bacteria|p__Firmicutes|c__CFGB14936|o__OFGB14936|f__FGB14936|g__GGB3256|s__GGB3256_SGB4303|t__SGB4303,turmeric_status,Taken,turmeric_statusTaken,-3.03271290757487,0,2.98811762853123,0.310141959233711,1,0.524095883590097,0.999999999965202,<4 average observations per random effect group often inflates coefficients and deflates p-values: consider setting small_random_effects=TRUE and see tutorial,prevalence,40,11
k__Bacteria|p__Firmicutes|c__CFGB2949|o__OFGB2949|f__FGB2949|g__GGB9290|s__GGB9290_SGB14247|t__SGB14247,timepoint,2_weeks,timepoint2_weeks,2.63129952949372,0,1.9015729291132,0.166435341745763,1,0.305169960509497,0.999999999965202,<4 average observations per random effect group often inflates coefficients and deflates p-values: consider setting small_random_effects=TRUE and see tutorial,prevalence,40,6
k__Bacteria|p__Firmicutes|c__CFGB2949|o__OFGB2949|f__FGB2949|g__GGB9290|s__GGB9290_SGB14247|t__SGB14247,timepoint,6_months,timepoint6_months,-4.39676718857806,0,41.4227279013381,0.91546823240135,1,0.91546823240135,0.999999999965202,<4 average observations per random effect group often inflates coefficients and deflates p-values: consider setting small_random_effects=TRUE and see tutorial,prevalence,40,6
k__Bacteria|p__Firmicutes|c__CFGB2949|o__OFGB2949|f__FGB2949|g__GGB9290|s__GGB9290_SGB14247|t__SGB14247,turmeric_status,Taken,turmeric_statusTaken,6.50444021653433,0,41.3847260303138,0.875110817133214,1,0.710712627675196,0.999999999965202,<4 average observations per random effect group often inflates coefficients and deflates p-values: consider setting small_random_effects=TRUE and see tutorial,prevalence,40,6
k__Bacteria|p__Firmicutes|c__CFGB3005|o__OFGB3005|f__FGB3005|g__GGB9468|s__GGB9468_SGB14861|t__SGB14861,timepoint,2_weeks,timepoint2_weeks,-0.104331107504525,0,2.34739988626748,0.964549380003168,1,0.846604159256135,0.999999999965202,<4 average observations per random effect group often inflates coefficients and deflates p-values: consider setting small_random_effects=TRUE and see tutorial,prevalence,40,37
k__Bacteria|p__Firmicutes|c__CFGB3005|o__OFGB3005|f__FGB3005|g__GGB9468|s__GGB9468_SGB14861|t__SGB14861,timepoint,6_months,timepoint6_months,8.49402316236539,0,14.6270173181645,0.561437398570622,1,0.807662844627497,0.999999999965202,<4 average observations per random effect group often inflates coefficients and deflates p-values: consider setting small_random_effects=TRUE and see tutorial,prevalence,40,37
k__Bacteria|p__Firmicutes|c__CFGB3005|o__OFGB3005|f__FGB3005|g__GGB9468|s__GGB9468_SGB14861|t__SGB14861,turmeric_status,Taken,turmeric_statusTaken,-8.96912562990088,0,14.8599452536101,0.546124708781468,1,0.793997220021293,0.999999999965202,<4 average observations per random effect group often inflates coefficients and deflates p-values: consider setting small_random_effects=TRUE and see tutorial,prevalence,40,37
k__Bacteria|p__Firmicutes|c__CFGB3035|o__OFGB3035|f__FGB3035|g__GGB9602|s__GGB9602_SGB15031|t__SGB15031,timepoint,2_weeks,timepoint2_weeks,1.39663676551108,0,1.48345247647723,0.346460339804384,1,0.572885912551398,0.999999999965202,<4 average observations per random effect group often inflates coefficients and deflates p-values: consider setting small_random_effects=TRUE and see tutorial,prevalence,40,7
k__Bacteria|p__Firmicutes|c__CFGB3035|o__OFGB3035|f__FGB3035|g__GGB9602|s__GGB9602_SGB15031|t__SGB15031,timepoint,6_months,timepoint6_months,2.15522252490936,0,2.26205482161288,0.34070559759252,1,0.565330890954164,0.999999999965202,<4 average observations per random effect group often inflates coefficients and deflates p-values: consider setting small_random_effects=TRUE and see tutorial,prevalence,40,7
k__Bacteria|p__Firmicutes|c__CFGB3035|o__OFGB3035|f__FGB3035|g__GGB9602|s__GGB9602_SGB15031|t__SGB15031,turmeric_status,Taken,turmeric_statusTaken,-0.941089726020414,0,2.33799913847281,0.687301903367123,1,0.378133628924458,0.999999999965202,<4 average observations per random effect group often inflates coefficients and deflates p-values: consider setting small_random_effects=TRUE and see tutorial,prevalence,40,7
k__Bacteria|p__Firmicutes|c__CFGB3054|o__OFGB3054|f__FGB3054|g__GGB9677|s__GGB9677_SGB15180|t__SGB15180,timepoint,2_weeks,timepoint2_weeks,1.38981885496433,0,1.63187610384661,0.394397638625828,1,0.633245779898026,0.999999999965202,<4 average observations per random effect group often inflates coefficients and deflates p-values: consider setting small_random_effects=TRUE and see tutorial,prevalence,40,5
k__Bacteria|p__Firmicutes|c__CFGB3054|o__OFGB3054|f__FGB3054|g__GGB9677|s__GGB9677_SGB15180|t__SGB15180,timepoint,6_months,timepoint6_months,-6.98223313937692,0,96.167589080096,0.942120569158562,1,0.942120569158562,0.999999999965202,<4 average observations per random effect group often inflates coefficients and deflates p-values: consider setting small_random_effects=TRUE and see tutorial,prevalence,40,5
k__Bacteria|p__Firmicutes|c__CFGB3054|o__OFGB3054|f__FGB3054|g__GGB9677|s__GGB9677_SGB15180|t__SGB15180,turmeric_status,Taken,turmeric_statusTaken,8.98700277049562,0,96.153514752131,0.925534033985339,1,0.351694505257464,0.999999999965202,<4 average observations per random effect group often inflates coefficients and deflates p-values: consider setting small_random_effects=TRUE and see tutorial,prevalence,40,5
k__Bacteria|p__Firmicutes|c__CFGB38642|o__OFGB38642|f__FGB38642|g__GGB9758|s__GGB9758_SGB15368|t__SGB15368,timepoint,2_weeks,timepoint2_weeks,-0.497181934476529,0,1.29951717399958,0.702023980658227,1,0.0866597102978513,0.999999999965202,<4 average observations per random effect group often inflates coefficients and deflates p-values: consider setting small_random_effects=TRUE and see tutorial,prevalence,40,22
k__Bacteria|p__Firmicutes|c__CFGB38642|o__OFGB38642|f__FGB38642|g__GGB9758|s__GGB9758_SGB15368|t__SGB15368,timepoint,6_months,timepoint6_months,-0.00270157370629456,0,2.18756289736056,0.99901463706264,1,0.0458125088022985,0.999999999965202,<4 average observations per random effect group often inflates coefficients and deflates p-values: consider setting small_random_effects=TRUE and see tutorial,prevalence,40,22
k__Bacteria|p__Firmicutes|c__CFGB38642|o__OFGB38642|f__FGB38642|g__GGB9758|s__GGB9758_SGB15368|t__SGB15368,turmeric_status,Taken,turmeric_statusTaken,-1.14617566039223,0,2.58479730112794,0.657455022257409,1,0.0798853260957366,0.999999999965202,<4 average observations per random effect group often inflates coefficients and deflates p-values: consider setting small_random_effects=TRUE and see tutorial,prevalence,40,22
k__Bacteria|p__Firmicutes|c__CFGB4806|o__OFGB4806|f__FGB4806|g__GGB51647|s__GGB51647_SGB4348|t__SGB4348,timepoint,2_weeks,timepoint2_weeks,0.369143921258496,0,1.27781125739276,0.772667336915098,1,0.600886585662768,0.999999999965202,<4 average observations per random effect group often inflates coefficients and deflates p-values: consider setting small_random_effects=TRUE and see tutorial,prevalence,40,12
k__Bacteria|p__Firmicutes|c__CFGB4806|o__OFGB4806|f__FGB4806|g__GGB51647|s__GGB51647_SGB4348|t__SGB4348,timepoint,6_months,timepoint6_months,1.15983547166079,0,1.99422955907651,0.56083899427825,1,0.807137611053461,0.999999999965202,<4 average observations per random effect group often inflates coefficients and deflates p-values: consider setting small_random_effects=TRUE and see tutorial,prevalence,40,12
k__Bacteria|p__Firmicutes|c__CFGB4806|o__OFGB4806|f__FGB4806|g__GGB51647|s__GGB51647_SGB4348|t__SGB4348,turmeric_status,Taken,turmeric_statusTaken,-1.41361156029425,0,2.37445443290883,0.551615137367482,1,0.716977360193781,0.999999999965202,<4 average observations per random effect group often inflates coefficients and deflates p-values: consider setting small_random_effects=TRUE and see tutorial,prevalence,40,12
k__Bacteria|p__Firmicutes|c__CFGB74461|o__OFGB74461|f__FGB74461|g__GGB9524|s__GGB9524_SGB14924|t__SGB14924,timepoint,2_weeks,timepoint2_weeks,1.66773355459834,0,1.85878576784598,0.36960331804556,1,0.602600023380833,0.999999999965202,<4 average observations per random effect group often inflates coefficients and deflates p-values: consider setting small_random_effects=TRUE and see tutorial,prevalence,40,6
k__Bacteria|p__Firmicutes|c__CFGB74461|o__OFGB74461|f__FGB74461|g__GGB9524|s__GGB9524_SGB14924|t__SGB14924,timepoint,6_months,timepoint6_months,-4.69508546619922,0,45.4275084720532,0.917682530153361,1,0.917682530153361,0.999999999965202,<4 average observations per random effect group often inflates coefficients and deflates p-values: consider setting small_random_effects=TRUE and see tutorial,prevalence,40,6
k__Bacteria|p__Firmicutes|c__CFGB74461|o__OFGB74461|f__FGB74461|g__GGB9524|s__GGB9524_SGB14924|t__SGB14924,turmeric_status,Taken,turmeric_statusTaken,8.46422620116968,0,45.4253250684178,0.852183818411957,1,0.933772328034307,0.999999999965202,<4 average observations per random effect group often inflates coefficients and deflates p-values: consider setting small_random_effects=TRUE and see tutorial,prevalence,40,6
k__Bacteria|p__Firmicutes|c__Clostridia|o__Clostridiales|f__Clostridiales_unclassified|g__Lawsonibacter|s__Lawsonibacter_asaccharolyticus|t__SGB15154,timepoint,2_weeks,timepoint2_weeks,-0.252703238728907,0,1.05402722280742,0.810523914744992,1,0.250669524940431,0.999999999965202,<4 average observations per random effect group often inflates coefficients and deflates p-values: consider setting small_random_effects=TRUE and see tutorial,prevalence,40,17
k__Bacteria|p__Firmicutes|c__Clostridia|o__Clostridiales|f__Clostridiales_unclassified|g__Lawsonibacter|s__Lawsonibacter_asaccharolyticus|t__SGB15154,timepoint,6_months,timepoint6_months,1.41478278978909,0,2.01607942095679,0.482835377375128,1,0.526982148491361,0.999999999965202,<4 average observations per random effect group often inflates coefficients and deflates p-values: consider setting small_random_effects=TRUE and see tutorial,prevalence,40,17
k__Bacteria|p__Firmicutes|c__Clostridia|o__Clostridiales|f__Clostridiales_unclassified|g__Lawsonibacter|s__Lawsonibacter_asaccharolyticus|t__SGB15154,turmeric_status,Taken,turmeric_statusTaken,-1.42196657488682,0,2.19721145407247,0.517522738510036,1,0.432271141413101,0.999999999965202,<4 average observations per random effect group often inflates coefficients and deflates p-values: consider setting small_random_effects=TRUE and see tutorial,prevalence,40,17
k__Bacteria|p__Firmicutes|c__Clostridia|o__Clostridiales|f__Ruminococcaceae|g__Candidatus_Cibionibacter|s__Candidatus_Cibionibacter_quicibialis|t__SGB15286,timepoint,2_weeks,timepoint2_weeks,-0.39655351145234,0,1.48025844198408,0.788780310914762,1,0.896796410057359,0.999999999965202,<4 average observations per random effect group often inflates coefficients and deflates p-values: consider setting small_random_effects=TRUE and see tutorial,prevalence,40,29
k__Bacteria|p__Firmicutes|c__Clostridia|o__Clostridiales|f__Ruminococcaceae|g__Candidatus_Cibionibacter|s__Candidatus_Cibionibacter_quicibialis|t__SGB15286,timepoint,6_months,timepoint6_months,-0.549165677861229,0,2.9198513163801,0.850813927645636,1,0.428114867951528,0.999999999965202,<4 average observations per random effect group often inflates coefficients and deflates p-values: consider setting small_random_effects=TRUE and see tutorial,prevalence,40,29
k__Bacteria|p__Firmicutes|c__Clostridia|o__Clostridiales|f__Ruminococcaceae|g__Candidatus_Cibionibacter|s__Candidatus_Cibionibacter_quicibialis|t__SGB15286,turmeric_status,Taken,turmeric_statusTaken,1.77413116945553,0,3.3392592493214,0.59521448867493,1,0.836148689821301,0.999999999965202,<4 average observations per random effect group often inflates coefficients and deflates p-values: consider setting small_random_effects=TRUE and see tutorial,prevalence,40,29
k__Bacteria|p__Firmicutes|c__Clostridia|o__Eubacteriales|f__Clostridiaceae|g__Butyricicoccus|s__Butyricicoccus_sp_AM29_23AC|t__SGB14991,timepoint,2_weeks,timepoint2_weeks,0.932352718251581,0,1.58315228376688,0.555913806968313,1,0.802787453158624,0.999999999965202,<4 average observations per random effect group often inflates coefficients and deflates p-values: consider setting small_random_effects=TRUE and see tutorial,prevalence,40,9
k__Bacteria|p__Firmicutes|c__Clostridia|o__Eubacteriales|f__Clostridiaceae|g__Butyricicoccus|s__Butyricicoccus_sp_AM29_23AC|t__SGB14991,timepoint,6_months,timepoint6_months,0.986784148354995,0,2.78399334398533,0.723002285964492,1,0.923272266419103,0.999999999965202,<4 average observations per random effect group often inflates coefficients and deflates p-values: consider setting small_random_effects=TRUE and see tutorial,prevalence,40,9
k__Bacteria|p__Firmicutes|c__Clostridia|o__Eubacteriales|f__Clostridiaceae|g__Butyricicoccus|s__Butyricicoccus_sp_AM29_23AC|t__SGB14991,turmeric_status,Taken,turmeric_statusTaken,0.271790305689505,0,3.06136172806551,0.929256074652435,1,0.450825761497478,0.999999999965202,<4 average observations per random effect group often inflates coefficients and deflates p-values: consider setting small_random_effects=TRUE and see tutorial,prevalence,40,9
k__Bacteria|p__Firmicutes|c__Clostridia|o__Eubacteriales|f__Clostridiaceae|g__Clostridiaceae_unclassified|s__Clostridiaceae_bacterium_AF18_31LB|t__SGB4767,timepoint,2_weeks,timepoint2_weeks,-0.0723300770161725,0,0.882459140160277,0.934675164268125,1,0.871564063964265,0.999999999965202,<4 average observations per random effect group often inflates coefficients and deflates p-values: consider setting small_random_effects=TRUE and see tutorial,prevalence,40,11
k__Bacteria|p__Firmicutes|c__Clostridia|o__Eubacteriales|f__Clostridiaceae|g__Clostridiaceae_unclassified|s__Clostridiaceae_bacterium_AF18_31LB|t__SGB4767,timepoint,6_months,timepoint6_months,0.292361938694655,0,1.52862991446478,0.848323855030743,1,0.636629156151981,0.999999999965202,<4 average observations per random effect group often inflates coefficients and deflates p-values: consider setting small_random_effects=TRUE and see tutorial,prevalence,40,11
k__Bacteria|p__Firmicutes|c__Clostridia|o__Eubacteriales|f__Clostridiaceae|g__Clostridiaceae_unclassified|s__Clostridiaceae_bacterium_AF18_31LB|t__SGB4767,turmeric_status,Taken,turmeric_statusTaken,-1.81879488178536,0,2.06464646597552,0.378359413052515,1,0.613562980659587,0.999999999965202,<4 average observations per random effect group often inflates coefficients and deflates p-values: consider setting small_random_effects=TRUE and see tutorial,prevalence,40,11
k__Bacteria|p__Firmicutes|c__Clostridia|o__Eubacteriales|f__Clostridiaceae|g__Clostridiaceae_unclassified|s__Clostridiaceae_bacterium_Marseille_Q4149|t__SGB15091,timepoint,2_weeks,timepoint2_weeks,-1.30759988603399,0,1.38639325556533,0.345595667513531,1,0.571754969622939,0.999999999965202,<4 average observations per random effect group often inflates coefficients and deflates p-values: consider setting small_random_effects=TRUE and see tutorial,prevalence,40,11
k__Bacteria|p__Firmicutes|c__Clostridia|o__Eubacteriales|f__Clostridiaceae|g__Clostridiaceae_unclassified|s__Clostridiaceae_bacterium_Marseille_Q4149|t__SGB15091,timepoint,6_months,timepoint6_months,-0.601416967487631,0,2.54040720432189,0.812858206382803,1,0.807505750621092,0.999999999965202,<4 average observations per random effect group often inflates coefficients and deflates p-values: consider setting small_random_effects=TRUE and see tutorial,prevalence,40,11
k__Bacteria|p__Firmicutes|c__Clostridia|o__Eubacteriales|f__Clostridiaceae|g__Clostridiaceae_unclassified|s__Clostridiaceae_bacterium_Marseille_Q4149|t__SGB15091,turmeric_status,Taken,turmeric_statusTaken,-2.39716222214148,0,3.19219295244914,0.452685589793226,1,0.700446936380011,0.999999999965202,<4 average observations per random effect group often inflates coefficients and deflates p-values: consider setting small_random_effects=TRUE and see tutorial,prevalence,40,11
k__Bacteria|p__Firmicutes|c__Clostridia|o__Eubacteriales|f__Clostridiaceae|g__Clostridiaceae_unclassified|s__Clostridiaceae_bacterium|t__SGB4269,timepoint,2_weeks,timepoint2_weeks,-0.220462925332075,0,1.49655006376938,0.882884103927525,1,0.986283866887141,0.999999999965202,<4 average observations per random effect group often inflates coefficients and deflates p-values: consider setting small_random_effects=TRUE and see tutorial,prevalence,40,36
k__Bacteria|p__Firmicutes|c__Clostridia|o__Eubacteriales|f__Clostridiaceae|g__Clostridiaceae_unclassified|s__Clostridiaceae_bacterium|t__SGB4269,timepoint,6_months,timepoint6_months,8.90384210121704,0,234.157894714939,0.969667789654914,1,0.33220468448682,0.999999999965202,<4 average observations per random effect group often inflates coefficients and deflates p-values: consider setting small_random_effects=TRUE and see tutorial,prevalence,40,36
k__Bacteria|p__Firmicutes|c__Clostridia|o__Eubacteriales|f__Clostridiaceae|g__Clostridiaceae_unclassified|s__Clostridiaceae_bacterium|t__SGB4269,turmeric_status,Taken,turmeric_statusTaken,-10.5629272866546,0,234.155521085325,0.964019046114341,1,0.096288358631297,0.999999999965202,<4 average observations per random effect group often inflates coefficients and deflates p-values: consider setting small_random_effects=TRUE and see tutorial,prevalence,40,36
k__Bacteria|p__Firmicutes|c__Clostridia|o__Eubacteriales|f__Clostridiaceae|g__Clostridiaceae_unclassified|s__Clostridiaceae_bacterium|t__SGB4721,timepoint,2_weeks,timepoint2_weeks,0.925551441462352,0,1.09870720819693,0.399563843840904,1,0.63947642237689,0.999999999965202,<4 average observations per random effect group often inflates coefficients and deflates p-values: consider setting small_random_effects=TRUE and see tutorial,prevalence,40,12
k__Bacteria|p__Firmicutes|c__Clostridia|o__Eubacteriales|f__Clostridiaceae|g__Clostridiaceae_unclassified|s__Clostridiaceae_bacterium|t__SGB4721,timepoint,6_months,timepoint6_months,-8.8837108967685,0,121.573868334269,0.941748396142328,1,0.941748396142328,0.999999999965202,<4 average observations per random effect group often inflates coefficients and deflates p-values: consider setting small_random_effects=TRUE and see tutorial,prevalence,40,12
k__Bacteria|p__Firmicutes|c__Clostridia|o__Eubacteriales|f__Clostridiaceae|g__Clostridiaceae_unclassified|s__Clostridiaceae_bacterium|t__SGB4721,turmeric_status,Taken,turmeric_statusTaken,9.1111227902504,0,121.583593909537,0.940264752402887,1,0.427291798459945,0.999999999965202,<4 average observations per random effect group often inflates coefficients and deflates p-values: consider setting small_random_effects=TRUE and see tutorial,prevalence,40,12
k__Bacteria|p__Firmicutes|c__Clostridia|o__Eubacteriales|f__Clostridiaceae|g__Clostridium|s__Clostridium_fessum|t__SGB4705,timepoint,2_weeks,timepoint2_weeks,0.538067113856632,0,1.24046955645718,0.664462122915769,1,0.457643826494484,0.999999999965202,<4 average observations per random effect group often inflates coefficients and deflates p-values: consider setting small_random_effects=TRUE and see tutorial,prevalence,40,34
k__Bacteria|p__Firmicutes|c__Clostridia|o__Eubacteriales|f__Clostridiaceae|g__Clostridium|s__Clostridium_fessum|t__SGB4705,timepoint,6_months,timepoint6_months,9.62550433875674,0,181.336714987863,0.957667500977053,1,0.664917657973452,0.999999999965202,<4 average observations per random effect group often inflates coefficients and deflates p-values: consider setting small_random_effects=TRUE and see tutorial,prevalence,40,34
k__Bacteria|p__Firmicutes|c__Clostridia|o__Eubacteriales|f__Clostridiaceae|g__Clostridium|s__Clostridium_fessum|t__SGB4705,turmeric_status,Taken,turmeric_statusTaken,-11.0612056962493,0,181.336616917846,0.951360649298644,1,0.360796962601499,0.999999999965202,<4 average observations per random effect group often inflates coefficients and deflates p-values: consider setting small_random_effects=TRUE and see tutorial,prevalence,40,34
k__Bacteria|p__Firmicutes|c__Clostridia|o__Eubacteriales|f__Clostridiaceae|g__Clostridium|s__Clostridium_sp_1001270H_150608_G6|t__SGB5111,timepoint,2_weeks,timepoint2_weeks,0.615166231028583,0,1.45295111407217,0.672010107659458,1,0.8890098457399,0.999999999965202,<4 average observations per random effect group often inflates coefficients and deflates p-values: consider setting small_random_effects=TRUE and see tutorial,prevalence,40,6
k__Bacteria|p__Firmicutes|c__Clostridia|o__Eubacteriales|f__Clostridiaceae|g__Clostridium|s__Clostridium_sp_1001270H_150608_G6|t__SGB5111,timepoint,6_months,timepoint6_months,-7.25337946342713,0,73.227876107554,0.921096854237075,1,0.921096854237075,0.999999999965202,<4 average observations per random effect group often inflates coefficients and deflates p-values: consider setting small_random_effects=TRUE and see tutorial,prevalence,40,6
k__Bacteria|p__Firmicutes|c__Clostridia|o__Eubacteriales|f__Clostridiaceae|g__Clostridium|s__Clostridium_sp_1001270H_150608_G6|t__SGB5111,turmeric_status,Taken,turmeric_statusTaken,8.88079666363179,0,73.2011583139364,0.903437231593392,1,0.88339664924496,0.999999999965202,<4 average observations per random effect group often inflates coefficients and deflates p-values: consider setting small_random_effects=TRUE and see tutorial,prevalence,40,6
k__Bacteria|p__Firmicutes|c__Clostridia|o__Eubacteriales|f__Clostridiaceae|g__Clostridium|s__Clostridium_sp_AF34_10BH|t__SGB4914,timepoint,2_weeks,timepoint2_weeks,-3.24486655188752,0,1.69491619753841,0.0555601032587343,1,0.108033281443347,0.999999999965202,<4 average observations per random effect group often inflates coefficients and deflates p-values: consider setting small_random_effects=TRUE and see tutorial,prevalence,40,23
k__Bacteria|p__Firmicutes|c__Clostridia|o__Eubacteriales|f__Clostridiaceae|g__Clostridium|s__Clostridium_sp_AF34_10BH|t__SGB4914,timepoint,6_months,timepoint6_months,-3.34404012132533,0,2.520090067107,0.18452435569057,1,0.33499947353812,0.999999999965202,<4 average observations per random effect group often inflates coefficients and deflates p-values: consider setting small_random_effects=TRUE and see tutorial,prevalence,40,23
k__Bacteria|p__Firmicutes|c__Clostridia|o__Eubacteriales|f__Clostridiaceae|g__Clostridium|s__Clostridium_sp_AF34_10BH|t__SGB4914,turmeric_status,Taken,turmeric_statusTaken,1.81923673219462,0,2.46536084819088,0.46056364266825,1,0.709008416388652,0.999999999965202,<4 average observations per random effect group often inflates coefficients and deflates p-values: consider setting small_random_effects=TRUE and see tutorial,prevalence,40,23
k__Bacteria|p__Firmicutes|c__Clostridia|o__Eubacteriales|f__Clostridiaceae|g__Clostridium|s__Clostridium_sp_AF36_4|t__SGB4644,timepoint,2_weeks,timepoint2_weeks,1.21824112819371,0,1.38896631953745,0.38044062631679,1,0.477000121599429,0.999999999965202,<4 average observations per random effect group often inflates coefficients and deflates p-values: consider setting small_random_effects=TRUE and see tutorial,prevalence,40,8
k__Bacteria|p__Firmicutes|c__Clostridia|o__Eubacteriales|f__Clostridiaceae|g__Clostridium|s__Clostridium_sp_AF36_4|t__SGB4644,timepoint,6_months,timepoint6_months,-11.5921095497567,0,139.99901412444,0.934009483280275,1,0.934009483280275,0.999999999965202,<4 average observations per random effect group often inflates coefficients and deflates p-values: consider setting small_random_effects=TRUE and see tutorial,prevalence,40,8
k__Bacteria|p__Firmicutes|c__Clostridia|o__Eubacteriales|f__Clostridiaceae|g__Clostridium|s__Clostridium_sp_AF36_4|t__SGB4644,turmeric_status,Taken,turmeric_statusTaken,10.1832136775881,0,140.012445372649,0.942020358394224,1,0.962194973232392,0.999999999965202,<4 average observations per random effect group often inflates coefficients and deflates p-values: consider setting small_random_effects=TRUE and see tutorial,prevalence,40,8
k__Bacteria|p__Firmicutes|c__Clostridia|o__Eubacteriales|f__Clostridiaceae|g__Clostridium|s__Clostridium_sp_AM22_11AC|t__SGB4749,timepoint,2_weeks,timepoint2_weeks,-0.211903941228711,0,1.01239682582546,0.834206892228894,1,0.512038792378094,0.999999999965202,<4 average observations per random effect group often inflates coefficients and deflates p-values: consider setting small_random_effects=TRUE and see tutorial,prevalence,40,10
k__Bacteria|p__Firmicutes|c__Clostridia|o__Eubacteriales|f__Clostridiaceae|g__Clostridium|s__Clostridium_sp_AM22_11AC|t__SGB4749,timepoint,6_months,timepoint6_months,-0.0692716071854631,0,1.74992102587247,0.968423538308166,1,0.226982276046192,0.999999999965202,<4 average observations per random effect group often inflates coefficients and deflates p-values: consider setting small_random_effects=TRUE and see tutorial,prevalence,40,10
k__Bacteria|p__Firmicutes|c__Clostridia|o__Eubacteriales|f__Clostridiaceae|g__Clostridium|s__Clostridium_sp_AM22_11AC|t__SGB4749,turmeric_status,Taken,turmeric_statusTaken,0.0558921089737326,0,1.92049465618646,0.976782462679197,1,0.161044395791666,0.999999999965202,<4 average observations per random effect group often inflates coefficients and deflates p-values: consider setting small_random_effects=TRUE and see tutorial,prevalence,40,10
k__Bacteria|p__Firmicutes|c__Clostridia|o__Eubacteriales|f__Clostridiaceae|g__Clostridium|s__Clostridium_sp_AM33_3|t__SGB4711,timepoint,2_weeks,timepoint2_weeks,-0.999865491273376,0,1.69336942962577,0.554882858111738,1,0.556943008164106,0.999999999965202,<4 average observations per random effect group often inflates coefficients and deflates p-values: consider setting small_random_effects=TRUE and see tutorial,prevalence,40,7
k__Bacteria|p__Firmicutes|c__Clostridia|o__Eubacteriales|f__Clostridiaceae|g__Clostridium|s__Clostridium_sp_AM33_3|t__SGB4711,timepoint,6_months,timepoint6_months,-0.96515008225871,0,2.52176793364105,0.701921779341006,1,0.847534519186219,0.999999999965202,<4 average observations per random effect group often inflates coefficients and deflates p-values: consider setting small_random_effects=TRUE and see tutorial,prevalence,40,7
k__Bacteria|p__Firmicutes|c__Clostridia|o__Eubacteriales|f__Clostridiaceae|g__Clostridium|s__Clostridium_sp_AM33_3|t__SGB4711,turmeric_status,Taken,turmeric_statusTaken,0.137188433941974,0,3.08183859273078,0.964493794949813,1,0.998739309402934,0.999999999965202,<4 average observations per random effect group often inflates coefficients and deflates p-values: consider setting small_random_effects=TRUE and see tutorial,prevalence,40,7
k__Bacteria|p__Firmicutes|c__Clostridia|o__Eubacteriales|f__Clostridiaceae|g__Clostridium|s__Clostridium_sp_AM49_4BH|t__SGB4652,timepoint,2_weeks,timepoint2_weeks,0.608210945596751,0,0.99916175523052,0.542709250527381,1,0.79088517044677,0.999999999965202,<4 average observations per random effect group often inflates coefficients and deflates p-values: consider setting small_random_effects=TRUE and see tutorial,prevalence,40,13
k__Bacteria|p__Firmicutes|c__Clostridia|o__Eubacteriales|f__Clostridiaceae|g__Clostridium|s__Clostridium_sp_AM49_4BH|t__SGB4652,timepoint,6_months,timepoint6_months,0.161839472631306,0,1.82287501568157,0.929254734543844,1,0.231537838321633,0.999999999965202,<4 average observations per random effect group often inflates coefficients and deflates p-values: consider setting small_random_effects=TRUE and see tutorial,prevalence,40,13
k__Bacteria|p__Firmicutes|c__Clostridia|o__Eubacteriales|f__Clostridiaceae|g__Clostridium|s__Clostridium_sp_AM49_4BH|t__SGB4652,turmeric_status,Taken,turmeric_statusTaken,-0.582630418608191,0,2.00790636067197,0.771687622211688,1,0.116533822866958,0.999999999965202,<4 average observations per random effect group often inflates coefficients and deflates p-values: consider setting small_random_effects=TRUE and see tutorial,prevalence,40,13
k__Bacteria|p__Firmicutes|c__Clostridia|o__Eubacteriales|f__Eubacteriaceae|g__Eubacteriaceae_unclassified|s__Eubacteriaceae_bacterium|t__SGB3958,timepoint,2_weeks,timepoint2_weeks,1.77923832168281,0,1.10101829501142,0.106095735521647,1,0.200935165947414,0.999999999965202,<4 average observations per random effect group often inflates coefficients and deflates p-values: consider setting small_random_effects=TRUE and see tutorial,prevalence,40,12
k__Bacteria|p__Firmicutes|c__Clostridia|o__Eubacteriales|f__Eubacteriaceae|g__Eubacteriaceae_unclassified|s__Eubacteriaceae_bacterium|t__SGB3958,timepoint,6_months,timepoint6_months,1.04441281092558,0,1.72917979129551,0.545848172592094,1,0.79374611766206,0.999999999965202,<4 average observations per random effect group often inflates coefficients and deflates p-values: consider setting small_random_effects=TRUE and see tutorial,prevalence,40,12
k__Bacteria|p__Firmicutes|c__Clostridia|o__Eubacteriales|f__Eubacteriaceae|g__Eubacteriaceae_unclassified|s__Eubacteriaceae_bacterium|t__SGB3958,turmeric_status,Taken,turmeric_statusTaken,-0.734967105768712,0,1.92145052602913,0.702085789499535,1,0.613741928483043,0.999999999965202,<4 average observations per random effect group often inflates coefficients and deflates p-values: consider setting small_random_effects=TRUE and see tutorial,prevalence,40,12
k__Bacteria|p__Firmicutes|c__Clostridia|o__Eubacteriales|f__Eubacteriaceae|g__Eubacterium|s__Eubacterium_ramulus|t__SGB4959,timepoint,2_weeks,timepoint2_weeks,0.576523186033209,0,1.47462943706111,0.695825769491435,1,0.284902496456623,0.999999999965202,<4 average observations per random effect group often inflates coefficients and deflates p-values: consider setting small_random_effects=TRUE and see tutorial,prevalence,40,24
k__Bacteria|p__Firmicutes|c__Clostridia|o__Eubacteriales|f__Eubacteriaceae|g__Eubacterium|s__Eubacterium_ramulus|t__SGB4959,timepoint,6_months,timepoint6_months,-1.22254141939031,0,2.91933931962717,0.675381805109076,1,0.258331466912903,0.999999999965202,<4 average observations per random effect group often inflates coefficients and deflates p-values: consider setting small_random_effects=TRUE and see tutorial,prevalence,40,24
k__Bacteria|p__Firmicutes|c__Clostridia|o__Eubacteriales|f__Eubacteriaceae|g__Eubacterium|s__Eubacterium_ramulus|t__SGB4959,turmeric_status,Taken,turmeric_statusTaken,-2.48958071746933,0,3.62473680577972,0.492189386575789,1,0.126128731373167,0.999999999965202,<4 average observations per random effect group often inflates coefficients and deflates p-values: consider setting small_random_effects=TRUE and see tutorial,prevalence,40,24
k__Bacteria|p__Firmicutes|c__Clostridia|o__Eubacteriales|f__Eubacteriaceae|g__Eubacterium|s__Eubacterium_ventriosum|t__SGB5045,timepoint,2_weeks,timepoint2_weeks,1.99706802043828,0,1.12077134714931,0.0747705530887768,1,0.0747705530887768,0.999999999965202,<4 average observations per random effect group often inflates coefficients and deflates p-values: consider setting small_random_effects=TRUE and see tutorial,prevalence,40,9
k__Bacteria|p__Firmicutes|c__Clostridia|o__Eubacteriales|f__Eubacteriaceae|g__Eubacterium|s__Eubacterium_ventriosum|t__SGB5045,timepoint,6_months,timepoint6_months,-10.7853937045592,0,264.407540477776,0.967462678006308,1,0.967462678006308,0.999999999965202,<4 average observations per random effect group often inflates coefficients and deflates p-values: consider setting small_random_effects=TRUE and see tutorial,prevalence,40,9
k__Bacteria|p__Firmicutes|c__Clostridia|o__Eubacteriales|f__Eubacteriaceae|g__Eubacterium|s__Eubacterium_ventriosum|t__SGB5045,turmeric_status,Taken,turmeric_statusTaken,10.8998709790646,0,264.407059715281,0.967117458339677,1,0.967117458339677,0.999999999965202,<4 average observations per random effect group often inflates coefficients and deflates p-values: consider setting small_random_effects=TRUE and see tutorial,prevalence,40,9
k__Bacteria|p__Firmicutes|c__Clostridia|o__Eubacteriales|f__Eubacteriaceae|g__GGB3277|s__GGB3277_SGB4327|t__SGB4327,timepoint,2_weeks,timepoint2_weeks,-0.685479807918698,0,1.80790044586722,0.704570583119009,1,0.704570583119009,0.999999999965202,<4 average observations per random effect group often inflates coefficients and deflates p-values: consider setting small_random_effects=TRUE and see tutorial,prevalence,40,5
k__Bacteria|p__Firmicutes|c__Clostridia|o__Eubacteriales|f__Eubacteriaceae|g__GGB3277|s__GGB3277_SGB4327|t__SGB4327,timepoint,6_months,timepoint6_months,-6.18383657958011,0,42.0751352843108,0.883154687656876,1,0.883154687656876,0.999999999965202,<4 average observations per random effect group often inflates coefficients and deflates p-values: consider setting small_random_effects=TRUE and see tutorial,prevalence,40,5
k__Bacteria|p__Firmicutes|c__Clostridia|o__Eubacteriales|f__Eubacteriaceae|g__GGB3277|s__GGB3277_SGB4327|t__SGB4327,turmeric_status,Taken,turmeric_statusTaken,7.75718132926186,0,42.0695695837953,0.853708010269121,1,0.853708010269121,0.999999999965202,<4 average observations per random effect group often inflates coefficients and deflates p-values: consider setting small_random_effects=TRUE and see tutorial,prevalence,40,5
k__Bacteria|p__Firmicutes|c__Clostridia|o__Eubacteriales|f__Eubacteriales_unclassified|g__Evtepia|s__Evtepia_gabavorous|t__SGB15120,timepoint,2_weeks,timepoint2_weeks,-1.17479381004559,0,1.46400600185603,0.422291833647163,1,0.437244964910546,0.999999999965202,<4 average observations per random effect group often inflates coefficients and deflates p-values: consider setting small_random_effects=TRUE and see tutorial,prevalence,40,22
k__Bacteria|p__Firmicutes|c__Clostridia|o__Eubacteriales|f__Eubacteriales_unclassified|g__Evtepia|s__Evtepia_gabavorous|t__SGB15120,timepoint,6_months,timepoint6_months,2.62727291438641,0,2.65022632706691,0.321520039072922,1,0.53966494262039,0.999999999965202,<4 average observations per random effect group often inflates coefficients and deflates p-values: consider setting small_random_effects=TRUE and see tutorial,prevalence,40,22
k__Bacteria|p__Firmicutes|c__Clostridia|o__Eubacteriales|f__Eubacteriales_unclassified|g__Evtepia|s__Evtepia_gabavorous|t__SGB15120,turmeric_status,Taken,turmeric_statusTaken,-2.78629257193802,0,3.09560892377112,0.368078212877837,1,0.401346214631851,0.999999999965202,<4 average observations per random effect group often inflates coefficients and deflates p-values: consider setting small_random_effects=TRUE and see tutorial,prevalence,40,22
k__Bacteria|p__Firmicutes|c__Clostridia|o__Eubacteriales|f__Lachnospiraceae|g__Anaerobutyricum|s__Anaerobutyricum_hallii|t__SGB4532,timepoint,2_weeks,timepoint2_weeks,0.104783002109272,0,0.879086028596459,0.905120558781462,1,0.990997891634058,0.999999999965202,<4 average observations per random effect group often inflates coefficients and deflates p-values: consider setting small_random_effects=TRUE and see tutorial,prevalence,40,31
k__Bacteria|p__Firmicutes|c__Clostridia|o__Eubacteriales|f__Lachnospiraceae|g__Anaerobutyricum|s__Anaerobutyricum_hallii|t__SGB4532,timepoint,6_months,timepoint6_months,15.3738930790902,0,197.990832086929,0.938106849987111,1,0.92386530478136,0.999999999965202,<4 average observations per random effect group often inflates coefficients and deflates p-values: consider setting small_random_effects=TRUE and see tutorial,prevalence,40,31
k__Bacteria|p__Firmicutes|c__Clostridia|o__Eubacteriales|f__Lachnospiraceae|g__Anaerobutyricum|s__Anaerobutyricum_hallii|t__SGB4532,turmeric_status,Taken,turmeric_statusTaken,-15.3728054050108,0,197.992327105789,0.938111686395909,1,0.786512014423817,0.999999999965202,<4 average observations per random effect group often inflates coefficients and deflates p-values: consider setting small_random_effects=TRUE and see tutorial,prevalence,40,31
k__Bacteria|p__Firmicutes|c__Clostridia|o__Eubacteriales|f__Lachnospiraceae|g__Anaerobutyricum|s__Anaerobutyricum_soehngenii|t__SGB4537,timepoint,2_weeks,timepoint2_weeks,1.21387188029657,0,1.09778928450421,0.268838141943049,1,0.465402337322707,0.999999999965202,<4 average observations per random effect group often inflates coefficients and deflates p-values: consider setting small_random_effects=TRUE and see tutorial,prevalence,40,15
k__Bacteria|p__Firmicutes|c__Clostridia|o__Eubacteriales|f__Lachnospiraceae|g__Anaerobutyricum|s__Anaerobutyricum_soehngenii|t__SGB4537,timepoint,6_months,timepoint6_months,-9.94707173994604,0,175.620681173988,0.954832349675097,1,0.954832349675097,0.999999999965202,<4 average observations per random effect group often inflates coefficients and deflates p-values: consider setting small_random_effects=TRUE and see tutorial,prevalence,40,15
k__Bacteria|p__Firmicutes|c__Clostridia|o__Eubacteriales|f__Lachnospiraceae|g__Anaerobutyricum|s__Anaerobutyricum_soehngenii|t__SGB4537,turmeric_status,Taken,turmeric_statusTaken,8.73088308091613,0,175.627944215918,0.960351590938625,1,0.650191565339521,0.999999999965202,<4 average observations per random effect group often inflates coefficients and deflates p-values: consider setting small_random_effects=TRUE and see tutorial,prevalence,40,15
k__Bacteria|p__Firmicutes|c__Clostridia|o__Eubacteriales|f__Lachnospiraceae|g__Anaerostipes|s__Anaerostipes_hadrus|t__SGB4547,timepoint,2_weeks,timepoint2_weeks,-0.304103986489676,0,1.4552096433653,0.834466922668027,1,0.834466922668027,0.999999999965202,<4 average observations per random effect group often inflates coefficients and deflates p-values: consider setting small_random_effects=TRUE and see tutorial,prevalence,40,5
k__Bacteria|p__Firmicutes|c__Clostridia|o__Eubacteriales|f__Lachnospiraceae|g__Anaerostipes|s__Anaerostipes_hadrus|t__SGB4547,timepoint,6_months,timepoint6_months,-11.0724801221815,0,275.03342450238,0.96788690289561,1,0.96788690289561,0.999999999965202,<4 average observations per random effect group often inflates coefficients and deflates p-values: consider setting small_random_effects=TRUE and see tutorial,prevalence,40,5
k__Bacteria|p__Firmicutes|c__Clostridia|o__Eubacteriales|f__Lachnospiraceae|g__Anaerostipes|s__Anaerostipes_hadrus|t__SGB4547,turmeric_status,Taken,turmeric_statusTaken,-3.74829812149295,0,294.338547529425,0.989839494714617,1,0.989839494714617,0.999999999965202,<4 average observations per random effect group often inflates coefficients and deflates p-values: consider setting small_random_effects=TRUE and see tutorial,prevalence,40,5
k__Bacteria|p__Firmicutes|c__Clostridia|o__Eubacteriales|f__Lachnospiraceae|g__Anaerotignum|s__Anaerotignum_faecicola|t__SGB5190,timepoint,2_weeks,timepoint2_weeks,1.80163512512726,0,1.09340284938184,0.0994076293408899,1,0.188933381910604,0.999999999965202,<4 average observations per random effect group often inflates coefficients and deflates p-values: consider setting small_random_effects=TRUE and see tutorial,prevalence,40,15
k__Bacteria|p__Firmicutes|c__Clostridia|o__Eubacteriales|f__Lachnospiraceae|g__Anaerotignum|s__Anaerotignum_faecicola|t__SGB5190,timepoint,6_months,timepoint6_months,2.00328219926025,0,1.90330121637,0.292556316693458,1,0.369472615308083,0.999999999965202,<4 average observations per random effect group often inflates coefficients and deflates p-values: consider setting small_random_effects=TRUE and see tutorial,prevalence,40,15
k__Bacteria|p__Firmicutes|c__Clostridia|o__Eubacteriales|f__Lachnospiraceae|g__Anaerotignum|s__Anaerotignum_faecicola|t__SGB5190,turmeric_status,Taken,turmeric_statusTaken,-1.74669607774446,0,2.07099759495939,0.399000261963913,1,0.638799314880555,0.999999999965202,<4 average observations per random effect group often inflates coefficients and deflates p-values: consider setting small_random_effects=TRUE and see tutorial,prevalence,40,15
k__Bacteria|p__Firmicutes|c__Clostridia|o__Eubacteriales|f__Lachnospiraceae|g__Blautia|s__Blautia_faecicola|t__SGB4867,timepoint,2_weeks,timepoint2_weeks,0.151475426423442,0,1.88985066102935,0.936116316806268,1,0.826206362726766,0.999999999965202,<4 average observations per random effect group often inflates coefficients and deflates p-values: consider setting small_random_effects=TRUE and see tutorial,prevalence,40,6
k__Bacteria|p__Firmicutes|c__Clostridia|o__Eubacteriales|f__Lachnospiraceae|g__Blautia|s__Blautia_faecicola|t__SGB4867,timepoint,6_months,timepoint6_months,1.00863644506675,0,3.00475326689939,0.737111971284399,1,0.6280263068964,0.999999999965202,<4 average observations per random effect group often inflates coefficients and deflates p-values: consider setting small_random_effects=TRUE and see tutorial,prevalence,40,6
k__Bacteria|p__Firmicutes|c__Clostridia|o__Eubacteriales|f__Lachnospiraceae|g__Blautia|s__Blautia_faecicola|t__SGB4867,turmeric_status,Taken,turmeric_statusTaken,-1.09940364946551,0,3.5197576821857,0.754772960800205,1,0.903824422421853,0.999999999965202,<4 average observations per random effect group often inflates coefficients and deflates p-values: consider setting small_random_effects=TRUE and see tutorial,prevalence,40,6
k__Bacteria|p__Firmicutes|c__Clostridia|o__Eubacteriales|f__Lachnospiraceae|g__Blautia|s__Blautia_faecis|t__SGB4820,timepoint,2_weeks,timepoint2_weeks,1.27746618884443,0,1.14893654033433,0.266194753653289,1,0.461529860434043,0.999999999965202,<4 average observations per random effect group often inflates coefficients and deflates p-values: consider setting small_random_effects=TRUE and see tutorial,prevalence,40,29
k__Bacteria|p__Firmicutes|c__Clostridia|o__Eubacteriales|f__Lachnospiraceae|g__Blautia|s__Blautia_faecis|t__SGB4820,timepoint,6_months,timepoint6_months,-1.92709559829412,0,1.82647724646976,0.29138473587873,1,0.497864407454343,0.999999999965202,<4 average observations per random effect group often inflates coefficients and deflates p-values: consider setting small_random_effects=TRUE and see tutorial,prevalence,40,29
k__Bacteria|p__Firmicutes|c__Clostridia|o__Eubacteriales|f__Lachnospiraceae|g__Blautia|s__Blautia_faecis|t__SGB4820,turmeric_status,Taken,turmeric_statusTaken,2.37390074080755,0,2.05677474410845,0.248423895906234,1,0.435133359755236,0.999999999965202,<4 average observations per random effect group often inflates coefficients and deflates p-values: consider setting small_random_effects=TRUE and see tutorial,prevalence,40,29
k__Bacteria|p__Firmicutes|c__Clostridia|o__Eubacteriales|f__Lachnospiraceae|g__Blautia|s__Blautia_glucerasea|t__SGB4804,timepoint,2_weeks,timepoint2_weeks,-0.436121714165332,0,0.729801897614507,0.550114088710863,1,0.270233569456124,0.999999999965202,<4 average observations per random effect group often inflates coefficients and deflates p-values: consider setting small_random_effects=TRUE and see tutorial,prevalence,40,16
k__Bacteria|p__Firmicutes|c__Clostridia|o__Eubacteriales|f__Lachnospiraceae|g__Blautia|s__Blautia_glucerasea|t__SGB4804,timepoint,6_months,timepoint6_months,-0.641262340480554,0,1.26680990013895,0.612714499058284,1,0.220625832463819,0.999999999965202,<4 average observations per random effect group often inflates coefficients and deflates p-values: consider setting small_random_effects=TRUE and see tutorial,prevalence,40,16
k__Bacteria|p__Firmicutes|c__Clostridia|o__Eubacteriales|f__Lachnospiraceae|g__Blautia|s__Blautia_glucerasea|t__SGB4804,turmeric_status,Taken,turmeric_statusTaken,-0.366378106181071,0,1.40205632317986,0.793849733056614,1,0.020270652703878,0.999999999965202,<4 average observations per random effect group often inflates coefficients and deflates p-values: consider setting small_random_effects=TRUE and see tutorial,prevalence,40,16
k__Bacteria|p__Firmicutes|c__Clostridia|o__Eubacteriales|f__Lachnospiraceae|g__Blautia|s__Blautia_glucerasea|t__SGB4816,timepoint,2_weeks,timepoint2_weeks,2.26154559566537,0,1.55822549160855,0.146679740810729,1,0.271844535257155,0.999999999965202,<4 average observations per random effect group often inflates coefficients and deflates p-values: consider setting small_random_effects=TRUE and see tutorial,prevalence,40,17
k__Bacteria|p__Firmicutes|c__Clostridia|o__Eubacteriales|f__Lachnospiraceae|g__Blautia|s__Blautia_glucerasea|t__SGB4816,timepoint,6_months,timepoint6_months,-10.3657807733969,0,43.8830154405621,0.813266648907573,1,0.813266648907573,0.999999999965202,<4 average observations per random effect group often inflates coefficients and deflates p-values: consider setting small_random_effects=TRUE and see tutorial,prevalence,40,17
k__Bacteria|p__Firmicutes|c__Clostridia|o__Eubacteriales|f__Lachnospiraceae|g__Blautia|s__Blautia_glucerasea|t__SGB4816,turmeric_status,Taken,turmeric_statusTaken,6.81867065203178,0,43.9497606381428,0.876705481432606,1,0.984798461691234,0.999999999965202,<4 average observations per random effect group often inflates coefficients and deflates p-values: consider setting small_random_effects=TRUE and see tutorial,prevalence,40,17
k__Bacteria|p__Firmicutes|c__Clostridia|o__Eubacteriales|f__Lachnospiraceae|g__Blautia|s__Blautia_luti|t__SGB4832,timepoint,2_weeks,timepoint2_weeks,0.90154174423844,0,1.44707911611885,0.533279320003057,1,0.0513920970162213,0.999999999965202,<4 average observations per random effect group often inflates coefficients and deflates p-values: consider setting small_random_effects=TRUE and see tutorial,prevalence,40,10
k__Bacteria|p__Firmicutes|c__Clostridia|o__Eubacteriales|f__Lachnospiraceae|g__Blautia|s__Blautia_luti|t__SGB4832,timepoint,6_months,timepoint6_months,-5.95693211933649,0,33.8358390434739,0.860251581455644,1,0.860251581455644,0.999999999965202,<4 average observations per random effect group often inflates coefficients and deflates p-values: consider setting small_random_effects=TRUE and see tutorial,prevalence,40,10
k__Bacteria|p__Firmicutes|c__Clostridia|o__Eubacteriales|f__Lachnospiraceae|g__Blautia|s__Blautia_luti|t__SGB4832,turmeric_status,Taken,turmeric_statusTaken,6.22268535843775,0,33.8519196552597,0.854154075086316,1,0.710671287042528,0.999999999965202,<4 average observations per random effect group often inflates coefficients and deflates p-values: consider setting small_random_effects=TRUE and see tutorial,prevalence,40,10
k__Bacteria|p__Firmicutes|c__Clostridia|o__Eubacteriales|f__Lachnospiraceae|g__Blautia|s__Blautia_massiliensis|t__SGB4826,timepoint,2_weeks,timepoint2_weeks,-0.130317232405231,0,2.21301272981653,0.953042273900613,1,0.572157024904689,0.999999999965202,<4 average observations per random effect group often inflates coefficients and deflates p-values: consider setting small_random_effects=TRUE and see tutorial,prevalence,40,36
k__Bacteria|p__Firmicutes|c__Clostridia|o__Eubacteriales|f__Lachnospiraceae|g__Blautia|s__Blautia_massiliensis|t__SGB4826,timepoint,6_months,timepoint6_months,-1.53653912348991,0,2.88983202759605,0.594930092219192,1,0.76314160961135,0.999999999965202,<4 average observations per random effect group often inflates coefficients and deflates p-values: consider setting small_random_effects=TRUE and see tutorial,prevalence,40,36
k__Bacteria|p__Firmicutes|c__Clostridia|o__Eubacteriales|f__Lachnospiraceae|g__Blautia|s__Blautia_massiliensis|t__SGB4826,turmeric_status,Taken,turmeric_statusTaken,-0.663447672770868,0,3.17845166488045,0.834656696559031,1,0.452358845382039,0.999999999965202,<4 average observations per random effect group often inflates coefficients and deflates p-values: consider setting small_random_effects=TRUE and see tutorial,prevalence,40,36
k__Bacteria|p__Firmicutes|c__Clostridia|o__Eubacteriales|f__Lachnospiraceae|g__Blautia|s__Blautia_obeum|t__SGB4809,timepoint,2_weeks,timepoint2_weeks,0.352256794926158,0,0.95986708918345,0.713630229226253,1,0.917992354386991,0.999999999965202,<4 average observations per random effect group often inflates coefficients and deflates p-values: consider setting small_random_effects=TRUE and see tutorial,prevalence,40,12
k__Bacteria|p__Firmicutes|c__Clostridia|o__Eubacteriales|f__Lachnospiraceae|g__Blautia|s__Blautia_obeum|t__SGB4809,timepoint,6_months,timepoint6_months,-10.7441347854191,0,125.337964489469,0.931687959795127,1,0.931687959795127,0.999999999965202,<4 average observations per random effect group often inflates coefficients and deflates p-values: consider setting small_random_effects=TRUE and see tutorial,prevalence,40,12
k__Bacteria|p__Firmicutes|c__Clostridia|o__Eubacteriales|f__Lachnospiraceae|g__Blautia|s__Blautia_obeum|t__SGB4809,turmeric_status,Taken,turmeric_statusTaken,10.2016939524763,0,125.340503907068,0.935130340139405,1,0.995791927229571,0.999999999965202,<4 average observations per random effect group often inflates coefficients and deflates p-values: consider setting small_random_effects=TRUE and see tutorial,prevalence,40,12
k__Bacteria|p__Firmicutes|c__Clostridia|o__Eubacteriales|f__Lachnospiraceae|g__Blautia|s__Blautia_obeum|t__SGB4810,timepoint,2_weeks,timepoint2_weeks,0.650121217615721,0,1.31662947139019,0.621463749514053,1,0.85671030706804,0.999999999965202,<4 average observations per random effect group often inflates coefficients and deflates p-values: consider setting small_random_effects=TRUE and see tutorial,prevalence,40,9
k__Bacteria|p__Firmicutes|c__Clostridia|o__Eubacteriales|f__Lachnospiraceae|g__Blautia|s__Blautia_obeum|t__SGB4810,timepoint,6_months,timepoint6_months,-7.08212148693266,0,57.7394437839702,0.902379065011028,1,0.902379065011028,0.999999999965202,<4 average observations per random effect group often inflates coefficients and deflates p-values: consider setting small_random_effects=TRUE and see tutorial,prevalence,40,9
k__Bacteria|p__Firmicutes|c__Clostridia|o__Eubacteriales|f__Lachnospiraceae|g__Blautia|s__Blautia_obeum|t__SGB4810,turmeric_status,Taken,turmeric_statusTaken,8.44466077366097,0,57.7327487505511,0.883706994987161,1,0.908205506986322,0.999999999965202,<4 average observations per random effect group often inflates coefficients and deflates p-values: consider setting small_random_effects=TRUE and see tutorial,prevalence,40,9
k__Bacteria|p__Firmicutes|c__Clostridia|o__Eubacteriales|f__Lachnospiraceae|g__Blautia|s__Blautia_obeum|t__SGB4811,timepoint,2_weeks,timepoint2_weeks,0.677493716273929,0,1.45096733948993,0.640553147988972,1,0.870797960579362,0.999999999965202,<4 average observations per random effect group often inflates coefficients and deflates p-values: consider setting small_random_effects=TRUE and see tutorial,prevalence,40,31
k__Bacteria|p__Firmicutes|c__Clostridia|o__Eubacteriales|f__Lachnospiraceae|g__Blautia|s__Blautia_obeum|t__SGB4811,timepoint,6_months,timepoint6_months,-2.63748799117261,0,2.51222524530497,0.293781899652171,1,0.501255994741103,0.999999999965202,<4 average observations per random effect group often inflates coefficients and deflates p-values: consider setting small_random_effects=TRUE and see tutorial,prevalence,40,31
k__Bacteria|p__Firmicutes|c__Clostridia|o__Eubacteriales|f__Lachnospiraceae|g__Blautia|s__Blautia_obeum|t__SGB4811,turmeric_status,Taken,turmeric_statusTaken,1.63830579002691,0,2.69851594641878,0.543775510723546,1,0.246933097229381,0.999999999965202,<4 average observations per random effect group often inflates coefficients and deflates p-values: consider setting small_random_effects=TRUE and see tutorial,prevalence,40,31
k__Bacteria|p__Firmicutes|c__Clostridia|o__Eubacteriales|f__Lachnospiraceae|g__Blautia|s__Blautia_SGB101324|t__SGB101324,timepoint,2_weeks,timepoint2_weeks,1.66681235343583,0,1.85842216573982,0.369774142888618,1,0.602815369028223,0.999999999965202,<4 average observations per random effect group often inflates coefficients and deflates p-values: consider setting small_random_effects=TRUE and see tutorial,prevalence,40,6
k__Bacteria|p__Firmicutes|c__Clostridia|o__Eubacteriales|f__Lachnospiraceae|g__Blautia|s__Blautia_SGB101324|t__SGB101324,timepoint,6_months,timepoint6_months,-4.69860493233767,0,45.4776915461,0.917711623291193,1,0.917711623291193,0.999999999965202,<4 average observations per random effect group often inflates coefficients and deflates p-values: consider setting small_random_effects=TRUE and see tutorial,prevalence,40,6
k__Bacteria|p__Firmicutes|c__Clostridia|o__Eubacteriales|f__Lachnospiraceae|g__Blautia|s__Blautia_SGB101324|t__SGB101324,turmeric_status,Taken,turmeric_statusTaken,8.46678045441048,0,45.475553385101,0.852301160092492,1,0.967397463817629,0.999999999965202,<4 average observations per random effect group often inflates coefficients and deflates p-values: consider setting small_random_effects=TRUE and see tutorial,prevalence,40,6
k__Bacteria|p__Firmicutes|c__Clostridia|o__Eubacteriales|f__Lachnospiraceae|g__Blautia|s__Blautia_SGB4815|t__SGB4815,timepoint,2_weeks,timepoint2_weeks,0.23867004268843,0,0.963244760016168,0.804306834347471,1,0.836058690597407,0.999999999965202,<4 average observations per random effect group often inflates coefficients and deflates p-values: consider setting small_random_effects=TRUE and see tutorial,prevalence,40,24
k__Bacteria|p__Firmicutes|c__Clostridia|o__Eubacteriales|f__Lachnospiraceae|g__Blautia|s__Blautia_SGB4815|t__SGB4815,timepoint,6_months,timepoint6_months,0.485974508833952,0,1.86890397246454,0.794839225725785,1,0.957909056699205,0.999999999965202,<4 average observations per random effect group often inflates coefficients and deflates p-values: consider setting small_random_effects=TRUE and see tutorial,prevalence,40,24
k__Bacteria|p__Firmicutes|c__Clostridia|o__Eubacteriales|f__Lachnospiraceae|g__Blautia|s__Blautia_SGB4815|t__SGB4815,turmeric_status,Taken,turmeric_statusTaken,0.121761024606751,0,2.03934245339593,0.95238977573675,1,0.710958026114835,0.999999999965202,<4 average observations per random effect group often inflates coefficients and deflates p-values: consider setting small_random_effects=TRUE and see tutorial,prevalence,40,24
k__Bacteria|p__Firmicutes|c__Clostridia|o__Eubacteriales|f__Lachnospiraceae|g__Blautia|s__Blautia_sp_Marseille_P3087|t__SGB4813,timepoint,2_weeks,timepoint2_weeks,1.59996683297738,0,1.24847495195249,0.200005115744907,1,0.36000818516568,0.999999999965202,<4 average observations per random effect group often inflates coefficients and deflates p-values: consider setting small_random_effects=TRUE and see tutorial,prevalence,40,9
k__Bacteria|p__Firmicutes|c__Clostridia|o__Eubacteriales|f__Lachnospiraceae|g__Blautia|s__Blautia_sp_Marseille_P3087|t__SGB4813,timepoint,6_months,timepoint6_months,-8.85374606103444,0,173.458666336613,0.959291736865216,1,0.959291736865216,0.999999999965202,<4 average observations per random effect group often inflates coefficients and deflates p-values: consider setting small_random_effects=TRUE and see tutorial,prevalence,40,9
k__Bacteria|p__Firmicutes|c__Clostridia|o__Eubacteriales|f__Lachnospiraceae|g__Blautia|s__Blautia_sp_Marseille_P3087|t__SGB4813,turmeric_status,Taken,turmeric_statusTaken,10.6332704595244,0,173.453046236017,0.951117541835801,1,0.683908557593004,0.999999999965202,<4 average observations per random effect group often inflates coefficients and deflates p-values: consider setting small_random_effects=TRUE and see tutorial,prevalence,40,9
k__Bacteria|p__Firmicutes|c__Clostridia|o__Eubacteriales|f__Lachnospiraceae|g__Blautia|s__Blautia_sp_MSK_20_85|t__SGB4828,timepoint,2_weeks,timepoint2_weeks,0.340325697602271,0,1.48697021827,0.81896848223874,1,0.706993438317985,0.999999999965202,<4 average observations per random effect group often inflates coefficients and deflates p-values: consider setting small_random_effects=TRUE and see tutorial,prevalence,40,24
k__Bacteria|p__Firmicutes|c__Clostridia|o__Eubacteriales|f__Lachnospiraceae|g__Blautia|s__Blautia_sp_MSK_20_85|t__SGB4828,timepoint,6_months,timepoint6_months,6.65717902960379,0,28.8820380577377,0.817706780652105,1,0.96676918217978,0.999999999965202,<4 average observations per random effect group often inflates coefficients and deflates p-values: consider setting small_random_effects=TRUE and see tutorial,prevalence,40,24
k__Bacteria|p__Firmicutes|c__Clostridia|o__Eubacteriales|f__Lachnospiraceae|g__Blautia|s__Blautia_sp_MSK_20_85|t__SGB4828,turmeric_status,Taken,turmeric_statusTaken,-6.77396636633601,0,28.9169261557076,0.814786164304797,1,0.903581754044616,0.999999999965202,<4 average observations per random effect group often inflates coefficients and deflates p-values: consider setting small_random_effects=TRUE and see tutorial,prevalence,40,24
k__Bacteria|p__Firmicutes|c__Clostridia|o__Eubacteriales|f__Lachnospiraceae|g__Coprococcus|s__Coprococcus_catus|t__SGB4670,timepoint,2_weeks,timepoint2_weeks,-1.13486037800466,0,1.22263503086225,0.353299362519976,1,0.434155166472146,0.999999999965202,<4 average observations per random effect group often inflates coefficients and deflates p-values: consider setting small_random_effects=TRUE and see tutorial,prevalence,40,24
k__Bacteria|p__Firmicutes|c__Clostridia|o__Eubacteriales|f__Lachnospiraceae|g__Coprococcus|s__Coprococcus_catus|t__SGB4670,timepoint,6_months,timepoint6_months,-0.598321685694331,0,2.04771427609457,0.770141337859603,1,0.942747527618031,0.999999999965202,<4 average observations per random effect group often inflates coefficients and deflates p-values: consider setting small_random_effects=TRUE and see tutorial,prevalence,40,24
k__Bacteria|p__Firmicutes|c__Clostridia|o__Eubacteriales|f__Lachnospiraceae|g__Coprococcus|s__Coprococcus_catus|t__SGB4670,turmeric_status,Taken,turmeric_statusTaken,-0.0178366618238436,0,2.34475053389431,0.99393050150819,1,0.917304430200195,0.999999999965202,<4 average observations per random effect group often inflates coefficients and deflates p-values: consider setting small_random_effects=TRUE and see tutorial,prevalence,40,24
k__Bacteria|p__Firmicutes|c__Clostridia|o__Eubacteriales|f__Lachnospiraceae|g__Coprococcus|s__Coprococcus_comes|t__SGB4577,timepoint,2_weeks,timepoint2_weeks,9.63814126145759,0,18096314.8160059,0.999999575044743,1,0.999685994695381,0.999999999965202,<4 average observations per random effect group often inflates coefficients and deflates p-values: consider setting small_random_effects=TRUE and see tutorial,prevalence,40,38
k__Bacteria|p__Firmicutes|c__Clostridia|o__Eubacteriales|f__Lachnospiraceae|g__Coprococcus|s__Coprococcus_comes|t__SGB4577,timepoint,6_months,timepoint6_months,-9.11189120308937,0,2284412.29751574,0.999996817458338,1,0.645988150463791,0.999999999965202,<4 average observations per random effect group often inflates coefficients and deflates p-values: consider setting small_random_effects=TRUE and see tutorial,prevalence,40,38
k__Bacteria|p__Firmicutes|c__Clostridia|o__Eubacteriales|f__Lachnospiraceae|g__Coprococcus|s__Coprococcus_comes|t__SGB4577,turmeric_status,Taken,turmeric_statusTaken,-21.9205047864469,0,55497.4665785881,0.999684849904733,1,0.254729144459077,0.999999999965202,<4 average observations per random effect group often inflates coefficients and deflates p-values: consider setting small_random_effects=TRUE and see tutorial,prevalence,40,38
k__Bacteria|p__Firmicutes|c__Clostridia|o__Eubacteriales|f__Lachnospiraceae|g__Coprococcus|s__Coprococcus_eutactus|t__SGB5117,timepoint,2_weeks,timepoint2_weeks,0.0867981110312274,0,1.45990206905585,0.952589906774396,1,0.995600072066618,0.999999999965202,<4 average observations per random effect group often inflates coefficients and deflates p-values: consider setting small_random_effects=TRUE and see tutorial,prevalence,40,15
k__Bacteria|p__Firmicutes|c__Clostridia|o__Eubacteriales|f__Lachnospiraceae|g__Coprococcus|s__Coprococcus_eutactus|t__SGB5117,timepoint,6_months,timepoint6_months,-0.145391096705869,0,2.82736217765727,0.958988555899344,1,0.681263784493886,0.999999999965202,<4 average observations per random effect group often inflates coefficients and deflates p-values: consider setting small_random_effects=TRUE and see tutorial,prevalence,40,15
k__Bacteria|p__Firmicutes|c__Clostridia|o__Eubacteriales|f__Lachnospiraceae|g__Coprococcus|s__Coprococcus_eutactus|t__SGB5117,turmeric_status,Taken,turmeric_statusTaken,1.45881576062631,0,3.1526247612184,0.643557524153542,1,0.688470256499081,0.999999999965202,<4 average observations per random effect group often inflates coefficients and deflates p-values: consider setting small_random_effects=TRUE and see tutorial,prevalence,40,15
k__Bacteria|p__Firmicutes|c__Clostridia|o__Eubacteriales|f__Lachnospiraceae|g__Coprococcus|s__Coprococcus_eutactus|t__SGB5118,timepoint,2_weeks,timepoint2_weeks,0.153853554626735,0,1.64190520238571,0.9253440655459,1,0.688581970242707,0.999999999965202,<4 average observations per random effect group often inflates coefficients and deflates p-values: consider setting small_random_effects=TRUE and see tutorial,prevalence,40,5
k__Bacteria|p__Firmicutes|c__Clostridia|o__Eubacteriales|f__Lachnospiraceae|g__Coprococcus|s__Coprococcus_eutactus|t__SGB5118,timepoint,6_months,timepoint6_months,-5.36299506212849,0,40.3277682377035,0.89420510998038,1,0.89420510998038,0.999999999965202,<4 average observations per random effect group often inflates coefficients and deflates p-values: consider setting small_random_effects=TRUE and see tutorial,prevalence,40,5
k__Bacteria|p__Firmicutes|c__Clostridia|o__Eubacteriales|f__Lachnospiraceae|g__Coprococcus|s__Coprococcus_eutactus|t__SGB5118,turmeric_status,Taken,turmeric_statusTaken,3.58308041326707,0,40.3853948100807,0.92930270209116,1,0.795813593613572,0.999999999965202,<4 average observations per random effect group often inflates coefficients and deflates p-values: consider setting small_random_effects=TRUE and see tutorial,prevalence,40,5
k__Bacteria|p__Firmicutes|c__Clostridia|o__Eubacteriales|f__Lachnospiraceae|g__Dorea|s__Dorea_formicigenerans|t__SGB4575,timepoint,2_weeks,timepoint2_weeks,-0.225700610665645,0,1.41317263284782,0.873107957022539,1,0.76240117921664,0.999999999965202,<4 average observations per random effect group often inflates coefficients and deflates p-values: consider setting small_random_effects=TRUE and see tutorial,prevalence,40,37
k__Bacteria|p__Firmicutes|c__Clostridia|o__Eubacteriales|f__Lachnospiraceae|g__Dorea|s__Dorea_formicigenerans|t__SGB4575,timepoint,6_months,timepoint6_months,6.82153547708497,0,65.3196276398253,0.916825604387294,1,0.460714081429218,0.999999999965202,<4 average observations per random effect group often inflates coefficients and deflates p-values: consider setting small_random_effects=TRUE and see tutorial,prevalence,40,37
k__Bacteria|p__Firmicutes|c__Clostridia|o__Eubacteriales|f__Lachnospiraceae|g__Dorea|s__Dorea_formicigenerans|t__SGB4575,turmeric_status,Taken,turmeric_statusTaken,-7.58585823036237,0,65.3201571022318,0.907546742116541,1,0.0786251195373708,0.999999999965202,<4 average observations per random effect group often inflates coefficients and deflates p-values: consider setting small_random_effects=TRUE and see tutorial,prevalence,40,37
k__Bacteria|p__Firmicutes|c__Clostridia|o__Eubacteriales|f__Lachnospiraceae|g__Dorea|s__Dorea_longicatena|t__SGB4581,timepoint,2_weeks,timepoint2_weeks,-0.222741579681716,0,1.47759122550361,0.880175757912866,1,0.881266700369574,0.999999999965202,<4 average observations per random effect group often inflates coefficients and deflates p-values: consider setting small_random_effects=TRUE and see tutorial,prevalence,40,35
k__Bacteria|p__Firmicutes|c__Clostridia|o__Eubacteriales|f__Lachnospiraceae|g__Dorea|s__Dorea_longicatena|t__SGB4581,timepoint,6_months,timepoint6_months,-1.96158642830527,0,1.71026018245395,0.251401437467175,1,0.439600192173787,0.999999999965202,<4 average observations per random effect group often inflates coefficients and deflates p-values: consider setting small_random_effects=TRUE and see tutorial,prevalence,40,35
k__Bacteria|p__Firmicutes|c__Clostridia|o__Eubacteriales|f__Lachnospiraceae|g__Dorea|s__Dorea_longicatena|t__SGB4581,turmeric_status,Taken,turmeric_statusTaken,0.277370409031992,0,1.88642980717874,0.88310472828758,1,0.853138399263126,0.999999999965202,<4 average observations per random effect group often inflates coefficients and deflates p-values: consider setting small_random_effects=TRUE and see tutorial,prevalence,40,35
k__Bacteria|p__Firmicutes|c__Clostridia|o__Eubacteriales|f__Lachnospiraceae|g__Dorea|s__Dorea_longicatena|t__SGB4582,timepoint,2_weeks,timepoint2_weeks,-0.32039130215459,0,1.44992268498442,0.825114779062247,1,0.969415159497553,0.999999999965202,<4 average observations per random effect group often inflates coefficients and deflates p-values: consider setting small_random_effects=TRUE and see tutorial,prevalence,40,17
k__Bacteria|p__Firmicutes|c__Clostridia|o__Eubacteriales|f__Lachnospiraceae|g__Dorea|s__Dorea_longicatena|t__SGB4582,timepoint,6_months,timepoint6_months,-0.556857542371714,0,2.83269325503115,0.844154371189682,1,0.975712139980716,0.999999999965202,<4 average observations per random effect group often inflates coefficients and deflates p-values: consider setting small_random_effects=TRUE and see tutorial,prevalence,40,17
k__Bacteria|p__Firmicutes|c__Clostridia|o__Eubacteriales|f__Lachnospiraceae|g__Dorea|s__Dorea_longicatena|t__SGB4582,turmeric_status,Taken,turmeric_statusTaken,1.9071698609099,0,3.17165333840501,0.547628702885948,1,0.79536020954735,0.999999999965202,<4 average observations per random effect group often inflates coefficients and deflates p-values: consider setting small_random_effects=TRUE and see tutorial,prevalence,40,17
k__Bacteria|p__Firmicutes|c__Clostridia|o__Eubacteriales|f__Lachnospiraceae|g__Dorea|s__Dorea_sp_AF24_7LB|t__SGB4571,timepoint,2_weeks,timepoint2_weeks,0.57320128734495,0,0.947916625765285,0.545381079739933,1,0.410331585744641,0.999999999965202,<4 average observations per random effect group often inflates coefficients and deflates p-values: consider setting small_random_effects=TRUE and see tutorial,prevalence,40,20
k__Bacteria|p__Firmicutes|c__Clostridia|o__Eubacteriales|f__Lachnospiraceae|g__Dorea|s__Dorea_sp_AF24_7LB|t__SGB4571,timepoint,6_months,timepoint6_months,11.9542099730451,0,72.227963671193,0.868545197881367,1,0.838295755740923,0.999999999965202,<4 average observations per random effect group often inflates coefficients and deflates p-values: consider setting small_random_effects=TRUE and see tutorial,prevalence,40,20
k__Bacteria|p__Firmicutes|c__Clostridia|o__Eubacteriales|f__Lachnospiraceae|g__Dorea|s__Dorea_sp_AF24_7LB|t__SGB4571,turmeric_status,Taken,turmeric_statusTaken,-12.3767913416982,0,72.2349447495879,0.863955821480811,1,0.139225423360426,0.999999999965202,<4 average observations per random effect group often inflates coefficients and deflates p-values: consider setting small_random_effects=TRUE and see tutorial,prevalence,40,20
k__Bacteria|p__Firmicutes|c__Clostridia|o__Eubacteriales|f__Lachnospiraceae|g__Dorea|s__Dorea_sp_AF36_15AT|t__SGB4552,timepoint,2_weeks,timepoint2_weeks,2.24440590358968,0,1.36964726473124,0.10128108927552,1,0.192304319506205,0.999999999965202,<4 average observations per random effect group often inflates coefficients and deflates p-values: consider setting small_random_effects=TRUE and see tutorial,prevalence,40,27
k__Bacteria|p__Firmicutes|c__Clostridia|o__Eubacteriales|f__Lachnospiraceae|g__Dorea|s__Dorea_sp_AF36_15AT|t__SGB4552,timepoint,6_months,timepoint6_months,-0.476821117197252,0,1.93082414194521,0.804945278445617,1,0.426746108629592,0.999999999965202,<4 average observations per random effect group often inflates coefficients and deflates p-values: consider setting small_random_effects=TRUE and see tutorial,prevalence,40,27
k__Bacteria|p__Firmicutes|c__Clostridia|o__Eubacteriales|f__Lachnospiraceae|g__Dorea|s__Dorea_sp_AF36_15AT|t__SGB4552,turmeric_status,Taken,turmeric_statusTaken,1.20774573686841,0,2.27438073657642,0.5954036773549,1,0.0322235212053566,0.999999999965202,<4 average observations per random effect group often inflates coefficients and deflates p-values: consider setting small_random_effects=TRUE and see tutorial,prevalence,40,27
k__Bacteria|p__Firmicutes|c__Clostridia|o__Eubacteriales|f__Lachnospiraceae|g__Faecalicatena|s__Faecalicatena_fissicatena|t__SGB4871,timepoint,2_weeks,timepoint2_weeks,-0.334459159095379,0,1.55519545928564,0.829721129303309,1,0.97100510619426,0.999999999965202,<4 average observations per random effect group often inflates coefficients and deflates p-values: consider setting small_random_effects=TRUE and see tutorial,prevalence,40,30
k__Bacteria|p__Firmicutes|c__Clostridia|o__Eubacteriales|f__Lachnospiraceae|g__Faecalicatena|s__Faecalicatena_fissicatena|t__SGB4871,timepoint,6_months,timepoint6_months,1.9525173953808,0,2.63638873781096,0.458934191489123,1,0.70724779086047,0.999999999965202,<4 average observations per random effect group often inflates coefficients and deflates p-values: consider setting small_random_effects=TRUE and see tutorial,prevalence,40,30
k__Bacteria|p__Firmicutes|c__Clostridia|o__Eubacteriales|f__Lachnospiraceae|g__Faecalicatena|s__Faecalicatena_fissicatena|t__SGB4871,turmeric_status,Taken,turmeric_statusTaken,-5.67076343239254,0,4.10570620286735,0.167220317926835,1,0.306478001126118,0.999999999965202,<4 average observations per random effect group often inflates coefficients and deflates p-values: consider setting small_random_effects=TRUE and see tutorial,prevalence,40,30
k__Bacteria|p__Firmicutes|c__Clostridia|o__Eubacteriales|f__Lachnospiraceae|g__Fusicatenibacter|s__Fusicatenibacter_saccharivorans|t__SGB4874,timepoint,2_weeks,timepoint2_weeks,-0.231991125955294,0,1.4349156066742,0.871561164069157,1,0.97133177172778,0.999999999965202,<4 average observations per random effect group often inflates coefficients and deflates p-values: consider setting small_random_effects=TRUE and see tutorial,prevalence,40,34
k__Bacteria|p__Firmicutes|c__Clostridia|o__Eubacteriales|f__Lachnospiraceae|g__Fusicatenibacter|s__Fusicatenibacter_saccharivorans|t__SGB4874,timepoint,6_months,timepoint6_months,-1.02110146058986,0,2.43111724246263,0.674475772323833,1,0.517972029340825,0.999999999965202,<4 average observations per random effect group often inflates coefficients and deflates p-values: consider setting small_random_effects=TRUE and see tutorial,prevalence,40,34
k__Bacteria|p__Firmicutes|c__Clostridia|o__Eubacteriales|f__Lachnospiraceae|g__Fusicatenibacter|s__Fusicatenibacter_saccharivorans|t__SGB4874,turmeric_status,Taken,turmeric_statusTaken,0.887866276672686,0,2.72808505746401,0.744837468994929,1,0.316877466701033,0.999999999965202,<4 average observations per random effect group often inflates coefficients and deflates p-values: consider setting small_random_effects=TRUE and see tutorial,prevalence,40,34
k__Bacteria|p__Firmicutes|c__Clostridia|o__Eubacteriales|f__Lachnospiraceae|g__GGB3653|s__GGB3653_SGB4964|t__SGB4964,timepoint,2_weeks,timepoint2_weeks,1.90759244273473,0,2.06633051631998,0.355914055996032,1,0.121579305876404,0.999999999965202,<4 average observations per random effect group often inflates coefficients and deflates p-values: consider setting small_random_effects=TRUE and see tutorial,prevalence,40,5
k__Bacteria|p__Firmicutes|c__Clostridia|o__Eubacteriales|f__Lachnospiraceae|g__GGB3653|s__GGB3653_SGB4964|t__SGB4964,timepoint,6_months,timepoint6_months,-7.33099687557686,0,167.1465570998,0.965016243758062,1,0.965016243758062,0.999999999965202,<4 average observations per random effect group often inflates coefficients and deflates p-values: consider setting small_random_effects=TRUE and see tutorial,prevalence,40,5
k__Bacteria|p__Firmicutes|c__Clostridia|o__Eubacteriales|f__Lachnospiraceae|g__GGB3653|s__GGB3653_SGB4964|t__SGB4964,turmeric_status,Taken,turmeric_statusTaken,9.84628350575692,0,167.133067828328,0.953021531822658,1,0.242755403859053,0.999999999965202,<4 average observations per random effect group often inflates coefficients and deflates p-values: consider setting small_random_effects=TRUE and see tutorial,prevalence,40,5
k__Bacteria|p__Firmicutes|c__Clostridia|o__Eubacteriales|f__Lachnospiraceae|g__GGB3746|s__GGB3746_SGB5089|t__SGB5089,timepoint,2_weeks,timepoint2_weeks,-0.323888724896838,0,1.09566427945171,0.76752834908686,1,0.934281347561027,0.999999999965202,<4 average observations per random effect group often inflates coefficients and deflates p-values: consider setting small_random_effects=TRUE and see tutorial,prevalence,40,6
k__Bacteria|p__Firmicutes|c__Clostridia|o__Eubacteriales|f__Lachnospiraceae|g__GGB3746|s__GGB3746_SGB5089|t__SGB5089,timepoint,6_months,timepoint6_months,-10.6560495860694,0,261.152610276721,0.967452216182867,1,0.967452216182867,0.999999999965202,<4 average observations per random effect group often inflates coefficients and deflates p-values: consider setting small_random_effects=TRUE and see tutorial,prevalence,40,6
k__Bacteria|p__Firmicutes|c__Clostridia|o__Eubacteriales|f__Lachnospiraceae|g__GGB3746|s__GGB3746_SGB5089|t__SGB5089,turmeric_status,Taken,turmeric_statusTaken,9.83593010180228,0,261.15601662764,0.969956343046865,1,0.755337429442644,0.999999999965202,<4 average observations per random effect group often inflates coefficients and deflates p-values: consider setting small_random_effects=TRUE and see tutorial,prevalence,40,6
k__Bacteria|p__Firmicutes|c__Clostridia|o__Eubacteriales|f__Lachnospiraceae|g__Lachnospira|s__Lachnospira_eligens|t__SGB5082,timepoint,2_weeks,timepoint2_weeks,-1.193934608633,0,0.893166120940744,0.181306157365783,1,0.32974039203282,0.999999999965202,<4 average observations per random effect group often inflates coefficients and deflates p-values: consider setting small_random_effects=TRUE and see tutorial,prevalence,40,9
k__Bacteria|p__Firmicutes|c__Clostridia|o__Eubacteriales|f__Lachnospiraceae|g__Lachnospira|s__Lachnospira_eligens|t__SGB5082,timepoint,6_months,timepoint6_months,-11.4218768409421,0,217.215440594478,0.958064025338743,1,0.958064025338743,0.999999999965202,<4 average observations per random effect group often inflates coefficients and deflates p-values: consider setting small_random_effects=TRUE and see tutorial,prevalence,40,9
k__Bacteria|p__Firmicutes|c__Clostridia|o__Eubacteriales|f__Lachnospiraceae|g__Lachnospira|s__Lachnospira_eligens|t__SGB5082,turmeric_status,Taken,turmeric_statusTaken,9.98675694740008,0,217.217316794641,0.96332947580717,1,0.00587036362299643,0.933387816056432,<4 average observations per random effect group often inflates coefficients and deflates p-values: consider setting small_random_effects=TRUE and see tutorial,prevalence,40,9
k__Bacteria|p__Firmicutes|c__Clostridia|o__Eubacteriales|f__Lachnospiraceae|g__Lachnospira|s__Lachnospira_pectinoschiza|t__SGB5075,timepoint,2_weeks,timepoint2_weeks,1.00330077267918,0,1.24174626942122,0.419104588908687,1,0.419104588908687,0.999999999965202,<4 average observations per random effect group often inflates coefficients and deflates p-values: consider setting small_random_effects=TRUE and see tutorial,prevalence,40,5
k__Bacteria|p__Firmicutes|c__Clostridia|o__Eubacteriales|f__Lachnospiraceae|g__Lachnospira|s__Lachnospira_pectinoschiza|t__SGB5075,timepoint,6_months,timepoint6_months,-9.23149393694542,0,217.96260378733,0.966216842564747,1,0.966216842564747,0.999999999965202,<4 average observations per random effect group often inflates coefficients and deflates p-values: consider setting small_random_effects=TRUE and see tutorial,prevalence,40,5
k__Bacteria|p__Firmicutes|c__Clostridia|o__Eubacteriales|f__Lachnospiraceae|g__Lachnospira|s__Lachnospira_pectinoschiza|t__SGB5075,turmeric_status,Taken,turmeric_statusTaken,10.8409310290907,0,217.961750213042,0.960331358945356,1,0.960331358945356,0.999999999965202,<4 average observations per random effect group often inflates coefficients and deflates p-values: consider setting small_random_effects=TRUE and see tutorial,prevalence,40,5
k__Bacteria|p__Firmicutes|c__Clostridia|o__Eubacteriales|f__Lachnospiraceae|g__Lachnospiraceae_unclassified|s__Eubacterium_rectale|t__SGB4933,timepoint,2_weeks,timepoint2_weeks,-0.113757764760138,0,2.25849015498419,0.959828383840357,1,0.909239087990202,0.999999999965202,<4 average observations per random effect group often inflates coefficients and deflates p-values: consider setting small_random_effects=TRUE and see tutorial,prevalence,40,37
k__Bacteria|p__Firmicutes|c__Clostridia|o__Eubacteriales|f__Lachnospiraceae|g__Lachnospiraceae_unclassified|s__Eubacterium_rectale|t__SGB4933,timepoint,6_months,timepoint6_months,-1.46200007140525,0,2.93156672672545,0.617984076293508,1,0.0113693462692794,0.999999999965202,<4 average observations per random effect group often inflates coefficients and deflates p-values: consider setting small_random_effects=TRUE and see tutorial,prevalence,40,37
k__Bacteria|p__Firmicutes|c__Clostridia|o__Eubacteriales|f__Lachnospiraceae|g__Lachnospiraceae_unclassified|s__Eubacterium_rectale|t__SGB4933,turmeric_status,Taken,turmeric_statusTaken,10.3164842770514,0,13.6739465952058,0.45057136398249,1,0.00202047113908587,0.78543811624494,<4 average observations per random effect group often inflates coefficients and deflates p-values: consider setting small_random_effects=TRUE and see tutorial,prevalence,40,37
k__Bacteria|p__Firmicutes|c__Clostridia|o__Eubacteriales|f__Lachnospiraceae|g__Lachnospiraceae_unclassified|s__Lachnospiraceae_bacterium_Marseille_Q4251|t__SGB4780,timepoint,2_weeks,timepoint2_weeks,-0.843474391146863,0,0.943055872843818,0.371104952846242,1,0.604491019665473,0.999999999965202,<4 average observations per random effect group often inflates coefficients and deflates p-values: consider setting small_random_effects=TRUE and see tutorial,prevalence,40,19
k__Bacteria|p__Firmicutes|c__Clostridia|o__Eubacteriales|f__Lachnospiraceae|g__Lachnospiraceae_unclassified|s__Lachnospiraceae_bacterium_Marseille_Q4251|t__SGB4780,timepoint,6_months,timepoint6_months,-14.2138140466088,0,248.35914248924,0.954361274118563,1,0.954361274118563,0.999999999965202,<4 average observations per random effect group often inflates coefficients and deflates p-values: consider setting small_random_effects=TRUE and see tutorial,prevalence,40,19
k__Bacteria|p__Firmicutes|c__Clostridia|o__Eubacteriales|f__Lachnospiraceae|g__Lachnospiraceae_unclassified|s__Lachnospiraceae_bacterium_Marseille_Q4251|t__SGB4780,turmeric_status,Taken,turmeric_statusTaken,13.1706580052385,0,248.359888311164,0.957707577704227,1,0.398432638941299,0.999999999965202,<4 average observations per random effect group often inflates coefficients and deflates p-values: consider setting small_random_effects=TRUE and see tutorial,prevalence,40,19
k__Bacteria|p__Firmicutes|c__Clostridia|o__Eubacteriales|f__Lachnospiraceae|g__Lachnospiraceae_unclassified|s__Lachnospiraceae_bacterium|t__SGB4922,timepoint,2_weeks,timepoint2_weeks,0.699529094463485,0,1.52034460421776,0.645435690497059,1,0.651284780716719,0.999999999965202,<4 average observations per random effect group often inflates coefficients and deflates p-values: consider setting small_random_effects=TRUE and see tutorial,prevalence,40,5
k__Bacteria|p__Firmicutes|c__Clostridia|o__Eubacteriales|f__Lachnospiraceae|g__Lachnospiraceae_unclassified|s__Lachnospiraceae_bacterium|t__SGB4922,timepoint,6_months,timepoint6_months,-5.95412001045671,0,42.8349137146624,0.889448912963614,1,0.889448912963614,0.999999999965202,<4 average observations per random effect group often inflates coefficients and deflates p-values: consider setting small_random_effects=TRUE and see tutorial,prevalence,40,5
k__Bacteria|p__Firmicutes|c__Clostridia|o__Eubacteriales|f__Lachnospiraceae|g__Lachnospiraceae_unclassified|s__Lachnospiraceae_bacterium|t__SGB4922,turmeric_status,Taken,turmeric_statusTaken,5.54398236573969,0,42.8768211029866,0.89712009802122,1,0.829784710455417,0.999999999965202,<4 average observations per random effect group often inflates coefficients and deflates p-values: consider setting small_random_effects=TRUE and see tutorial,prevalence,40,5
k__Bacteria|p__Firmicutes|c__Clostridia|o__Eubacteriales|f__Lachnospiraceae|g__Lacrimispora|s__Lacrimispora_amygdalina|t__SGB4716,timepoint,2_weeks,timepoint2_weeks,0.371707052527521,0,1.03135780748112,0.718543895178007,1,0.446275894603307,0.999999999965202,<4 average observations per random effect group often inflates coefficients and deflates p-values: consider setting small_random_effects=TRUE and see tutorial,prevalence,40,12
k__Bacteria|p__Firmicutes|c__Clostridia|o__Eubacteriales|f__Lachnospiraceae|g__Lacrimispora|s__Lacrimispora_amygdalina|t__SGB4716,timepoint,6_months,timepoint6_months,-0.445862987834323,0,1.92862128537813,0.817173227164439,1,0.283428021444833,0.999999999965202,<4 average observations per random effect group often inflates coefficients and deflates p-values: consider setting small_random_effects=TRUE and see tutorial,prevalence,40,12
k__Bacteria|p__Firmicutes|c__Clostridia|o__Eubacteriales|f__Lachnospiraceae|g__Lacrimispora|s__Lacrimispora_amygdalina|t__SGB4716,turmeric_status,Taken,turmeric_statusTaken,-1.50414446543198,0,2.30573198241113,0.514175353856819,1,0.763974413199853,0.999999999965202,<4 average observations per random effect group often inflates coefficients and deflates p-values: consider setting small_random_effects=TRUE and see tutorial,prevalence,40,12
k__Bacteria|p__Firmicutes|c__Clostridia|o__Eubacteriales|f__Lachnospiraceae|g__Lacrimispora|s__Lacrimispora_celerecrescens|t__SGB4868,timepoint,2_weeks,timepoint2_weeks,-0.234538052360377,0,1.79725805277104,0.896172669242028,1,0.989219885387675,0.999999999965202,<4 average observations per random effect group often inflates coefficients and deflates p-values: consider setting small_random_effects=TRUE and see tutorial,prevalence,40,32
k__Bacteria|p__Firmicutes|c__Clostridia|o__Eubacteriales|f__Lachnospiraceae|g__Lacrimispora|s__Lacrimispora_celerecrescens|t__SGB4868,timepoint,6_months,timepoint6_months,-0.94874097800429,0,2.89453341275006,0.743085634238361,1,0.933995008665295,0.999999999965202,<4 average observations per random effect group often inflates coefficients and deflates p-values: consider setting small_random_effects=TRUE and see tutorial,prevalence,40,32
k__Bacteria|p__Firmicutes|c__Clostridia|o__Eubacteriales|f__Lachnospiraceae|g__Lacrimispora|s__Lacrimispora_celerecrescens|t__SGB4868,turmeric_status,Taken,turmeric_statusTaken,-3.19087685587421,0,3.80905745897164,0.402194874153039,1,0.642629031511099,0.999999999965202,<4 average observations per random effect group often inflates coefficients and deflates p-values: consider setting small_random_effects=TRUE and see tutorial,prevalence,40,32
k__Bacteria|p__Firmicutes|c__Clostridia|o__Eubacteriales|f__Lachnospiraceae|g__Mediterraneibacter|s__Ruminococcus_gnavus|t__SGB4584,timepoint,2_weeks,timepoint2_weeks,-0.129916029171531,0,1.3925672387034,0.925671218723791,1,0.987585419589123,0.999999999965202,<4 average observations per random effect group often inflates coefficients and deflates p-values: consider setting small_random_effects=TRUE and see tutorial,prevalence,40,8
k__Bacteria|p__Firmicutes|c__Clostridia|o__Eubacteriales|f__Lachnospiraceae|g__Mediterraneibacter|s__Ruminococcus_gnavus|t__SGB4584,timepoint,6_months,timepoint6_months,-12.1759529010167,0,102.221586069097,0.905185574873129,1,0.905185574873129,0.999999999965202,<4 average observations per random effect group often inflates coefficients and deflates p-values: consider setting small_random_effects=TRUE and see tutorial,prevalence,40,8
k__Bacteria|p__Firmicutes|c__Clostridia|o__Eubacteriales|f__Lachnospiraceae|g__Mediterraneibacter|s__Ruminococcus_gnavus|t__SGB4584,turmeric_status,Taken,turmeric_statusTaken,9.95278016601841,0,102.249910750187,0.922458147743468,1,0.361792940649258,0.999999999965202,<4 average observations per random effect group often inflates coefficients and deflates p-values: consider setting small_random_effects=TRUE and see tutorial,prevalence,40,8
k__Bacteria|p__Firmicutes|c__Clostridia|o__Eubacteriales|f__Lachnospiraceae|g__Mediterraneibacter|s__Ruminococcus_lactaris|t__SGB4557,timepoint,2_weeks,timepoint2_weeks,1.73270907564704,0,1.24623790121231,0.164422083488122,1,0.301809545437669,0.999999999965202,<4 average observations per random effect group often inflates coefficients and deflates p-values: consider setting small_random_effects=TRUE and see tutorial,prevalence,40,12
k__Bacteria|p__Firmicutes|c__Clostridia|o__Eubacteriales|f__Lachnospiraceae|g__Mediterraneibacter|s__Ruminococcus_lactaris|t__SGB4557,timepoint,6_months,timepoint6_months,-0.646202826301696,0,2.10400008900787,0.758743961138739,1,0.381607799089996,0.999999999965202,<4 average observations per random effect group often inflates coefficients and deflates p-values: consider setting small_random_effects=TRUE and see tutorial,prevalence,40,12
k__Bacteria|p__Firmicutes|c__Clostridia|o__Eubacteriales|f__Lachnospiraceae|g__Mediterraneibacter|s__Ruminococcus_lactaris|t__SGB4557,turmeric_status,Taken,turmeric_statusTaken,-0.0998217186292224,0,2.46938211921145,0.967755285245061,1,0.250021925190972,0.999999999965202,<4 average observations per random effect group often inflates coefficients and deflates p-values: consider setting small_random_effects=TRUE and see tutorial,prevalence,40,12
k__Bacteria|p__Firmicutes|c__Clostridia|o__Eubacteriales|f__Lachnospiraceae|g__Mediterraneibacter|s__Ruminococcus_torques|t__SGB4563,timepoint,2_weeks,timepoint2_weeks,0.352192794414438,0,1.12252978309932,0.753711548207309,1,0.939341998513559,0.999999999965202,<4 average observations per random effect group often inflates coefficients and deflates p-values: consider setting small_random_effects=TRUE and see tutorial,prevalence,40,32
k__Bacteria|p__Firmicutes|c__Clostridia|o__Eubacteriales|f__Lachnospiraceae|g__Mediterraneibacter|s__Ruminococcus_torques|t__SGB4563,timepoint,6_months,timepoint6_months,12.3368320556747,0,27.0946769706657,0.648876816705682,1,0.548140817322552,0.999999999965202,<4 average observations per random effect group often inflates coefficients and deflates p-values: consider setting small_random_effects=TRUE and see tutorial,prevalence,40,32
k__Bacteria|p__Firmicutes|c__Clostridia|o__Eubacteriales|f__Lachnospiraceae|g__Mediterraneibacter|s__Ruminococcus_torques|t__SGB4563,turmeric_status,Taken,turmeric_statusTaken,-13.2646992655265,0,27.1208941676693,0.624774296734178,1,0.859205671608669,0.999999999965202,<4 average observations per random effect group often inflates coefficients and deflates p-values: consider setting small_random_effects=TRUE and see tutorial,prevalence,40,32
k__Bacteria|p__Firmicutes|c__Clostridia|o__Eubacteriales|f__Lachnospiraceae|g__Mediterraneibacter|s__Ruminococcus_torques|t__SGB4608,timepoint,2_weeks,timepoint2_weeks,0.398952831908505,0,0.953966555578888,0.675797816292131,1,0.249362148554982,0.999999999965202,<4 average observations per random effect group often inflates coefficients and deflates p-values: consider setting small_random_effects=TRUE and see tutorial,prevalence,40,15
k__Bacteria|p__Firmicutes|c__Clostridia|o__Eubacteriales|f__Lachnospiraceae|g__Mediterraneibacter|s__Ruminococcus_torques|t__SGB4608,timepoint,6_months,timepoint6_months,-12.2536105996546,0,198.952820639426,0.950888914862466,1,0.950888914862466,0.999999999965202,<4 average observations per random effect group often inflates coefficients and deflates p-values: consider setting small_random_effects=TRUE and see tutorial,prevalence,40,15
k__Bacteria|p__Firmicutes|c__Clostridia|o__Eubacteriales|f__Lachnospiraceae|g__Mediterraneibacter|s__Ruminococcus_torques|t__SGB4608,turmeric_status,Taken,turmeric_statusTaken,11.8327379158946,0,198.962489227494,0.952576003599906,1,0.067054321508898,0.999999999965202,<4 average observations per random effect group often inflates coefficients and deflates p-values: consider setting small_random_effects=TRUE and see tutorial,prevalence,40,15
k__Bacteria|p__Firmicutes|c__Clostridia|o__Eubacteriales|f__Lachnospiraceae|g__Roseburia|s__Roseburia_faecis|t__SGB4925,timepoint,2_weeks,timepoint2_weeks,0.429134382544215,0,0.929981633983243,0.644480138117049,1,0.144747564384972,0.999999999965202,<4 average observations per random effect group often inflates coefficients and deflates p-values: consider setting small_random_effects=TRUE and see tutorial,prevalence,40,22
k__Bacteria|p__Firmicutes|c__Clostridia|o__Eubacteriales|f__Lachnospiraceae|g__Roseburia|s__Roseburia_faecis|t__SGB4925,timepoint,6_months,timepoint6_months,-0.328396816588511,0,1.66738101266866,0.843863790330243,1,0.849942921377453,0.999999999965202,<4 average observations per random effect group often inflates coefficients and deflates p-values: consider setting small_random_effects=TRUE and see tutorial,prevalence,40,22
k__Bacteria|p__Firmicutes|c__Clostridia|o__Eubacteriales|f__Lachnospiraceae|g__Roseburia|s__Roseburia_faecis|t__SGB4925,turmeric_status,Taken,turmeric_statusTaken,0.0460121760466832,0,1.83142241624763,0.979956266365312,1,0.374938345581985,0.999999999965202,<4 average observations per random effect group often inflates coefficients and deflates p-values: consider setting small_random_effects=TRUE and see tutorial,prevalence,40,22
k__Bacteria|p__Firmicutes|c__Clostridia|o__Eubacteriales|f__Lachnospiraceae|g__Roseburia|s__Roseburia_hominis|t__SGB4936,timepoint,2_weeks,timepoint2_weeks,0.565115251157634,0,0.873496920762963,0.517659548480438,1,0.269463717194626,0.999999999965202,<4 average observations per random effect group often inflates coefficients and deflates p-values: consider setting small_random_effects=TRUE and see tutorial,prevalence,40,23
k__Bacteria|p__Firmicutes|c__Clostridia|o__Eubacteriales|f__Lachnospiraceae|g__Roseburia|s__Roseburia_hominis|t__SGB4936,timepoint,6_months,timepoint6_months,-0.225463202506876,0,1.6051102460265,0.88829191918321,1,0.955659803375632,0.999999999965202,<4 average observations per random effect group often inflates coefficients and deflates p-values: consider setting small_random_effects=TRUE and see tutorial,prevalence,40,23
k__Bacteria|p__Firmicutes|c__Clostridia|o__Eubacteriales|f__Lachnospiraceae|g__Roseburia|s__Roseburia_hominis|t__SGB4936,turmeric_status,Taken,turmeric_statusTaken,1.48852127547208,0,1.74312633459217,0.393139514940978,1,0.631720351673929,0.999999999965202,<4 average observations per random effect group often inflates coefficients and deflates p-values: consider setting small_random_effects=TRUE and see tutorial,prevalence,40,23
k__Bacteria|p__Firmicutes|c__Clostridia|o__Eubacteriales|f__Lachnospiraceae|g__Roseburia|s__Roseburia_intestinalis|t__SGB4951,timepoint,2_weeks,timepoint2_weeks,-1.29748361103783,0,1.00706397378104,0.197612843700354,1,0.356174851405368,0.999999999965202,<4 average observations per random effect group often inflates coefficients and deflates p-values: consider setting small_random_effects=TRUE and see tutorial,prevalence,40,23
k__Bacteria|p__Firmicutes|c__Clostridia|o__Eubacteriales|f__Lachnospiraceae|g__Roseburia|s__Roseburia_intestinalis|t__SGB4951,timepoint,6_months,timepoint6_months,13.4082195312409,0,33.3593085400289,0.687733058217938,1,0.902489357070078,0.999999999965202,<4 average observations per random effect group often inflates coefficients and deflates p-values: consider setting small_random_effects=TRUE and see tutorial,prevalence,40,23
k__Bacteria|p__Firmicutes|c__Clostridia|o__Eubacteriales|f__Lachnospiraceae|g__Roseburia|s__Roseburia_intestinalis|t__SGB4951,turmeric_status,Taken,turmeric_statusTaken,-15.3334103206568,0,33.3845076432235,0.646020770317451,1,0.731270063270743,0.999999999965202,<4 average observations per random effect group often inflates coefficients and deflates p-values: consider setting small_random_effects=TRUE and see tutorial,prevalence,40,23
k__Bacteria|p__Firmicutes|c__Clostridia|o__Eubacteriales|f__Lachnospiraceae|g__Roseburia|s__Roseburia_inulinivorans|t__SGB4940,timepoint,2_weeks,timepoint2_weeks,-0.366428208232861,0,0.822312173296451,0.655881023550745,1,0.732090981501109,0.999999999965202,<4 average observations per random effect group often inflates coefficients and deflates p-values: consider setting small_random_effects=TRUE and see tutorial,prevalence,40,20
k__Bacteria|p__Firmicutes|c__Clostridia|o__Eubacteriales|f__Lachnospiraceae|g__Roseburia|s__Roseburia_inulinivorans|t__SGB4940,timepoint,6_months,timepoint6_months,-1.47016819679376,0,1.53794968354067,0.339108929760101,1,0.56322299327716,0.999999999965202,<4 average observations per random effect group often inflates coefficients and deflates p-values: consider setting small_random_effects=TRUE and see tutorial,prevalence,40,20
k__Bacteria|p__Firmicutes|c__Clostridia|o__Eubacteriales|f__Lachnospiraceae|g__Roseburia|s__Roseburia_inulinivorans|t__SGB4940,turmeric_status,Taken,turmeric_statusTaken,-0.168426024989463,0,1.68131282327567,0.920205151078445,1,0.925733001465241,0.999999999965202,<4 average observations per random effect group often inflates coefficients and deflates p-values: consider setting small_random_effects=TRUE and see tutorial,prevalence,40,20
k__Bacteria|p__Firmicutes|c__Clostridia|o__Eubacteriales|f__Lachnospiraceae|g__Roseburia|s__Roseburia_sp_AF02_12|t__SGB4938,timepoint,2_weeks,timepoint2_weeks,3.06235076836581,0,1.59449571484107,0.0547851384546734,1,0.0547851384546734,0.999999999965202,<4 average observations per random effect group often inflates coefficients and deflates p-values: consider setting small_random_effects=TRUE and see tutorial,prevalence,40,8
k__Bacteria|p__Firmicutes|c__Clostridia|o__Eubacteriales|f__Lachnospiraceae|g__Roseburia|s__Roseburia_sp_AF02_12|t__SGB4938,timepoint,6_months,timepoint6_months,2.34201170273976,0,2.0310698217251,0.248872354163827,1,0.248872354163827,0.999999999965202,<4 average observations per random effect group often inflates coefficients and deflates p-values: consider setting small_random_effects=TRUE and see tutorial,prevalence,40,8
k__Bacteria|p__Firmicutes|c__Clostridia|o__Eubacteriales|f__Lachnospiraceae|g__Roseburia|s__Roseburia_sp_AF02_12|t__SGB4938,turmeric_status,Taken,turmeric_statusTaken,-1.36651381560591,0,2.20098049614195,0.534687835610678,1,0.534687835610678,0.999999999965202,<4 average observations per random effect group often inflates coefficients and deflates p-values: consider setting small_random_effects=TRUE and see tutorial,prevalence,40,8
k__Bacteria|p__Firmicutes|c__Clostridia|o__Eubacteriales|f__Lachnospiraceae|g__Waltera|s__Waltera_intestinalis|t__SGB4910,timepoint,2_weeks,timepoint2_weeks,0.197106594630905,0,0.810434989508423,0.807842050658367,1,0.344717919966921,0.999999999965202,<4 average observations per random effect group often inflates coefficients and deflates p-values: consider setting small_random_effects=TRUE and see tutorial,prevalence,40,19
k__Bacteria|p__Firmicutes|c__Clostridia|o__Eubacteriales|f__Lachnospiraceae|g__Waltera|s__Waltera_intestinalis|t__SGB4910,timepoint,6_months,timepoint6_months,-0.453338430892195,0,1.49316508627982,0.761425757213865,1,0.302498414358304,0.999999999965202,<4 average observations per random effect group often inflates coefficients and deflates p-values: consider setting small_random_effects=TRUE and see tutorial,prevalence,40,19
k__Bacteria|p__Firmicutes|c__Clostridia|o__Eubacteriales|f__Lachnospiraceae|g__Waltera|s__Waltera_intestinalis|t__SGB4910,turmeric_status,Taken,turmeric_statusTaken,-0.113311285155737,0,1.65106448587827,0.9452847511479,1,0.721571697653956,0.999999999965202,<4 average observations per random effect group often inflates coefficients and deflates p-values: consider setting small_random_effects=TRUE and see tutorial,prevalence,40,19
k__Bacteria|p__Firmicutes|c__Clostridia|o__Eubacteriales|f__Oscillospiraceae|g__Agathobaculum|s__Agathobaculum_butyriciproducens|t__SGB14993,timepoint,2_weeks,timepoint2_weeks,0.533822840194183,0,1.32392280465154,0.686791562346708,1,0.873014052954934,0.999999999965202,<4 average observations per random effect group often inflates coefficients and deflates p-values: consider setting small_random_effects=TRUE and see tutorial,prevalence,40,35
k__Bacteria|p__Firmicutes|c__Clostridia|o__Eubacteriales|f__Oscillospiraceae|g__Agathobaculum|s__Agathobaculum_butyriciproducens|t__SGB14993,timepoint,6_months,timepoint6_months,-1.31548429687971,0,1.60822069790253,0.413371472717308,1,0.643299234901742,0.999999999965202,<4 average observations per random effect group often inflates coefficients and deflates p-values: consider setting small_random_effects=TRUE and see tutorial,prevalence,40,35
k__Bacteria|p__Firmicutes|c__Clostridia|o__Eubacteriales|f__Oscillospiraceae|g__Agathobaculum|s__Agathobaculum_butyriciproducens|t__SGB14993,turmeric_status,Taken,turmeric_statusTaken,1.25326983210538,0,1.80844613522581,0.48830377009795,1,0.738166968304028,0.999999999965202,<4 average observations per random effect group often inflates coefficients and deflates p-values: consider setting small_random_effects=TRUE and see tutorial,prevalence,40,35
k__Bacteria|p__Firmicutes|c__Clostridia|o__Eubacteriales|f__Oscillospiraceae|g__Dysosmobacter|s__Dysosmobacter_sp_BX15|t__SGB15053,timepoint,2_weeks,timepoint2_weeks,-2.05237388919534,0,1.47193946967855,0.163217047043635,1,0.154505348716558,0.999999999965202,<4 average observations per random effect group often inflates coefficients and deflates p-values: consider setting small_random_effects=TRUE and see tutorial,prevalence,40,17
k__Bacteria|p__Firmicutes|c__Clostridia|o__Eubacteriales|f__Oscillospiraceae|g__Dysosmobacter|s__Dysosmobacter_sp_BX15|t__SGB15053,timepoint,6_months,timepoint6_months,-9.97513557523105,0,90.0291099093894,0.911775736360588,1,0.911775736360588,0.999999999965202,<4 average observations per random effect group often inflates coefficients and deflates p-values: consider setting small_random_effects=TRUE and see tutorial,prevalence,40,17
k__Bacteria|p__Firmicutes|c__Clostridia|o__Eubacteriales|f__Oscillospiraceae|g__Dysosmobacter|s__Dysosmobacter_sp_BX15|t__SGB15053,turmeric_status,Taken,turmeric_statusTaken,5.01706108821024,0,90.1042543486095,0.955596235528173,1,0.0743748377823508,0.999999999965202,<4 average observations per random effect group often inflates coefficients and deflates p-values: consider setting small_random_effects=TRUE and see tutorial,prevalence,40,17
k__Bacteria|p__Firmicutes|c__Clostridia|o__Eubacteriales|f__Oscillospiraceae|g__Dysosmobacter|s__Dysosmobacter_welbionis|t__SGB15078,timepoint,2_weeks,timepoint2_weeks,0.116256248871658,0,1.09750345171678,0.915639548209516,1,0.926286466970494,0.999999999965202,<4 average observations per random effect group often inflates coefficients and deflates p-values: consider setting small_random_effects=TRUE and see tutorial,prevalence,40,17
k__Bacteria|p__Firmicutes|c__Clostridia|o__Eubacteriales|f__Oscillospiraceae|g__Dysosmobacter|s__Dysosmobacter_welbionis|t__SGB15078,timepoint,6_months,timepoint6_months,0.926909345385121,0,2.24065753584744,0.679110392992532,1,0.897029860114593,0.999999999965202,<4 average observations per random effect group often inflates coefficients and deflates p-values: consider setting small_random_effects=TRUE and see tutorial,prevalence,40,17
k__Bacteria|p__Firmicutes|c__Clostridia|o__Eubacteriales|f__Oscillospiraceae|g__Dysosmobacter|s__Dysosmobacter_welbionis|t__SGB15078,turmeric_status,Taken,turmeric_statusTaken,-2.70300504457671,0,2.52602904369504,0.284591873668417,1,0.488191212778734,0.999999999965202,<4 average observations per random effect group often inflates coefficients and deflates p-values: consider setting small_random_effects=TRUE and see tutorial,prevalence,40,17
k__Bacteria|p__Firmicutes|c__Clostridia|o__Eubacteriales|f__Oscillospiraceae|g__Faecalibacterium|s__Faecalibacterium_prausnitzii|t__SGB15316,timepoint,2_weeks,timepoint2_weeks,-0.156549491306699,0,2.07107461228178,0.939746459845434,1,0.179049633901764,0.999999999965202,<4 average observations per random effect group often inflates coefficients and deflates p-values: consider setting small_random_effects=TRUE and see tutorial,prevalence,40,35
k__Bacteria|p__Firmicutes|c__Clostridia|o__Eubacteriales|f__Oscillospiraceae|g__Faecalibacterium|s__Faecalibacterium_prausnitzii|t__SGB15316,timepoint,6_months,timepoint6_months,-6.21546887090648,0,4.2164729954131,0.140456837515845,1,0.261185551826738,0.999999999965202,<4 average observations per random effect group often inflates coefficients and deflates p-values: consider setting small_random_effects=TRUE and see tutorial,prevalence,40,35
k__Bacteria|p__Firmicutes|c__Clostridia|o__Eubacteriales|f__Oscillospiraceae|g__Faecalibacterium|s__Faecalibacterium_prausnitzii|t__SGB15316,turmeric_status,Taken,turmeric_statusTaken,4.21728188828833,0,3.88673631210413,0.277901943141661,1,0.47857439628141,0.999999999965202,<4 average observations per random effect group often inflates coefficients and deflates p-values: consider setting small_random_effects=TRUE and see tutorial,prevalence,40,35
k__Bacteria|p__Firmicutes|c__Clostridia|o__Eubacteriales|f__Oscillospiraceae|g__Faecalibacterium|s__Faecalibacterium_prausnitzii|t__SGB15317,timepoint,2_weeks,timepoint2_weeks,0.767759794786425,0,1.48781800858726,0.605832955201185,1,0.831105255020819,0.999999999965202,<4 average observations per random effect group often inflates coefficients and deflates p-values: consider setting small_random_effects=TRUE and see tutorial,prevalence,40,31
k__Bacteria|p__Firmicutes|c__Clostridia|o__Eubacteriales|f__Oscillospiraceae|g__Faecalibacterium|s__Faecalibacterium_prausnitzii|t__SGB15317,timepoint,6_months,timepoint6_months,6.6623567448049,0,34.5230158911402,0.846972246267762,1,0.907669283550264,0.999999999965202,<4 average observations per random effect group often inflates coefficients and deflates p-values: consider setting small_random_effects=TRUE and see tutorial,prevalence,40,31
k__Bacteria|p__Firmicutes|c__Clostridia|o__Eubacteriales|f__Oscillospiraceae|g__Faecalibacterium|s__Faecalibacterium_prausnitzii|t__SGB15317,turmeric_status,Taken,turmeric_statusTaken,-7.96737812710318,0,34.5195643017741,0.817464269095403,1,0.966680706943125,0.999999999965202,<4 average observations per random effect group often inflates coefficients and deflates p-values: consider setting small_random_effects=TRUE and see tutorial,prevalence,40,31
k__Bacteria|p__Firmicutes|c__Clostridia|o__Eubacteriales|f__Oscillospiraceae|g__Faecalibacterium|s__Faecalibacterium_prausnitzii|t__SGB15322,timepoint,2_weeks,timepoint2_weeks,1.35687188929064,0,1.44502722569259,0.347733826840153,1,0.574548839351409,0.999999999965202,<4 average observations per random effect group often inflates coefficients and deflates p-values: consider setting small_random_effects=TRUE and see tutorial,prevalence,40,11
k__Bacteria|p__Firmicutes|c__Clostridia|o__Eubacteriales|f__Oscillospiraceae|g__Faecalibacterium|s__Faecalibacterium_prausnitzii|t__SGB15322,timepoint,6_months,timepoint6_months,-1.61255020598386,0,2.46825554680806,0.513552745344496,1,0.701513718483801,0.999999999965202,<4 average observations per random effect group often inflates coefficients and deflates p-values: consider setting small_random_effects=TRUE and see tutorial,prevalence,40,11
k__Bacteria|p__Firmicutes|c__Clostridia|o__Eubacteriales|f__Oscillospiraceae|g__Faecalibacterium|s__Faecalibacterium_prausnitzii|t__SGB15322,turmeric_status,Taken,turmeric_statusTaken,0.725489725691442,0,3.0420389248014,0.811502635117971,1,0.289053788942426,0.999999999965202,<4 average observations per random effect group often inflates coefficients and deflates p-values: consider setting small_random_effects=TRUE and see tutorial,prevalence,40,11
k__Bacteria|p__Firmicutes|c__Clostridia|o__Eubacteriales|f__Oscillospiraceae|g__Faecalibacterium|s__Faecalibacterium_prausnitzii|t__SGB15323,timepoint,2_weeks,timepoint2_weeks,1.00069713663456,0,1.3754643483306,0.466898869456874,1,0.715803184613641,0.999999999965202,<4 average observations per random effect group often inflates coefficients and deflates p-values: consider setting small_random_effects=TRUE and see tutorial,prevalence,40,15
k__Bacteria|p__Firmicutes|c__Clostridia|o__Eubacteriales|f__Oscillospiraceae|g__Faecalibacterium|s__Faecalibacterium_prausnitzii|t__SGB15323,timepoint,6_months,timepoint6_months,0.150603277935492,0,2.69667143439973,0.955463022651923,1,0.997462756877308,0.999999999965202,<4 average observations per random effect group often inflates coefficients and deflates p-values: consider setting small_random_effects=TRUE and see tutorial,prevalence,40,15
k__Bacteria|p__Firmicutes|c__Clostridia|o__Eubacteriales|f__Oscillospiraceae|g__Faecalibacterium|s__Faecalibacterium_prausnitzii|t__SGB15323,turmeric_status,Taken,turmeric_statusTaken,-1.55427226206582,0,3.1211023824557,0.618492335623044,1,0.85445190202164,0.999999999965202,<4 average observations per random effect group often inflates coefficients and deflates p-values: consider setting small_random_effects=TRUE and see tutorial,prevalence,40,15
k__Bacteria|p__Firmicutes|c__Clostridia|o__Eubacteriales|f__Oscillospiraceae|g__Faecalibacterium|s__Faecalibacterium_prausnitzii|t__SGB15332,timepoint,2_weeks,timepoint2_weeks,0.454554758673487,0,1.6038347401744,0.776856850322134,1,0.809534827472615,0.999999999965202,<4 average observations per random effect group often inflates coefficients and deflates p-values: consider setting small_random_effects=TRUE and see tutorial,prevalence,40,11
k__Bacteria|p__Firmicutes|c__Clostridia|o__Eubacteriales|f__Oscillospiraceae|g__Faecalibacterium|s__Faecalibacterium_prausnitzii|t__SGB15332,timepoint,6_months,timepoint6_months,0.582696488068882,0,2.9752460263263,0.844729006262682,1,0.299812435235435,0.999999999965202,<4 average observations per random effect group often inflates coefficients and deflates p-values: consider setting small_random_effects=TRUE and see tutorial,prevalence,40,11
k__Bacteria|p__Firmicutes|c__Clostridia|o__Eubacteriales|f__Oscillospiraceae|g__Faecalibacterium|s__Faecalibacterium_prausnitzii|t__SGB15332,turmeric_status,Taken,turmeric_statusTaken,-0.390407599452259,0,3.37307539555732,0.907856758619837,1,0.416446760261423,0.999999999965202,<4 average observations per random effect group often inflates coefficients and deflates p-values: consider setting small_random_effects=TRUE and see tutorial,prevalence,40,11
k__Bacteria|p__Firmicutes|c__Clostridia|o__Eubacteriales|f__Oscillospiraceae|g__Faecalibacterium|s__Faecalibacterium_prausnitzii|t__SGB15342,timepoint,2_weeks,timepoint2_weeks,-2.08721339896857,0,1.54742019772322,0.177390203203118,1,0.323313122213793,0.999999999965202,<4 average observations per random effect group often inflates coefficients and deflates p-values: consider setting small_random_effects=TRUE and see tutorial,prevalence,40,34
k__Bacteria|p__Firmicutes|c__Clostridia|o__Eubacteriales|f__Oscillospiraceae|g__Faecalibacterium|s__Faecalibacterium_prausnitzii|t__SGB15342,timepoint,6_months,timepoint6_months,6.5314662520266,0,88.0327852148147,0.940856365402847,1,0.443195591219798,0.999999999965202,<4 average observations per random effect group often inflates coefficients and deflates p-values: consider setting small_random_effects=TRUE and see tutorial,prevalence,40,34
k__Bacteria|p__Firmicutes|c__Clostridia|o__Eubacteriales|f__Oscillospiraceae|g__Faecalibacterium|s__Faecalibacterium_prausnitzii|t__SGB15342,turmeric_status,Taken,turmeric_statusTaken,-8.27001258047998,0,88.0295450337296,0.925152152459267,1,0.567498534038704,0.999999999965202,<4 average observations per random effect group often inflates coefficients and deflates p-values: consider setting small_random_effects=TRUE and see tutorial,prevalence,40,34
k__Bacteria|p__Firmicutes|c__Clostridia|o__Eubacteriales|f__Oscillospiraceae|g__Faecalibacterium|s__Faecalibacterium_SGB15315|t__SGB15315,timepoint,2_weeks,timepoint2_weeks,0.172520401562675,0,1.052409506659,0.869787064482315,1,0.983044591423867,0.999999999965202,<4 average observations per random effect group often inflates coefficients and deflates p-values: consider setting small_random_effects=TRUE and see tutorial,prevalence,40,19
k__Bacteria|p__Firmicutes|c__Clostridia|o__Eubacteriales|f__Oscillospiraceae|g__Faecalibacterium|s__Faecalibacterium_SGB15315|t__SGB15315,timepoint,6_months,timepoint6_months,1.37529541726846,0,2.05587444046519,0.503521723046865,1,0.149449294373603,0.999999999965202,<4 average observations per random effect group often inflates coefficients and deflates p-values: consider setting small_random_effects=TRUE and see tutorial,prevalence,40,19
k__Bacteria|p__Firmicutes|c__Clostridia|o__Eubacteriales|f__Oscillospiraceae|g__Faecalibacterium|s__Faecalibacterium_SGB15315|t__SGB15315,turmeric_status,Taken,turmeric_statusTaken,-3.54184175859067,0,2.50444430542301,0.157296551784404,1,0.289850898365544,0.999999999965202,<4 average observations per random effect group often inflates coefficients and deflates p-values: consider setting small_random_effects=TRUE and see tutorial,prevalence,40,19
k__Bacteria|p__Firmicutes|c__Clostridia|o__Eubacteriales|f__Oscillospiraceae|g__Flavonifractor|s__Flavonifractor_plautii|t__SGB15132,timepoint,2_weeks,timepoint2_weeks,0.738090224246108,0,1.10439133289966,0.503927379692292,1,0.580439435789858,0.999999999965202,<4 average observations per random effect group often inflates coefficients and deflates p-values: consider setting small_random_effects=TRUE and see tutorial,prevalence,40,19
k__Bacteria|p__Firmicutes|c__Clostridia|o__Eubacteriales|f__Oscillospiraceae|g__Flavonifractor|s__Flavonifractor_plautii|t__SGB15132,timepoint,6_months,timepoint6_months,1.08874747359128,0,2.21240802607544,0.622641787850881,1,0.178232664355252,0.999999999965202,<4 average observations per random effect group often inflates coefficients and deflates p-values: consider setting small_random_effects=TRUE and see tutorial,prevalence,40,19
k__Bacteria|p__Firmicutes|c__Clostridia|o__Eubacteriales|f__Oscillospiraceae|g__Flavonifractor|s__Flavonifractor_plautii|t__SGB15132,turmeric_status,Taken,turmeric_statusTaken,-1.87483697353003,0,2.42792121963501,0.439996906497865,1,0.245476639250856,0.999999999965202,<4 average observations per random effect group often inflates coefficients and deflates p-values: consider setting small_random_effects=TRUE and see tutorial,prevalence,40,19
k__Bacteria|p__Firmicutes|c__Clostridia|o__Eubacteriales|f__Oscillospiraceae|g__GGB13489|s__GGB13489_SGB15224|t__SGB15224,timepoint,2_weeks,timepoint2_weeks,1.91415366987971,0,1.63809593868343,0.242595648447019,1,0.00329324157754692,0.78543811624494,<4 average observations per random effect group often inflates coefficients and deflates p-values: consider setting small_random_effects=TRUE and see tutorial,prevalence,40,13
k__Bacteria|p__Firmicutes|c__Clostridia|o__Eubacteriales|f__Oscillospiraceae|g__GGB13489|s__GGB13489_SGB15224|t__SGB15224,timepoint,6_months,timepoint6_months,3.82168563192512,0,3.0423264967171,0.209053583735093,1,0.3744037665977,0.999999999965202,<4 average observations per random effect group often inflates coefficients and deflates p-values: consider setting small_random_effects=TRUE and see tutorial,prevalence,40,13
k__Bacteria|p__Firmicutes|c__Clostridia|o__Eubacteriales|f__Oscillospiraceae|g__GGB13489|s__GGB13489_SGB15224|t__SGB15224,turmeric_status,Taken,turmeric_statusTaken,-1.56526525682668,0,2.74160280377341,0.56804660749275,1,0.765710099336754,0.999999999965202,<4 average observations per random effect group often inflates coefficients and deflates p-values: consider setting small_random_effects=TRUE and see tutorial,prevalence,40,13
k__Bacteria|p__Firmicutes|c__Clostridia|o__Eubacteriales|f__Oscillospiraceae|g__GGB3343|s__GGB3343_SGB4423|t__SGB4423,timepoint,2_weeks,timepoint2_weeks,-0.357492883858078,0,1.59501090164657,0.822654641971852,1,0.665673715209732,0.999999999965202,<4 average observations per random effect group often inflates coefficients and deflates p-values: consider setting small_random_effects=TRUE and see tutorial,prevalence,40,6
k__Bacteria|p__Firmicutes|c__Clostridia|o__Eubacteriales|f__Oscillospiraceae|g__GGB3343|s__GGB3343_SGB4423|t__SGB4423,timepoint,6_months,timepoint6_months,-9.04924657470183,0,145.58357350315,0.950436665337252,1,0.950436665337252,0.999999999965202,<4 average observations per random effect group often inflates coefficients and deflates p-values: consider setting small_random_effects=TRUE and see tutorial,prevalence,40,6
k__Bacteria|p__Firmicutes|c__Clostridia|o__Eubacteriales|f__Oscillospiraceae|g__GGB3343|s__GGB3343_SGB4423|t__SGB4423,turmeric_status,Taken,turmeric_statusTaken,8.44081816949131,0,145.596265337803,0.95376922771329,1,0.88307142685076,0.999999999965202,<4 average observations per random effect group often inflates coefficients and deflates p-values: consider setting small_random_effects=TRUE and see tutorial,prevalence,40,6
k__Bacteria|p__Firmicutes|c__Clostridia|o__Eubacteriales|f__Oscillospiraceae|g__GGB9634|s__GGB9634_SGB15093|t__SGB15093,timepoint,2_weeks,timepoint2_weeks,0.830627855016046,0,1.49202289237587,0.577723847358812,1,0.821682850910556,0.999999999965202,<4 average observations per random effect group often inflates coefficients and deflates p-values: consider setting small_random_effects=TRUE and see tutorial,prevalence,40,8
k__Bacteria|p__Firmicutes|c__Clostridia|o__Eubacteriales|f__Oscillospiraceae|g__GGB9634|s__GGB9634_SGB15093|t__SGB15093,timepoint,6_months,timepoint6_months,-5.64611453754991,0,32.7587183622867,0.863158792229493,1,0.863158792229493,0.999999999965202,<4 average observations per random effect group often inflates coefficients and deflates p-values: consider setting small_random_effects=TRUE and see tutorial,prevalence,40,8
k__Bacteria|p__Firmicutes|c__Clostridia|o__Eubacteriales|f__Oscillospiraceae|g__GGB9634|s__GGB9634_SGB15093|t__SGB15093,turmeric_status,Taken,turmeric_statusTaken,6.18159228542736,0,32.7726185953536,0.850390155010213,1,0.652301483329983,0.999999999965202,<4 average observations per random effect group often inflates coefficients and deflates p-values: consider setting small_random_effects=TRUE and see tutorial,prevalence,40,8
k__Bacteria|p__Firmicutes|c__Clostridia|o__Eubacteriales|f__Oscillospiraceae|g__GGB9635|s__GGB9635_SGB15106|t__SGB15106,timepoint,2_weeks,timepoint2_weeks,1.12507669518825,0,1.41620230032967,0.426943870535259,1,0.67160667248289,0.999999999965202,<4 average observations per random effect group often inflates coefficients and deflates p-values: consider setting small_random_effects=TRUE and see tutorial,prevalence,40,10
k__Bacteria|p__Firmicutes|c__Clostridia|o__Eubacteriales|f__Oscillospiraceae|g__GGB9635|s__GGB9635_SGB15106|t__SGB15106,timepoint,6_months,timepoint6_months,-6.78679517571374,0,50.0746572872405,0.892190053983604,1,0.892190053983604,0.999999999965202,<4 average observations per random effect group often inflates coefficients and deflates p-values: consider setting small_random_effects=TRUE and see tutorial,prevalence,40,10
k__Bacteria|p__Firmicutes|c__Clostridia|o__Eubacteriales|f__Oscillospiraceae|g__GGB9635|s__GGB9635_SGB15106|t__SGB15106,turmeric_status,Taken,turmeric_statusTaken,7.59524378267855,0,50.0620029004059,0.879410354908414,1,0.985458137496685,0.999999999965202,<4 average observations per random effect group often inflates coefficients and deflates p-values: consider setting small_random_effects=TRUE and see tutorial,prevalence,40,10
k__Bacteria|p__Firmicutes|c__Clostridia|o__Eubacteriales|f__Oscillospiraceae|g__GGB9699|s__GGB9699_SGB15216|t__SGB15216,timepoint,2_weeks,timepoint2_weeks,-0.170126958731855,0,0.949562387078837,0.857809291318268,1,0.979781802364587,0.999999999965202,<4 average observations per random effect group often inflates coefficients and deflates p-values: consider setting small_random_effects=TRUE and see tutorial,prevalence,40,17
k__Bacteria|p__Firmicutes|c__Clostridia|o__Eubacteriales|f__Oscillospiraceae|g__GGB9699|s__GGB9699_SGB15216|t__SGB15216,timepoint,6_months,timepoint6_months,-0.69397390208616,0,1.85754564684095,0.70870399756902,1,0.651839805941922,0.999999999965202,<4 average observations per random effect group often inflates coefficients and deflates p-values: consider setting small_random_effects=TRUE and see tutorial,prevalence,40,17
k__Bacteria|p__Firmicutes|c__Clostridia|o__Eubacteriales|f__Oscillospiraceae|g__GGB9699|s__GGB9699_SGB15216|t__SGB15216,turmeric_status,Taken,turmeric_statusTaken,-1.12213677352739,0,2.11965772914089,0.596531279456955,1,0.359687998051384,0.999999999965202,<4 average observations per random effect group often inflates coefficients and deflates p-values: consider setting small_random_effects=TRUE and see tutorial,prevalence,40,17
k__Bacteria|p__Firmicutes|c__Clostridia|o__Eubacteriales|f__Oscillospiraceae|g__GGB9708|s__GGB9708_SGB15234|t__SGB15234,timepoint,2_weeks,timepoint2_weeks,0.259861903220353,0,1.30200976465974,0.841804989207636,1,0.373394961782616,0.999999999965202,<4 average observations per random effect group often inflates coefficients and deflates p-values: consider setting small_random_effects=TRUE and see tutorial,prevalence,40,9
k__Bacteria|p__Firmicutes|c__Clostridia|o__Eubacteriales|f__Oscillospiraceae|g__GGB9708|s__GGB9708_SGB15234|t__SGB15234,timepoint,6_months,timepoint6_months,2.45612449448615,0,2.50108561870533,0.326088341668778,1,0.545843076765262,0.999999999965202,<4 average observations per random effect group often inflates coefficients and deflates p-values: consider setting small_random_effects=TRUE and see tutorial,prevalence,40,9
k__Bacteria|p__Firmicutes|c__Clostridia|o__Eubacteriales|f__Oscillospiraceae|g__GGB9708|s__GGB9708_SGB15234|t__SGB15234,turmeric_status,Taken,turmeric_statusTaken,-4.5108381530434,0,3.31580450246628,0.173701689430917,1,0.31723110195068,0.999999999965202,<4 average observations per random effect group often inflates coefficients and deflates p-values: consider setting small_random_effects=TRUE and see tutorial,prevalence,40,9
k__Bacteria|p__Firmicutes|c__Clostridia|o__Eubacteriales|f__Oscillospiraceae|g__GGB9715|s__GGB9715_SGB15265|t__SGB15265,timepoint,2_weeks,timepoint2_weeks,-0.117742465731025,0,1.50841986737946,0.937782850956639,1,0.931143692332581,0.999999999965202,<4 average observations per random effect group often inflates coefficients and deflates p-values: consider setting small_random_effects=TRUE and see tutorial,prevalence,40,11
k__Bacteria|p__Firmicutes|c__Clostridia|o__Eubacteriales|f__Oscillospiraceae|g__GGB9715|s__GGB9715_SGB15265|t__SGB15265,timepoint,6_months,timepoint6_months,3.07848066635123,0,2.8062324509719,0.272634589805702,1,0.47093956005288,0.999999999965202,<4 average observations per random effect group often inflates coefficients and deflates p-values: consider setting small_random_effects=TRUE and see tutorial,prevalence,40,11
k__Bacteria|p__Firmicutes|c__Clostridia|o__Eubacteriales|f__Oscillospiraceae|g__GGB9715|s__GGB9715_SGB15265|t__SGB15265,turmeric_status,Taken,turmeric_statusTaken,-1.39623360594394,0,2.82699154462397,0.621381181101967,1,0.46759481892651,0.999999999965202,<4 average observations per random effect group often inflates coefficients and deflates p-values: consider setting small_random_effects=TRUE and see tutorial,prevalence,40,11
k__Bacteria|p__Firmicutes|c__Clostridia|o__Eubacteriales|f__Oscillospiraceae|g__Oscillibacter|s__Oscillibacter_sp_ER4|t__SGB15254,timepoint,2_weeks,timepoint2_weeks,0.00221965550414132,0,1.43471631567506,0.998765590011625,1,0.994135661426494,0.999999999965202,<4 average observations per random effect group often inflates coefficients and deflates p-values: consider setting small_random_effects=TRUE and see tutorial,prevalence,40,27
k__Bacteria|p__Firmicutes|c__Clostridia|o__Eubacteriales|f__Oscillospiraceae|g__Oscillibacter|s__Oscillibacter_sp_ER4|t__SGB15254,timepoint,6_months,timepoint6_months,2.40479007283425,0,2.55026399033801,0.345702738975979,1,0.571895094216464,0.999999999965202,<4 average observations per random effect group often inflates coefficients and deflates p-values: consider setting small_random_effects=TRUE and see tutorial,prevalence,40,27
k__Bacteria|p__Firmicutes|c__Clostridia|o__Eubacteriales|f__Oscillospiraceae|g__Oscillibacter|s__Oscillibacter_sp_ER4|t__SGB15254,turmeric_status,Taken,turmeric_statusTaken,-3.93667775991866,0,3.16945279971035,0.214211257494265,1,0.375549603871238,0.999999999965202,<4 average observations per random effect group often inflates coefficients and deflates p-values: consider setting small_random_effects=TRUE and see tutorial,prevalence,40,27
k__Bacteria|p__Firmicutes|c__Clostridia|o__Eubacteriales|f__Oscillospiraceae|g__Oscillospiraceae_unclassified|s__Clostridium_leptum|t__SGB14853,timepoint,2_weeks,timepoint2_weeks,-1.19392394553303,0,0.893166498984955,0.181310240437069,1,0.181310240437069,0.999999999965202,<4 average observations per random effect group often inflates coefficients and deflates p-values: consider setting small_random_effects=TRUE and see tutorial,prevalence,40,11
k__Bacteria|p__Firmicutes|c__Clostridia|o__Eubacteriales|f__Oscillospiraceae|g__Oscillospiraceae_unclassified|s__Clostridium_leptum|t__SGB14853,timepoint,6_months,timepoint6_months,-0.182292617274904,0,1.28195105788088,0.88692253896718,1,0.88692253896718,0.999999999965202,<4 average observations per random effect group often inflates coefficients and deflates p-values: consider setting small_random_effects=TRUE and see tutorial,prevalence,40,11
k__Bacteria|p__Firmicutes|c__Clostridia|o__Eubacteriales|f__Oscillospiraceae|g__Oscillospiraceae_unclassified|s__Clostridium_leptum|t__SGB14853,turmeric_status,Taken,turmeric_statusTaken,-0.405490776626113,0,1.41967991174697,0.775168212206164,1,0.775168212206164,0.999999999965202,<4 average observations per random effect group often inflates coefficients and deflates p-values: consider setting small_random_effects=TRUE and see tutorial,prevalence,40,11
k__Bacteria|p__Firmicutes|c__Clostridia|o__Eubacteriales|f__Oscillospiraceae|g__Oscillospiraceae_unclassified|s__Eubacterium_siraeum|t__SGB4198,timepoint,2_weeks,timepoint2_weeks,-0.315280915284829,0,1.53068224717835,0.836811134019971,1,0.122952006964679,0.999999999965202,<4 average observations per random effect group often inflates coefficients and deflates p-values: consider setting small_random_effects=TRUE and see tutorial,prevalence,40,7
k__Bacteria|p__Firmicutes|c__Clostridia|o__Eubacteriales|f__Oscillospiraceae|g__Oscillospiraceae_unclassified|s__Eubacterium_siraeum|t__SGB4198,timepoint,6_months,timepoint6_months,-9.94508638979799,0,214.122063882637,0.962954873814241,1,0.962954873814241,0.999999999965202,<4 average observations per random effect group often inflates coefficients and deflates p-values: consider setting small_random_effects=TRUE and see tutorial,prevalence,40,7
k__Bacteria|p__Firmicutes|c__Clostridia|o__Eubacteriales|f__Oscillospiraceae|g__Oscillospiraceae_unclassified|s__Eubacterium_siraeum|t__SGB4198,turmeric_status,Taken,turmeric_statusTaken,11.2875829615301,0,214.118425234868,0.957957758724788,1,0.925548852738796,0.999999999965202,<4 average observations per random effect group often inflates coefficients and deflates p-values: consider setting small_random_effects=TRUE and see tutorial,prevalence,40,7
k__Bacteria|p__Firmicutes|c__Clostridia|o__Eubacteriales|f__Oscillospiraceae|g__Oscillospiraceae_unclassified|s__Oscillospiraceae_unclassified_SGB15256|t__SGB15256,timepoint,2_weeks,timepoint2_weeks,-0.308690242214562,0,1.49146886900402,0.836032800551434,1,0.5644320401982,0.999999999965202,<4 average observations per random effect group often inflates coefficients and deflates p-values: consider setting small_random_effects=TRUE and see tutorial,prevalence,40,6
k__Bacteria|p__Firmicutes|c__Clostridia|o__Eubacteriales|f__Oscillospiraceae|g__Oscillospiraceae_unclassified|s__Oscillospiraceae_unclassified_SGB15256|t__SGB15256,timepoint,6_months,timepoint6_months,-9.28452748267964,0,160.946973648531,0.953998050833886,1,0.953998050833886,0.999999999965202,<4 average observations per random effect group often inflates coefficients and deflates p-values: consider setting small_random_effects=TRUE and see tutorial,prevalence,40,6
k__Bacteria|p__Firmicutes|c__Clostridia|o__Eubacteriales|f__Oscillospiraceae|g__Oscillospiraceae_unclassified|s__Oscillospiraceae_unclassified_SGB15256|t__SGB15256,turmeric_status,Taken,turmeric_statusTaken,7.29213708845686,0,160.975958291947,0.963868552967579,1,0.746903223275305,0.999999999965202,<4 average observations per random effect group often inflates coefficients and deflates p-values: consider setting small_random_effects=TRUE and see tutorial,prevalence,40,6
k__Bacteria|p__Firmicutes|c__Clostridia|o__Eubacteriales|f__Oscillospiraceae|g__Ruminococcus|s__Ruminococcus_bicirculans|t__SGB4262,timepoint,2_weeks,timepoint2_weeks,0.0503717890600832,0,0.915542122521189,0.956123694971301,1,0.264014060966898,0.999999999965202,<4 average observations per random effect group often inflates coefficients and deflates p-values: consider setting small_random_effects=TRUE and see tutorial,prevalence,40,26
k__Bacteria|p__Firmicutes|c__Clostridia|o__Eubacteriales|f__Oscillospiraceae|g__Ruminococcus|s__Ruminococcus_bicirculans|t__SGB4262,timepoint,6_months,timepoint6_months,13.7319963765686,0,42.8627317101408,0.748686750173371,1,0.46617032392858,0.999999999965202,<4 average observations per random effect group often inflates coefficients and deflates p-values: consider setting small_random_effects=TRUE and see tutorial,prevalence,40,26
k__Bacteria|p__Firmicutes|c__Clostridia|o__Eubacteriales|f__Oscillospiraceae|g__Ruminococcus|s__Ruminococcus_bicirculans|t__SGB4262,turmeric_status,Taken,turmeric_statusTaken,-13.448250282419,0,42.8791309883546,0.75380085943009,1,0.341869535323987,0.999999999965202,<4 average observations per random effect group often inflates coefficients and deflates p-values: consider setting small_random_effects=TRUE and see tutorial,prevalence,40,26
k__Bacteria|p__Firmicutes|c__Clostridia|o__Eubacteriales|f__Oscillospiraceae|g__Ruminococcus|s__Ruminococcus_callidus|t__SGB4422,timepoint,2_weeks,timepoint2_weeks,1.81904764710129,0,1.67513101144709,0.277517192955597,1,0.258590606446337,0.999999999965202,<4 average observations per random effect group often inflates coefficients and deflates p-values: consider setting small_random_effects=TRUE and see tutorial,prevalence,40,7
k__Bacteria|p__Firmicutes|c__Clostridia|o__Eubacteriales|f__Oscillospiraceae|g__Ruminococcus|s__Ruminococcus_callidus|t__SGB4422,timepoint,6_months,timepoint6_months,2.72557280982176,0,2.55714338145037,0.286484110472893,1,0.490895075392341,0.999999999965202,<4 average observations per random effect group often inflates coefficients and deflates p-values: consider setting small_random_effects=TRUE and see tutorial,prevalence,40,7
k__Bacteria|p__Firmicutes|c__Clostridia|o__Eubacteriales|f__Oscillospiraceae|g__Ruminococcus|s__Ruminococcus_callidus|t__SGB4422,turmeric_status,Taken,turmeric_statusTaken,-2.24554860178455,0,2.89418775573007,0.437818576345938,1,0.428216107749714,0.999999999965202,<4 average observations per random effect group often inflates coefficients and deflates p-values: consider setting small_random_effects=TRUE and see tutorial,prevalence,40,7
k__Bacteria|p__Firmicutes|c__Clostridia|o__Eubacteriales|f__Oscillospiraceae|g__Ruminococcus|s__Ruminococcus_sp_AF41_9|t__SGB25497,timepoint,2_weeks,timepoint2_weeks,1.83891465981621,0,1.30176246734003,0.157763199756611,1,0.290637172315777,0.999999999965202,<4 average observations per random effect group often inflates coefficients and deflates p-values: consider setting small_random_effects=TRUE and see tutorial,prevalence,40,12
k__Bacteria|p__Firmicutes|c__Clostridia|o__Eubacteriales|f__Oscillospiraceae|g__Ruminococcus|s__Ruminococcus_sp_AF41_9|t__SGB25497,timepoint,6_months,timepoint6_months,-8.52264304531424,0,126.332749021569,0.946214018985073,1,0.946214018985073,0.999999999965202,<4 average observations per random effect group often inflates coefficients and deflates p-values: consider setting small_random_effects=TRUE and see tutorial,prevalence,40,12
k__Bacteria|p__Firmicutes|c__Clostridia|o__Eubacteriales|f__Oscillospiraceae|g__Ruminococcus|s__Ruminococcus_sp_AF41_9|t__SGB25497,turmeric_status,Taken,turmeric_statusTaken,8.46800661767103,0,126.338233315649,0.946560625447192,1,0.275883975883921,0.999999999965202,<4 average observations per random effect group often inflates coefficients and deflates p-values: consider setting small_random_effects=TRUE and see tutorial,prevalence,40,12
k__Bacteria|p__Firmicutes|c__Clostridia|o__Eubacteriales|f__Oscillospiraceae|g__Ruthenibacterium|s__Ruthenibacterium_lactatiformans|t__SGB15271,timepoint,2_weeks,timepoint2_weeks,-0.338738405192901,0,0.991447069365253,0.732606322752288,1,0.506582212311404,0.999999999965202,<4 average observations per random effect group often inflates coefficients and deflates p-values: consider setting small_random_effects=TRUE and see tutorial,prevalence,40,17
k__Bacteria|p__Firmicutes|c__Clostridia|o__Eubacteriales|f__Oscillospiraceae|g__Ruthenibacterium|s__Ruthenibacterium_lactatiformans|t__SGB15271,timepoint,6_months,timepoint6_months,-1.84637033840533,0,2.05986958393582,0.370064246031929,1,0.603180945872678,0.999999999965202,<4 average observations per random effect group often inflates coefficients and deflates p-values: consider setting small_random_effects=TRUE and see tutorial,prevalence,40,17
k__Bacteria|p__Firmicutes|c__Clostridia|o__Eubacteriales|f__Oscillospiraceae|g__Ruthenibacterium|s__Ruthenibacterium_lactatiformans|t__SGB15271,turmeric_status,Taken,turmeric_statusTaken,0.0156064341401484,0,2.1164331692169,0.994116506873709,1,0.974579827382978,0.999999999965202,<4 average observations per random effect group often inflates coefficients and deflates p-values: consider setting small_random_effects=TRUE and see tutorial,prevalence,40,17
k__Bacteria|p__Firmicutes|c__Clostridia|o__Eubacteriales|f__Oscillospiraceae|g__Vescimonas|s__Vescimonas_coprocola|t__SGB15089,timepoint,2_weeks,timepoint2_weeks,1.54787456772221,0,1.41956255576369,0.275542082088281,1,0.475160725175017,0.999999999965202,<4 average observations per random effect group often inflates coefficients and deflates p-values: consider setting small_random_effects=TRUE and see tutorial,prevalence,40,24
k__Bacteria|p__Firmicutes|c__Clostridia|o__Eubacteriales|f__Oscillospiraceae|g__Vescimonas|s__Vescimonas_coprocola|t__SGB15089,timepoint,6_months,timepoint6_months,3.17940874344048,0,2.741763216794,0.246202769756364,1,0.431789735677022,0.999999999965202,<4 average observations per random effect group often inflates coefficients and deflates p-values: consider setting small_random_effects=TRUE and see tutorial,prevalence,40,24
k__Bacteria|p__Firmicutes|c__Clostridia|o__Eubacteriales|f__Oscillospiraceae|g__Vescimonas|s__Vescimonas_coprocola|t__SGB15089,turmeric_status,Taken,turmeric_statusTaken,-4.30116915677765,0,3.22642955436775,0.182497370581035,1,0.331689450893078,0.999999999965202,<4 average observations per random effect group often inflates coefficients and deflates p-values: consider setting small_random_effects=TRUE and see tutorial,prevalence,40,24
k__Bacteria|p__Firmicutes|c__Erysipelotrichia|o__Erysipelotrichales|f__Erysipelotrichaceae|g__Catenibacterium|s__Candidatus_Catenibacterium_tridentinum|t__SGB6783,timepoint,2_weeks,timepoint2_weeks,-2.51617330395009,0,1.92996618156857,0.192322388552728,1,0.192322388552728,0.999999999965202,<4 average observations per random effect group often inflates coefficients and deflates p-values: consider setting small_random_effects=TRUE and see tutorial,prevalence,40,6
k__Bacteria|p__Firmicutes|c__Erysipelotrichia|o__Erysipelotrichales|f__Erysipelotrichaceae|g__Catenibacterium|s__Candidatus_Catenibacterium_tridentinum|t__SGB6783,timepoint,6_months,timepoint6_months,-13.0218327411742,0,289.655881033955,0.964142207147351,1,0.964142207147351,0.999999999965202,<4 average observations per random effect group often inflates coefficients and deflates p-values: consider setting small_random_effects=TRUE and see tutorial,prevalence,40,6
k__Bacteria|p__Firmicutes|c__Erysipelotrichia|o__Erysipelotrichales|f__Erysipelotrichaceae|g__Catenibacterium|s__Candidatus_Catenibacterium_tridentinum|t__SGB6783,turmeric_status,Taken,turmeric_statusTaken,11.6291091894943,0,289.665151688974,0.967976145132473,1,0.967976145132473,0.999999999965202,<4 average observations per random effect group often inflates coefficients and deflates p-values: consider setting small_random_effects=TRUE and see tutorial,prevalence,40,6
k__Bacteria|p__Firmicutes|c__Erysipelotrichia|o__Erysipelotrichales|f__Erysipelotrichaceae|g__Holdemanella|s__Holdemanella_biformis|t__SGB6806,timepoint,2_weeks,timepoint2_weeks,-0.846618838605311,0,1.36455341048881,0.534970401667136,1,0.387094539119874,0.999999999965202,<4 average observations per random effect group often inflates coefficients and deflates p-values: consider setting small_random_effects=TRUE and see tutorial,prevalence,40,15
k__Bacteria|p__Firmicutes|c__Erysipelotrichia|o__Erysipelotrichales|f__Erysipelotrichaceae|g__Holdemanella|s__Holdemanella_biformis|t__SGB6806,timepoint,6_months,timepoint6_months,-7.14293844049782,0,35.6809235449702,0.841332549787683,1,0.841332549787683,0.999999999965202,<4 average observations per random effect group often inflates coefficients and deflates p-values: consider setting small_random_effects=TRUE and see tutorial,prevalence,40,15
k__Bacteria|p__Firmicutes|c__Erysipelotrichia|o__Erysipelotrichales|f__Erysipelotrichaceae|g__Holdemanella|s__Holdemanella_biformis|t__SGB6806,turmeric_status,Taken,turmeric_statusTaken,9.18973244153642,0,35.6786409903174,0.796739112241344,1,0.490230896986698,0.999999999965202,<4 average observations per random effect group often inflates coefficients and deflates p-values: consider setting small_random_effects=TRUE and see tutorial,prevalence,40,15
k__Bacteria|p__Firmicutes|c__Erysipelotrichia|o__Erysipelotrichales|f__Erysipelotrichaceae|g__Holdemanella|s__Holdemanella_porci|t__SGB6796,timepoint,2_weeks,timepoint2_weeks,1.42850391599205,0,1.40141777495589,0.308047431677153,1,0.308047431677153,0.999999999965202,<4 average observations per random effect group often inflates coefficients and deflates p-values: consider setting small_random_effects=TRUE and see tutorial,prevalence,40,9
k__Bacteria|p__Firmicutes|c__Erysipelotrichia|o__Erysipelotrichales|f__Erysipelotrichaceae|g__Holdemanella|s__Holdemanella_porci|t__SGB6796,timepoint,6_months,timepoint6_months,2.32766988683514,0,2.39352889644986,0.330809544269408,1,0.330809544269408,0.999999999965202,<4 average observations per random effect group often inflates coefficients and deflates p-values: consider setting small_random_effects=TRUE and see tutorial,prevalence,40,9
k__Bacteria|p__Firmicutes|c__Erysipelotrichia|o__Erysipelotrichales|f__Erysipelotrichaceae|g__Holdemanella|s__Holdemanella_porci|t__SGB6796,turmeric_status,Taken,turmeric_statusTaken,-10.6720960621233,0,59.191548270065,0.856918913610189,1,0.856918913610189,0.999999999965202,<4 average observations per random effect group often inflates coefficients and deflates p-values: consider setting small_random_effects=TRUE and see tutorial,prevalence,40,9
k__Bacteria|p__Firmicutes|c__Firmicutes_unclassified|o__Firmicutes_unclassified|f__Firmicutes_unclassified|g__Firmicutes_unclassified|s__Firmicutes_bacterium_AF16_15|t__SGB4993,timepoint,2_weeks,timepoint2_weeks,-1.80196419699666,0,1.99628716486704,0.366707535481341,1,0.598940654383883,0.999999999965202,<4 average observations per random effect group often inflates coefficients and deflates p-values: consider setting small_random_effects=TRUE and see tutorial,prevalence,40,36
k__Bacteria|p__Firmicutes|c__Firmicutes_unclassified|o__Firmicutes_unclassified|f__Firmicutes_unclassified|g__Firmicutes_unclassified|s__Firmicutes_bacterium_AF16_15|t__SGB4993,timepoint,6_months,timepoint6_months,6.89325238791359,0,41.4974122667136,0.868068161371034,1,0.98259398995598,0.999999999965202,<4 average observations per random effect group often inflates coefficients and deflates p-values: consider setting small_random_effects=TRUE and see tutorial,prevalence,40,36
k__Bacteria|p__Firmicutes|c__Firmicutes_unclassified|o__Firmicutes_unclassified|f__Firmicutes_unclassified|g__Firmicutes_unclassified|s__Firmicutes_bacterium_AF16_15|t__SGB4993,turmeric_status,Taken,turmeric_statusTaken,-7.95248351180274,0,41.568381463273,0.848282039891239,1,0.837251581677195,0.999999999965202,<4 average observations per random effect group often inflates coefficients and deflates p-values: consider setting small_random_effects=TRUE and see tutorial,prevalence,40,36
k__Bacteria|p__Firmicutes|c__Firmicutes_unclassified|o__Firmicutes_unclassified|f__Firmicutes_unclassified|g__GGB9512|s__GGB9512_SGB14909|t__SGB14909,timepoint,2_weeks,timepoint2_weeks,1.029710342012,0,1.27067850184358,0.417731803036259,1,0.450527667345861,0.999999999965202,<4 average observations per random effect group often inflates coefficients and deflates p-values: consider setting small_random_effects=TRUE and see tutorial,prevalence,40,7
k__Bacteria|p__Firmicutes|c__Firmicutes_unclassified|o__Firmicutes_unclassified|f__Firmicutes_unclassified|g__GGB9512|s__GGB9512_SGB14909|t__SGB14909,timepoint,6_months,timepoint6_months,-7.94103773270908,0,106.528303777802,0.940577592425386,1,0.940577592425386,0.999999999965202,<4 average observations per random effect group often inflates coefficients and deflates p-values: consider setting small_random_effects=TRUE and see tutorial,prevalence,40,7
k__Bacteria|p__Firmicutes|c__Firmicutes_unclassified|o__Firmicutes_unclassified|f__Firmicutes_unclassified|g__GGB9512|s__GGB9512_SGB14909|t__SGB14909,turmeric_status,Taken,turmeric_statusTaken,8.86837085006624,0,106.529453944819,0.933654295422294,1,0.193792514778255,0.999999999965202,<4 average observations per random effect group often inflates coefficients and deflates p-values: consider setting small_random_effects=TRUE and see tutorial,prevalence,40,7
k__Bacteria|p__Firmicutes|c__Negativicutes|o__Acidaminococcales|f__Acidaminococcaceae|g__GGB15850|s__GGB15850_SGB5785|t__SGB5785,timepoint,2_weeks,timepoint2_weeks,0.153219283863659,0,1.64176317693814,0.925644531908542,1,0.776251799092092,0.999999999965202,<4 average observations per random effect group often inflates coefficients and deflates p-values: consider setting small_random_effects=TRUE and see tutorial,prevalence,40,5
k__Bacteria|p__Firmicutes|c__Negativicutes|o__Acidaminococcales|f__Acidaminococcaceae|g__GGB15850|s__GGB15850_SGB5785|t__SGB5785,timepoint,6_months,timepoint6_months,-6.17136896330684,0,59.5358662624516,0.917440756336267,1,0.917440756336267,0.999999999965202,<4 average observations per random effect group often inflates coefficients and deflates p-values: consider setting small_random_effects=TRUE and see tutorial,prevalence,40,5
k__Bacteria|p__Firmicutes|c__Negativicutes|o__Acidaminococcales|f__Acidaminococcaceae|g__GGB15850|s__GGB15850_SGB5785|t__SGB5785,turmeric_status,Taken,turmeric_statusTaken,4.39434635266377,0,59.5784555457671,0.941203499644905,1,0.0182705477444321,0.999999999965202,<4 average observations per random effect group often inflates coefficients and deflates p-values: consider setting small_random_effects=TRUE and see tutorial,prevalence,40,5
k__Bacteria|p__Firmicutes|c__Negativicutes|o__Acidaminococcales|f__Acidaminococcaceae|g__Phascolarctobacterium|s__Phascolarctobacterium_faecium|t__SGB5792,timepoint,2_weeks,timepoint2_weeks,-0.015155964319838,0,1.25396384998999,0.990356647426527,1,0.87202002278559,0.999999999965202,<4 average observations per random effect group often inflates coefficients and deflates p-values: consider setting small_random_effects=TRUE and see tutorial,prevalence,40,13
k__Bacteria|p__Firmicutes|c__Negativicutes|o__Acidaminococcales|f__Acidaminococcaceae|g__Phascolarctobacterium|s__Phascolarctobacterium_faecium|t__SGB5792,timepoint,6_months,timepoint6_months,1.3564240910121,0,2.46615082457707,0.582307932438411,1,0.825533336696125,0.999999999965202,<4 average observations per random effect group often inflates coefficients and deflates p-values: consider setting small_random_effects=TRUE and see tutorial,prevalence,40,13
k__Bacteria|p__Firmicutes|c__Negativicutes|o__Acidaminococcales|f__Acidaminococcaceae|g__Phascolarctobacterium|s__Phascolarctobacterium_faecium|t__SGB5792,turmeric_status,Taken,turmeric_statusTaken,-1.5520724343041,0,2.71789746157538,0.567961488287958,1,0.30295875433501,0.999999999965202,<4 average observations per random effect group often inflates coefficients and deflates p-values: consider setting small_random_effects=TRUE and see tutorial,prevalence,40,13
k__Bacteria|p__Firmicutes|c__Negativicutes|o__Acidaminococcales|f__Acidaminococcaceae|g__Phascolarctobacterium|s__Phascolarctobacterium_succinatutens|t__SGB5763_group,timepoint,2_weeks,timepoint2_weeks,-0.356619587557284,0,1.59475748717839,0.823053039863071,1,0.133736304176664,0.999999999965202,<4 average observations per random effect group often inflates coefficients and deflates p-values: consider setting small_random_effects=TRUE and see tutorial,prevalence,40,6
k__Bacteria|p__Firmicutes|c__Negativicutes|o__Acidaminococcales|f__Acidaminococcaceae|g__Phascolarctobacterium|s__Phascolarctobacterium_succinatutens|t__SGB5763_group,timepoint,6_months,timepoint6_months,-7.38443690868486,0,80.3043530050085,0.926733296884643,1,0.926733296884643,0.999999999965202,<4 average observations per random effect group often inflates coefficients and deflates p-values: consider setting small_random_effects=TRUE and see tutorial,prevalence,40,6
k__Bacteria|p__Firmicutes|c__Negativicutes|o__Acidaminococcales|f__Acidaminococcaceae|g__Phascolarctobacterium|s__Phascolarctobacterium_succinatutens|t__SGB5763_group,turmeric_status,Taken,turmeric_statusTaken,6.7752529683121,0,80.3250280087536,0.932779774551372,1,0.24622088775838,0.999999999965202,<4 average observations per random effect group often inflates coefficients and deflates p-values: consider setting small_random_effects=TRUE and see tutorial,prevalence,40,6
k__Bacteria|p__Firmicutes|c__Negativicutes|o__Veillonellales|f__Veillonellaceae|g__Dialister|s__Dialister_invisus|t__SGB5825_group,timepoint,2_weeks,timepoint2_weeks,-0.454216293441984,0,1.10898655958348,0.682115672778509,1,0.462091256050445,0.999999999965202,<4 average observations per random effect group often inflates coefficients and deflates p-values: consider setting small_random_effects=TRUE and see tutorial,prevalence,40,11
k__Bacteria|p__Firmicutes|c__Negativicutes|o__Veillonellales|f__Veillonellaceae|g__Dialister|s__Dialister_invisus|t__SGB5825_group,timepoint,6_months,timepoint6_months,-9.66755820671968,0,126.215532595451,0.938945235674481,1,0.938945235674481,0.999999999965202,<4 average observations per random effect group often inflates coefficients and deflates p-values: consider setting small_random_effects=TRUE and see tutorial,prevalence,40,11
k__Bacteria|p__Firmicutes|c__Negativicutes|o__Veillonellales|f__Veillonellaceae|g__Dialister|s__Dialister_invisus|t__SGB5825_group,turmeric_status,Taken,turmeric_statusTaken,10.2859465927113,0,126.210712377089,0.935045751816428,1,0.995780945642907,0.999999999965202,<4 average observations per random effect group often inflates coefficients and deflates p-values: consider setting small_random_effects=TRUE and see tutorial,prevalence,40,11
k__Bacteria|p__Proteobacteria|c__CFGB2403|o__OFGB2403|f__FGB2403|g__GGB6601|s__GGB6601_SGB9333|t__SGB9333,timepoint,2_weeks,timepoint2_weeks,-0.75844440646393,0,1.48552112522577,0.609660727571977,1,0.847635252400361,0.999999999965202,<4 average observations per random effect group often inflates coefficients and deflates p-values: consider setting small_random_effects=TRUE and see tutorial,prevalence,40,6
k__Bacteria|p__Proteobacteria|c__CFGB2403|o__OFGB2403|f__FGB2403|g__GGB6601|s__GGB6601_SGB9333|t__SGB9333,timepoint,6_months,timepoint6_months,-6.09218243784961,0,38.6590875988481,0.874781987136825,1,0.874781987136825,0.999999999965202,<4 average observations per random effect group often inflates coefficients and deflates p-values: consider setting small_random_effects=TRUE and see tutorial,prevalence,40,6
k__Bacteria|p__Proteobacteria|c__CFGB2403|o__OFGB2403|f__FGB2403|g__GGB6601|s__GGB6601_SGB9333|t__SGB9333,turmeric_status,Taken,turmeric_statusTaken,4.07106833960714,0,38.7188509622859,0.91626126969579,1,0.767176441593195,0.999999999965202,<4 average observations per random effect group often inflates coefficients and deflates p-values: consider setting small_random_effects=TRUE and see tutorial,prevalence,40,6
k__Bacteria|p__Proteobacteria|c__Deltaproteobacteria|o__Desulfovibrionales|f__Desulfovibrionaceae|g__Bilophila|s__Bilophila_wadsworthia|t__SGB15452,timepoint,2_weeks,timepoint2_weeks,-0.676748670904807,0,0.916893810156748,0.460460741865191,1,0.0887341297216476,0.999999999965202,<4 average observations per random effect group often inflates coefficients and deflates p-values: consider setting small_random_effects=TRUE and see tutorial,prevalence,40,18
k__Bacteria|p__Proteobacteria|c__Deltaproteobacteria|o__Desulfovibrionales|f__Desulfovibrionaceae|g__Bilophila|s__Bilophila_wadsworthia|t__SGB15452,timepoint,6_months,timepoint6_months,1.40267992177528,0,1.72192145501539,0.415300411125702,1,0.127874271882964,0.999999999965202,<4 average observations per random effect group often inflates coefficients and deflates p-values: consider setting small_random_effects=TRUE and see tutorial,prevalence,40,18
k__Bacteria|p__Proteobacteria|c__Deltaproteobacteria|o__Desulfovibrionales|f__Desulfovibrionaceae|g__Bilophila|s__Bilophila_wadsworthia|t__SGB15452,turmeric_status,Taken,turmeric_statusTaken,-0.390812883013397,0,1.81206629474123,0.829243032081657,1,0.399067691790029,0.999999999965202,<4 average observations per random effect group often inflates coefficients and deflates p-values: consider setting small_random_effects=TRUE and see tutorial,prevalence,40,18
k__Bacteria|p__Verrucomicrobia|c__Verrucomicrobiae|o__Verrucomicrobiales|f__Akkermansiaceae|g__Akkermansia|s__Akkermansia_muciniphila|t__SGB9226,timepoint,2_weeks,timepoint2_weeks,0.653301936780827,0,1.21579974958744,0.591030451561146,1,0.83274390844972,0.999999999965202,<4 average observations per random effect group often inflates coefficients and deflates p-values: consider setting small_random_effects=TRUE and see tutorial,prevalence,40,12
k__Bacteria|p__Verrucomicrobia|c__Verrucomicrobiae|o__Verrucomicrobiales|f__Akkermansiaceae|g__Akkermansia|s__Akkermansia_muciniphila|t__SGB9226,timepoint,6_months,timepoint6_months,0.498586499611503,0,2.30495152758399,0.828745291406083,1,0.692046093565439,0.999999999965202,<4 average observations per random effect group often inflates coefficients and deflates p-values: consider setting small_random_effects=TRUE and see tutorial,prevalence,40,12
k__Bacteria|p__Verrucomicrobia|c__Verrucomicrobiae|o__Verrucomicrobiales|f__Akkermansiaceae|g__Akkermansia|s__Akkermansia_muciniphila|t__SGB9226,turmeric_status,Taken,turmeric_statusTaken,0.507168561512762,0,2.48903623381029,0.838540255366213,1,0.283091824514259,0.999999999965202,<4 average observations per random effect group often inflates coefficients and deflates p-values: consider setting small_random_effects=TRUE and see tutorial,prevalence,40,12
k__Bacteria|p__Actinobacteria|c__Actinomycetia|o__Bifidobacteriales|f__Bifidobacteriaceae|g__Bifidobacterium|s__Bifidobacterium_animalis|t__SGB17278,timepoint,2_weeks,timepoint2_weeks,,,,,,0.69427259998376,0.999999999965202,contrasts can be applied only to factors with 2 or more levels,abundance,40,11
k__Bacteria|p__Actinobacteria|c__Actinomycetia|o__Bifidobacteriales|f__Bifidobacteriaceae|g__Bifidobacterium|s__Bifidobacterium_animalis|t__SGB17278,timepoint,6_months,timepoint6_months,,,,,,0.887065575218282,0.999999999965202,contrasts can be applied only to factors with 2 or more levels,abundance,40,11
k__Bacteria|p__Actinobacteria|c__Actinomycetia|o__Bifidobacteriales|f__Bifidobacteriaceae|g__Bifidobacterium|s__Bifidobacterium_animalis|t__SGB17278,turmeric_status,Taken,turmeric_statusTaken,,,,,,0.964545842107778,0.999999999965202,contrasts can be applied only to factors with 2 or more levels,abundance,40,11
k__Bacteria|p__Actinobacteria|c__Actinomycetia|o__Bifidobacteriales|f__Bifidobacteriaceae|g__Bifidobacterium|s__Bifidobacterium_bifidum|t__SGB17256,timepoint,6_months,timepoint6_months,,,,,,0.730241590780347,0.999999999965202,Fitting error (NA p-value returned from fitting procedure),abundance,40,5
k__Bacteria|p__Actinobacteria|c__Actinomycetia|o__Bifidobacteriales|f__Bifidobacteriaceae|g__Bifidobacterium|s__Bifidobacterium_catenulatum|t__SGB17241,timepoint,2_weeks,timepoint2_weeks,,,,,,0.920292063051626,0.999999999965202,contrasts can be applied only to factors with 2 or more levels,abundance,40,10
k__Bacteria|p__Actinobacteria|c__Actinomycetia|o__Bifidobacteriales|f__Bifidobacteriaceae|g__Bifidobacterium|s__Bifidobacterium_catenulatum|t__SGB17241,timepoint,6_months,timepoint6_months,,,,,,0.167074680002318,0.999999999965202,contrasts can be applied only to factors with 2 or more levels,abundance,40,10
k__Bacteria|p__Actinobacteria|c__Actinomycetia|o__Bifidobacteriales|f__Bifidobacteriaceae|g__Bifidobacterium|s__Bifidobacterium_catenulatum|t__SGB17241,turmeric_status,Taken,turmeric_statusTaken,,,,,,0.851322115526641,0.999999999965202,contrasts can be applied only to factors with 2 or more levels,abundance,40,10
k__Bacteria|p__Actinobacteria|c__CFGB12107|o__OFGB12107|f__FGB12107|g__GGB34797|s__GGB34797_SGB14322|t__SGB14322,timepoint,6_months,timepoint6_months,,,,,,0.930912539264917,0.999999999965202,Fitting error (NA p-value returned from fitting procedure),abundance,40,19
k__Bacteria|p__Actinobacteria|c__Coriobacteriia|o__Coriobacteriales|f__Coriobacteriaceae|g__Collinsella|s__Collinsella_bouchesdurhonensis|t__SGB14397,timepoint,6_months,timepoint6_months,,,,,,0.934177584482152,0.999999999965202,Fitting error (NA p-value returned from fitting procedure),abundance,40,8
k__Bacteria|p__Actinobacteria|c__Coriobacteriia|o__Eggerthellales|f__Eggerthellaceae|g__Slackia|s__Slackia_isoflavoniconvertens|t__SGB14773,timepoint,2_weeks,timepoint2_weeks,-1.11785653184977,,0.00022055322645646,1.69376332626958e-11,,0.834810584990612,0.999999999965202,Model may not have converged with 1 eigenvalue close to zero: 6.1e-12,abundance,40,6
k__Bacteria|p__Actinobacteria|c__Coriobacteriia|o__Eggerthellales|f__Eggerthellaceae|g__Slackia|s__Slackia_isoflavoniconvertens|t__SGB14773,timepoint,6_months,timepoint6_months,,,,,,0.909233684995692,0.999999999965202,Model may not have converged with 1 eigenvalue close to zero: 6.1e-12,abundance,40,6
k__Bacteria|p__Actinobacteria|c__Coriobacteriia|o__Eggerthellales|f__Eggerthellaceae|g__Slackia|s__Slackia_isoflavoniconvertens|t__SGB14773,turmeric_status,Taken,turmeric_statusTaken,1.62491540992972,,0.00022055322745875,5.51465944000559e-12,,0.919011455592455,0.999999999965202,Model may not have converged with 1 eigenvalue close to zero: 6.1e-12,abundance,40,6
k__Bacteria|p__Bacteroidetes|c__Bacteroidia|o__Bacteroidales|f__Bacteroidaceae|g__Bacteroides|s__Bacteroides_eggerthii|t__SGB1829,timepoint,6_months,timepoint6_months,,,,,,0.936468155865829,0.999999999965202,Fitting error (NA p-value returned from fitting procedure),abundance,40,6
k__Bacteria|p__Bacteroidetes|c__Bacteroidia|o__Bacteroidales|f__Bacteroidaceae|g__Bacteroides|s__Bacteroides_thetaiotaomicron|t__SGB1861,timepoint,2_weeks,timepoint2_weeks,,,,,,0.269122363258767,0.999999999965202,contrasts can be applied only to factors with 2 or more levels,abundance,40,6
k__Bacteria|p__Bacteroidetes|c__Bacteroidia|o__Bacteroidales|f__Bacteroidaceae|g__Bacteroides|s__Bacteroides_thetaiotaomicron|t__SGB1861,timepoint,6_months,timepoint6_months,,,,,,0.628061514981908,0.999999999965202,contrasts can be applied only to factors with 2 or more levels,abundance,40,6
k__Bacteria|p__Bacteroidetes|c__Bacteroidia|o__Bacteroidales|f__Bacteroidaceae|g__Bacteroides|s__Bacteroides_thetaiotaomicron|t__SGB1861,turmeric_status,Taken,turmeric_statusTaken,,,,,,0.999999999965202,0.999999999965202,contrasts can be applied only to factors with 2 or more levels,abundance,40,6
k__Bacteria|p__Bacteroidetes|c__Bacteroidia|o__Bacteroidales|f__Bacteroidaceae|g__Bacteroides|s__Bacteroides_xylanisolvens|t__SGB1867,timepoint,6_months,timepoint6_months,,,,,,0.999308337062737,0.999999999965202,Fitting error (NA p-value returned from fitting procedure),abundance,40,9
k__Bacteria|p__Bacteroidetes|c__Bacteroidia|o__Bacteroidales|f__Odoribacteraceae|g__Odoribacter|s__Odoribacter_splanchnicus|t__SGB1790,timepoint,2_weeks,timepoint2_weeks,,,,,,0.565422288513299,0.999999999965202,contrasts can be applied only to factors with 2 or more levels,abundance,40,14
k__Bacteria|p__Bacteroidetes|c__Bacteroidia|o__Bacteroidales|f__Odoribacteraceae|g__Odoribacter|s__Odoribacter_splanchnicus|t__SGB1790,timepoint,6_months,timepoint6_months,,,,,,0.274255574620638,0.999999999965202,contrasts can be applied only to factors with 2 or more levels,abundance,40,14
k__Bacteria|p__Bacteroidetes|c__Bacteroidia|o__Bacteroidales|f__Odoribacteraceae|g__Odoribacter|s__Odoribacter_splanchnicus|t__SGB1790,turmeric_status,Taken,turmeric_statusTaken,,,,,,0.858395711656552,0.999999999965202,contrasts can be applied only to factors with 2 or more levels,abundance,40,14
k__Bacteria|p__Bacteroidetes|c__Bacteroidia|o__Bacteroidales|f__Prevotellaceae|g__Prevotella|s__Prevotella_copri_clade_C|t__SGB1644,timepoint,6_months,timepoint6_months,,,,,,0.94291514177559,0.999999999965202,Fitting error (NA p-value returned from fitting procedure),abundance,40,5
k__Bacteria|p__Bacteroidetes|c__Bacteroidia|o__Bacteroidales|f__Rikenellaceae|g__Alistipes|s__Alistipes_indistinctus|t__SGB2325,timepoint,6_months,timepoint6_months,,,,,,0.938433827373621,0.999999999965202,Fitting error (NA p-value returned from fitting procedure),abundance,40,7
k__Bacteria|p__Bacteroidetes|c__CFGB1670|o__OFGB1670|f__FGB1670|g__GGB47687|s__GGB47687_SGB2286|t__SGB2286,timepoint,6_months,timepoint6_months,,,,,,0.94279476914727,0.999999999965202,Fitting error (NA p-value returned from fitting procedure),abundance,40,5
k__Bacteria|p__Firmicutes|c__Bacilli|o__Lactobacillales|f__Streptococcaceae|g__Streptococcus|s__Streptococcus_thermophilus|t__SGB8002,timepoint,6_months,timepoint6_months,,,,,,0.964058193801053,0.999999999965202,Fitting error (NA p-value returned from fitting procedure),abundance,40,13
k__Bacteria|p__Firmicutes|c__CFGB1325|o__OFGB1325|f__FGB1325|g__GGB3175|s__GGB3175_SGB4191|t__SGB4191,timepoint,2_weeks,timepoint2_weeks,,,,,,0.632017789234622,0.999999999965202,contrasts can be applied only to factors with 2 or more levels,abundance,40,6
k__Bacteria|p__Firmicutes|c__CFGB1325|o__OFGB1325|f__FGB1325|g__GGB3175|s__GGB3175_SGB4191|t__SGB4191,timepoint,6_months,timepoint6_months,,,,,,0.309800615067519,0.999999999965202,contrasts can be applied only to factors with 2 or more levels,abundance,40,6
k__Bacteria|p__Firmicutes|c__CFGB1325|o__OFGB1325|f__FGB1325|g__GGB3175|s__GGB3175_SGB4191|t__SGB4191,turmeric_status,Taken,turmeric_statusTaken,,,,,,0.933491181146924,0.999999999965202,contrasts can be applied only to factors with 2 or more levels,abundance,40,6
k__Bacteria|p__Firmicutes|c__CFGB1354|o__OFGB1354|f__FGB1354|g__GGB3304|s__GGB3304_SGB4367|t__SGB4367,timepoint,6_months,timepoint6_months,,,,,,0.964755269367715,0.999999999965202,Fitting error (NA p-value returned from fitting procedure),abundance,40,5
k__Bacteria|p__Firmicutes|c__CFGB2949|o__OFGB2949|f__FGB2949|g__GGB9290|s__GGB9290_SGB14247|t__SGB14247,timepoint,6_months,timepoint6_months,,,,,,0.91546823240135,0.999999999965202,Fitting error (NA p-value returned from fitting procedure),abundance,40,6
k__Bacteria|p__Firmicutes|c__CFGB3054|o__OFGB3054|f__FGB3054|g__GGB9677|s__GGB9677_SGB15180|t__SGB15180,timepoint,6_months,timepoint6_months,,,,,,0.942120569158562,0.999999999965202,Fitting error (NA p-value returned from fitting procedure),abundance,40,5
k__Bacteria|p__Firmicutes|c__CFGB74461|o__OFGB74461|f__FGB74461|g__GGB9524|s__GGB9524_SGB14924|t__SGB14924,timepoint,6_months,timepoint6_months,,,,,,0.917682530153361,0.999999999965202,Fitting error (NA p-value returned from fitting procedure),abundance,40,6
k__Bacteria|p__Firmicutes|c__Clostridia|o__Eubacteriales|f__Clostridiaceae|g__Clostridiaceae_unclassified|s__Clostridiaceae_bacterium_Marseille_Q4143|t__SGB4768,timepoint,2_weeks,timepoint2_weeks,,,,,,,,contrasts can be applied only to factors with 2 or more levels,abundance,40,9
k__Bacteria|p__Firmicutes|c__Clostridia|o__Eubacteriales|f__Clostridiaceae|g__Clostridiaceae_unclassified|s__Clostridiaceae_bacterium_Marseille_Q4143|t__SGB4768,timepoint,6_months,timepoint6_months,,,,,,,,contrasts can be applied only to factors with 2 or more levels,abundance,40,9
k__Bacteria|p__Firmicutes|c__Clostridia|o__Eubacteriales|f__Clostridiaceae|g__Clostridiaceae_unclassified|s__Clostridiaceae_bacterium_Marseille_Q4143|t__SGB4768,turmeric_status,Taken,turmeric_statusTaken,,,,,,,,contrasts can be applied only to factors with 2 or more levels,abundance,40,9
k__Bacteria|p__Firmicutes|c__Clostridia|o__Eubacteriales|f__Clostridiaceae|g__Clostridiaceae_unclassified|s__Clostridiaceae_bacterium|t__SGB4721,timepoint,6_months,timepoint6_months,,,,,,0.941748396142328,0.999999999965202,Fitting error (NA p-value returned from fitting procedure),abundance,40,12
k__Bacteria|p__Firmicutes|c__Clostridia|o__Eubacteriales|f__Clostridiaceae|g__Clostridium|s__Clostridium_sp_1001270H_150608_G6|t__SGB5111,timepoint,6_months,timepoint6_months,,,,,,0.921096854237075,0.999999999965202,Fitting error (NA p-value returned from fitting procedure),abundance,40,6
k__Bacteria|p__Firmicutes|c__Clostridia|o__Eubacteriales|f__Clostridiaceae|g__Clostridium|s__Clostridium_sp_AF36_4|t__SGB4644,timepoint,6_months,timepoint6_months,,,,,,0.934009483280275,0.999999999965202,Fitting error (NA p-value returned from fitting procedure),abundance,40,8
k__Bacteria|p__Firmicutes|c__Clostridia|o__Eubacteriales|f__Eubacteriaceae|g__Eubacterium|s__Eubacterium_ventriosum|t__SGB5045,timepoint,2_weeks,timepoint2_weeks,-2.09085213278285,,0.00015354016701179,1.05851219917996e-23,,0.0747705530887768,0.999999999965202,Model may not have converged with 1 eigenvalue close to zero: 1.1e-11,abundance,40,9
k__Bacteria|p__Firmicutes|c__Clostridia|o__Eubacteriales|f__Eubacteriaceae|g__Eubacterium|s__Eubacterium_ventriosum|t__SGB5045,timepoint,6_months,timepoint6_months,,,,,,0.967462678006308,0.999999999965202,Model may not have converged with 1 eigenvalue close to zero: 1.1e-11,abundance,40,9
k__Bacteria|p__Firmicutes|c__Clostridia|o__Eubacteriales|f__Eubacteriaceae|g__Eubacterium|s__Eubacterium_ventriosum|t__SGB5045,turmeric_status,Taken,turmeric_statusTaken,-2.9573122385839,,0.00021713858699428,1.05765176181263e-23,,0.967117458339677,0.999999999965202,Model may not have converged with 1 eigenvalue close to zero: 1.1e-11,abundance,40,9
k__Bacteria|p__Firmicutes|c__Clostridia|o__Eubacteriales|f__Eubacteriaceae|g__GGB3277|s__GGB3277_SGB4327|t__SGB4327,timepoint,2_weeks,timepoint2_weeks,1.13194364619064,,0.00013287605572653,1.37798292144939e-08,,0.704570583119009,0.999999999965202,Model may not have converged with 1 eigenvalue close to zero: 5.7e-12,abundance,40,5
k__Bacteria|p__Firmicutes|c__Clostridia|o__Eubacteriales|f__Eubacteriaceae|g__GGB3277|s__GGB3277_SGB4327|t__SGB4327,timepoint,6_months,timepoint6_months,,,,,,0.883154687656876,0.999999999965202,Model may not have converged with 1 eigenvalue close to zero: 5.7e-12,abundance,40,5
k__Bacteria|p__Firmicutes|c__Clostridia|o__Eubacteriales|f__Eubacteriaceae|g__GGB3277|s__GGB3277_SGB4327|t__SGB4327,turmeric_status,Taken,turmeric_statusTaken,0.77898385765843,,0.00013287605546873,2.90962164684871e-08,,0.853708010269121,0.999999999965202,Model may not have converged with 1 eigenvalue close to zero: 5.7e-12,abundance,40,5
k__Bacteria|p__Firmicutes|c__Clostridia|o__Eubacteriales|f__Lachnospiraceae|g__Anaerobutyricum|s__Anaerobutyricum_soehngenii|t__SGB4537,timepoint,6_months,timepoint6_months,,,,,,0.954832349675097,0.999999999965202,Fitting error (NA p-value returned from fitting procedure),abundance,40,15
k__Bacteria|p__Firmicutes|c__Clostridia|o__Eubacteriales|f__Lachnospiraceae|g__Anaerostipes|s__Anaerostipes_hadrus|t__SGB4547,timepoint,2_weeks,timepoint2_weeks,,,,,,0.834466922668027,0.999999999965202,contrasts can be applied only to factors with 2 or more levels,abundance,40,5
k__Bacteria|p__Firmicutes|c__Clostridia|o__Eubacteriales|f__Lachnospiraceae|g__Anaerostipes|s__Anaerostipes_hadrus|t__SGB4547,timepoint,6_months,timepoint6_months,,,,,,0.96788690289561,0.999999999965202,contrasts can be applied only to factors with 2 or more levels,abundance,40,5
k__Bacteria|p__Firmicutes|c__Clostridia|o__Eubacteriales|f__Lachnospiraceae|g__Anaerostipes|s__Anaerostipes_hadrus|t__SGB4547,turmeric_status,Taken,turmeric_statusTaken,,,,,,0.989839494714617,0.999999999965202,contrasts can be applied only to factors with 2 or more levels,abundance,40,5
k__Bacteria|p__Firmicutes|c__Clostridia|o__Eubacteriales|f__Lachnospiraceae|g__Blautia|s__Blautia_glucerasea|t__SGB4816,timepoint,6_months,timepoint6_months,,,,,,0.813266648907573,0.999999999965202,Fitting error (NA p-value returned from fitting procedure),abundance,40,17
k__Bacteria|p__Firmicutes|c__Clostridia|o__Eubacteriales|f__Lachnospiraceae|g__Blautia|s__Blautia_luti|t__SGB4832,timepoint,6_months,timepoint6_months,,,,,,0.860251581455644,0.999999999965202,Fitting error (NA p-value returned from fitting procedure),abundance,40,10
k__Bacteria|p__Firmicutes|c__Clostridia|o__Eubacteriales|f__Lachnospiraceae|g__Blautia|s__Blautia_obeum|t__SGB4809,timepoint,6_months,timepoint6_months,,,,,,0.931687959795127,0.999999999965202,Fitting error (NA p-value returned from fitting procedure),abundance,40,12
k__Bacteria|p__Firmicutes|c__Clostridia|o__Eubacteriales|f__Lachnospiraceae|g__Blautia|s__Blautia_obeum|t__SGB4810,timepoint,6_months,timepoint6_months,,,,,,0.902379065011028,0.999999999965202,Fitting error (NA p-value returned from fitting procedure),abundance,40,9
k__Bacteria|p__Firmicutes|c__Clostridia|o__Eubacteriales|f__Lachnospiraceae|g__Blautia|s__Blautia_SGB101324|t__SGB101324,timepoint,6_months,timepoint6_months,,,,,,0.917711623291193,0.999999999965202,Fitting error (NA p-value returned from fitting procedure),abundance,40,6
k__Bacteria|p__Firmicutes|c__Clostridia|o__Eubacteriales|f__Lachnospiraceae|g__Blautia|s__Blautia_sp_Marseille_P3087|t__SGB4813,timepoint,6_months,timepoint6_months,,,,,,0.959291736865216,0.999999999965202,Fitting error (NA p-value returned from fitting procedure),abundance,40,9
k__Bacteria|p__Firmicutes|c__Clostridia|o__Eubacteriales|f__Lachnospiraceae|g__Coprococcus|s__Coprococcus_eutactus|t__SGB5118,timepoint,6_months,timepoint6_months,,,,,,0.89420510998038,0.999999999965202,Fitting error (NA p-value returned from fitting procedure),abundance,40,5
k__Bacteria|p__Firmicutes|c__Clostridia|o__Eubacteriales|f__Lachnospiraceae|g__GGB3653|s__GGB3653_SGB4964|t__SGB4964,timepoint,6_months,timepoint6_months,,,,,,0.965016243758062,0.999999999965202,Fitting error (NA p-value returned from fitting procedure),abundance,40,5
k__Bacteria|p__Firmicutes|c__Clostridia|o__Eubacteriales|f__Lachnospiraceae|g__GGB3746|s__GGB3746_SGB5089|t__SGB5089,timepoint,6_months,timepoint6_months,,,,,,0.967452216182867,0.999999999965202,Fitting error (NA p-value returned from fitting procedure),abundance,40,6
k__Bacteria|p__Firmicutes|c__Clostridia|o__Eubacteriales|f__Lachnospiraceae|g__Lachnospira|s__Lachnospira_eligens|t__SGB5082,timepoint,6_months,timepoint6_months,,,,,,0.958064025338743,0.999999999965202,Fitting error (NA p-value returned from fitting procedure),abundance,40,9
k__Bacteria|p__Firmicutes|c__Clostridia|o__Eubacteriales|f__Lachnospiraceae|g__Lachnospira|s__Lachnospira_pectinoschiza|t__SGB5075,timepoint,2_weeks,timepoint2_weeks,,,,,,0.419104588908687,0.999999999965202,number of levels of each grouping factor must be < number of observations (problems: participant),abundance,40,5
k__Bacteria|p__Firmicutes|c__Clostridia|o__Eubacteriales|f__Lachnospiraceae|g__Lachnospira|s__Lachnospira_pectinoschiza|t__SGB5075,timepoint,6_months,timepoint6_months,,,,,,0.966216842564747,0.999999999965202,number of levels of each grouping factor must be < number of observations (problems: participant),abundance,40,5
k__Bacteria|p__Firmicutes|c__Clostridia|o__Eubacteriales|f__Lachnospiraceae|g__Lachnospira|s__Lachnospira_pectinoschiza|t__SGB5075,turmeric_status,Taken,turmeric_statusTaken,,,,,,0.960331358945356,0.999999999965202,number of levels of each grouping factor must be < number of observations (problems: participant),abundance,40,5
k__Bacteria|p__Firmicutes|c__Clostridia|o__Eubacteriales|f__Lachnospiraceae|g__Lachnospiraceae_unclassified|s__Lachnospiraceae_bacterium_Marseille_Q4251|t__SGB4780,timepoint,6_months,timepoint6_months,,,,,,0.954361274118563,0.999999999965202,Fitting error (NA p-value returned from fitting procedure),abundance,40,19
k__Bacteria|p__Firmicutes|c__Clostridia|o__Eubacteriales|f__Lachnospiraceae|g__Lachnospiraceae_unclassified|s__Lachnospiraceae_bacterium|t__SGB4922,timepoint,6_months,timepoint6_months,,,,,,0.889448912963614,0.999999999965202,Fitting error (NA p-value returned from fitting procedure),abundance,40,5
k__Bacteria|p__Firmicutes|c__Clostridia|o__Eubacteriales|f__Lachnospiraceae|g__Mediterraneibacter|s__Ruminococcus_gnavus|t__SGB4584,timepoint,6_months,timepoint6_months,,,,,,0.905185574873129,0.999999999965202,Fitting error (NA p-value returned from fitting procedure),abundance,40,8
k__Bacteria|p__Firmicutes|c__Clostridia|o__Eubacteriales|f__Lachnospiraceae|g__Mediterraneibacter|s__Ruminococcus_torques|t__SGB4608,timepoint,6_months,timepoint6_months,,,,,,0.950888914862466,0.999999999965202,Fitting error (NA p-value returned from fitting procedure),abundance,40,15
k__Bacteria|p__Firmicutes|c__Clostridia|o__Eubacteriales|f__Lachnospiraceae|g__Roseburia|s__Roseburia_sp_AF02_12|t__SGB4938,timepoint,2_weeks,timepoint2_weeks,0.77977388392467,,0.370457705568963,0.102875597248416,,0.0547851384546734,0.999999999965202,Model may not have converged with 1 eigenvalue close to zero: 9.2e-11,abundance,40,8
k__Bacteria|p__Firmicutes|c__Clostridia|o__Eubacteriales|f__Lachnospiraceae|g__Roseburia|s__Roseburia_sp_AF02_12|t__SGB4938,timepoint,6_months,timepoint6_months,0.38116358016913,,0.523316151328571,0.506629570152277,,0.248872354163827,0.999999999965202,Model may not have converged with 1 eigenvalue close to zero: 9.2e-11,abundance,40,8
k__Bacteria|p__Firmicutes|c__Clostridia|o__Eubacteriales|f__Lachnospiraceae|g__Roseburia|s__Roseburia_sp_AF02_12|t__SGB4938,turmeric_status,Taken,turmeric_statusTaken,0.542779727936147,,0.523316151328571,0.358066384869919,,0.534687835610678,0.999999999965202,Model may not have converged with 1 eigenvalue close to zero: 9.2e-11,abundance,40,8
k__Bacteria|p__Firmicutes|c__Clostridia|o__Eubacteriales|f__Oscillospiraceae|g__Dysosmobacter|s__Dysosmobacter_sp_BX15|t__SGB15053,timepoint,6_months,timepoint6_months,,,,,,0.911775736360588,0.999999999965202,Fitting error (NA p-value returned from fitting procedure),abundance,40,17
k__Bacteria|p__Firmicutes|c__Clostridia|o__Eubacteriales|f__Oscillospiraceae|g__GGB3343|s__GGB3343_SGB4423|t__SGB4423,timepoint,6_months,timepoint6_months,,,,,,0.950436665337252,0.999999999965202,Fitting error (NA p-value returned from fitting procedure),abundance,40,6
k__Bacteria|p__Firmicutes|c__Clostridia|o__Eubacteriales|f__Oscillospiraceae|g__GGB9634|s__GGB9634_SGB15093|t__SGB15093,timepoint,6_months,timepoint6_months,,,,,,0.863158792229493,0.999999999965202,Fitting error (NA p-value returned from fitting procedure),abundance,40,8
k__Bacteria|p__Firmicutes|c__Clostridia|o__Eubacteriales|f__Oscillospiraceae|g__GGB9635|s__GGB9635_SGB15106|t__SGB15106,timepoint,6_months,timepoint6_months,,,,,,0.892190053983604,0.999999999965202,Fitting error (NA p-value returned from fitting procedure),abundance,40,10
k__Bacteria|p__Firmicutes|c__Clostridia|o__Eubacteriales|f__Oscillospiraceae|g__Oscillospiraceae_unclassified|s__Clostridium_leptum|t__SGB14853,timepoint,2_weeks,timepoint2_weeks,-0.692580117622346,,0.0002633285249358,3.03367491569627e-22,,0.181310240437069,0.999999999965202,Model may not have converged with 1 eigenvalue close to zero: 4.1e-12,abundance,40,11
k__Bacteria|p__Firmicutes|c__Clostridia|o__Eubacteriales|f__Oscillospiraceae|g__Oscillospiraceae_unclassified|s__Clostridium_leptum|t__SGB14853,timepoint,6_months,timepoint6_months,0.649562583072188,,1.82858147035439,0.732881717889882,,0.88692253896718,0.999999999965202,Model may not have converged with 1 eigenvalue close to zero: 4.1e-12,abundance,40,11
k__Bacteria|p__Firmicutes|c__Clostridia|o__Eubacteriales|f__Oscillospiraceae|g__Oscillospiraceae_unclassified|s__Clostridium_leptum|t__SGB14853,turmeric_status,Taken,turmeric_statusTaken,-2.83404783700016,,2.09490325097762,0.218175517841855,,0.775168212206164,0.999999999965202,Model may not have converged with 1 eigenvalue close to zero: 4.1e-12,abundance,40,11
k__Bacteria|p__Firmicutes|c__Clostridia|o__Eubacteriales|f__Oscillospiraceae|g__Oscillospiraceae_unclassified|s__Eubacterium_siraeum|t__SGB4198,timepoint,6_months,timepoint6_months,,,,,,0.962954873814241,0.999999999965202,Fitting error (NA p-value returned from fitting procedure),abundance,40,7
k__Bacteria|p__Firmicutes|c__Clostridia|o__Eubacteriales|f__Oscillospiraceae|g__Oscillospiraceae_unclassified|s__Oscillospiraceae_unclassified_SGB15256|t__SGB15256,timepoint,6_months,timepoint6_months,,,,,,0.953998050833886,0.999999999965202,Fitting error (NA p-value returned from fitting procedure),abundance,40,6
k__Bacteria|p__Firmicutes|c__Clostridia|o__Eubacteriales|f__Oscillospiraceae|g__Ruminococcus|s__Ruminococcus_sp_AF41_9|t__SGB25497,timepoint,6_months,timepoint6_months,,,,,,0.946214018985073,0.999999999965202,Fitting error (NA p-value returned from fitting procedure),abundance,40,12
k__Bacteria|p__Firmicutes|c__Erysipelotrichia|o__Erysipelotrichales|f__Erysipelotrichaceae|g__Catenibacterium|s__Candidatus_Catenibacterium_tridentinum|t__SGB6783,timepoint,2_weeks,timepoint2_weeks,0.996291627684315,,0.576106069289648,0.181713071699466,,0.192322388552728,0.999999999965202,Model may not have converged with 1 eigenvalue close to zero: 5.8e-11,abundance,40,6
k__Bacteria|p__Firmicutes|c__Erysipelotrichia|o__Erysipelotrichales|f__Erysipelotrichaceae|g__Catenibacterium|s__Candidatus_Catenibacterium_tridentinum|t__SGB6783,timepoint,6_months,timepoint6_months,,,,,,0.964142207147351,0.999999999965202,Model may not have converged with 1 eigenvalue close to zero: 5.8e-11,abundance,40,6
k__Bacteria|p__Firmicutes|c__Erysipelotrichia|o__Erysipelotrichales|f__Erysipelotrichaceae|g__Catenibacterium|s__Candidatus_Catenibacterium_tridentinum|t__SGB6783,turmeric_status,Taken,turmeric_statusTaken,0.447309936906207,,0.576106069289648,0.493819218050941,,0.967976145132473,0.999999999965202,Model may not have converged with 1 eigenvalue close to zero: 5.8e-11,abundance,40,6
k__Bacteria|p__Firmicutes|c__Erysipelotrichia|o__Erysipelotrichales|f__Erysipelotrichaceae|g__Holdemanella|s__Holdemanella_biformis|t__SGB6806,timepoint,6_months,timepoint6_months,,,,,,0.841332549787683,0.999999999965202,Fitting error (NA p-value returned from fitting procedure),abundance,40,15
k__Bacteria|p__Firmicutes|c__Erysipelotrichia|o__Erysipelotrichales|f__Erysipelotrichaceae|g__Holdemanella|s__Holdemanella_porci|t__SGB6796,timepoint,2_weeks,timepoint2_weeks,,,,,,0.308047431677153,0.999999999965202,contrasts can be applied only to factors with 2 or more levels,abundance,40,9
k__Bacteria|p__Firmicutes|c__Erysipelotrichia|o__Erysipelotrichales|f__Erysipelotrichaceae|g__Holdemanella|s__Holdemanella_porci|t__SGB6796,timepoint,6_months,timepoint6_months,,,,,,0.330809544269408,0.999999999965202,contrasts can be applied only to factors with 2 or more levels,abundance,40,9
k__Bacteria|p__Firmicutes|c__Erysipelotrichia|o__Erysipelotrichales|f__Erysipelotrichaceae|g__Holdemanella|s__Holdemanella_porci|t__SGB6796,turmeric_status,Taken,turmeric_statusTaken,,,,,,0.856918913610189,0.999999999965202,contrasts can be applied only to factors with 2 or more levels,abundance,40,9
k__Bacteria|p__Firmicutes|c__Firmicutes_unclassified|o__Firmicutes_unclassified|f__Firmicutes_unclassified|g__GGB9512|s__GGB9512_SGB14909|t__SGB14909,timepoint,6_months,timepoint6_months,,,,,,0.940577592425386,0.999999999965202,Fitting error (NA p-value returned from fitting procedure),abundance,40,7
k__Bacteria|p__Firmicutes|c__Negativicutes|o__Acidaminococcales|f__Acidaminococcaceae|g__GGB15850|s__GGB15850_SGB5785|t__SGB5785,timepoint,6_months,timepoint6_months,,,,,,0.917440756336267,0.999999999965202,Fitting error (NA p-value returned from fitting procedure),abundance,40,5
k__Bacteria|p__Firmicutes|c__Negativicutes|o__Acidaminococcales|f__Acidaminococcaceae|g__Phascolarctobacterium|s__Phascolarctobacterium_succinatutens|t__SGB5763_group,timepoint,6_months,timepoint6_months,,,,,,0.926733296884643,0.999999999965202,Fitting error (NA p-value returned from fitting procedure),abundance,40,6
k__Bacteria|p__Firmicutes|c__Negativicutes|o__Veillonellales|f__Veillonellaceae|g__Dialister|s__Dialister_invisus|t__SGB5825_group,timepoint,6_months,timepoint6_months,,,,,,0.938945235674481,0.999999999965202,Fitting error (NA p-value returned from fitting procedure),abundance,40,11
k__Bacteria|p__Proteobacteria|c__Betaproteobacteria|o__Burkholderiales|f__Sutterellaceae|g__Parasutterella|s__Parasutterella_excrementihominis|t__SGB9262,timepoint,2_weeks,timepoint2_weeks,-1.55190264607317,,2.71656759311795,0.625453167176378,,,,Model may not have converged with 1 eigenvalue close to zero: 1.0e-10,abundance,40,5
k__Bacteria|p__Proteobacteria|c__Betaproteobacteria|o__Burkholderiales|f__Sutterellaceae|g__Parasutterella|s__Parasutterella_excrementihominis|t__SGB9262,timepoint,6_months,timepoint6_months,,,,,,,,Model may not have converged with 1 eigenvalue close to zero: 1.0e-10,abundance,40,5
k__Bacteria|p__Proteobacteria|c__Betaproteobacteria|o__Burkholderiales|f__Sutterellaceae|g__Parasutterella|s__Parasutterella_excrementihominis|t__SGB9262,turmeric_status,Taken,turmeric_statusTaken,0.40029910086693,,2.86307054893042,0.901440617600454,,,,Model may not have converged with 1 eigenvalue close to zero: 1.0e-10,abundance,40,5
k__Bacteria|p__Proteobacteria|c__CFGB2403|o__OFGB2403|f__FGB2403|g__GGB6601|s__GGB6601_SGB9333|t__SGB9333,timepoint,6_months,timepoint6_months,,,,,,0.874781987136825,0.999999999965202,Fitting error (NA p-value returned from fitting procedure),abundance,40,6
k__Bacteria|p__Bacteroidetes|c__Bacteroidia|o__Bacteroidales|f__Bacteroidaceae|g__Bacteroides|s__Bacteroides_uniformis|t__SGB1836,timepoint,2_weeks,timepoint2_weeks,,0,,,,0.976048589710318,0.999999999965202,All logistic values are the same,prevalence,40,40
k__Bacteria|p__Bacteroidetes|c__Bacteroidia|o__Bacteroidales|f__Bacteroidaceae|g__Bacteroides|s__Bacteroides_uniformis|t__SGB1836,timepoint,6_months,timepoint6_months,,0,,,,0.34198861992933,0.999999999965202,All logistic values are the same,prevalence,40,40
k__Bacteria|p__Bacteroidetes|c__Bacteroidia|o__Bacteroidales|f__Bacteroidaceae|g__Bacteroides|s__Bacteroides_uniformis|t__SGB1836,turmeric_status,Taken,turmeric_statusTaken,,0,,,,0.233816462752341,0.999999999965202,All logistic values are the same,prevalence,40,40
k__Bacteria|p__Firmicutes|c__Clostridia|o__Eubacteriales|f__Clostridiaceae|g__Clostridiaceae_unclassified|s__Clostridiaceae_bacterium_Marseille_Q4143|t__SGB4768,timepoint,2_weeks,timepoint2_weeks,,0,,,,,,pwrssUpdate did not converge in (maxit) iterations,prevalence,40,9
k__Bacteria|p__Firmicutes|c__Clostridia|o__Eubacteriales|f__Clostridiaceae|g__Clostridiaceae_unclassified|s__Clostridiaceae_bacterium_Marseille_Q4143|t__SGB4768,timepoint,6_months,timepoint6_months,,0,,,,,,pwrssUpdate did not converge in (maxit) iterations,prevalence,40,9
k__Bacteria|p__Firmicutes|c__Clostridia|o__Eubacteriales|f__Clostridiaceae|g__Clostridiaceae_unclassified|s__Clostridiaceae_bacterium_Marseille_Q4143|t__SGB4768,turmeric_status,Taken,turmeric_statusTaken,,0,,,,,,pwrssUpdate did not converge in (maxit) iterations,prevalence,40,9
k__Bacteria|p__Firmicutes|c__Clostridia|o__Eubacteriales|f__Eubacteriales_unclassified|g__Gemmiger|s__Gemmiger_formicilis|t__SGB15300,timepoint,2_weeks,timepoint2_weeks,,0,,,,0.67343599942786,0.999999999965202,All logistic values are the same,prevalence,40,40
k__Bacteria|p__Firmicutes|c__Clostridia|o__Eubacteriales|f__Eubacteriales_unclassified|g__Gemmiger|s__Gemmiger_formicilis|t__SGB15300,timepoint,6_months,timepoint6_months,,0,,,,0.686647735322964,0.999999999965202,All logistic values are the same,prevalence,40,40
k__Bacteria|p__Firmicutes|c__Clostridia|o__Eubacteriales|f__Eubacteriales_unclassified|g__Gemmiger|s__Gemmiger_formicilis|t__SGB15300,turmeric_status,Taken,turmeric_statusTaken,,0,,,,0.790294204988036,0.999999999965202,All logistic values are the same,prevalence,40,40
k__Bacteria|p__Firmicutes|c__Clostridia|o__Eubacteriales|f__Lachnospiraceae|g__Blautia|s__Blautia_wexlerae|t__SGB4837,timepoint,2_weeks,timepoint2_weeks,,0,,,,0.52846743805653,0.999999999965202,All logistic values are the same,prevalence,40,40
k__Bacteria|p__Firmicutes|c__Clostridia|o__Eubacteriales|f__Lachnospiraceae|g__Blautia|s__Blautia_wexlerae|t__SGB4837,timepoint,6_months,timepoint6_months,,0,,,,0.984465382876637,0.999999999965202,All logistic values are the same,prevalence,40,40
k__Bacteria|p__Firmicutes|c__Clostridia|o__Eubacteriales|f__Lachnospiraceae|g__Blautia|s__Blautia_wexlerae|t__SGB4837,turmeric_status,Taken,turmeric_statusTaken,,0,,,,0.399813155089973,0.999999999965202,All logistic values are the same,prevalence,40,40
k__Bacteria|p__Firmicutes|c__Clostridia|o__Eubacteriales|f__Oscillospiraceae|g__Faecalibacterium|s__Faecalibacterium_prausnitzii|t__SGB15318,timepoint,2_weeks,timepoint2_weeks,,0,,,,0.311819955264615,0.999999999965202,All logistic values are the same,prevalence,40,40
k__Bacteria|p__Firmicutes|c__Clostridia|o__Eubacteriales|f__Oscillospiraceae|g__Faecalibacterium|s__Faecalibacterium_prausnitzii|t__SGB15318,timepoint,6_months,timepoint6_months,,0,,,,0.929724147117598,0.999999999965202,All logistic values are the same,prevalence,40,40
k__Bacteria|p__Firmicutes|c__Clostridia|o__Eubacteriales|f__Oscillospiraceae|g__Faecalibacterium|s__Faecalibacterium_prausnitzii|t__SGB15318,turmeric_status,Taken,turmeric_statusTaken,,0,,,,0.953337557877378,0.999999999965202,All logistic values are the same,prevalence,40,40
k__Bacteria|p__Proteobacteria|c__Betaproteobacteria|o__Burkholderiales|f__Sutterellaceae|g__Parasutterella|s__Parasutterella_excrementihominis|t__SGB9262,timepoint,2_weeks,timepoint2_weeks,0.317703106142531,0,1.1262969494529,0.777884032019835,,,,Hessian is numerically singular: parameters are not uniquely determined,prevalence,40,5
k__Bacteria|p__Proteobacteria|c__Betaproteobacteria|o__Burkholderiales|f__Sutterellaceae|g__Parasutterella|s__Parasutterella_excrementihominis|t__SGB9262,timepoint,6_months,timepoint6_months,-21.7947207153257,0,84962.3607357457,0.999795325002454,,,,Hessian is numerically singular: parameters are not uniquely determined,prevalence,40,5
k__Bacteria|p__Proteobacteria|c__Betaproteobacteria|o__Burkholderiales|f__Sutterellaceae|g__Parasutterella|s__Parasutterella_excrementihominis|t__SGB9262,turmeric_status,Taken,turmeric_statusTaken,21.8222128011452,0,84962.3607402352,0.999795066823315,,,,Hessian is numerically singular: parameters are not uniquely determined,prevalence,40,5
