q,site1,site2,TD_gamma,TD_alpha,TD_beta,local_similarity,region_similarity
2,Nottingham_11A_S19,Nottingham_11B_S20,22.63345952004625,19.017076180474522,1.190165055093211,0.6804391890361496,0.809834944906789
2,Nottingham_11A_S19,Nottingham_11C_S21,22.384071694543017,18.020126809324317,1.2421705979871698,0.6100848009450774,0.7578294020128302
2,Nottingham_11B_S20,Nottingham_11C_S21,23.793808903048127,20.78765055113446,1.1446127038031055,0.7473159203587145,0.8553872961968945
2,Nottingham_11A_S19,Nottingham_14A_S22,28.59209205284667,18.956862036375686,1.5082713583072065,0.3260213349437864,0.4917286416927935
2,Nottingham_11B_S20,Nottingham_14A_S22,30.589502549996897,22.044239048429954,1.3876415730565015,0.44129437949504613,0.6123584269434985
2,Nottingham_11C_S21,Nottingham_14A_S22,28.657654756275274,20.715723239277562,1.3833769849724387,0.44573751170209497,0.6166230150275613
2,Nottingham_11A_S19,Nottingham_15A_S23,22.442913090834335,15.411622116057044,1.4562330247801454,0.3734065674701683,0.5437669752198546
2,Nottingham_11B_S20,Nottingham_15A_S23,24.129339912439118,17.391886359571597,1.3873906150013207,0.44155508792892917,0.6126093849986793
2,Nottingham_11C_S21,Nottingham_15A_S23,23.583763268211,16.554301048289087,1.424630565761544,0.4038727288789352,0.5753694342384561
2,Nottingham_14A_S22,Nottingham_15A_S23,24.095784963791107,17.34151056193688,1.3894859319048756,0.4393812517829223,0.6105140680951244
2,Nottingham_11A_S19,Nottingham_15B_S24,29.89234453638398,20.229453702097135,1.4776644479175984,0.35348725674391357,0.5223355520824016
2,Nottingham_11B_S20,Nottingham_15B_S24,31.22358488326701,23.784124911796958,1.3127909897487995,0.5234717602553753,0.6872090102512005
2,Nottingham_11C_S21,Nottingham_15B_S24,27.26235976700147,22.244942873834056,1.2255531480401878,0.6319161704233303,0.7744468519598122
2,Nottingham_14A_S22,Nottingham_15B_S24,30.729287157330898,23.690013819719887,1.2971409553062998,0.5418524808876541,0.7028590446937002
2,Nottingham_15A_S23,Nottingham_15B_S24,21.325335546885352,18.400405285167874,1.1589600998666694,0.7256849482825911,0.8410399001333306
2,Nottingham_11A_S19,Nottingham_15C_S25,20.42355116103116,12.347694473192899,1.6540376185506624,0.20916234163554548,0.3459623814493378
2,Nottingham_11B_S20,Nottingham_15C_S25,19.0091736796415,13.587185805919368,1.3990515733846811,0.42953986689816115,0.6009484266153189
2,Nottingham_11C_S21,Nottingham_15C_S25,19.32833374082402,13.07053811004868,1.4787710787488024,0.35247438142502263,0.5212289212511976
2,Nottingham_14A_S22,Nottingham_15C_S25,20.889124159307144,13.556420384792908,1.540902654711106,0.2979405245913911,0.459097345288894
2,Nottingham_15A_S23,Nottingham_15C_S25,13.067522907101665,11.641370963419808,1.1225072157019302,0.7817257403992302,0.8774927842980698
2,Nottingham_15B_S24,Nottingham_15C_S25,16.900490157511804,14.19500591902939,1.1905940901972802,0.6798336363895456,0.8094059098027198
2,Nottingham_11A_S19,Nottingham_16A_S26,24.417437917239365,16.145882128212723,1.5123012619157692,0.3224878206253816,0.4876987380842308
2,Nottingham_11B_S20,Nottingham_16A_S26,27.82642668071044,18.33272115203782,1.5178557754704802,0.3176482458487022,0.48214422452951977
2,Nottingham_11C_S21,Nottingham_16A_S26,23.103996456259225,17.40448267561235,1.3274738977811271,0.5066209613183359,0.6725261022188729
2,Nottingham_14A_S22,Nottingham_16A_S26,23.636680522357906,18.27675642644515,1.293264514274389,0.546474041408411,0.706735485725611
2,Nottingham_15A_S23,Nottingham_16A_S26,21.34949038553211,14.95907492561521,1.4271932249616757,0.4013519438152502,0.5728067750383241
2,Nottingham_15B_S24,Nottingham_16A_S26,28.289257735210914,19.456831718229434,1.4539498590978834,0.37556325445838845,0.5460501409021166
2,Nottingham_15C_S25,Nottingham_16A_S26,19.756239338890353,12.055493504048995,1.6387748317607207,0.220423917452512,0.3612251682392793
2,Nottingham_11A_S19,Nottingham_16B_S27,22.53897983063944,12.283580267979419,1.8348868439760666,0.08998547052969497,0.1651131560239334
2,Nottingham_11B_S20,Nottingham_16B_S27,23.60923747199964,13.509594111587889,1.7475904366178372,0.14443290492631577,0.2524095633821628
2,Nottingham_11C_S21,Nottingham_16B_S27,22.932645595331632,12.998719423669021,1.7642234475477785,0.13364324841048014,0.2357765524522215
2,Nottingham_14A_S22,Nottingham_16B_S27,18.80897043113358,13.479178675111067,1.395409237052687,0.4332712919575472,0.6045907629473131
2,Nottingham_15A_S23,Nottingham_16B_S27,16.019873426506297,11.584365066406905,1.3828874810723781,0.446249262773768,0.6171125189276219
2,Nottingham_15B_S24,Nottingham_16B_S27,23.617567744700263,14.110338478846844,1.6737775482924058,0.19490191635107523,0.32622245170759423
2,Nottingham_15C_S25,Nottingham_16B_S27,16.48279563297304,9.76334352320751,1.6882326831779875,0.1846708216992523,0.31176731682201253
2,Nottingham_16A_S26,Nottingham_16B_S27,14.36956219420583,11.994370334417152,1.198025556454031,0.6694134688743105,0.801974443545969
2,Nottingham_11A_S19,Nottingham_16C_S28,24.891975681479884,16.657723674807457,1.4943203625790489,0.3384010886047206,0.5056796374209509
2,Nottingham_11B_S20,Nottingham_16C_S28,26.594436478486813,18.99544801961606,1.4000426023657613,0.4285279580924495,0.5999573976342387
2,Nottingham_11C_S21,Nottingham_16C_S28,21.11014175506263,18.000705715858647,1.1727396741153635,0.7054083221910834,0.8272603258846365
2,Nottingham_14A_S22,Nottingham_16C_S28,24.562254299615233,18.935370544636374,1.297162590069975,0.5418267650565767,0.702837409930025
2,Nottingham_15A_S23,Nottingham_16C_S28,22.96826675385008,15.397414459331666,1.4916963373633207,0.3407554539787516,0.5083036626366793
2,Nottingham_15B_S24,Nottingham_16C_S28,26.297168385680436,20.204981732720604,1.3015190379060797,0.5366659585845599,0.6984809620939203
2,Nottingham_15C_S25,Nottingham_16C_S28,19.73102357141059,12.338572745475341,1.5991333826390999,0.2506774117236783,0.4008666173609001
2,Nottingham_16A_S26,Nottingham_16C_S28,18.563985879822717,16.130289108329027,1.1508774427506714,0.7378045009031291,0.8491225572493286
2,Nottingham_16B_S27,Nottingham_16C_S28,18.190764976422233,12.27455298707521,1.4819900158952135,0.349536757028607,0.5180099841047867
2,Nottingham_11A_S19,Nottingham_18A_S29,22.542787927294025,14.677094141757358,1.5359162862598408,0.30215430221803596,0.46408371374015944
2,Nottingham_11B_S20,Nottingham_18A_S29,22.297818406579047,16.462163501709483,1.3544889409137244,0.476571671859366,0.6455110590862756
2,Nottingham_11C_S21,Nottingham_18A_S29,19.11697722906072,15.709797747538211,1.216882453630342,0.6435441188533639,0.783117546369658
2,Nottingham_14A_S22,Nottingham_18A_S29,21.804184748930638,16.417022662330584,1.3281448894482604,0.5058598018103602,0.6718551105517396
2,Nottingham_15A_S23,Nottingham_18A_S29,19.21077615769231,13.68979092148275,1.4032921516387615,0.4252199712400617,0.5967078483612385
2,Nottingham_15B_S24,Nottingham_18A_S29,21.87786740775744,17.36294678856974,1.2600319331831351,0.5872613600732584,0.7399680668168649
2,Nottingham_15C_S25,Nottingham_18A_S29,16.20492203494324,11.217324617232912,1.4446334208825518,0.38443425930030406,0.5553665791174482
2,Nottingham_16A_S26,Nottingham_18A_S29,20.40674098538583,14.266081146351329,1.4304377478327346,0.39817339344561686,0.5695622521672654
2,Nottingham_16B_S27,Nottingham_18A_S29,20.262889211689878,11.164386611670245,1.8149576789564843,0.10195406933670559,0.1850423210435157
2,Nottingham_16C_S28,Nottingham_18A_S29,16.927985192047206,14.664207938011165,1.1543743285423615,0.7325402605976323,0.8456256714576385
2,Nottingham_11A_S19,Nottingham_18B_S30,21.77501941339912,13.928278479090254,1.563367608286174,0.2792896497276669,0.43663239171382595
2,Nottingham_11B_S20,Nottingham_18B_S30,20.21145569406526,15.52593456359204,1.3017867369775382,0.5363499590136853,0.6982132630224618
2,Nottingham_11C_S21,Nottingham_18B_S30,20.49158901046243,14.854967839904258,1.3794435121843052,0.4498600213306765,0.6205564878156948
2,Nottingham_14A_S22,Nottingham_18B_S30,20.95145188369782,15.485775919216024,1.352948150160144,0.47825324995881524,0.6470518498398561
2,Nottingham_15A_S23,Nottingham_18B_S30,16.47093851124108,13.036086464178961,1.2634879767406064,0.5829196928010019,0.7365120232593936
2,Nottingham_15B_S24,Nottingham_18B_S30,21.135330191176635,16.324687760545007,1.2946851113598894,0.5447771681712428,0.7053148886401106
2,Nottingham_15C_S25,Nottingham_18B_S30,12.897428948580789,10.774605706932599,1.1970209675777113,0.6708145088278572,0.8029790324222887
2,Nottingham_16A_S26,Nottingham_18B_S30,20.725667986736084,13.557605259657269,1.5287115674040521,0.3082912713195831,0.4712884325959479
2,Nottingham_16B_S27,Nottingham_18B_S30,18.46957286576256,10.72575479556305,1.7219835077157382,0.1614513095151875,0.27801649228426184
2,Nottingham_16C_S28,Nottingham_18B_S30,19.616893218543233,13.91667310428309,1.4095964654444462,0.41884578248385385,0.5904035345555538
2,Nottingham_18A_S29,Nottingham_18B_S30,14.928621841624869,12.506656680636702,1.1936540854070097,0.6755272942563122,0.8063459145929903
2,Nottingham_11A_S19,Nottingham_18C_S31,26.08566521390441,16.868756270784885,1.5463893600195262,0.2933353343654317,0.4536106399804736
2,Nottingham_11B_S20,Nottingham_18C_S31,24.709404442572282,19.270357769908966,1.2822493872509462,0.5597589828355165,0.7177506127490538
2,Nottingham_11C_S21,Nottingham_18C_S31,22.90030489347501,18.24738978608968,1.2549907226146026,0.5936372787149149,0.7450092773853974
2,Nottingham_14A_S22,Nottingham_18C_S31,23.98500012291399,19.20853161092602,1.248663906681501,0.6017120293925045,0.7513360933184989
2,Nottingham_15A_S23,Nottingham_18C_S31,20.601479538525872,15.577549316428305,1.3225109495753133,0.5122748137867916,0.6774890504246867
2,Nottingham_15B_S24,Nottingham_18C_S31,25.790324952860743,20.51630270985175,1.2570649457456315,0.5910076935712294,0.7429350542543685
2,Nottingham_15C_S25,Nottingham_18C_S31,17.07060671968476,12.453977533692287,1.370695159317809,0.45911363763434765,0.6293048406821911
2,Nottingham_16A_S26,Nottingham_18C_S31,24.501127302403724,16.32809005367694,1.5005507209881102,0.3328439832297061,0.49944927901188985
2,Nottingham_16B_S27,Nottingham_18C_S31,21.092091884033188,12.388757764253484,1.7025187097363628,0.1747301151889853,0.29748129026363723
2,Nottingham_16C_S28,Nottingham_18C_S31,21.87294577869652,16.851736487480764,1.2979639098288793,0.5408748924796187,0.7020360901711207
2,Nottingham_18A_S29,Nottingham_18C_S31,17.14746865433791,14.827504674114738,1.1564635473879346,0.729410325571725,0.8435364526120654
2,Nottingham_18B_S30,Nottingham_18C_S31,15.371607387797543,14.063662049074695,1.093001761145768,0.8298232181286214,0.9069982388542319
2,Nottingham_11A_S19,Nottingham_19A_S32,18.44152818772697,12.464909209472538,1.4794755322977067,0.3518303995834864,0.5205244677022933
2,Nottingham_11B_S20,Nottingham_19A_S32,19.64513574794001,13.729249641721903,1.4308965355426477,0.3977250977419744,0.569103464457352
2,Nottingham_11C_S21,Nottingham_19A_S32,19.11671857827709,13.201951256227987,1.4480222057522616,0.38119428835760183,0.5519777942477382
2,Nottingham_14A_S22,Nottingham_19A_S32,18.414451927550378,13.697838251541452,1.3443327034087407,0.4877269554841035,0.6556672965912593
2,Nottingham_15A_S23,Nottingham_19A_S32,17.506308607329544,11.745502662961108,1.490469085034127,0.34185943209563896,0.5095309149658731
2,Nottingham_15B_S24,Nottingham_19A_S32,22.02522494037073,14.350137009672732,1.5348442266108395,0.30306383235795353,0.46515577338916025
2,Nottingham_15C_S25,Nottingham_19A_S32,16.05210996922864,9.877552690200934,1.6251100320784113,0.23068589850628674,0.3748899679215887
2,Nottingham_16A_S26,Nottingham_19A_S32,16.90707899116129,12.167201150437206,1.3895618870863957,0.43930257341294676,0.6104381129136043
2,Nottingham_16B_S27,Nottingham_19A_S32,15.195201271473302,9.836481945831009,1.5447800702682604,0.29468267910310875,0.45521992973173964
2,Nottingham_16C_S28,Nottingham_19A_S32,17.4463293504286,12.45561354267208,1.400680046041784,0.42787784094722325,0.5993199539582159
2,Nottingham_18A_S29,Nottingham_19A_S32,16.08263771276126,11.313976828222449,1.4214840596671101,0.4069802516592198,0.5785159403328899
2,Nottingham_18B_S30,Nottingham_19A_S32,15.521240792612696,10.863748928816358,1.4287186582011508,0.39985572983146267,0.5712813417988492
2,Nottingham_18C_S31,Nottingham_19A_S32,16.901565176138238,12.573228555339487,1.3442502139962,0.48781824929332207,0.6557497860038
2,Nottingham_11A_S19,Nottingham_20A_S33,26.27550852334923,16.458795772425034,1.5964417376981526,0.2527860884442439,0.40355826230184766
2,Nottingham_11B_S20,Nottingham_20A_S33,27.316703975974853,18.73720045337779,1.4578860937067268,0.3718492882492139,0.5421139062932732
2,Nottingham_11C_S21,Nottingham_20A_S33,22.93820329150914,17.76863223099438,1.2909380414490945,0.5492610301846665,0.7090619585509055
2,Nottingham_14A_S22,Nottingham_20A_S33,23.222166808729778,18.67874289538887,1.2432403475323022,0.6086993990902756,0.7567596524676978
2,Nottingham_15A_S23,Nottingham_20A_S33,20.40087621115784,15.22729555745623,1.3397570260707459,0.4928079950926789,0.6602429739292541
2,Nottingham_15B_S24,Nottingham_20A_S33,26.285517984234083,19.913052030740708,1.320014528343315,0.5151348390915829,0.6799854716566851
2,Nottingham_15C_S25,Nottingham_20A_S33,19.144460551305436,12.229091154124207,1.5654851460363062,0.27755923143943817,0.4345148539636938
2,Nottingham_16A_S26,Nottingham_20A_S33,20.899483463843076,15.943688546615842,1.3108311419115832,0.5257495310062612,0.6891688580884168
2,Nottingham_16B_S27,Nottingham_20A_S33,18.61478638413077,12.166199569374177,1.5300411831965621,0.3071543576504261,0.4699588168034379
2,Nottingham_16C_S28,Nottingham_20A_S33,19.460363506691728,16.442592801166203,1.1835337493312788,0.6898546417709184,0.8164662506687212
2,Nottingham_18A_S29,Nottingham_20A_S33,17.585355687321083,14.50982377718007,1.2119620442929135,0.6502166956613282,0.7880379557070865
2,Nottingham_18B_S30,Nottingham_20A_S33,18.96441742529421,13.777553122065989,1.3764720961170525,0.45298986128515306,0.6235279038829475
2,Nottingham_18C_S31,Nottingham_20A_S33,20.577827302676393,16.6481760792265,1.2360409455515846,0.6180693748033548,0.7639590544484154
2,Nottingham_19A_S32,Nottingham_20A_S33,15.968061755786927,12.34405445671625,1.2935832235492852,0.5460930256288226,0.7064167764507148
2,Nottingham_11A_S19,Nottingham_20B_S34,27.111073371159986,15.429172788015965,1.7571307122970004,0.1382192491448231,0.24286928770299965
2,Nottingham_11B_S20,Nottingham_20B_S34,26.93588120498496,17.414240294186815,1.5467732585484444,0.293014337393499,0.45322674145155584
2,Nottingham_11C_S21,Nottingham_20B_S34,20.20850040061837,16.574552465173824,1.2192486308803896,0.640354517811391,0.7807513691196104
2,Nottingham_14A_S22,Nottingham_20B_S34,24.12287189320566,17.363735104502435,1.3892674443617015,0.4396076206326849,0.6107325556382985
2,Nottingham_15A_S23,Nottingham_20B_S34,21.67343106630915,14.34184304898886,1.5112026391780369,0.3234492503849957,0.4887973608219631
2,Nottingham_15B_S24,Nottingham_20B_S34,24.788461439154162,18.425428767442124,1.345339734126327,0.4866133432822559,0.6546602658736731
2,Nottingham_15C_S25,Nottingham_20B_S34,18.65563156505155,11.651382121723012,1.601151809300779,0.24910079630325455,0.39884819069922095
2,Nottingham_16A_S26,Nottingham_20B_S34,19.72158694082487,14.975609461069178,1.3169138118948287,0.5187022734026301,0.6830861881051713
2,Nottingham_16B_S27,Nottingham_20B_S34,19.874672115759427,11.594278376999421,1.7141793106491685,0.1667390847475516,0.28582068935083127
2,Nottingham_16C_S28,Nottingham_20B_S34,18.05695299800549,15.414932768609594,1.1713935616233118,0.7073681002893761,0.8286064383766882
2,Nottingham_18A_S29,Nottingham_20B_S34,16.510803339403726,13.703637275282931,1.2048482463253785,0.6599600871725755,0.7951517536746215
2,Nottingham_18B_S30,Nottingham_20B_S34,18.928277777442265,13.048641422739424,1.4505937564087399,0.3787457661140323,0.5494062435912601
2,Nottingham_18C_S31,Nottingham_20B_S34,20.345240584916546,15.595480156609943,1.3045600635959567,0.5330838769409334,0.6954399364040433
2,Nottingham_19A_S32,Nottingham_20B_S34,16.560194696632912,11.755693799672025,1.4086956481543376,0.41975309047087994,0.5913043518456624
2,Nottingham_20A_S33,Nottingham_20B_S34,16.8536879870613,15.244428686453704,1.105563765865335,0.8090317915173182,0.894436234134665
2,Nottingham_11A_S19,Nottingham_20C_S35,22.08063967416871,15.322542601845463,1.4410558513643354,0.38787125988661586,0.5589441486356646
2,Nottingham_11B_S20,Nottingham_20C_S35,24.496716817059333,17.278528381649785,1.4177548154549688,0.41068115459596166,0.5822451845450312
2,Nottingham_11C_S21,Nottingham_20C_S35,21.422754022059802,16.451566443343438,1.302171078713771,0.535896498312276,0.697828921286229
2,Nottingham_14A_S22,Nottingham_20C_S35,22.879357328797337,17.228806190570303,1.327971135998947,0.5060568304412196,0.672028864001053
2,Nottingham_15A_S23,Nottingham_20C_S35,19.399260444117225,14.249667362812035,1.3613833888322406,0.46909387642488287,0.6386166111677594
2,Nottingham_15B_S24,Nottingham_20C_S35,25.42099062729344,18.273567287846554,1.3911345402274309,0.4376754671572083,0.6088654597725691
2,Nottingham_15C_S25,Nottingham_20C_S35,19.251426583414524,11.590472587675412,1.6609699421475959,0.20411570929094958,0.33903005785240414
2,Nottingham_16A_S26,Nottingham_20C_S35,20.816507377549307,14.87513582183069,1.399416289496939,0.4291672999740186,0.6005837105030609
2,Nottingham_16B_S27,Nottingham_20C_S35,19.64071926558154,11.533962873169203,1.702859587945321,0.17449495786861102,0.297140412054679
2,Nottingham_16C_S28,Nottingham_20C_S35,18.4391129948386,15.308498636764002,1.2045017236736917,0.6604376404710024,0.7954982763263083
2,Nottingham_18A_S29,Nottingham_20C_S35,16.05450060379242,13.6194585424278,1.1787914000970665,0.6966530293954569,0.8212085999029335
2,Nottingham_18B_S30,Nottingham_20C_S35,18.031550225461395,12.972294981168245,1.3900046407854294,0.43884411700229253,0.6099953592145706
2,Nottingham_18C_S31,Nottingham_20C_S35,19.96636905341989,15.486547013929354,1.2892718457808034,0.551263223923709,0.7107281542191966
2,Nottingham_19A_S32,Nottingham_20C_S35,16.618922680512025,11.693691672235607,1.4211870080318962,0.4072743338469311,0.5788129919681038
2,Nottingham_20A_S33,Nottingham_20C_S35,16.416496010488153,15.14032811169406,1.084289315884007,0.844526152477511,0.915710684115993
2,Nottingham_20B_S34,Nottingham_20C_S35,17.483075274581978,14.264670055442618,1.22562072635612,0.6318261897758359,0.7743792736438799
2,Nottingham_11A_S19,Nottingham_21A_S36,33.29426924792181,19.927343890678223,1.6707830923466163,0.19704347569797243,0.32921690765338374
2,Nottingham_11B_S20,Nottingham_21A_S36,34.57733604241434,23.36760794782568,1.479712263215701,0.35161412777212053,0.5202877367842991
2,Nottingham_11C_S21,Nottingham_21A_S36,30.741168135594865,21.88017767363614,1.4049779939691946,0.42350984042804285,0.5950220060308054
2,Nottingham_14A_S22,Nottingham_21A_S36,27.65728288043202,23.276757919004368,1.1881930884305483,0.6832281044840491,0.8118069115694517
2,Nottingham_15A_S23,Nottingham_21A_S36,26.158211411984443,18.150118390225558,1.4412143683906498,0.38771860998952246,0.5587856316093502
2,Nottingham_15B_S24,Nottingham_21A_S36,33.07912805283486,25.225239276200387,1.3113504173593507,0.5251453566678037,0.6886495826406493
2,Nottingham_15C_S25,Nottingham_21A_S36,21.747159715479214,14.045586611445014,1.5483269098749204,0.29171687661332935,0.4516730901250796
2,Nottingham_16A_S26,Nottingham_21A_S36,27.672285166318133,19.177198636560576,1.4429784918409307,0.3860220448943972,0.5570215081590693
2,Nottingham_16B_S27,Nottingham_21A_S36,20.14594998123395,13.962687036117217,1.4428419063696347,0.3861532515591002,0.5571580936303653
2,Nottingham_16C_S28,Nottingham_21A_S36,27.36943123547952,19.903596970729588,1.375099750850525,0.45443994063918813,0.6249002491494751
2,Nottingham_18A_S29,Nottingham_21A_S36,25.110630348264934,17.139916728495674,1.4650380597542627,0.36515224753646924,0.5349619402457373
2,Nottingham_18B_S30,Nottingham_21A_S36,24.341014168168602,16.127381887512012,1.5092973142166795,0.3251199622242711,0.49070268578332055
2,Nottingham_18C_S31,Nottingham_21A_S36,27.621643904668225,20.205630247865155,1.3670270892731304,0.4630287985466559,0.6329729107268696
2,Nottingham_19A_S32,Nottingham_21A_S36,22.360668115797175,14.197451542558998,1.5749775971249282,0.26985933238094106,0.42502240287507176
2,Nottingham_20A_S33,Nottingham_21A_S36,27.172406899980196,19.620250305362816,1.3849164244634098,0.4441304649664375,0.6150835755365902
2,Nottingham_20B_S34,Nottingham_21A_S36,25.59619209773289,18.17446530072332,1.4083601181221104,0.4200913347835884,0.5916398818778896
2,Nottingham_20C_S35,Nottingham_21A_S36,27.546296173594072,18.026695916746796,1.5280834769062461,0.3088290202896473,0.47191652309375387
2,Nottingham_11A_S19,Nottingham_21B_S37,25.171308135541828,15.413785342852032,1.6330387101968262,0.22471071108837637,0.3669612898031738
2,Nottingham_11B_S20,Nottingham_21B_S37,24.818118877099486,17.394641264150742,1.426768077606065,0.4017695176890592,0.5732319223939351
2,Nottingham_11C_S21,Nottingham_21B_S37,19.435454692634433,16.55679697349789,1.1738656168668584,0.7037725368753542,0.8261343831331416
2,Nottingham_14A_S22,Nottingham_21B_S37,22.123177137133712,17.34424952914719,1.2755338361544837,0.5679709493474967,0.7244661638455163
2,Nottingham_15A_S23,Nottingham_21B_S37,22.018425581371957,14.328547028124799,1.536682368292687,0.3015051394271393,0.4633176317073131
2,Nottingham_15B_S24,Nottingham_21B_S37,23.631158887542547,18.403488983953203,1.2840586319337368,0.5575612750549299,0.7159413680662632
2,Nottingham_15C_S25,Nottingham_21B_S37,17.931306534076825,11.642605200798517,1.5401455451608883,0.2985785702422519,0.4598544548391117
2,Nottingham_16A_S26,Nottingham_21B_S37,19.596801648737674,14.961112967170491,1.3098491864702433,0.5268933405910354,0.6901508135297567
2,Nottingham_16B_S27,Nottingham_21B_S37,18.99280688426939,11.58558724502816,1.63934779330413,0.2199973722287265,0.36065220669587017
2,Nottingham_16C_S28,Nottingham_21B_S37,17.582679961892694,15.399573699217314,1.141764071221422,0.7516753683275958,0.8582359287785779
2,Nottingham_18A_S29,Nottingham_21B_S37,16.27926719756984,13.691497758960862,1.1890055773419914,0.6820778961112843,0.8109944226580086
2,Nottingham_18B_S30,Nottingham_21B_S37,18.393558730436112,13.03763417713694,1.4108049421030258,0.4176304181488666,0.5891950578969742
2,Nottingham_18C_S31,Nottingham_21B_S37,19.978235278987395,15.57975937750584,1.2823198866493475,0.5596732303870939,0.7176801133506525
2,Nottingham_19A_S32,Nottingham_21B_S37,16.977393785583303,11.746759080715307,1.4452832197312317,0.383811818123734,0.5547167802687683
2,Nottingham_20A_S33,Nottingham_21B_S37,18.56472020490183,15.229407344765576,1.2190047704832465,0.6406826687045251,0.7809952295167535
2,Nottingham_20B_S34,Nottingham_21B_S37,15.861807323781074,14.343716365019747,1.1058366548897691,0.8085853739396638,0.8941633451102309
2,Nottingham_20C_S35,Nottingham_21B_S37,19.082324368106057,14.251516674894434,1.3389679711578772,0.493687708056596,0.6610320288421228
2,Nottingham_21A_S36,Nottingham_21B_S37,21.16916209449069,18.153118762243253,1.166144637279657,0.7150531212539235,0.8338553627203431
2,Nottingham_11A_S19,Nottingham_21C_S38,18.702946373451372,12.677938079625491,1.4752356618233191,0.3557155997219439,0.5247643381766809
2,Nottingham_11B_S20,Nottingham_21C_S38,18.833719914610693,13.98813490664119,1.346406796925368,0.48543516310758883,0.6535932030746321
2,Nottingham_11C_S21,Nottingham_21C_S38,20.443270813488397,13.441159183263148,1.5209455177753,0.314971494130452,0.47905448222470004
2,Nottingham_14A_S22,Nottingham_21C_S38,17.39412704562975,13.955529138053462,1.2463968133031973,0.6046254119501522,0.7536031866968027
2,Nottingham_15A_S23,Nottingham_21C_S38,17.464307025178197,11.934465012992703,1.4633506408678827,0.36672643189184084,0.5366493591321173
2,Nottingham_15B_S24,Nottingham_21C_S38,22.440031463441585,14.633208629555934,1.5335004120776046,0.30420571409588093,0.46649958792239543
2,Nottingham_15C_S25,Nottingham_21C_S38,15.8307968423814,10.010849888829476,1.5813639219629159,0.2647310161960945,0.41863607803708414
2,Nottingham_16A_S26,Nottingham_21C_S38,19.91845458835433,12.37009289056293,1.6102105913489138,0.24207355903959726,0.389789408651086
2,Nottingham_16B_S27,Nottingham_21C_S38,16.176627921749166,9.968665535673042,1.6227475848056918,0.2324775699724615,0.3772524151943082
2,Nottingham_16C_S28,Nottingham_21C_S38,21.052754425172576,12.668322089103805,1.6618423716334412,0.2034835759026774,0.3381576283665588
2,Nottingham_18A_S29,Nottingham_21C_S38,17.802793677907786,11.489205840670978,1.5495234331068517,0.2907194284825536,0.4504765668931483
2,Nottingham_18B_S30,Nottingham_21C_S38,15.422495075450657,11.025209803482092,1.39883914685957,0.4297569556085499,0.60116085314043
2,Nottingham_18C_S31,Nottingham_21C_S38,16.854636993221813,12.790008124424318,1.317797207730894,0.5176841992583869,0.6822027922691061
2,Nottingham_19A_S32,Nottingham_21C_S38,11.253525634764094,10.087758121220586,1.1155625957259225,0.7928173709504427,0.8844374042740775
2,Nottingham_20A_S33,Nottingham_21C_S38,18.075352504030974,12.55293785576382,1.4399300555552002,0.38895635401460615,0.5600699444447998
2,Nottingham_20B_S34,Nottingham_21C_S38,19.255470661521596,11.944986845540875,1.6120127138281246,0.2406850038114794,0.3879872861718754
2,Nottingham_20C_S35,Nottingham_21C_S38,18.61872837472801,11.880977331450072,1.5671041072894292,0.27623939641083406,0.43289589271057083
2,Nottingham_21A_S36,Nottingham_21C_S38,19.558631635052063,14.47447330164815,1.3512499714117405,0.480111039640184,0.6487500285882595
2,Nottingham_21B_S37,Nottingham_21C_S38,17.46394781549795,11.935762184820526,1.4631615095102994,0.3669030978469172,0.5368384904897006
2,Nottingham_11A_S19,Nottingham_22A_S39,22.83354204002256,13.624706912168328,1.6758923466918583,0.1933940768617488,0.32410765330814173
2,Nottingham_11B_S20,Nottingham_22A_S39,22.297489220555615,15.149666544168294,1.4718138617472607,0.358867484523963,0.5281861382527393
2,Nottingham_11C_S21,Nottingham_22A_S39,17.30078790405521,14.510157465901116,1.192322546789177,0.6773984568067002,0.8076774532108231
2,Nottingham_14A_S22,Nottingham_22A_S39,20.962867808880947,15.111428390588394,1.3872194783344842,0.4417329277997373,0.6127805216655158
2,Nottingham_15A_S23,Nottingham_22A_S39,20.14385405039387,12.76978875676694,1.5774618072455802,0.2678595391746552,0.42253819275441984
2,Nottingham_15B_S24,Nottingham_22A_S39,20.956363463428495,15.909226596940757,1.3172458972617984,0.5183193997092452,0.6827541027382016
2,Nottingham_15C_S25,Nottingham_22A_S39,16.236714416211825,10.592040711837456,1.5329165415750332,0.3047024712415525,0.46708345842496657
2,Nottingham_16A_S26,Nottingham_22A_S39,18.002626049687727,13.269809652730023,1.3566604586512672,0.4742082200791147,0.6433395413487328
2,Nottingham_16B_S27,Nottingham_22A_S39,18.76709101241121,10.544827608755377,1.7797437481888168,0.12375728361756022,0.22025625181118302
2,Nottingham_16C_S28,Nottingham_22A_S39,15.08920308249767,13.613601708888128,1.1083916956852162,0.8044162616750612,0.8916083043147838
2,Nottingham_18A_S29,Nottingham_22A_S39,13.636013168066444,12.261346331818425,1.1121138575688654,0.7983770154362582,0.8878861424311346
2,Nottingham_18B_S30,Nottingham_22A_S39,16.188978799717063,11.734318639877877,1.379626657205343,0.44966755285181526,0.620373342794657
2,Nottingham_18C_S31,Nottingham_22A_S39,17.72843557785781,13.754225893594901,1.2889446280007388,0.5516570351840231,0.7110553719992612
2,Nottingham_19A_S32,Nottingham_22A_S39,15.191059950139262,10.678176564927025,1.4226267806841681,0.40585009867321786,0.5773732193158319
2,Nottingham_20A_S33,Nottingham_22A_S39,16.414745372163445,13.48044615068606,1.2176707794888562,0.6424800805678721,0.7823292205111438
2,Nottingham_20B_S34,Nottingham_22A_S39,14.328414643039558,12.781835778695378,1.1209981798484692,0.7841242171065343,0.8790018201515308
2,Nottingham_20C_S35,Nottingham_22A_S39,16.002015322964876,12.708570765477184,1.2591514512736814,0.5883712781150521,0.7408485487263186
2,Nottingham_21A_S36,Nottingham_22A_S39,21.989622123269598,15.721778088516364,1.3986727200615716,0.42992708109153455,0.6013272799384284
2,Nottingham_21B_S37,Nottingham_22A_S39,13.8699895818095,12.7712738794344,1.086030235726474,0.8415693543395206,0.913969764273526
2,Nottingham_21C_S38,Nottingham_22A_S39,17.96460002755578,10.834128875337978,1.658149006188129,0.206164218376093,0.341850993811871
2,Nottingham_11A_S19,Nottingham_22B_S40,23.144327181759955,13.995479913088452,1.653700146439107,0.20940909650795914,0.346299853560893
2,Nottingham_11B_S20,Nottingham_22B_S40,22.110178460242604,15.609483241333045,1.416458067086813,0.41197261427819054,0.583541932913187
2,Nottingham_11C_S21,Nottingham_22B_S40,17.68052869047567,14.931433514542642,1.1841146178801596,0.6890256819736462,0.8158853821198404
2,Nottingham_14A_S22,Nottingham_22B_S40,21.081263444371313,15.568891792964768,1.3540632001757158,0.47703593136602596,0.6459367998242842
2,Nottingham_15A_S23,Nottingham_22B_S40,19.345037226801377,13.094936119061158,1.477291454567884,0.3538289914396149,0.5227085454321161
2,Nottingham_15B_S24,Nottingham_22B_S40,20.972707002395207,16.417079702137784,1.277493158522231,0.5655661141180159,0.7225068414777689
2,Nottingham_15C_S25,Nottingham_22B_S40,15.511541672807292,10.814776670171746,1.4342914464049639,0.394416737973986,0.5657085535950361
2,Nottingham_16A_S26,Nottingham_22B_S40,18.129777939835318,13.621269251545613,1.3309903508278513,0.5026404952943777,0.6690096491721487
2,Nottingham_16B_S27,Nottingham_22B_S40,18.44241684332246,10.765561649967543,1.713093793241903,0.16747839954235566,0.28690620675809697
2,Nottingham_16C_S28,Nottingham_22B_S40,15.410014036500376,13.983762327542937,1.101993417475942,0.8148928734809457,0.898006582524058
2,Nottingham_18A_S29,Nottingham_22B_S40,13.458398494511192,12.560813393438227,1.0714591541931404,0.8666133862154501,0.9285408458068596
2,Nottingham_18B_S30,Nottingham_22B_S40,15.531471999397898,12.00830744191212,1.293393933702015,0.5463192983096052,0.706606066297985
2,Nottingham_18C_S31,Nottingham_22B_S40,17.438198459068545,14.132179448179238,1.2339355386062019,0.6208302114866633,0.7660644613937981
2,Nottingham_19A_S32,Nottingham_22B_S40,15.759378962510281,10.904588606859539,1.445206190777049,0.38388557478061514,0.5547938092229507
2,Nottingham_20A_S33,Nottingham_22B_S40,16.530303886778754,13.84330454734107,1.1941010060313804,0.6749001884246306,0.8058989939686196
2,Nottingham_20B_S34,Nottingham_22B_S40,14.730027407467626,13.107604743900996,1.1237772037886287,0.779712200298539,0.8762227962113713
2,Nottingham_20C_S35,Nottingham_22B_S40,15.905734767856032,13.030568801840214,1.2206477713858337,0.6384742977323812,0.7793522286141663
2,Nottingham_21A_S36,Nottingham_22B_S40,23.10175715806023,16.217547795459463,1.4244913873186293,0.4040098927973661,0.5755086126813707
2,Nottingham_21B_S37,Nottingham_22B_S40,14.559891152451138,13.096497838280763,1.1117392857419417,0.7989829321046791,0.8882607142580583
2,Nottingham_21C_S38,Nottingham_22B_S40,18.459325443146916,11.06727480026368,1.6679196799836504,0.19909850816053964,0.3320803200163496
2,Nottingham_22A_S39,Nottingham_22B_S40,12.193837103629258,11.781980333917609,1.0349564978075891,0.9324483726965538,0.9650435021924109
2,Nottingham_11A_S19,Nottingham_22C_S41,20.634301583296878,11.204190513230778,1.8416592933626301,0.08597719850139085,0.1583407066373701
2,Nottingham_11B_S20,Nottingham_22C_S41,19.554498937717685,12.215336912180456,1.600815358454749,0.24936332565585806,0.3991846415452507
2,Nottingham_11C_S21,Nottingham_22C_S41,14.719751384170403,11.796141111291197,1.2478446337065892,0.602763634170717,0.7521553662934108
2,Nottingham_14A_S22,Nottingham_22C_S41,18.816782506263475,12.190464721776916,1.543565642140728,0.2957012940675823,0.456434357859272
2,Nottingham_15A_S23,Nottingham_22C_S41,17.954867846238905,10.61953551759576,1.6907394693947826,0.1829143615579758,0.3092605306052174
2,Nottingham_15B_S24,Nottingham_22C_S41,17.94135290693135,12.704405502281402,1.4122150700959222,0.4162148828111243,0.5877849299040778
2,Nottingham_15C_S25,Nottingham_22C_S41,14.57677378706285,9.06891620403598,1.6073336062555834,0.24429676093139463,0.3926663937444166
2,Nottingham_16A_S26,Nottingham_22C_S41,14.543139007404626,10.963075814726285,1.3265564567080141,0.5076629342736041,0.6734435432919859
2,Nottingham_16B_S27,Nottingham_22C_S41,16.11421978753468,9.034283013641831,1.7836744502250033,0.12128084794156702,0.21632554977499674
2,Nottingham_16C_S28,Nottingham_22C_S41,13.203378418284371,11.19667954306336,1.1792226764643108,0.6960325135509129,0.8207773235356892
2,Nottingham_18A_S29,Nottingham_22C_S41,12.449282892019808,10.265532540411257,1.2127264555454875,0.6491765235717519,0.7872735444545125
2,Nottingham_18B_S30,Nottingham_22C_S41,14.794586531723516,9.89350997895165,1.4953829897780322,0.33745001358940896,0.504617010221968
2,Nottingham_18C_S31,Nottingham_22C_S41,15.86764254644042,11.291629923464363,1.405257049158772,0.42322716060898524,0.5947429508412281
2,Nottingham_19A_S32,Nottingham_22C_S41,14.691744478029323,9.13198693887623,1.6088223270977728,0.2431453531651877,0.39117767290222716
2,Nottingham_20A_S33,Nottingham_22C_S41,14.707077747650649,11.106450463775092,1.3241924407459789,0.5103544911291802,0.6758075592540211
2,Nottingham_20B_S34,Nottingham_22C_S41,11.865365361768019,10.62786569659811,1.1164391516131054,0.79140976658716,0.8835608483868946
2,Nottingham_20C_S35,Nottingham_22C_S41,15.111081006568785,10.577164059135361,1.428651472368677,0.39992156147365887,0.571348527631323
2,Nottingham_21A_S36,Nottingham_22C_S41,18.729911028243798,12.58458681211873,1.488321492622009,0.34379568521620674,0.511678507377991
2,Nottingham_21B_S37,Nottingham_22C_S41,11.812899950998615,10.620562581436321,1.1122668747930906,0.7981296083928149,0.8877331252069094
2,Nottingham_21C_S38,Nottingham_22C_S41,17.268333515671316,9.245804879597353,1.8676939152995988,0.0708392759737495,0.13230608470040095
2,Nottingham_22A_S39,Nottingham_22C_S41,10.670705344511557,9.739369144673141,1.0956259266903137,0.825440555282984,0.9043740733096863
2,Nottingham_22B_S40,Nottingham_22C_S41,10.868700278952339,9.927369271262867,1.0948217984007484,0.8267813108228963,0.9051782015992516
2,Nottingham_11A_S19,Nottingham_23a_S42,24.10432911831027,16.702825246064968,1.4431288577355517,0.3858776292078645,0.5568711422644483
2,Nottingham_11B_S20,Nottingham_23a_S42,25.048937744836156,19.054119155889882,1.3146206098481963,0.5213514720653487,0.6853793901518037
2,Nottingham_11C_S21,Nottingham_23a_S42,20.233198066057756,18.053384317817205,1.1207426657443533,0.7845309731932784,0.8792573342556467
2,Nottingham_14A_S22,Nottingham_23a_S42,27.721484952032153,18.993670576337582,1.4595117273734193,0.37032129477935705,0.5404882726265807
2,Nottingham_15A_S23,Nottingham_23a_S42,21.5453073162501,15.435941620415367,1.395788339064108,0.4328820094177195,0.6042116609358921
2,Nottingham_15B_S24,Nottingham_23a_S42,25.826203584335367,20.27137556902653,1.2740232401296085,0.5698300760954225,0.7259767598703915
2,Nottingham_15C_S25,Nottingham_23a_S42,17.055664566487888,12.363300542886721,1.3795397521336596,0.4497588756733599,0.6204602478663404
2,Nottingham_16A_S26,Nottingham_23a_S42,21.01905468533097,16.172576163061102,1.2996726355408637,0.5388490496052434,0.7003273644591363
2,Nottingham_16B_S27,Nottingham_23a_S42,21.945503566313665,12.299024591069653,1.7843287818326943,0.12086966279039024,0.2156712181673055
2,Nottingham_16C_S28,Nottingham_23a_S42,19.772035496057857,16.686138483573185,1.1849377563012922,0.6878523697673984,0.8150622436987078
2,Nottingham_18A_S29,Nottingham_23a_S42,18.040147561605544,14.69914906315672,1.227291966636559,0.6296040831107836,0.7727080333634411
2,Nottingham_18B_S30,Nottingham_23a_S42,18.21925700484239,13.948138831165393,1.3062142000001973,0.5311424420280364,0.6937857999998027
2,Nottingham_18C_S31,Nottingham_23a_S42,20.994213198660944,16.897896230196565,1.242415796183211,0.6097670410696172,0.757584203816789
2,Nottingham_19A_S32,Nottingham_23a_S42,17.153367585527956,12.480813168273926,1.3743790051381914,0.4552026715504893,0.6256209948618086
2,Nottingham_20A_S33,Nottingham_23a_S42,20.74058645230852,16.486535404487505,1.258031838918873,0.5897848831224808,0.7419681610811271
2,Nottingham_20B_S34,Nottingham_23a_S42,17.74794892016009,15.45354775755551,1.1484708365095522,0.741446048450326,0.8515291634904478
2,Nottingham_20C_S35,Nottingham_23a_S42,20.615386109979536,15.346581564891324,1.343321053148524,0.4888473573106953,0.656678946851476
2,Nottingham_21A_S36,Nottingham_23a_S42,30.029515432540602,19.96802171311317,1.5038803474868,0.3298930352685885,0.4961196525132001
2,Nottingham_21B_S37,Nottingham_23a_S42,18.395655098661692,15.438111680211447,1.1915741691544581,0.6784519602495256,0.8084258308455419
2,Nottingham_21C_S38,Nottingham_23a_S42,19.965672562448546,12.694390648803934,1.57279487569021,0.2716216405030656,0.42720512430978985
2,Nottingham_22A_S39,Nottingham_23a_S42,15.911153316704905,13.64371038179535,1.1661896120233524,0.714986979287165,0.8338103879766476
2,Nottingham_22B_S40,Nottingham_23a_S42,16.08877984572072,14.015532510687134,1.1479249777668235,0.7422741370179136,0.8520750222331765
2,Nottingham_22C_S41,Nottingham_23a_S42,13.239318830645528,11.217038406854128,1.1802864847601569,0.694503856329775,0.8197135152398431
2,Nottingham_11A_S19,Nottingham_3A_S1,25.965599772132293,16.606746897679738,1.5635572657375874,0.2791344735662922,0.43644273426241265
2,Nottingham_11B_S20,Nottingham_3A_S1,28.60543183586048,18.929187677646624,1.5111811622873008,0.32346805923178024,0.4888188377126992
2,Nottingham_11C_S21,Nottingham_3A_S1,30.370903056961996,17.941192558169433,1.6928029147723938,0.18147244581564914,0.30719708522760625
2,Nottingham_14A_S22,Nottingham_3A_S1,31.45376819779836,18.869527940632544,1.6669080592136938,0.19982622253529136,0.3330919407863062
2,Nottingham_15A_S23,Nottingham_3A_S1,27.039363200789413,15.353849507898163,1.7610803848819876,0.1356665017503007,0.2389196151180124
2,Nottingham_15B_S24,Nottingham_3A_S1,36.41564369468514,20.130031141401176,1.8090207331964605,0.10557052404042233,0.19097926680353927
2,Nottingham_15C_S25,Nottingham_3A_S1,23.57716240164765,12.310581922786202,1.915194793351534,0.044280199039210766,0.08480520664846614
2,Nottingham_16A_S26,Nottingham_3A_S1,25.02923584647037,16.082484754249123,1.5563040306851492,0.2850959456292852,0.4436959693148508
2,Nottingham_16B_S27,Nottingham_3A_S1,20.186641950880006,12.24685155040809,1.6483127820886623,0.2133619430322542,0.3516872179113375
2,Nottingham_16C_S28,Nottingham_3A_S1,27.370384440481498,16.590251460165085,1.6497871961857016,0.21227756199344272,0.3502128038142984
2,Nottingham_18A_S29,Nottingham_3A_S1,25.074052167645274,14.624687898361815,1.7145016934312796,0.16651969937535882,0.2854983065687202
2,Nottingham_18B_S30,Nottingham_3A_S1,24.258956051243775,13.881074688465777,1.7476280904533499,0.14440824734121938,0.25237190954665034
2,Nottingham_18C_S31,Nottingham_3A_S1,30.408661723110864,16.799567199743176,1.8100860195717265,0.10491986478808779,0.18991398042827368
2,Nottingham_19A_S32,Nottingham_3A_S1,17.55595966596651,12.42708978646751,1.4127168925007756,0.4157118178573078,0.5872831074992244
2,Nottingham_20A_S33,Nottingham_3A_S1,29.3089645560825,16.392922266389643,1.7879035891101966,0.11862855032097075,0.21209641088980313
2,Nottingham_20B_S34,Nottingham_3A_S1,28.519028141845016,15.37126876985492,1.855346397805143,0.07796581941031655,0.144653602194857
2,Nottingham_20C_S35,Nottingham_3A_S1,27.045037434837848,15.265434680099094,1.7716519707162566,0.1288898909368894,0.22834802928374343
2,Nottingham_21A_S36,Nottingham_3A_S1,34.61098121476321,19.83086165831354,1.7453089941885358,0.14592889090672467,0.2546910058114642
2,Nottingham_21B_S37,Nottingham_3A_S1,26.069362925648086,15.355996545648958,1.6976666312831845,0.17808759573032096,0.3023333687168155
2,Nottingham_21C_S38,Nottingham_3A_S1,18.13298634609738,12.638816949404486,1.4347059870150083,0.3940138384458267,0.5652940129849917
2,Nottingham_22A_S39,Nottingham_3A_S1,23.916358414916314,13.579535006691778,1.7612059914518954,0.13558550771863365,0.23879400854810484
2,Nottingham_22B_S40,Nottingham_3A_S1,24.42203601766339,13.947820303354957,1.7509571737018295,0.14223239153910905,0.24904282629817032
2,Nottingham_22C_S41,Nottingham_3A_S1,19.69895200984919,11.1736250542439,1.7629866685357634,0.1344385273548816,0.23701333146423686
2,Nottingham_23a_S42,Nottingham_3A_S1,29.25565050316808,16.634987912367475,1.7586818011101546,0.13721538412321954,0.2413181988898454
2,Nottingham_11A_S19,Nottingham_3B_S2,26.16534664924672,16.606659493725353,1.5755936140638649,0.2693628497525329,0.4244063859361351
2,Nottingham_11B_S20,Nottingham_3B_S2,28.639895132283947,18.92907411759454,1.513010882326422,0.32186755783592136,0.4869891176735781
2,Nottingham_11C_S21,Nottingham_3B_S2,30.325889702040286,17.941090543088254,1.6903035871319,0.1832194022575504,0.3096964128680999
2,Nottingham_14A_S22,Nottingham_3B_S2,28.993234306881035,18.86941509527211,1.536520033106142,0.3016426450079621,0.46347996689385806
2,Nottingham_15A_S23,Nottingham_3B_S2,23.892777097007595,15.35377479481136,1.556150029312785,0.2852231226594679,0.443849970687215
2,Nottingham_15B_S24,Nottingham_3B_S2,35.64199473453561,20.12990271616977,1.7705994528182902,0.12956095000287582,0.22940054718170977
2,Nottingham_15C_S25,Nottingham_3B_S2,22.65917529238006,12.31053389199897,1.84063302949899,0.08658269625009862,0.1593669705010099
2,Nottingham_16A_S26,Nottingham_3B_S2,23.60211115864936,16.082402781723285,1.4675736877745524,0.3627935800844355,0.5324263122254476
2,Nottingham_16B_S27,Nottingham_3B_S2,16.318237808145945,12.246804015631655,1.3324486770032056,0.5009958991427543,0.6675513229967944
2,Nottingham_16C_S28,Nottingham_3B_S2,26.995010302814233,16.59016422976024,1.627169564384979,0.2291282013721414,0.37283043561502116
2,Nottingham_18A_S29,Nottingham_3B_S2,26.09617888304152,14.624620113075535,1.7844004617740143,0.12082463709499436,0.21559953822598565
2,Nottingham_18B_S30,Nottingham_3B_S2,23.863274855995094,13.881013621195756,1.719130569799083,0.1633787654847778,0.2808694302009169
2,Nottingham_18C_S31,Nottingham_3B_S2,29.936984923381523,16.79947775432301,1.7820187842254702,0.12232262516204195,0.21798121577453
2,Nottingham_19A_S32,Nottingham_3B_S2,17.071488199638416,12.427040842249289,1.3737371926548272,0.4558825448518893,0.6262628073451728
2,Nottingham_20A_S33,Nottingham_3B_S2,28.387783106449728,16.39283709872538,1.7317187339497817,0.15492196324417562,0.2682812660502185
2,Nottingham_20B_S34,Nottingham_3B_S2,28.492034953708508,15.371193887145253,1.853599347122676,0.07898182155954059,0.14640065287732407
2,Nottingham_20C_S35,Nottingham_3B_S2,26.848476670601045,15.265360825000286,1.758784281510787,0.13714912114293498,0.24121571848921275
2,Nottingham_21A_S36,Nottingham_3B_S2,31.256208217148156,19.83073702197725,1.5761495996093702,0.26891508299445444,0.4238504003906298
2,Nottingham_21B_S37,Nottingham_3B_S2,25.778924679621937,15.355921811665416,1.6787611317503903,0.19135472115360708,0.3212388682496097
2,Nottingham_21C_S38,Nottingham_3B_S2,17.53374436108691,12.638766323203104,1.3872987214659769,0.44165057536171703,0.6127012785340231
2,Nottingham_22A_S39,Nottingham_3B_S2,23.7655555557488,13.579476563737265,1.7501083671525688,0.14278637685391193,0.2498916328474312
2,Nottingham_22B_S40,Nottingham_3B_S2,24.780070543418727,13.947758647403878,1.7766345955542533,0.12572388548814883,0.22336540444574648
2,Nottingham_22C_S41,Nottingham_3B_S2,21.093661562239983,11.173585485625717,1.8878149354453833,0.05942588039126284,0.11218506455461696
2,Nottingham_23a_S42,Nottingham_3B_S2,29.423122286840723,16.63490021088719,1.7687585686618015,0.13073657164705632,0.2312414313381983
2,Nottingham_3A_S1,Nottingham_3B_S2,18.132034334295433,16.539599483931443,1.0962801337427228,0.8243512204968624,0.9037198662572772
2,Nottingham_11A_S19,Nottingham_3c_S3,28.00603003391775,18.017872635746457,1.554347208468737,0.28671379798745034,0.4456527915312629
2,Nottingham_11B_S20,Nottingham_3c_S3,31.574749425010395,20.784650876567106,1.5191378297630291,0.316536235762084,0.48086217023697087
2,Nottingham_11C_S21,Nottingham_3c_S3,32.421248412374254,19.599537057931975,1.6541843981592057,0.20905504986361967,0.3458156018407945
2,Nottingham_14A_S22,Nottingham_3c_S3,33.349616258200676,20.71274428564692,1.610101288283204,0.242157878236674,0.389898711716796
2,Nottingham_15A_S23,Nottingham_3c_S3,27.666222308198122,16.55239866603519,1.6714328156539642,0.19657815813403223,0.3285671843460358
2,Nottingham_15B_S24,Nottingham_3c_S3,38.789820047621774,22.24150791511481,1.7440283363728732,0.14677035819239115,0.25597166362712676
2,Nottingham_15C_S25,Nottingham_3c_S3,24.216706483028723,13.069352140530556,1.8529385559922356,0.07936660583384225,0.14706144400776466
2,Nottingham_16A_S26,Nottingham_3c_S3,26.945465146420954,17.402379886288784,1.5483781714046538,0.29167411226525175,0.45162182859534616
2,Nottingham_16B_S27,Nottingham_3c_S3,20.278428167677532,12.997546450853157,1.5601735484735628,0.28190867096596595,0.4398264515264372
2,Nottingham_16C_S28,Nottingham_3c_S3,28.942790371859807,17.998456398205818,1.6080706995931595,0.24372641109995863,0.3919293004068405
2,Nottingham_18A_S29,Nottingham_3c_S3,27.785728744377423,15.708084501160938,1.768880778704995,0.13065845029092826,0.23111922129500506
2,Nottingham_18B_S30,Nottingham_3c_S3,25.07910610107647,14.853435960266282,1.6884380266063954,0.18452674512419942,0.3115619733936046
2,Nottingham_18C_S31,Nottingham_3c_S3,32.11264490874859,18.245078400067932,1.7600716316258211,0.13631738848750774,0.23992836837417864
2,Nottingham_19A_S32,Nottingham_3c_S3,19.785652988700225,13.200741320098798,1.4988289300522513,0.33437509771730745,0.5011710699477487
2,Nottingham_20A_S33,Nottingham_3c_S3,30.990240074692327,17.766440534441195,1.7443133876262997,0.14658295589971027,0.25568661237370005
2,Nottingham_20B_S34,Nottingham_3c_S3,31.21668267811497,16.572645425848396,1.8836270176532126,0.061781329985261646,0.11637298234678739
2,Nottingham_20C_S35,Nottingham_3c_S3,29.066958439005468,16.449687598532076,1.7670219124160949,0.13184787689777333,0.23297808758390537
2,Nottingham_21A_S36,Nottingham_3c_S3,36.409093801539996,21.876854433527576,1.6642746292511277,0.20172474232809656,0.3357253707488721
2,Nottingham_21B_S37,Nottingham_3c_S3,28.213963676061407,16.554894017581734,1.7042672484702972,0.17352486929215138,0.2957327515297028
2,Nottingham_21C_S38,Nottingham_3c_S3,19.954763309196462,13.439905006000645,1.484739907037071,0.3470372760379128,0.515260092962929
2,Nottingham_22A_S39,Nottingham_3c_S3,25.67915559694838,14.508695872740361,1.7699148029696878,0.1299978940479276,0.23008519703031216
2,Nottingham_22B_S40,Nottingham_3c_S3,26.692334901379308,14.929885824491949,1.7878458827589612,0.11866465632577206,0.2121541172410386
2,Nottingham_22C_S41,Nottingham_3c_S3,21.951860612775054,11.79517512635949,1.8610881464335123,0.07464012590305891,0.13891185356648794
2,Nottingham_23a_S42,Nottingham_3c_S3,31.36749239725758,18.051121816587585,1.7377032140148363,0.15094452485884857,0.2622967859851635
2,Nottingham_3A_S1,Nottingham_3c_S3,19.90683368784135,17.938958088201154,1.109698433429894,0.8022914512173647,0.890301566570106
2,Nottingham_3B_S2,Nottingham_3c_S3,19.25841926404027,17.93885609852908,1.0735589358799411,0.8629624635937689,0.9264410641200589
2,Nottingham_11A_S19,Nottingham_4a_S4,25.572393076848257,18.113839979392946,1.4117599087736488,0.41667148044835534,0.5882400912263512
2,Nottingham_11B_S20,Nottingham_4a_S4,33.11050055526134,20.912458648399628,1.5832906647633798,0.2631919359537793,0.41670933523662024
2,Nottingham_11C_S21,Nottingham_4a_S4,31.08137378763942,19.713145650189112,1.5766826025222034,0.26848612193768107,0.4233173974777966
2,Nottingham_14A_S22,Nottingham_4a_S4,29.06030055598036,20.839666559407505,1.3944705148298964,0.43423613388051363,0.6055294851701036
2,Nottingham_15A_S23,Nottingham_4a_S4,26.834931424726733,16.633354886757466,1.6133204400088392,0.23967932867015684,0.38667955999116077
2,Nottingham_15B_S24,Nottingham_4a_S4,34.174360843470026,22.38792355762226,1.5264640669114184,0.3102175435067487,0.47353593308858155
2,Nottingham_15C_S25,Nottingham_4a_S4,21.25606873422487,13.119770619090199,1.620155515775236,0.23444939731172054,0.3798444842247639
2,Nottingham_16A_S26,Nottingham_4a_S4,26.748895836775688,17.49188641776688,1.5292173295617941,0.3078585766309039,0.4707826704382059
2,Nottingham_16B_S27,Nottingham_4a_S4,20.113411055828646,13.047411375619573,1.5415633397911113,0.29738425167207794,0.45843666020888874
2,Nottingham_16C_S28,Nottingham_4a_S4,28.6213884717715,18.094216472954283,1.581797615528274,0.26438425520831155,0.418202384471726
2,Nottingham_18A_S29,Nottingham_4a_S4,27.145221644334033,15.780974253482546,1.7201233085050895,0.1627073420324403,0.27987669149491046
2,Nottingham_18B_S30,Nottingham_4a_S4,24.35081707279338,14.918593434517497,1.6322461751958686,0.22530536777640253,0.36775382480413144
2,Nottingham_18C_S31,Nottingham_4a_S4,29.331657839953287,18.343487913866063,1.5990229326987009,0.2507638002567998,0.4009770673012991
2,Nottingham_19A_S32,Nottingham_4a_S4,21.254877526206048,13.252180626234095,1.6038777410058664,0.2469778393119333,0.39612225899413356
2,Nottingham_20A_S33,Nottingham_4a_S4,27.5511281315366,17.859741260585633,1.5426387050936023,0.2964798519551255,0.45736129490639765
2,Nottingham_20B_S34,Nottingham_4a_S4,27.537300743765005,16.653800303192924,1.6535145277612977,0.2095448612161943,0.3464854722387023
2,Nottingham_20C_S35,Nottingham_4a_S4,27.99298068937326,16.52963980967705,1.6935021580437073,0.1809846184727344,0.3064978419562927
2,Nottingham_21A_S36,Nottingham_4a_S4,32.67903672288517,22.018493124820527,1.4841631776357784,0.3475607198299664,0.5158368223642216
2,Nottingham_21B_S37,Nottingham_4a_S4,26.39545726988796,16.635874708911274,1.5866588160674717,0.2605104385056094,0.41334118393252806
2,Nottingham_21C_S38,Nottingham_4a_S4,21.888547563231082,13.493228858685022,1.6221875277200495,0.23290308045393382,0.37781247227995074
2,Nottingham_22A_S39,Nottingham_4a_S4,24.26116375502999,14.570857578719833,1.6650470724840842,0.20116724208655512,0.33495292751591577
2,Nottingham_22B_S40,Nottingham_4a_S4,24.603973170165577,14.995717235460514,1.6407333363144732,0.21896712630495818,0.3592666636855266
2,Nottingham_22C_S41,Nottingham_4a_S4,20.649396291863077,11.83622644319832,1.7445928726489714,0.14639927249228135,0.25540712735102855
2,Nottingham_23a_S42,Nottingham_4a_S4,28.972683648145043,18.147444619367498,1.5965158872684766,0.25272790327308026,0.4034841127315234
2,Nottingham_3A_S1,Nottingham_4a_S4,32.565137111678084,18.034084419514954,1.8057549445891945,0.10756999779668108,0.1942450554108055
2,Nottingham_3B_S2,Nottingham_4a_S4,30.047823081190927,18.033981345320697,1.666178006166535,0.20035193874723345,0.3338219938334652
2,Nottingham_3c_S3,Nottingham_4a_S4,33.69546942256467,19.71044804476233,1.7095232612694762,0.1699168097395869,0.2904767387305236
2,Nottingham_11A_S19,Nottingham_4b_S5,31.950334695238908,21.653749069084284,1.4755105267593303,0.3554630507398737,0.5244894732406697
2,Nottingham_11B_S20,Nottingham_4b_S5,37.374798831556845,25.777608216929185,1.4498939745314043,0.3794112087722732,0.5501060254685957
2,Nottingham_11C_S21,Nottingham_4b_S5,34.99858146142137,23.97935197727678,1.4595299111746882,0.3703042223987858,0.5404700888253118
2,Nottingham_14A_S22,Nottingham_4b_S5,35.715280870036864,25.667096662707348,1.3914811378697494,0.4373173631816858,0.6085188621302506
2,Nottingham_15A_S23,Nottingham_4b_S5,28.602991742224486,19.571334482127853,1.4614737573640755,0.36848163706149206,0.5385262426359245
2,Nottingham_15B_S24,Nottingham_4b_S5,39.76849361733554,28.05685631693982,1.4174251444316164,0.411009257072263,0.5825748555683836
2,Nottingham_15C_S25,Nottingham_4b_S5,24.477426333502304,14.881878432503992,1.644780693816203,0.2159675800666292,0.3552193061837967
2,Nottingham_16A_S26,Nottingham_4b_S5,29.10727749516886,20.77087516718608,1.4013505574937286,0.4271946368487105,0.5986494425062714
2,Nottingham_16B_S27,Nottingham_4b_S5,20.592050230237195,14.788845769568912,1.3924041504719433,0.43636457800137785,0.6075958495280567
2,Nottingham_16C_S28,Nottingham_4b_S5,32.47237553806549,21.625712180104173,1.501563290384505,0.33194518859598676,0.4984367096154949
2,Nottingham_18A_S29,Nottingham_4b_S5,29.07386140401983,18.401831337675535,1.5799439126743107,0.26586772097161115,0.42005608732568933
2,Nottingham_18B_S30,Nottingham_4b_S5,27.265391287942084,17.239767845162138,1.5815405133540332,0.26458979906782387,0.41845948664596677
2,Nottingham_18C_S31,Nottingham_4b_S5,32.95445674846893,21.98274084267431,1.4991059115110714,0.33412855265445285,0.5008940884889286
2,Nottingham_19A_S32,Nottingham_4b_S5,23.359756527869507,15.052476032521119,1.5518879736064932,0.2887528185118424,0.4481120263935068
2,Nottingham_20A_S33,Nottingham_4b_S5,32.29422377568714,21.291623932402008,1.516757194200728,0.31860261329033746,0.4832428057992719
2,Nottingham_20B_S34,Nottingham_4b_S5,30.966601129255615,19.599646539717263,1.57995712149727,0.2658571380118657,0.4200428785027299
2,Nottingham_20C_S35,Nottingham_4b_S5,30.62700077609206,19.4279028261742,1.5764439965609618,0.26867811629403415,0.423556003439038
2,Nottingham_21A_S36,Nottingham_4b_S5,38.8538776617929,27.47906342605799,1.4139447571181898,0.41448241873060865,0.5860552428818102
2,Nottingham_21B_S37,Nottingham_4b_S5,30.126618983975344,19.574823174552613,1.5390493551502489,0.2995034846070619,0.4609506448497511
2,Nottingham_21C_S38,Nottingham_4b_S5,24.35379662699405,15.364235475704849,1.5850965487677022,0.26175279452526423,0.41490345123229777
2,Nottingham_22A_S39,Nottingham_4b_S5,27.33711533892343,16.777083960376732,1.6294318728741446,0.2274216757968608,0.3705681271258554
2,Nottingham_22B_S40,Nottingham_4b_S5,27.22458995313736,17.342840854476997,1.5697883744409395,0.27405708474065804,0.43021162555906045
2,Nottingham_22C_S41,Nottingham_4b_S5,22.03265405752137,13.251815250320778,1.6626140374986016,0.20292500537827451,0.3373859625013984
2,Nottingham_23a_S42,Nottingham_4b_S5,33.8084748896189,21.70178894485401,1.5578658043135962,0.283807626088314,0.4421341956864038
2,Nottingham_3A_S1,Nottingham_4b_S5,35.46616015342401,21.5398729703092,1.6465352512668463,0.2146718380072321,0.3534647487331537
2,Nottingham_3B_S2,Nottingham_4b_S5,31.94653554844386,21.539725926229064,1.4831449414842532,0.3484858721889348,0.5168550585157468
2,Nottingham_3c_S3,Nottingham_4b_S5,38.69810426315674,23.97536054661873,1.6140780943798727,0.23909741849783184,0.3859219056201273
2,Nottingham_4a_S4,Nottingham_4b_S5,29.23078574140144,24.145581196710864,1.2106060112308785,0.6520651487320044,0.7893939887691215
2,Nottingham_11A_S19,Nottingham_4c_S6,25.55107944931829,16.391816734215737,1.5587704440340533,0.2830625623257632,0.4412295559659467
2,Nottingham_11B_S20,Nottingham_4c_S6,26.375622891420686,18.650442836922455,1.4142089344497826,0.41421819031155205,0.5857910655502174
2,Nottingham_11C_S21,Nottingham_4c_S6,21.523576590857132,17.690593506449403,1.216667862670088,0.6438340005223928,0.783332137329912
2,Nottingham_14A_S22,Nottingham_4c_S6,24.719412137214192,18.592524533293975,1.32953500171258,0.5042853309042568,0.67046499828742
2,Nottingham_15A_S23,Nottingham_4c_S6,21.853566441744224,15.16994724950057,1.440582889466784,0.38832691587797363,0.559417110533216
2,Nottingham_15B_S24,Nottingham_4c_S6,26.68061356177351,19.815092276169473,1.3464794001419222,0.48535506728821476,0.6535205998580778
2,Nottingham_15C_S25,Nottingham_4c_S6,19.11513285759408,12.192075486585376,1.5678325547299936,0.27564642918416293,0.4321674452700064
2,Nottingham_16A_S26,Nottingham_4c_S6,18.871180363809263,15.88082835298291,1.1882994982604085,0.6830773747930274,0.8117005017395915
2,Nottingham_16B_S27,Nottingham_4c_S6,17.146104169690947,12.129563079764578,1.4135797024952472,0.41484770647852764,0.5864202975047528
2,Nottingham_16C_S28,Nottingham_4c_S6,19.077002538030452,16.375745306158098,1.1649547658057766,0.7168048568964296,0.8350452341942234
2,Nottingham_18A_S29,Nottingham_4c_S6,17.903695897285857,14.457743126331069,1.2383465206736777,0.615056825057313,0.7616534793263223
2,Nottingham_18B_S30,Nottingham_4c_S6,19.039155597658013,13.730588050070391,1.3866234663970132,0.4423526274200289,0.6133765336029868
2,Nottingham_18C_S31,Nottingham_4c_S6,21.206226973111576,16.579650016420146,1.279051545244282,0.5636586402137735,0.7209484547557179
2,Nottingham_19A_S32,Nottingham_4c_S6,14.730742587631669,12.306340636901226,1.1970042941490457,0.6708377820998599,0.8029957058509543
2,Nottingham_20A_S33,Nottingham_4c_S6,19.808672908442972,16.183456346825007,1.224007559567409,0.6339768364721896,0.7759924404325911
2,Nottingham_20B_S34,Nottingham_4c_S6,17.448003039819834,15.186951497524456,1.148881198617375,0.7408240315943082,0.851118801382625
2,Nottingham_20C_S35,Nottingham_4c_S6,20.458080131436734,15.0836317788126,1.3563099677475166,0.47458917766525577,0.6436900322524834
2,Nottingham_21A_S36,Nottingham_4c_S6,27.01555485523448,19.52514329410752,1.3836290186606461,0.44547416469770296,0.6163709813393539
2,Nottingham_21B_S37,Nottingham_4c_S6,17.52938016157181,15.172043159045053,1.1553737342963855,0.7310416020647952,0.8446262657036145
2,Nottingham_21C_S38,Nottingham_4c_S6,17.03953722939348,12.51393888288156,1.361644593989724,0.46881205920250113,0.6383554060102761
2,Nottingham_22A_S39,Nottingham_4c_S6,15.656432121697543,13.435481496076566,1.1653048777053163,0.7162890486980029,0.8346951222946837
2,Nottingham_22B_S40,Nottingham_4c_S6,16.048551315190473,13.795890908686827,1.1632848810862384,0.7192693144369449,0.8367151189137616
2,Nottingham_22C_S41,Nottingham_4c_S6,13.05221079698529,11.075910502467451,1.1784323098383258,0.6971700311529889,0.8215676901616742
2,Nottingham_23a_S42,Nottingham_4c_S6,18.97069440586971,16.41933086419699,1.155387790329268,0.7310205428343937,0.844612209670732
2,Nottingham_3A_S1,Nottingham_4c_S6,24.444474143947378,16.326477217262106,1.497228937918221,0.335801058441231,0.5027710620817787
2,Nottingham_3B_S2,Nottingham_4c_S6,23.106962357498933,16.326392738613052,1.4153133963786968,0.41311458304380944,0.5846866036213032
2,Nottingham_3c_S3,Nottingham_4c_S6,27.158784672659845,17.68842101803256,1.535399041269578,0.3025929717568774,0.46460095873042206
2,Nottingham_4a_S4,Nottingham_4c_S6,25.759582562624644,17.780901969378046,1.448721926873414,0.38052718254657547,0.551278073126586
2,Nottingham_4b_S5,Nottingham_4c_S6,27.302925728938174,21.17966938874454,1.2891101002477263,0.5514578619899597,0.7108898997522737
2,Nottingham_11A_S19,Nottingham_5A_S7,28.13332106260098,18.186176098375846,1.546961874250931,0.29285668463448,0.453038125749069
2,Nottingham_11B_S20,Nottingham_5A_S7,30.42641717219071,21.008933113379097,1.4482609377633882,0.3809666116443673,0.5517390622366118
2,Nottingham_11C_S21,Nottingham_5A_S7,29.34728229052052,19.79884926997361,1.4822721204826688,0.349279914506349,0.5177278795173312
2,Nottingham_14A_S22,Nottingham_5A_S7,26.39996207783028,20.93546903822804,1.2610160311968226,0.5860226599195668,0.7389839688031774
2,Nottingham_15A_S23,Nottingham_5A_S7,25.665278323121935,16.694329931980754,1.5373649872556936,0.30092724667168524,0.4626350127443064
2,Nottingham_15B_S24,Nottingham_5A_S7,33.169160330374446,22.49852765055733,1.4742813772328245,0.35659313811175664,0.5257186227671755
2,Nottingham_15C_S25,Nottingham_5A_S7,21.36493800470206,13.157676687134725,1.6237621969836218,0.23170745304657014,0.3762378030163782
2,Nottingham_16A_S26,Nottingham_5A_S7,24.979678324529154,17.559331129458723,1.4225871213637262,0.4058892913938037,0.5774128786362738
2,Nottingham_16B_S27,Nottingham_5A_S7,20.29386484823375,13.084899873967116,1.550937725447111,0.28954242790337137,0.44906227455288894
2,Nottingham_16C_S28,Nottingham_5A_S7,24.971134285549596,18.166395634874938,1.3745783581643054,0.4549916257018045,0.6254216418356946
2,Nottingham_18A_S29,Nottingham_5A_S7,23.10647447793564,15.835849750783956,1.4591243818028619,0.37068506629218567,0.5408756181971381
2,Nottingham_18B_S30,Nottingham_5A_S7,21.644048536030034,14.967625939916214,1.4460575526749964,0.3830708164417733,0.5539424473250034
2,Nottingham_18C_S31,Nottingham_5A_S7,25.042057495690173,18.417673575539855,1.3596753896728864,0.47093932507020253,0.6403246103271136
2,Nottingham_19A_S32,Nottingham_5A_S7,14.872202964123447,13.290856809631405,1.1189800008488615,0.7873420422910098,0.8810199991511385
2,Nottingham_20A_S33,Nottingham_5A_S7,23.73343534633868,17.930058230512387,1.3236674996375877,0.510953468712942,0.6763325003624123
2,Nottingham_20B_S34,Nottingham_5A_S7,24.25928145025985,16.714925614798354,1.4513544367066875,0.37802314129294334,0.5486455632933123
2,Nottingham_20C_S35,Nottingham_5A_S7,23.90346255321787,16.589855445595923,1.440848151546943,0.3880713230278521,0.5591518484530571
2,Nottingham_21A_S36,Nottingham_5A_S7,32.329563415456846,22.125468385230526,1.4611922718453223,0.3687452627122261,0.5388077281546777
2,Nottingham_21B_S37,Nottingham_5A_S7,23.75765241132735,16.69686826388379,1.4228807484045622,0.4055991707263915,0.5771192515954378
2,Nottingham_21C_S38,Nottingham_5A_S7,16.412613229923117,13.5333269541808,1.212755243813335,0.649137375577356,0.7872447561866649
2,Nottingham_22A_S39,Nottingham_5A_S7,20.7994386496943,14.617627354157445,1.422901141598651,0.40557902550627634,0.577098858401349
2,Nottingham_22B_S40,Nottingham_5A_S7,21.822105988901956,15.045258854109424,1.4504307436984722,0.37890072220902726,0.5495692563015278
2,Nottingham_22C_S41,Nottingham_5A_S7,19.388071020766848,11.86706968673511,1.6337707228970464,0.22416197815905647,0.3662292771029536
2,Nottingham_23a_S42,Nottingham_5A_S7,25.621168251844573,18.220049919902667,1.4062073575252554,0.422265350339045,0.5937926424747446
2,Nottingham_3A_S1,Nottingham_5A_S7,25.392284733795062,18.10578368571326,1.4024405225735337,0.4260854330777044,0.5975594774264663
2,Nottingham_3B_S2,Nottingham_5A_S7,23.40466901803989,18.105679790294726,1.2926699957758894,0.5471852882293871,0.7073300042241106
2,Nottingham_3c_S3,Nottingham_5A_S7,26.751771672661572,19.79612815930207,1.3513638352604365,0.47998632774907546,0.6486361647395635
2,Nottingham_4a_S4,Nottingham_5A_S7,29.129799467861496,19.912033998626555,1.4629243536783205,0.3671246875966465,0.5370756463216795
2,Nottingham_4b_S5,Nottingham_5A_S7,36.61420356451186,24.274283812608235,1.5083536077589315,0.3259490279414936,0.49164639224106854
2,Nottingham_4c_S6,Nottingham_5A_S7,22.217437892818598,17.85059828965715,1.2446326746197436,0.606899803278131,0.7553673253802564
2,Nottingham_11A_S19,Nottingham_5B_S8,23.594165388140684,18.204539363863045,1.2960594561912577,0.5431390824286866,0.7039405438087423
2,Nottingham_11B_S20,Nottingham_5B_S8,27.635401266195206,21.03344310688672,1.3138790984319106,0.5222100742655555,0.6861209015680894
2,Nottingham_11C_S21,Nottingham_5B_S8,24.83687229538353,19.820615635382893,1.2530827877538695,0.5960637393998265,0.7469172122461305
2,Nottingham_14A_S22,Nottingham_5B_S8,26.641755390499018,20.959807818964922,1.2710877704896195,0.5734554658091042,0.7289122295103805
2,Nottingham_15A_S23,Nottingham_5B_S8,24.38101645795208,16.709802740178784,1.4590846365485712,0.37072240355497854,0.5409153634514288
2,Nottingham_15B_S24,Nottingham_5B_S8,31.615914497600397,22.526638846414755,1.4034900951338443,0.425018963036764,0.5965099048661557
2,Nottingham_15C_S25,Nottingham_5B_S8,21.883645913928788,13.167286265103307,1.6619708475486004,0.20339054258983613,0.33802915245139964
2,Nottingham_16A_S26,Nottingham_5B_S8,22.82128459853717,17.576449717923737,1.298401267877492,0.5403558587626902,0.7015987321225079
2,Nottingham_16B_S27,Nottingham_5B_S8,21.77964342225143,13.09440340389516,1.6632787879265039,0.20244424116853166,0.33672121207349615
2,Nottingham_16C_S28,Nottingham_5B_S8,21.58082181130264,18.184718955807664,1.1867558615422187,0.6852665866768506,0.8132441384577813
2,Nottingham_18A_S29,Nottingham_5B_S8,18.936122764811742,15.849771480704794,1.1947252859679531,0.6740250026428647,0.8052747140320469
2,Nottingham_18B_S30,Nottingham_5B_S8,20.129059854522854,14.980062359587103,1.343723368523926,0.4884015913163666,0.656276631476074
2,Nottingham_18C_S31,Nottingham_5B_S8,23.60185542780633,18.43650756200903,1.2801695412444174,0.5622930678821301,0.7198304587555826
2,Nottingham_19A_S32,Nottingham_5B_S8,15.688695366767542,13.300661978153034,1.1795424462734987,0.6955727251007828,0.8204575537265013
2,Nottingham_20A_S33,Nottingham_5B_S8,22.169019456737054,17.947907660561157,1.235186846066263,0.6191882275701532,0.76481315393373706
2,Nottingham_20B_S34,Nottingham_5B_S8,22.066892042055734,16.73043664168097,1.3189668933732377,0.516338287221926,0.6810331066267623
2,Nottingham_20C_S35,Nottingham_5B_S8,19.8559000364393,16.605135110933574,1.1957686525155267,0.6725643340729996,0.8042313474844733
2,Nottingham_21A_S36,Nottingham_5B_S8,33.705557122490845,22.152654495495554,1.5215132402911091,0.3144808385744593,0.4784867597088909
2,Nottingham_21B_S37,Nottingham_5B_S8,22.245366191083647,16.712345779825696,1.3310738351247575,0.5025462504208462,0.6689261648752425
2,Nottingham_21C_S38,Nottingham_5B_S8,17.856509598306886,13.543493281714937,1.3184567103093667,0.516925041498491,0.6815432896906333
2,Nottingham_22A_S39,Nottingham_5B_S8,18.570550480824043,14.629488724379616,1.2693916260980989,0.5755578963031851,0.7306083739019011
2,Nottingham_22B_S40,Nottingham_5B_S8,18.83997137589909,15.05782467100147,1.251174840160101,0.5984976166433134,0.748825159839899
2,Nottingham_22C_S41,Nottingham_5B_S8,17.414600690298172,11.874885996606285,1.4665067685934061,0.3637850454098426,0.5334932314065939
2,Nottingham_23a_S42,Nottingham_5B_S8,22.89428757084874,18.23848169110498,1.2552737644830614,0.5932779419026788,0.7447262355169386
2,Nottingham_3A_S1,Nottingham_5B_S8,26.636014849163683,18.123984878314406,1.4696555436345589,0.3608631006513696,0.5303444563654411
2,Nottingham_3B_S2,Nottingham_5B_S8,26.445526102575815,18.123880773905682,1.4591536124344535,0.3706576079150419,0.5408463875655467
2,Nottingham_3c_S3,Nottingham_5B_S8,29.66054500247103,19.817888538791006,1.4966551529651744,0.3363131754416495,0.5033448470348256
2,Nottingham_4a_S4,Nottingham_5B_S8,32.55998340259902,19.934050078735492,1.6333852515667229,0.22445087469819192,0.3666147484332771
2,Nottingham_4b_S5,Nottingham_5B_S8,36.79101168413326,24.307010858620618,1.5135967107648336,0.32135593700476695,0.4864032892351664
2,Nottingham_4c_S6,Nottingham_5B_S8,21.882647321391186,17.86828978696362,1.2246637804898581,0.6331012902169868,0.7753362195101419
2,Nottingham_5A_S7,Nottingham_5B_S8,23.431037091918686,20.021689510360453,1.170282711645989,0.7089887598074684,0.8297172883540109
2,Nottingham_11A_S19,Nottingham_5C_S9,21.114073936129266,11.856278457845299,1.7808348556589513,0.123068763869153,0.21916514434104872
2,Nottingham_11B_S20,Nottingham_5C_S9,20.29599478499526,12.994526622596313,1.5618879682544455,0.28050157287221134,0.43811203174555446
2,Nottingham_11C_S21,Nottingham_5C_S9,16.978999765739463,12.521182148671292,1.3560221043139462,0.474902211134576,0.6439778956860538
2,Nottingham_14A_S22,Nottingham_5C_S9,19.671336717583717,12.96638379970874,1.5171027652309341,0.31830225732635786,0.4828972347690659
2,Nottingham_15A_S23,Nottingham_5C_S9,17.684681182967772,11.20357107856519,1.5784860968840837,0.26703681707934,0.4215139031159165
2,Nottingham_15B_S24,Nottingham_5C_S9,20.168690536759726,13.54939548896251,1.488530654610338,0.34360686076938896,0.5114693453896619
2,Nottingham_15C_S25,Nottingham_5C_S9,15.4300448475013,9.491453867188843,1.6256776952624366,0.23025616075585997,0.37432230473756345
2,Nottingham_16A_S26,Nottingham_5C_S9,15.668844251729217,11.58661885209507,1.3523224032605514,0.4789372676056014,0.6476775967394486
2,Nottingham_16B_S27,Nottingham_5C_S9,15.602636880008992,9.453524994240034,1.6504570400475556,0.2117855548317531,0.34954295995244444
2,Nottingham_16C_S28,Nottingham_5C_S9,15.51164922363076,11.84786809167391,1.3092354762568275,0.527609078939798,0.6907645237431725
2,Nottingham_18A_S29,Nottingham_5C_S9,14.512557659539299,10.810280672458866,1.3424774156431154,0.4897829763802004,0.6575225843568846
2,Nottingham_18B_S30,Nottingham_5C_S9,15.047382404715187,10.398519055759152,1.4470697533011965,0.3821033819810036,0.5529302466988038
2,Nottingham_18C_S31,Nottingham_5C_S9,15.634130168097403,11.954236553811514,1.3078317546855458,0.5292486918402426,0.6921682453144542
2,Nottingham_19A_S32,Nottingham_5C_S9,11.669971421611567,9.560561074275517,1.22063666880512,0.6384892008510592,0.77936333119488
2,Nottingham_20A_S33,Nottingham_5C_S9,15.202364151265934,11.746885862705499,1.2941612210203755,0.5454025105335092,0.7058387789796245
2,Nottingham_20B_S34,Nottingham_5C_S9,13.34805596924953,11.212843111675133,1.1904256428372884,0.6800713358569404,0.8095743571627116
2,Nottingham_20C_S35,Nottingham_5C_S9,16.392510725348675,11.156421259659563,1.4693341479155377,0.36116076988837986,0.5306658520844623
2,Nottingham_21A_S36,Nottingham_5C_S9,21.523862661922436,13.413193525134357,1.604678454954808,0.2463556133782112,0.3953215450451919
2,Nottingham_21B_S37,Nottingham_5C_S9,14.223659551300289,11.204714224439972,1.2694352811136698,0.5755037139391692,0.7305647188863302
2,Nottingham_21C_S38,Nottingham_5C_S9,13.695415220887,9.685385917216191,1.4140288614150944,0.4143982874568011,0.5859711385849056
2,Nottingham_22A_S39,Nottingham_5C_S9,13.06328559585381,10.228375834186908,1.277161282262587,0.5659729337056396,0.7228387177374129
2,Nottingham_22B_S40,Nottingham_5C_S9,13.157923257697457,10.43592976514666,1.2608290352472051,0.5862578859534822,0.7391709647527949
2,Nottingham_22C_S41,Nottingham_5C_S9,10.628583516253048,8.8009979229849975,1.207656632720599,0.656099876249109,0.7923433672794009
2,Nottingham_23a_S42,Nottingham_5C_S9,14.282085311737882,11.870666335257747,1.2031409954905261,0.6623155619301218,0.7968590045094739
2,Nottingham_3A_S1,Nottingham_5C_S9,19.032489301444066,11.822057056892842,1.609913504041768,0.24230276656410443,0.39008649595823197
2,Nottingham_3B_S2,Nottingham_5C_S9,19.429058836237274,11.822012762504487,1.6434645458901738,0.21694137242048672,0.35653545410982623
2,Nottingham_3c_S3,Nottingham_5C_S9,21.304452946313507,12.52009377277661,1.7016208770446588,0.17534994250514835,0.29837912295534097
2,Nottingham_4a_S4,Nottingham_5C_S9,20.93391674425909,12.566355982633938,1.6658701037268635,0.2005737995571355,0.3341298962731365
2,Nottingham_4b_S5,Nottingham_5C_S9,21.546928208377974,14.173834585351425,1.5201904663573962,0.31562461695493926,0.4798095336426036
2,Nottingham_4c_S6,Nottingham_5C_S9,13.342176214508834,11.71272769578931,1.1391177666757595,0.7557447162258892,0.8608822333242405
2,Nottingham_5A_S7,Nottingham_5C_S9,16.38674954093275,12.601127372059304,1.3004193241683575,0.5379654568568009,0.6995806758316425
2,Nottingham_5B_S8,Nottingham_5C_S9,17.037499525590196,12.609940930332604,1.3511165214586622,0.48025723039845936,0.6488834785413378
2,Nottingham_11A_S19,Nottingham_6A_S10,29.294463924231074,18.324260148872,1.5986710342591581,0.251039117579823,0.4013289657408421
2,Nottingham_11B_S20,Nottingham_6A_S10,29.849871667718528,21.193426521643264,1.4084495320865213,0.4200011817513527,0.5915504679134787
2,Nottingham_11C_S21,Nottingham_6A_S10,28.374992697720263,19.962618814211513,1.4214063275866355,0.40705719482460845,0.5785936724133645
2,Nottingham_14A_S22,Nottingham_6A_S10,26.302221723261088,21.11866880299241,1.2454488475871262,0.6058467626949959,0.7545511524128738
2,Nottingham_15A_S23,Nottingham_6A_S10,22.87239907059829,16.810616164784356,1.3605925473756537,0.469947784042807,0.6394074526243463
2,Nottingham_15B_S24,Nottingham_6A_S10,31.647842206585263,22.71024261151258,1.3935492785331107,0.4351842671148711,0.6064507214668893
2,Nottingham_15C_S25,Nottingham_6A_S10,21.782050315122625,13.229805426971037,1.64643769217622,0.21474381296291267,0.35356230782377973
2,Nottingham_16A_S26,Nottingham_6A_S10,26.464592996965756,17.68802653025954,1.4961868669572511,0.3367314231726537,0.5038131330427491
2,Nottingham_16B_S27,Nottingham_6A_S10,20.381428727347142,13.156230750849769,1.549184497697465,0.2910018160991006,0.4508155023025351
2,Nottingham_16C_S28,Nottingham_6A_S10,24.55837814152667,18.304178332537564,1.3416815382459217,0.49066670665733847,0.6583184617540783
2,Nottingham_18A_S29,Nottingham_6A_S10,19.467697521082542,15.940446341070356,1.221276813995118,0.6376303693652166,0.778723186004882
2,Nottingham_18B_S30,Nottingham_6A_S10,19.537221410719212,15.061033791020618,1.2972032120641874,0.5417784826615408,0.7027967879358126
2,Nottingham_18C_S31,Nottingham_6A_S10,22.201746210396518,18.55930911919788,1.1962593040400882,0.6718783237425734,0.8037406959599118
2,Nottingham_19A_S32,Nottingham_6A_S10,20.395648766496898,13.364457176633445,1.5261112738762679,0.31052042812059955,0.4738887261237321
2,Nottingham_20A_S33,Nottingham_6A_S10,21.892107269094037,18.06426601190921,1.2119012892448133,0.6502994243419644,0.7880987107551867
2,Nottingham_20B_S34,Nottingham_6A_S10,23.189734196238373,16.831499949453065,1.377758029045529,0.4516337105910697,0.6222419709544711
2,Nottingham_20C_S35,Nottingham_6A_S10,19.364689916956504,16.704685769403373,1.1592370059678252,0.725272735173113,0.8407629940321748
2,Nottingham_21A_S36,Nottingham_6A_S10,30.826140645216572,22.33018851101691,1.3804693422094518,0.44878262692816095,0.6195306577905482
2,Nottingham_21B_S37,Nottingham_6A_S10,23.469148447375478,16.813189984645312,1.3958771933707248,0.43279079957632693,0.6041228066292752
2,Nottingham_21C_S38,Nottingham_6A_S10,19.696155177460607,13.609644965862886,1.4472203519536722,0.38195955944103743,0.5527796480463278
2,Nottingham_22A_S39,Nottingham_6A_S10,20.495129472586807,14.706704837690177,1.3935908620442372,0.43514144249355247,0.6064091379557628
2,Nottingham_22B_S40,Nottingham_6A_S10,19.992605550123226,15.139641234207465,1.3205468505390119,0.5145240770394883,0.6794531494609881
2,Nottingham_22C_S41,Nottingham_6A_S10,18.338216072117785,11.92571096780615,1.53770421919686,0.3006402499465055,0.46229578080314004
2,Nottingham_23a_S42,Nottingham_6A_S10,27.540618115989663,18.358650804115463,1.5001439054451582,0.33320542965277244,0.49985609455484203
2,Nottingham_3A_S1,Nottingham_6A_S10,30.711840522071764,18.24264503339007,1.6835190547126773,0.18798774174928234,0.31648094528732273
2,Nottingham_3B_S2,Nottingham_6A_S10,29.24036619732667,18.242539561351883,1.6028670843216624,0.24776409695031276,0.3971329156783374
2,Nottingham_3c_S3,Nottingham_6A_S10,32.946054367025276,19.959852504246907,1.6506161235417578,0.21166876506002064,0.3493838764582422
2,Nottingham_4a_S4,Nottingham_6A_S10,32.35903623448432,20.07768918175768,1.6116912629509828,0.24093245770783023,0.38830873704901725
2,Nottingham_4b_S5,Nottingham_6A_S10,35.21494522527772,24.520921184408483,1.4361183644140165,0.3926428695284221,0.5638816355859835
2,Nottingham_4c_S6,Nottingham_6A_S10,25.008228235670995,17.983614767716436,1.3906118741247118,0.4382158222680599,0.6093881258752882
2,Nottingham_5A_S7,Nottingham_6A_S10,29.448331540670825,20.166598990168183,1.4602527453948861,0.3696259132587034,0.5397472546051139
2,Nottingham_5B_S8,Nottingham_6A_S10,26.692275787969706,20.189181916119715,1.322107844630282,0.5127358998155598,0.6778921553697179
2,Nottingham_5C_S9,Nottingham_6A_S10,19.425314553335173,12.667267957694605,1.5335046687423597,0.30420209391355635,0.4664953312576403
2,Nottingham_11A_S19,Nottingham_6B_S11,27.08599111062772,16.678916728435034,1.6239658457224742,0.23155299433667254,0.3760341542775256
2,Nottingham_11B_S20,Nottingham_6B_S11,27.273226475611917,19.023011805119303,1.433696554205596,0.3949953315666508,0.5663034457944041
2,Nottingham_11C_S21,Nottingham_6B_S11,24.165489419610488,18.025456322207926,1.340631215523673,0.4918345752666713,0.659368784476327
2,Nottingham_14A_S22,Nottingham_6B_S11,24.325754961987226,18.962760126528412,1.282817205916987,0.5590685802895468,0.7171827940830131
2,Nottingham_15A_S23,Nottingham_6B_S11,20.904274311904423,15.415520188822844,1.3560537728114583,0.4748677671191981,0.6439462271885417
2,Nottingham_15B_S24,Nottingham_6B_S11,27.58781789928489,20.236170401125907,1.3632924289741082,0.46703668082791383,0.6367075710258918
2,Nottingham_15C_S25,Nottingham_6B_S11,19.88437932599967,12.350196564479297,1.6100455747554352,0.24220086149039521,0.3899544252445648
2,Nottingham_16A_S26,Nottingham_6B_S11,23.64165885312641,16.15016053453117,1.4638652540064494,0.36624596732944137,0.5361347459935506
2,Nottingham_16B_S27,Nottingham_6B_S11,20.342608898943233,12.286056440387112,1.6557476353496448,0.20791354751212388,0.34425236465035525
2,Nottingham_16C_S28,Nottingham_6B_S11,21.35211190472943,16.66227767900968,1.2814641741103483,0.5607147202445144,0.7185358258896517
2,Nottingham_18A_S29,Nottingham_6B_S11,17.800092275920303,14.680629457138151,1.2124883560265447,0.6495003766916294,0.7875116439734553
2,Nottingham_18B_S30,Nottingham_6B_S11,18.18307230671329,13.931462218758387,1.3051804628397303,0.5323551470028325,0.6948195371602697
2,Nottingham_18C_S31,Nottingham_6B_S11,20.094057472341518,16.87342640918128,1.1908700097454898,0.6794444260355803,0.8091299902545102
2,Nottingham_19A_S32,Nottingham_6B_S11,17.630215700308987,12.467459035061495,1.4140985465224774,0.41432858757853874,0.5859014534775226
2,Nottingham_20A_S33,Nottingham_6B_S11,18.09473937465743,16.46324164299061,1.099099422036452,0.8196715964915404,0.9009005779635479
2,Nottingham_20B_S34,Nottingham_6B_S11,18.69043943956742,15.433079745170726,1.2110634914211453,0.6514410798174275,0.7889365085788547
2,Nottingham_20C_S35,Nottingham_6B_S11,16.673926473368514,15.326395737315206,1.0879222198845142,0.8383667172569609,0.9120777801154858
2,Nottingham_21A_S36,Nottingham_6B_S11,28.290865917595053,19.933861438950046,1.4192366092359667,0.409208293377298,0.5807633907640333
2,Nottingham_21B_S37,Nottingham_6B_S11,20.087661603425378,15.417684510126106,1.3028974351000697,0.5350402465458757,0.6971025648999303
2,Nottingham_21C_S38,Nottingham_6B_S11,18.18975009137434,12.680575813683552,1.4344577374590406,0.39425508871578585,0.5655422625409594
2,Nottingham_22A_S39,Nottingham_6B_S11,17.50430325905196,13.627753367674762,1.284459938978088,0.5570746422743191,0.715540061021912
2,Nottingham_22B_S40,Nottingham_6B_S11,17.47217120710928,13.998694452356167,1.2481286213207177,0.6023989561938603,0.7518713786792823
2,Nottingham_22C_S41,Nottingham_6B_S11,15.705674430404152,11.206250593869388,1.4015101928022444,0.427032076021586,0.5984898071977556
2,Nottingham_23a_S42,Nottingham_6B_S11,22.726734402506555,16.70740394740258,1.360279219563598,0.47028637300041676,0.639720780436402
2,Nottingham_3A_S1,Nottingham_6B_S11,29.16655108697348,16.611273067973197,1.7558287656595726,0.13906323846374913,0.24417123434042742
2,Nottingham_3B_S2,Nottingham_6B_S11,28.09615136274505,16.611185616368537,1.6913995190722158,0.18245274250583976,0.30860048092778425
2,Nottingham_3c_S3,Nottingham_6B_S11,30.887093346661555,18.023200815157562,1.7137407313736095,0.1670376757614589,0.2862592686263905
2,Nottingham_4a_S4,Nottingham_6B_S11,29.064691564939125,18.11922507666345,1.6040802761688093,0.2468203927903201,0.3959197238311907
2,Nottingham_4b_S5,Nottingham_6B_S11,32.63833520123841,21.661445049090425,1.5067478244074448,0.32736212895249106,0.4932521755925552
2,Nottingham_4c_S6,Nottingham_6B_S11,21.15836363667386,16.39622648863741,1.2904410445498917,0.5498577082981764,0.7095589554501083
2,Nottingham_5A_S7,Nottingham_6B_S11,25.223351749738235,18.191604297848404,1.3865380610066098,0.44244147077219376,0.6134619389933902
2,Nottingham_5B_S8,Nottingham_6B_S11,23.505185309473575,18.209978532623346,1.2907859977629197,0.5494435200461034,0.7092140022370803
2,Nottingham_5C_S9,Nottingham_6B_S11,16.334153171194075,11.858585336122607,1.3774116143043114,0.4519987919588866,0.6225883856956886
2,Nottingham_6A_S10,Nottingham_6B_S11,19.776264337265623,18.32977110427059,1.0789149643367897,0.8537142092837708,0.9210850356632103
2,Nottingham_11A_S19,Nottingham_6C_S12,21.0751701941644,12.91380869197405,1.6319871772037826,0.22549982495987742,0.3680128227962174
2,Nottingham_11B_S20,Nottingham_6C_S12,23.763440284988818,14.275829719139411,1.6645925842845755,0.20149520001591203,0.33540741571542454
2,Nottingham_11C_S21,Nottingham_6C_S12,23.596378929199464,13.706581064661357,1.721536451568964,0.16175292029236532,0.27846354843103605
2,Nottingham_14A_S22,Nottingham_6C_S12,22.248935277034747,14.241870576606821,1.5622200157878163,0.2802294041735307,0.43777998421218345
2,Nottingham_15A_S23,Nottingham_6C_S12,17.549637756164476,12.14325463958759,1.445216976588123,0.3838752466924462,0.5547830234118769
2,Nottingham_15B_S24,Nottingham_6C_S12,25.773185128683362,14.948348712348073,1.7241493107123893,0.1599923438032369,0.2758506892876105
2,Nottingham_15C_S25,Nottingham_6C_S12,18.526873315697184,10.157344617078907,1.8239878643622531,0.09649852341495069,0.17601213563774687
2,Nottingham_16A_S26,Nottingham_6C_S12,21.54061234483511,12.594546374363194,1.7103126785639589,0.16937681926048365,0.28968732143604137
2,Nottingham_16B_S27,Nottingham_6C_S12,17.800458245010386,10.113919290729697,1.7599960740566798,0.13636617119839722,0.2400039259433202
2,Nottingham_16C_S28,Nottingham_6C_S12,22.696951591641774,12.903831706445597,1.7589311537831365,0.13705416820798755,0.24106884621686353
2,Nottingham_18A_S29,Nottingham_6C_S12,20.146533379565284,11.6825805411215,1.7244934292258058,0.15976087012281637,0.27550657077419416
2,Nottingham_18B_S30,Nottingham_6C_S12,17.238592229617364,11.20315991213277,1.538725892053755,0.29977665959112265,0.461274107946245
2,Nottingham_18C_S31,Nottingham_6C_S12,20.06229283042641,13.030106738692657,1.539687527720077,0.2989648639692106,0.460312472279923
2,Nottingham_19A_S32,Nottingham_6C_S12,16.64300881492212,10.23652910880644,1.625844916574722,0.23012962651661506,0.37415508342527803
2,Nottingham_20A_S33,Nottingham_6C_S12,16.691407588771554,12.784137776640875,1.305634207046018,0.5318226109631243,0.6943657929539819
2,Nottingham_20B_S34,Nottingham_6C_S12,18.79056436764116,12.154148012657888,1.5460206958210319,0.2936437431957386,0.45397930417896815
2,Nottingham_20C_S35,Nottingham_6C_S12,14.812163078450174,12.087883429345608,1.2253727598407234,0.6321564062350826,0.7746272401592766
2,Nottingham_21A_S36,Nottingham_6C_S12,25.393665766712115,14.782741418653261,1.717791378983989,0.16428573601465346,0.2822086210160111
2,Nottingham_21B_S37,Nottingham_6C_S12,21.758341825485616,12.14459759819414,1.7916066505753148,0.11631646341442559,0.20839334942468524
2,Nottingham_21C_S38,Nottingham_6C_S12,16.265237053152244,10.379761358272924,1.5670145479971418,0.2763123370847276,0.4329854520028582
2,Nottingham_22A_S39,Nottingham_6C_S12,20.283263239935316,11.005916176972093,1.8429418245410962,0.08522145049153251,0.15705817545890355
2,Nottingham_22B_S40,Nottingham_6C_S12,20.432424616008614,11.2465964247671,1.8167651655937977,0.10085774313396922,0.18323483440620225
2,Nottingham_22C_S41,Nottingham_6C_S12,18.116413062631437,9.370624867464299,1.9333196365093375,0.03449008753206262,0.06668036349066253
2,Nottingham_23a_S42,Nottingham_6C_S12,22.714971240374815,12.930879561990412,1.7566454881494826,0.13853365035359322,0.2433545118505176
2,Nottingham_3A_S1,Nottingham_6C_S12,22.6948832804635,12.873220668282855,1.7629530220342868,0.1344601784636228,0.2370469779657134
2,Nottingham_3B_S2,Nottingham_6C_S12,22.02051986996514,12.873168146810787,1.7105750207590138,0.16919747788235728,0.2894249792409862
2,Nottingham_3c_S3,Nottingham_6C_S12,23.733448006001733,13.70527686839732,1.7317014631589196,0.15493348163583454,0.2682985368410802
2,Nottingham_4a_S4,Nottingham_6C_S12,24.07801294241764,13.760731621049525,1.7497625566351407,0.1430122289541247,0.2502374433648593
2,Nottingham_4b_S5,Nottingham_6C_S12,27.434324398845796,15.71202293577058,1.7460720692042642,0.1454280927312801,0.25392793079573583
2,Nottingham_4c_S6,Nottingham_6C_S12,21.95478408967267,12.743691323174053,1.7227962866417283,0.16090336130142746,0.27720371335827165
2,Nottingham_5A_S7,Nottingham_6C_S12,22.081069385790535,13.80243781987088,1.5997948821766255,0.25016026884575937,0.40020511782337453
2,Nottingham_5B_S8,Nottingham_6C_S12,21.975641076565818,13.813012641125894,1.590937592508754,0.2571203354659526,0.4090624074912459
2,Nottingham_5C_S9,Nottingham_6C_S12,17.451625436247213,9.822444863782861,1.7767089231108364,0.12567679150178623,0.2232910768891636
2,Nottingham_6A_S10,Nottingham_6C_S12,17.730222456512266,13.881830086426074,1.2772251458292394,0.5658946322275062,0.7227748541707606
2,Nottingham_6B_S11,Nottingham_6C_S12,15.11596426000699,12.916545498723254,1.1702791788641274,0.7089939188196097,0.8297208211358726
2,Nottingham_11A_S19,Nottingham_7A_S13,15.813461153581231,10.055287300673106,1.5726513505509356,0.27173769271832215,0.42734864944906437
2,Nottingham_11B_S20,Nottingham_7A_S13,15.309338561793437,10.862227764807775,1.4094105641380243,0.4190329282959304,0.5905894358619757
2,Nottingham_11C_S21,Nottingham_7A_S13,15.21673592869699,10.529493222242442,1.4451536847522009,0.3839358547827654,0.5548463152477991
2,Nottingham_14A_S22,Nottingham_7A_S13,14.739719595902232,10.842556199959747,1.3594321600986448,0.4712025055041169,0.6405678399013552
2,Nottingham_15A_S23,Nottingham_7A_S13,15.58848139613007,9.581855154212679,1.6268750826687846,0.22935068666681402,0.37312491733121544
2,Nottingham_15B_S24,Nottingham_7A_S13,17.37299821544829,11.247240285572685,1.5446454218403582,0.2947955380058114,0.45535457815964175
2,Nottingham_15C_S25,Nottingham_7A_S13,14.447863554016209,8.30119347204243,1.7404561889414016,0.1491240128350837,0.25954381105859836
2,Nottingham_16A_S26,Nottingham_7A_S13,16.347897908144162,9.860656707196943,1.6578913954293137,0.20635163769705,0.3421086045706865
2,Nottingham_16B_S27,Nottingham_7A_S13,15.4697388608656,8.27216640086994,1.870095221880296,0.06946425861090155,0.12990477811970425
2,Nottingham_16C_S28,Nottingham_7A_S13,14.443243586561907,10.049237321355175,1.437247735792768,0.3915485480983032,0.562752264207232
2,Nottingham_18A_S29,Nottingham_7A_S13,11.710104210875095,9.292712598205657,1.2601384242891807,0.5871272246365797,0.7398615757108193
2,Nottingham_18B_S30,Nottingham_7A_S13,12.214921658876078,8.986808434418357,1.3592057456231568,0.47144757623361677,0.6407942543768432
2,Nottingham_18C_S31,Nottingham_7A_S13,12.803175838813665,10.125657342513964,1.2644291037834918,0.5817415100739882,0.7355708962165082
2,Nottingham_19A_S32,Nottingham_7A_S13,12.299142813772452,8.354006683221623,1.4722447898532725,0.358469742113555,0.5277552101467275
2,Nottingham_20A_S33,Nottingham_7A_S13,14.341410943605274,9.976494014113237,1.4375201271425824,0.3912848677642391,0.5624798728574176
2,Nottingham_20B_S34,Nottingham_7A_S13,14.594419505300426,9.588636395635653,1.5220537001427226,0.31401408492516425,0.47794629985727743
2,Nottingham_20C_S35,Nottingham_7A_S13,12.969154764396166,9.547346269291566,1.3584041469314494,0.47231588221949683,0.6415958530685506
2,Nottingham_21A_S36,Nottingham_7A_S13,17.410583705515492,11.15322945922642,1.5610351933639028,0.2812010955948816,0.4389648066360974
2,Nottingham_21B_S37,Nottingham_7A_S13,13.882579483614432,9.582691299015378,1.4487140460259704,0.3805346924648696,0.5512859539740296
2,Nottingham_21C_S38,Nottingham_7A_S13,11.673761551563981,8.449156707086471,1.381648128478073,0.44754656325055797,0.6183518715219269
2,Nottingham_22A_S39,Nottingham_7A_S13,12.393188437402365,8.859443924146575,1.398867529780792,0.42972794594310715,0.601132470219208
2,Nottingham_22B_S40,Nottingham_7A_S13,12.298491205326478,9.014737207599593,1.3642650830640541,0.4659907556294889,0.6357349169359459
2,Nottingham_22C_S41,Nottingham_7A_S13,12.053519307271204,7.768188104699432,1.5516513175034117,0.2889493776333565,0.4483486824965883
2,Nottingham_23a_S42,Nottingham_7A_S13,15.665296089718197,10.065634167663745,1.5563148658872972,0.28508699867731835,0.44368513411270283
2,Nottingham_3A_S1,Nottingham_7A_S13,17.45204363225832,10.030662063279099,1.7398695641584716,0.14951145833012291,0.2601304358415284
2,Nottingham_3B_S2,Nottingham_7A_S13,17.474120412405483,10.03063017566308,1.7420760317534436,0.14805551740870304,0.2579239682465564
2,Nottingham_3c_S3,Nottingham_7A_S13,18.816150579497464,10.528723544033127,1.7871255238875574,0.11911557037659781,0.2128744761124426
2,Nottingham_4a_S4,Nottingham_7A_S13,19.00392183928876,10.561420512734045,1.7993717621957652,0.11149904762282636,0.20062823780423455
2,Nottingham_4b_S5,Nottingham_7A_S13,20.117733624153185,11.674168378617022,1.7232690990650614,0.16058484486553803,0.27673090093493835
2,Nottingham_4c_S6,Nottingham_7A_S13,14.9070991703814,9.951845240231188,1.4979231298853175,0.33518199972859897,0.5020768701146825
2,Nottingham_5A_S7,Nottingham_7A_S13,16.730650866495413,10.585970784897663,1.5804550386974408,0.2654583338532266,0.41954496130255925
2,Nottingham_5B_S8,Nottingham_7A_S13,14.610309250234156,10.592190139023108,1.3793473359591362,0.44996111411582196,0.6206526640408638
2,Nottingham_5C_S9,Nottingham_7A_S13,12.861811233273729,8.076153260019945,1.5925665126917075,0.2558345187226503,0.40743348730829254
2,Nottingham_6A_S10,Nottingham_7A_S13,14.073284044161651,10.63260946279365,1.3235964410625487,0.5110345857340415,0.6764035589374513
2,Nottingham_6B_S11,Nottingham_7A_S13,13.062487208332469,10.056946520887966,1.2988522093860286,0.5398210709018281,0.7011477906139714
2,Nottingham_6C_S12,Nottingham_7A_S13,14.320763921592729,8.553272481191417,1.674302315643981,0.19452740482578101,0.3256976843560193
2,Nottingham_11A_S19,Nottingham_7B_S14,17.07356100505121,10.584282584595305,1.6131051744499532,0.2398447613200254,0.38689482555004684
2,Nottingham_11B_S20,Nottingham_7B_S14,16.10154159175288,11.482151203264568,1.4023105345603655,0.42621762491930104,0.5976894654396345
2,Nottingham_11C_S21,Nottingham_7B_S14,15.034953846212778,11.111002438742332,1.3531590807493876,0.4780228196764478,0.6468409192506124
2,Nottingham_14A_S22,Nottingham_7B_S14,14.923973540156908,11.460172466025446,1.3022468539980672,0.5358071273965761,0.6977531460019328
2,Nottingham_15A_S23,Nottingham_7B_S14,16.126089711071298,10.061022960661711,1.6028280398647146,0.2477944921457753,0.39717196013528544
2,Nottingham_15B_S24,Nottingham_7B_S14,17.376056921861032,11.913236282962103,1.4585505155061573,0.37122436195221176,0.5414494844938427
2,Nottingham_15C_S25,Nottingham_7B_S14,14.664993930899652,8.658446916442058,1.6937210648079843,0.18083198087091046,0.30627893519201543
2,Nottingham_16A_S26,Nottingham_7B_S14,16.348143908746874,10.368854174257896,1.5766586774200553,0.26850537065680813,0.4233413225799447
2,Nottingham_16B_S27,Nottingham_7B_S14,16.16651635868764,8.626872393848878,1.8739718893042479,0.06725186829912522,0.12602811069575215
2,Nottingham_16C_S28,Nottingham_7B_S14,14.423570050788886,10.57757951036989,1.3635983578897724,0.46670754509787393,0.63640164211022765
2,Nottingham_18A_S29,Nottingham_7B_S14,11.853484536817074,9.742718870094658,1.216650577201958,0.6438573551656728,0.783349422798042
2,Nottingham_18B_S30,Nottingham_7B_S14,12.34695125818221,9.407005253941453,1.3125273054364401,0.5237778229192438,0.6874726945635599
2,Nottingham_18C_S31,Nottingham_7B_S14,13.1279501472233,10.66228025270033,1.2312516493738301,0.6243633062478555,0.7687483506261699
2,Nottingham_19A_S32,Nottingham_7B_S14,14.062669189988336,8.715919461244727,1.6134464358600251,0.23958252071375896,0.3865535641399751
2,Nottingham_20A_S33,Nottingham_7B_S14,14.61014620557536,10.497016778765593,1.3918379396258767,0.43694890264134933,0.6081620603741233
2,Nottingham_20B_S34,Nottingham_7B_S14,14.02289266036763,10.068499655479446,1.3927489834829698,0.4360089461335841,0.6072510165170302
2,Nottingham_20C_S35,Nottingham_7B_S14,13.349491657893946,10.022983198482118,1.3318880610231487,0.5016276956965975,0.6681119389768513
2,Nottingham_21A_S36,Nottingham_7B_S14,17.59644843263609,11.807814456757807,1.4902375454049714,0.34206791807577286,0.5097624545950286
2,Nottingham_21B_S37,Nottingham_7B_S14,13.397869041114056,10.061944828082543,1.3315387104609302,0.5020216718353407,0.6684612895390698
2,Nottingham_21C_S38,Nottingham_7B_S14,12.519870323046817,8.819543383699497,1.4195599225903643,0.4088873376690352,0.5804400774096357
2,Nottingham_22A_S39,Nottingham_7B_S14,12.053544899608585,9.26754432913228,1.300619071410167,0.5377292582920108,0.6993809285898329
2,Nottingham_22B_S40,Nottingham_7B_S14,12.057777349274412,9.437611268136898,1.2776302187804316,0.5653981649785258,0.7223697812195684
2,Nottingham_22C_S41,Nottingham_7B_S14,11.092057587418696,8.080175028356463,1.372749667982732,0.45692987341167446,0.627250332017268
2,Nottingham_23a_S42,Nottingham_7B_S14,15.186585045904286,10.59574737876506,1.4332717177024932,0.39540882255456866,0.5667282822975068
2,Nottingham_3A_S1,Nottingham_7B_S14,19.070069608581736,10.557001705488316,1.806390691276264,0.1071801962104586,0.19360930872373583
2,Nottingham_3B_S2,Nottingham_7B_S14,19.068904384570818,10.556966383595814,1.8062863602750006,0.10724414687796635,0.19371363972499944
2,Nottingham_3c_S3,Nottingham_7B_S14,19.850544086330757,11.110145402899876,1.786704256917244,0.11937943409323593,0.21329574308275623
2,Nottingham_4a_S4,Nottingham_7B_S14,19.668347071162376,11.146559539518336,1.764521779247795,0.13345158077481356,0.23547822075220481
2,Nottingham_4b_S5,Nottingham_7B_S14,20.90405675126204,12.3933007380052,1.6867223020867896,0.18573163912377733,0.3132776979132106
2,Nottingham_4c_S6,Nottingham_7B_S14,14.920331571591923,10.46973232707425,1.4250919799552684,0.4034181850232412,0.5749080200447316
2,Nottingham_5A_S7,Nottingham_7B_S14,17.345613301723592,11.173909031058349,1.5523317089400614,0.28838442742731085,0.44766829105993855
2,Nottingham_5B_S8,Nottingham_7B_S14,15.641542438531035,11.180838633791497,1.398959680113627,0.4296337688857159,0.601040319886373
2,Nottingham_5C_S9,Nottingham_7B_S14,12.26790946161618,8.41390536549625,1.4580517522724266,0.3716934236956455,0.5419482477275734
2,Nottingham_6A_S10,Nottingham_7B_S14,14.261727907603442,11.22588485608986,1.2704324060358314,0.5742671475459764,0.7295675939641686
2,Nottingham_6B_S11,Nottingham_7B_S14,13.524913036947774,10.586120991681764,1.277608015964981,0.5654253691335791,0.722391984035019
2,Nottingham_6C_S12,Nottingham_7B_S14,14.866591352244331,8.933048821531349,1.664223676513594,0.20176153495774596,0.33577632348640596
2,Nottingham_7A_S13,Nottingham_7B_S14,8.497119642187553,7.465051876021492,1.1382532611034049,0.7570782077630345,0.8617467388965951
2,Nottingham_11A_S19,Nottingham_7C_S15,13.427448990952065,8.00899012788815,1.676547077289591,0.192928028739475,0.32345292271040904
2,Nottingham_11B_S20,Nottingham_7C_S15,12.62451383362086,8.512691036688304,1.4830226751107578,0.3485970468055266,0.5169773248892422
2,Nottingham_11C_S21,Nottingham_7C_S15,10.342853696010373,8.306968925855646,1.2450815439814618,0.6063204933586088,0.7549184560185382
2,Nottingham_14A_S22,Nottingham_7C_S15,12.006925921180446,8.50060441304064,1.4124790824004012,0.41595017223274655,0.5875209175995988
2,Nottingham_15A_S23,Nottingham_7C_S15,12.592107930469666,7.705736791851973,1.6341212100294589,0.2238994192872299,0.36587878997054135
2,Nottingham_15B_S24,Nottingham_7C_S15,12.421744809420163,8.747358995823962,1.4200565925498625,0.40839457419706604,0.5799434074501375
2,Nottingham_15C_S25,Nottingham_7C_S15,11.212155931208736,6.85522530825039,1.6355634464289162,0.22282018735915954,0.36443655357108384
2,Nottingham_16A_S26,Nottingham_7C_S15,11.070056042828172,7.885027224572495,1.403933775691987,0.42456861899644593,0.596066224308013
2,Nottingham_16B_S27,Nottingham_7C_S15,12.434588214754658,6.835417783055489,1.8191409229702258,0.09942004753236722,0.18085907702977422
2,Nottingham_16C_S28,Nottingham_7C_S15,9.602907688915764,8.0051515211741,1.1995909963122504,0.6672349210258703,0.8004090036877496
2,Nottingham_18A_S29,Nottingham_7C_S15,8.625343298165022,7.51762554212909,1.1473494190191085,0.7431481350379201,0.8526505809808915
2,Nottingham_18B_S30,Nottingham_7C_S15,10.012620111419766,7.316159771661977,1.3685622545043528,0.4613876668141288,0.6314377454956472
2,Nottingham_18C_S31,Nottingham_7C_S15,10.383327453567595,8.05356973955468,1.2892826149589833,0.5512502664620411,0.7107173850410167
2,Nottingham_19A_S32,Nottingham_7C_S15,10.271002697578934,6.8912022255706695,1.4904515005331134,0.34187526349205477,0.5095484994668866
2,Nottingham_20A_S33,Nottingham_7C_S15,10.25104060497563,7.958923438964371,1.2879933678956854,0.5528030266705379,0.7120066321043146
2,Nottingham_20B_S34,Nottingham_7C_S15,9.087195534118193,7.710121878387703,1.1786059516893728,0.696919990208152,0.8213940483106272
2,Nottingham_20C_S35,Nottingham_7C_S15,10.08334789476629,7.683402796443153,1.3123544556891034,0.5239785191644899,0.6876455443108966
2,Nottingham_21A_S36,Nottingham_7C_S15,13.203900984365674,8.690388838505879,1.5193682618505013,0.31633656580671055,0.48063173814949867
2,Nottingham_21B_S37,Nottingham_7C_S15,9.01347739268865,7.706277550174832,1.1696279213930156,0.7099454992644321,0.8303720786069844
2,Nottingham_21C_S38,Nottingham_7C_S15,10.98373361420441,6.95581880632973,1.5790712668089222,0.26656728042535716,0.4209287331910778
2,Nottingham_22A_S39,Nottingham_7C_S15,7.991067006741976,7.231524859695993,1.105032086839554,0.8099021954376893,0.894967913160446
2,Nottingham_22B_S40,Nottingham_7C_S15,8.10417682108284,7.334659119552534,1.1049152644979705,0.8100935558245912,0.8950847355020295
2,Nottingham_22C_S41,Nottingham_7C_S15,7.2131384976157165,6.487622662472317,1.1118307695883962,0.7988349078883716,0.8881692304116038
2,Nottingham_23a_S42,Nottingham_7C_S15,9.970116882364792,8.015552857040769,1.2438464395636986,0.6079155242841197,0.7561535604363014
2,Nottingham_3A_S1,Nottingham_7C_S15,14.654861886603472,7.993359966138237,1.8333794485278947,0.09088165115295288,0.1666205514721053
2,Nottingham_3B_S2,Nottingham_7C_S15,14.910604311824688,7.993339716285182,1.865378532761051,0.07216844456748861,0.1346214672389492
2,Nottingham_3c_S3,Nottingham_7C_S15,15.486774717208924,8.30648987003083,1.8644186605324113,0.07272043685127638,0.13558133946758844
2,Nottingham_4a_S4,Nottingham_7C_S15,14.618205875123088,8.326827791081739,1.7555552056426085,0.13924073339973053,0.24444479435739153
2,Nottingham_4b_S5,Nottingham_7C_S15,15.318696773984668,9.003434457892396,1.7014281434076883,0.17548308328456352,0.29857185659231167
2,Nottingham_4c_S6,Nottingham_7C_S15,9.787322814248508,7.9432283011739155,1.2321593240373132,0.6231667130893168,0.7678406759626868
2,Nottingham_5A_S7,Nottingham_7C_S15,13.038032817454427,8.342080861083359,1.56292333226811,0.27965330013827705,0.4370766677318898
2,Nottingham_5B_S8,Nottingham_7C_S15,11.28876094163562,8.345942561805904,1.3526046768278914,0.47862862983024024,0.6473953231721086
2,Nottingham_5C_S9,Nottingham_7C_S15,8.588613657943965,6.701027509304894,1.2816860766528733,0.5604445085515835,0.7183139233471267
2,Nottingham_6A_S10,Nottingham_7C_S15,11.692168551497254,8.371016178679229,1.3967442305603133,0.4319013862671812,0.6032557694396867
2,Nottingham_6B_S11,Nottingham_7C_S15,10.390340284646026,8.01004271002596,1.2971641551474762,0.5418249047844046,0.7028358448525238
2,Nottingham_6C_S12,Nottingham_7C_S15,12.588961883981272,7.026229963229347,1.791709344821276,0.11625248022552515,0.20829065517872403
2,Nottingham_7A_S13,Nottingham_7C_S15,7.529926702819879,6.085037889793944,1.237449435680484,0.6162276553144033,0.7625505643195161
2,Nottingham_7B_S14,Nottingham_7C_S15,7.077461926773954,6.274822333190332,1.1279143138982763,0.7731843415371134,0.8720856861017237
2,Nottingham_11A_S19,Nottingham_9A_S16,22.172228364507507,14.5953739815899,1.5191271146922847,0.316545521870381,0.4808728853077153
2,Nottingham_11B_S20,Nottingham_9A_S16,23.162494773287577,16.359426029754367,1.4158500873539117,0.4125789289866193,0.5841499126460883
2,Nottingham_11C_S21,Nottingham_9A_S16,21.090742789539743,15.616209755519183,1.3505673348224407,0.48085915335938445,0.6494326651775593
2,Nottingham_14A_S22,Nottingham_9A_S16,21.771542536583027,16.314846101446605,1.3344620231908033,0.49873129788875015,0.6655379768091967
2,Nottingham_15A_S23,Nottingham_9A_S16,19.485517654314584,13.618668690411335,1.4307946024146982,0.39782467492166607,0.5692053975853018
2,Nottingham_15B_S24,Nottingham_9A_S16,24.036936554444445,17.24869746408666,1.3935508234457419,0.43518267604674143,0.6064491765542581
2,Nottingham_15C_S25,Nottingham_9A_S16,18.183096595227724,11.169527906838447,1.6279198858615396,0.22856168621685313,0.37208011413846065
2,Nottingham_16A_S26,Nottingham_9A_S16,20.80232246849381,14.188861794811576,1.4661022687598924,0.36416131576667365,0.5338977312401079
2,Nottingham_16B_S27,Nottingham_9A_S16,17.828709368483295,11.117039019408123,1.6037282353113935,0.24709408736678062,0.3962717646886065
2,Nottingham_16C_S28,Nottingham_9A_S16,18.0313252489332,14.58263081348997,1.236493296686421,0.6174774302130381,0.763506703313579
2,Nottingham_18A_S29,Nottingham_9A_S16,14.578399513626527,13.041907945774273,1.1178118703368163,0.7892098420795666,0.8821881296631837
2,Nottingham_18B_S30,Nottingham_9A_S16,16.387645610227104,12.447269974326296,1.3165654512216907,0.5191041190881356,0.6834345487783093
2,Nottingham_18C_S31,Nottingham_9A_S16,17.935440438173533,14.744105757558103,1.2164481680402688,0.6441308824707712,0.7835518319597312
2,Nottingham_19A_S32,Nottingham_9A_S16,13.667622061717717,11.265354689650469,1.2132438292665761,0.6484732514230298,0.7867561707334239
2,Nottingham_20A_S33,Nottingham_9A_S16,16.9977397118697,14.429950613912629,1.1779485714581266,0.6978669939081423,0.8220514285418734
2,Nottingham_20B_S34,Nottingham_9A_S16,17.680059161148865,13.632371474696335,1.2969173554260627,0.5421183097229514,0.7030826445739373
2,Nottingham_20C_S35,Nottingham_9A_S16,16.00581233511693,13.54906334730495,1.1813224224315588,0.6930178942031147,0.8186775775684412
2,Nottingham_21A_S36,Nottingham_9A_S16,26.018467779093715,17.02857424688924,1.5279299019321444,0.30896057304127567,0.4720700980678556
2,Nottingham_21B_S37,Nottingham_9A_S16,18.136112146661446,13.620357837883573,1.331544469134121,0.5020151758811056,0.668455530865879
2,Nottingham_21C_S38,Nottingham_9A_S16,15.83106784935405,11.439069272647133,1.383947196404254,0.44514184153583525,0.616052803595746
2,Nottingham_22A_S39,Nottingham_9A_S16,15.026459485751532,12.20426112842143,1.2312469659271492,0.6243694850398815,0.7687530340728508
2,Nottingham_22B_S40,Nottingham_9A_S16,14.82387757276257,12.50091248892168,1.1858236417461128,0.6865914370327624,0.8141763582538872
2,Nottingham_22C_S41,Nottingham_9A_S16,14.716099049782178,10.225488356777971,1.4391585552026571,0.3897009421024962,0.5608414447973427
2,Nottingham_23a_S42,Nottingham_9A_S16,19.404371891821718,14.617183806346995,1.3275041313632558,0.5065866483941839,0.6724958686367442
2,Nottingham_3A_S1,Nottingham_9A_S16,23.615830832691536,14.543548665572342,1.6238011351792845,0.23167791712325614,0.3761988648207155
2,Nottingham_3B_S2,Nottingham_9A_S16,22.82780611941769,14.543481630356919,1.5696245713109525,0.2741900429919988,0.43037542868904777
2,Nottingham_3c_S3,Nottingham_9A_S16,25.818984947747012,15.614516859888248,1.6535244208594615,0.2095376244642635,0.3464755791405385
2,Nottingham_4a_S4,Nottingham_9A_S16,26.457494123528058,15.686538849515909,1.6866368277502175,0.1857917288974258,0.3133631722497827
2,Nottingham_4b_S5,Nottingham_9A_S16,27.20443770058401,18.273551644482485,1.488732909171388,0.3434243225758862,0.5112670908286121
2,Nottingham_4c_S6,Nottingham_9A_S16,17.823132737232562,14.378440750576834,1.2395734034316297,0.6134583030445866,0.7604265965683703
2,Nottingham_5A_S7,Nottingham_9A_S16,20.151843248004802,15.740758419421201,1.280233309669573,0.5622152500595363,0.719766690330427
2,Nottingham_5B_S8,Nottingham_9A_S16,17.904046288259565,15.754513383920607,1.1364391810751082,0.7598830041286815,0.8635608189248918
2,Nottingham_5C_S9,Nottingham_9A_S16,14.071067406499179,10.765882966964206,1.307005421633984,0.5302155346070809,0.6929945783660161
2,Nottingham_6A_S10,Nottingham_9A_S16,19.922746913829613,15.844098516417011,1.257423822073971,0.5905536103978353,0.7425761779260289
2,Nottingham_6B_S11,Nottingham_9A_S16,18.237218774710218,14.598870033524165,1.2492212570446288,0.6009974123651576,0.7507787429553712
2,Nottingham_6C_S12,Nottingham_9A_S16,19.950283506710665,11.630745881323271,1.7153055969305426,0.16597299255532327,0.28469440306945737
2,Nottingham_7A_S13,Nottingham_9A_S16,12.342989423076933,9.259886288623754,1.33295259124736,0.5004284571954847,0.6670474087526399
2,Nottingham_7B_S14,Nottingham_9A_S16,13.31800395775915,9.706642477335953,1.3720505302276629,0.4576722620180338,0.6279494697723371
2,Nottingham_7C_S15,Nottingham_9A_S16,9.794094661630785,7.49612786297179,1.3065538422857135,0.530744417314756,0.6934461577142865
2,Nottingham_11A_S19,Nottingham_9B_S17,29.12674263497226,19.075013384975477,1.5269579133251918,0.30979379493484815,0.4730420866748082
2,Nottingham_11B_S20,Nottingham_9B_S17,31.075116420382617,22.20417167536841,1.3995170310656058,0.42906442408720147,0.6004829689343942
2,Nottingham_11C_S21,Nottingham_9B_S17,27.275558813346752,20.85689804565361,1.3077476216090882,0.5293470750412421,0.6922523783909118
2,Nottingham_14A_S22,Nottingham_9B_S17,30.437606770091815,22.122127116943737,1.3758896967362195,0.4536048963403443,0.6241103032637805
2,Nottingham_15A_S23,Nottingham_9B_S17,26.58505190267274,17.440331516144504,1.5243432659558662,0.31204043384930413,0.4756567340441338
2,Nottingham_15B_S24,Nottingham_9B_S17,33.76732787293276,23.87481841823248,1.4143490970865633,0.41407804064769227,0.5856509029134367
2,Nottingham_15C_S25,Nottingham_9B_S17,23.492123977243597,13.616735395379543,1.7252390749411926,0.15925962323115894,0.27476092505880745
2,Nottingham_16A_S26,Nottingham_9B_S17,24.051673078605376,18.386557587568173,1.3081118074471751,0.5289212960343721,0.6918881925528249
2,Nottingham_16B_S27,Nottingham_9B_S17,20.74687467713983,13.53880680703192,1.532400526342108,0.30514181222194403,0.4675994736578917
2,Nottingham_16C_S28,Nottingham_9B_S17,23.155340386310677,19.053253314557367,1.2152958869559125,0.6456897628524223,0.7847041130440875
2,Nottingham_18A_S29,Nottingham_9B_S17,19.56948993239602,16.505561144759312,1.185630089202362,0.6868667708538918,0.8143699107976381
2,Nottingham_18B_S30,Nottingham_9B_S17,22.605490480485347,15.564530600934983,1.4523721312306972,0.3770575439954629,0.5476278687693028
2,Nottingham_18C_S31,Nottingham_9B_S17,26.39351938499756,19.3298509552149,1.365427982147839,0.4647422098776455,0.634572017852161
2,Nottingham_19A_S32,Nottingham_9B_S17,18.90905225062375,13.759421072258874,1.3742621983382228,0.4553263579675175,0.6257378016617772
2,Nottingham_20A_S33,Nottingham_9B_S17,24.641404757147104,18.793442352608412,1.3111703696862662,0.5253547870202064,0.6888296303137338
2,Nottingham_20B_S34,Nottingham_9B_S17,22.408210669416466,17.462810238600113,1.2831961387225608,0.5586081812800865,0.7168038612774392
2,Nottingham_20C_S35,Nottingham_9B_S17,22.187597360216515,17.32634321015413,1.2805701174852315,0.5618043656426845,0.7194298825147685
2,Nottingham_21A_S36,Nottingham_9B_S17,34.37379413007193,23.455146901994308,1.4655117818575354,0.3647109663390089,0.5344882181424646
2,Nottingham_21B_S37,Nottingham_9B_S17,21.89321585130879,17.443101790912866,1.2551217159504422,0.5934709555124684,0.7448782840495578
2,Nottingham_21C_S38,Nottingham_9B_S17,21.561014404891974,14.019456216763752,1.5379351432411774,0.30044495620603806,0.46206485675882236
2,Nottingham_22A_S39,Nottingham_9B_S17,18.881605760933322,15.186412301204351,1.2433223454255833,0.6085933043497336,0.7566776545744167
2,Nottingham_22B_S40,Nottingham_9B_S17,18.74822102931388,15.648496306785907,1.198084509959196,0.6693313229365727,0.8019154900408041
2,Nottingham_22C_S41,Nottingham_9B_S17,15.642180821973467,12.239215463156997,1.2780378668110075,0.564898859366703,0.7219621331889925
2,Nottingham_23a_S42,Nottingham_9B_S17,24.546380618383015,19.11228263478439,1.2843249070473957,0.5572383506895531,0.7156750929526043
2,Nottingham_3A_S1,Nottingham_9B_S17,26.470093904736505,18.98658979120152,1.3941468265671846,0.4345691299420815,0.6058531734328154
2,Nottingham_3B_S2,Nottingham_9B_S17,26.676748226195482,18.98647554137329,1.4050395065721584,0.4234475191942131,0.5949604934278416
2,Nottingham_3c_S3,Nottingham_9B_S17,31.14908186916602,20.853878354313583,1.4936829178694666,0.33897226517976464,0.5063170821305334
2,Nottingham_4a_S4,Nottingham_9B_S17,35.641090265501745,20.982541558333594,1.6986069188241997,0.1774354489174157,0.3013930811758001
2,Nottingham_4b_S5,Nottingham_9B_S17,36.25118169270441,25.884175992729816,1.400515191323317,0.42804591652464885,0.5994848086766831
2,Nottingham_4c_S6,Nottingham_9B_S17,22.286216763072016,18.706164341227627,1.1913835651467093,0.6787204881021807,0.8086164348532907
2,Nottingham_5A_S7,Nottingham_9B_S17,28.689678362758066,21.079665228760486,1.361012048882764,0.469494705533116,0.638987951117236
2,Nottingham_5B_S8,Nottingham_9B_S17,25.403137554742216,21.104340635729436,1.2036925480502794,0.6615538604434876,0.7963074519497206
2,Nottingham_5C_S9,Nottingham_9B_S17,16.728419560701862,13.021552023954303,1.2846717142417776,0.556817961996162,0.7153282857582224
2,Nottingham_6A_S10,Nottingham_9B_S17,27.576290057335118,21.26540851137748,1.2967674729869954,0.5422965502004513,0.7032325270130046
2,Nottingham_6B_S11,Nottingham_9B_S17,25.56434646211915,19.08098523720249,1.339781260994634,0.49278099211152515,0.660218739005366
2,Nottingham_6C_S12,Nottingham_9B_S17,25.150186119187325,14.308454155274829,1.757715113474762,0.1378408165622893,0.24228488652523827
2,Nottingham_7A_S13,Nottingham_9B_S17,16.063027562919668,10.881105107040083,1.4762312655657446,0.3548012744693687,0.5237687344342552
2,Nottingham_7B_S14,Nottingham_9B_S17,16.474095120454866,11.503246840058388,1.4321256728218872,0.3965254851267086,0.5678743271781128
2,Nottingham_7C_S15,Nottingham_9B_S17,11.589872979690615,8.524280773028549,1.3596305997289326,0.4709877818274588,0.6403694002710674
2,Nottingham_9A_S16,Nottingham_9B_S17,18.975330470208032,16.40228298382328,1.1568713019353718,0.7288007720946381,0.8431286980646282
2,Nottingham_11A_S19,Nottingham_9C_S18,21.60222871325923,14.559955837754911,1.4836740546453615,0.3480049703221739,0.5163259453546385
2,Nottingham_11B_S20,Nottingham_9C_S18,22.32084673212048,16.31494200142083,1.36812295932015,0.4618569086756963,0.63187704067985
2,Nottingham_11C_S21,Nottingham_9C_S18,21.520591686702286,15.575670767373019,1.3816799294308615,0.4475132463014322,0.6183200705691385
2,Nottingham_14A_S22,Nottingham_9C_S18,21.88281197612066,16.27060385558934,1.3449293075009872,0.4870670070505041,0.6550706924990128
2,Nottingham_15A_S23,Nottingham_9C_S18,20.876703269693504,13.58782721241253,1.5364269020599968,0.30172154452545574,0.46357309794000323
2,Nottingham_15B_S24,Nottingham_9C_S18,24.867642482117216,17.199253144415913,1.4458559492852747,0.383263665366286,0.5541440507147253
2,Nottingham_15C_S25,Nottingham_9C_S18,18.567910254797912,11.148773400009535,1.6654666471902668,0.20086463657144327,0.3345333528097332
2,Nottingham_16A_S26,Nottingham_9C_S18,21.382423479458073,14.155386854342343,1.5105502731561693,0.3240208125090509,0.4894497268438307
2,Nottingham_16B_S27,Nottingham_9C_S18,20.01211987397421,11.096478937749795,1.8034657647926269,0.10897586139095461,0.19653423520737334
2,Nottingham_16C_S28,Nottingham_9C_S18,18.851928851064176,14.547274414651568,1.2959079696796736,0.5433194692786449,0.7040920303203264
2,Nottingham_18A_S29,Nottingham_9C_S18,15.047958864381906,13.01362075698703,1.156323758420779,0.729619395463647,0.8436762415792209
2,Nottingham_18B_S30,Nottingham_9C_S18,16.498782727805892,12.421500907204006,1.3282438934764489,0.5057475587298546,0.6717561065235511
2,Nottingham_18C_S31,Nottingham_9C_S18,18.24515622925607,14.707962983931447,1.2404951147340413,0.6122594730482227,0.7595048852659587
2,Nottingham_19A_S32,Nottingham_9C_S18,13.264827025951357,11.244242873277255,1.1796994404555388,0.695347078598006,0.8203005595444612
2,Nottingham_20A_S33,Nottingham_9C_S18,18.272525111934847,14.395329823676928,1.2693370235866945,0.5756256713829335,0.7306629764133055
2,Nottingham_20B_S34,Nottingham_9C_S18,18.40812185207464,13.601467971951415,1.353392287511567,0.4777681374831293,0.6466077124884331
2,Nottingham_20C_S35,Nottingham_9C_S18,16.624606405069795,13.51853597337456,1.2297638174586951,0.6263285450477774,0.7702361825413049
2,Nottingham_21A_S36,Nottingham_9C_S18,26.751498198720014,16.980382101756053,1.5754355843354941,0.2694901777552421,0.42456441566450587
2,Nottingham_21B_S37,Nottingham_9C_S18,18.57529496349981,13.589508717429746,1.3668849514534218,0.46318093404523974,0.6331150485465782
2,Nottingham_21C_S38,Nottingham_9C_S18,14.599397402243609,11.417301966294625,1.2787081786347552,0.5640785234793368,0.7212918213652448
2,Nottingham_22A_S39,Nottingham_9C_S18,15.642429266318903,12.1794874204034,1.2843257459352757,0.5572373335423202,0.7156742540647243
2,Nottingham_22B_S40,Nottingham_9C_S18,15.53860116757582,12.47492106734856,1.2455871330718102,0.6056684810702011,0.7544128669281898
2,Nottingham_22C_S41,Nottingham_9C_S18,15.103837655490818,10.208091166615251,1.4795947066858803,0.351721516008777,0.5204052933141197
2,Nottingham_23a_S42,Nottingham_9C_S18,20.098595115730994,14.58165986178367,1.3783475479637526,0.4510128471985322,0.6216524520362474
2,Nottingham_3A_S1,Nottingham_9C_S18,21.39522030885787,14.508381297945405,1.4746800397290178,0.35622639902789577,0.5253199602709822
2,Nottingham_3B_S2,Nottingham_9C_S18,21.874036017395333,14.508314586529416,1.5076896690470714,0.3265329338391576,0.49231033095292864
2,Nottingham_3c_S3,Nottingham_9C_S18,24.392530077336296,15.573986649223741,1.5662354557464644,0.27694721292515,0.4337645442535354
2,Nottingham_4a_S4,Nottingham_9C_S18,26.75977784418898,15.64563437494292,1.7103670712800105,0.16933963099700744,0.28963292871998925
2,Nottingham_4b_S5,Nottingham_9C_S18,28.14553205919028,18.218066622432158,1.5449242031278059,0.29456189238984143,0.45507579687219435
2,Nottingham_4c_S6,Nottingham_9C_S18,17.985396301634932,14.344066392953408,1.253856180592579,0.5950792690233337,0.746143819407421
2,Nottingham_5A_S7,Nottingham_9C_S18,19.597053581128087,15.69957105971826,1.2482540769161479,0.6022379073185684,0.7517459230838521
2,Nottingham_5B_S8,Nottingham_9C_S18,18.04190504832594,15.713254104466765,1.148196607041263,0.7418619666136372,0.851803392958737
2,Nottingham_5C_S9,Nottingham_9C_S18,14.08573479738465,10.746600115521218,1.3107154491624518,0.525884204140572,0.6892845508375482
2,Nottingham_6A_S10,Nottingham_9C_S18,20.142749081290464,15.802369297747308,1.2746663934858107,0.569037993172967,0.7253336065141893
2,Nottingham_6B_S11,Nottingham_9C_S18,18.469127703795607,14.563434940731401,1.2681848601623962,0.5770571490215488,0.7318151398376038
2,Nottingham_6C_S12,Nottingham_9C_S18,19.459994992516556,11.60824370123544,1.6763944222195708,0.19303665861162345,0.323605577780429
2,Nottingham_7A_S13,Nottingham_9C_S18,12.021097963953707,9.245617336516847,1.300194192168728,0.5382317595681565,0.6998058078312721
2,Nottingham_7B_S14,Nottingham_9C_S18,13.050236988328049,9.690964625565355,1.3466396269676528,0.4851783357241435,0.6533603730323472
2,Nottingham_7C_S15,Nottingham_9C_S18,9.977021360755888,7.48677418891254,1.3326195112884869,0.5008034799567316,0.6673804887115131
2,Nottingham_9A_S16,Nottingham_9C_S18,14.081036891875783,12.949334300047203,1.0873946540884696,0.8392586283924122,0.9126053459115304
2,Nottingham_9B_S17,Nottingham_9C_S18,19.19130559164345,16.357565898221086,1.1732372475864845,0.7046850533549662,0.8267627524135155
