"feature"	"metadata"	"value"	"name"	"coef"	"null_hypothesis"	"stderr"	"pval_individual"	"qval_individual"	"pval_joint"	"qval_joint"	"error"	"model"	"N"	"N_not_zero"
"k__Bacteria|p__Firmicutes|c__Clostridia|o__Eubacteriales|f__Lachnospiraceae|g__Lachnospiraceae_unclassified|s__Eubacterium_rectale|t__SGB4933"	"turmeric_group"	"Treatment"	"turmeric_groupTreatment"	13.554730007486	0	1.69509180592426	1.28049683180679e-15	1.09866628169023e-12	2.56099366361359e-15	1.19598404090754e-12	"<4 average observations per random effect group often inflates coefficients and deflates p-values: consider setting small_random_effects=TRUE and see tutorial"	"prevalence"	40	37
"k__Bacteria|p__Firmicutes|c__Clostridia|o__Eubacteriales|f__Oscillospiraceae|g__GGB13489|s__GGB13489_SGB15224|t__SGB15224"	"timepoint"	"2_weeks"	"timepoint2_weeks"	-2.9679148253803	0.149475332770608	0.359440920987026	0.000517584962558573	0.222043948937628	0.00103490203092368	0.241649624220679	NA	"abundance"	40	13
"k__Bacteria|p__Firmicutes|c__Clostridia|o__Eubacteriales|f__Oscillospiraceae|g__Faecalibacterium|s__Faecalibacterium_prausnitzii|t__SGB15342"	"turmeric_group"	"Treatment"	"turmeric_groupTreatment"	-14.6275102052002	0	4.61533963393564	0.00152793561776991	0.436989586682195	0.00305353664828778	0.475333871583464	"<4 average observations per random effect group often inflates coefficients and deflates p-values: consider setting small_random_effects=TRUE and see tutorial"	"prevalence"	40	34
"k__Bacteria|p__Actinobacteria|c__Coriobacteriia|o__Eggerthellales|f__Eggerthellaceae|g__Adlercreutzia|s__Adlercreutzia_equolifaciens|t__SGB14797"	"timepoint"	"6_months"	"timepoint6_months"	2.01286258632292	-0.19091313093815	0.616406226026813	0.00385871387126298	0.645240621245904	0.00770253806978568	0.700810139007202	NA	"abundance"	40	23
"k__Bacteria|p__Firmicutes|c__Clostridia|o__Eubacteriales|f__Lachnospiraceae|g__Lachnospira|s__Lachnospira_eligens|t__SGB5082"	"timepoint"	"6_months"	"timepoint6_months"	-6.08607172929814	-0.19091313093815	1.1457788018613	0.00378439232922022	0.645240621245904	0.00755446303313897	0.700810139007202	NA	"abundance"	40	9
"k__Bacteria|p__Firmicutes|c__CFGB3005|o__OFGB3005|f__FGB3005|g__GGB9468|s__GGB9468_SGB14861|t__SGB14861"	"turmeric_group"	"Treatment"	"turmeric_groupTreatment"	-12.2362574217653	0	4.30862917554704	0.00451217217654478	0.645240621245904	0.00900398465533879	0.700810139007202	"<4 average observations per random effect group often inflates coefficients and deflates p-values: consider setting small_random_effects=TRUE and see tutorial"	"prevalence"	40	37
"k__Bacteria|p__Firmicutes|c__Clostridia|o__Eubacteriales|f__Oscillospiraceae|g__Faecalibacterium|s__Faecalibacterium_SGB15315|t__SGB15315"	"timepoint"	"6_months"	"timepoint6_months"	-4.01188594324043	-0.19091313093815	1.14059203641639	0.0069616021023662	0.853293514832886	0.0138747403009007	0.925643388645806	NA	"abundance"	40	19
"k__Bacteria|p__Actinobacteria|c__Actinomycetia|o__Bifidobacteriales|f__Bifidobacteriaceae|g__Bifidobacterium|s__Bifidobacterium_animalis|t__SGB17278"	"timepoint"	"2_weeks"	"timepoint2_weeks"	1.02783810038949	0.149475332770608	2.30711376663039	0.716902058004939	1	0.919855555238161	0.999999637404425	NA	"abundance"	40	11
"k__Bacteria|p__Actinobacteria|c__Actinomycetia|o__Bifidobacteriales|f__Bifidobacteriaceae|g__Bifidobacterium|s__Bifidobacterium_animalis|t__SGB17278"	"timepoint"	"6_months"	"timepoint6_months"	2.53756843875401	-0.19091313093815	3.84606448264169	0.500786795945682	1	0.292523027822871	0.999999637404425	NA	"abundance"	40	11
"k__Bacteria|p__Actinobacteria|c__Actinomycetia|o__Bifidobacteriales|f__Bifidobacteriaceae|g__Bifidobacterium|s__Bifidobacterium_animalis|t__SGB17278"	"turmeric_group"	"Treatment"	"turmeric_groupTreatment"	0.150620925121276	0.260138253408482	2.27136708674742	0.963028345384027	1	0.609432689645752	0.999999637404425	NA	"abundance"	40	11
"k__Bacteria|p__Actinobacteria|c__Actinomycetia|o__Bifidobacteriales|f__Bifidobacteriaceae|g__Bifidobacterium|s__Bifidobacterium_longum|t__SGB17248"	"timepoint"	"2_weeks"	"timepoint2_weeks"	0.0676896441236223	0.149475332770608	0.62317883145396	0.897957298196908	1	0.305056760837042	0.999999637404425	NA	"abundance"	40	34
"k__Bacteria|p__Actinobacteria|c__Actinomycetia|o__Bifidobacteriales|f__Bifidobacteriaceae|g__Bifidobacterium|s__Bifidobacterium_longum|t__SGB17248"	"timepoint"	"6_months"	"timepoint6_months"	-0.686078211666038	-0.19091313093815	0.673431456657223	0.47947127191854	1	0.325729350176188	0.999999637404425	NA	"abundance"	40	34
"k__Bacteria|p__Actinobacteria|c__Actinomycetia|o__Bifidobacteriales|f__Bifidobacteriaceae|g__Bifidobacterium|s__Bifidobacterium_longum|t__SGB17248"	"turmeric_group"	"Treatment"	"turmeric_groupTreatment"	-1.1680575692348	0.260138253408482	1.31158026234854	0.296935041856374	1	0.364476858979915	0.999999637404425	NA	"abundance"	40	34
"k__Bacteria|p__Actinobacteria|c__Actinomycetia|o__Bifidobacteriales|f__Bifidobacteriaceae|g__Bifidobacterium|s__Bifidobacterium_pseudocatenulatum|t__SGB17237"	"timepoint"	"2_weeks"	"timepoint2_weeks"	0.31519136334652	0.149475332770608	0.568222532920771	0.800081955298383	1	0.960032775402682	0.999999637404425	NA	"abundance"	40	7
"k__Bacteria|p__Actinobacteria|c__Actinomycetia|o__Bifidobacteriales|f__Bifidobacteriaceae|g__Bifidobacterium|s__Bifidobacterium_pseudocatenulatum|t__SGB17237"	"timepoint"	"6_months"	"timepoint6_months"	1.02255727025293	-0.19091313093815	0.55119422069	0.154343823858068	1	0.284865631753006	0.999999637404425	NA	"abundance"	40	7
"k__Bacteria|p__Actinobacteria|c__Actinomycetia|o__Bifidobacteriales|f__Bifidobacteriaceae|g__Bifidobacterium|s__Bifidobacterium_pseudocatenulatum|t__SGB17237"	"turmeric_group"	"Treatment"	"turmeric_groupTreatment"	-1.98260293427444	0.260138253408482	0.919207890216558	0.348696700683992	1	0.575804012300082	0.999999637404425	NA	"abundance"	40	7
"k__Bacteria|p__Actinobacteria|c__CFGB12107|o__OFGB12107|f__FGB12107|g__GGB34797|s__GGB34797_SGB14322|t__SGB14322"	"timepoint"	"2_weeks"	"timepoint2_weeks"	-0.0709837001642974	0.149475332770608	0.927030609580573	0.816880094900436	1	0.738782288677159	0.999999637404425	NA	"abundance"	40	19
"k__Bacteria|p__Actinobacteria|c__CFGB12107|o__OFGB12107|f__FGB12107|g__GGB34797|s__GGB34797_SGB14322|t__SGB14322"	"timepoint"	"6_months"	"timepoint6_months"	0.047354995805552	-0.19091313093815	1.1646493840948	0.84306552207735	1	0.453424979670899	0.999999637404425	NA	"abundance"	40	19
"k__Bacteria|p__Actinobacteria|c__CFGB12107|o__OFGB12107|f__FGB12107|g__GGB34797|s__GGB34797_SGB14322|t__SGB14322"	"turmeric_group"	"Treatment"	"turmeric_groupTreatment"	0.962119869764613	0.260138253408482	1.08222211146741	0.531855477624182	1	0.780840706169517	0.999999637404425	NA	"abundance"	40	19
"k__Bacteria|p__Actinobacteria|c__Coriobacteriia|o__Coriobacteriales|f__Coriobacteriaceae|g__Collinsella|s__Collinsella_bouchesdurhonensis|t__SGB14397"	"timepoint"	"2_weeks"	"timepoint2_weeks"	1.14976928924363	0.149475332770608	0.665523234639238	0.234883853013106	1	0.41459728161993	0.999999637404425	NA	"abundance"	40	8
"k__Bacteria|p__Actinobacteria|c__Coriobacteriia|o__Coriobacteriales|f__Coriobacteriaceae|g__Collinsella|s__Collinsella_bouchesdurhonensis|t__SGB14397"	"timepoint"	"6_months"	"timepoint6_months"	0.520738591023033	-0.19091313093815	0.780395167070138	0.432788523270326	1	0.678271140666142	0.999999637404425	NA	"abundance"	40	8
"k__Bacteria|p__Actinobacteria|c__Coriobacteriia|o__Coriobacteriales|f__Coriobacteriaceae|g__Collinsella|s__Collinsella_bouchesdurhonensis|t__SGB14397"	"turmeric_group"	"Treatment"	"turmeric_groupTreatment"	-1.50595220684536	0.260138253408482	0.786141460322485	0.173336919453682	1	0.316628151261671	0.999999637404425	NA	"abundance"	40	8
"k__Bacteria|p__Actinobacteria|c__Coriobacteriia|o__Coriobacteriales|f__Coriobacteriaceae|g__Senegalimassilia|s__Senegalimassilia_anaerobia|t__SGB14824_group"	"timepoint"	"2_weeks"	"timepoint2_weeks"	0.243850999174251	0.149475332770608	0.864942380600606	0.916257027647016	1	0.535265213932697	0.999999637404425	NA	"abundance"	40	11
"k__Bacteria|p__Actinobacteria|c__Coriobacteriia|o__Coriobacteriales|f__Coriobacteriaceae|g__Senegalimassilia|s__Senegalimassilia_anaerobia|t__SGB14824_group"	"timepoint"	"6_months"	"timepoint6_months"	0.161880425062251	-0.19091313093815	0.988505577829264	0.732161811697775	1	0.399520043120882	0.999999637404425	NA	"abundance"	40	11
"k__Bacteria|p__Actinobacteria|c__Coriobacteriia|o__Coriobacteriales|f__Coriobacteriaceae|g__Senegalimassilia|s__Senegalimassilia_anaerobia|t__SGB14824_group"	"turmeric_group"	"Treatment"	"turmeric_groupTreatment"	0.265158494064067	0.260138253408482	0.741379183371948	0.994805507543461	1	0.998963457121474	0.999999637404425	NA	"abundance"	40	11
"k__Bacteria|p__Actinobacteria|c__Coriobacteriia|o__Eggerthellales|f__Eggerthellaceae|g__Adlercreutzia|s__Adlercreutzia_equolifaciens|t__SGB14797"	"timepoint"	"2_weeks"	"timepoint2_weeks"	1.34155300382036	0.149475332770608	0.580926441157443	0.0646171890573388	1	0.125058996993006	0.999999637404425	NA	"abundance"	40	23
"k__Bacteria|p__Actinobacteria|c__Coriobacteriia|o__Eggerthellales|f__Eggerthellaceae|g__Adlercreutzia|s__Adlercreutzia_equolifaciens|t__SGB14797"	"turmeric_group"	"Treatment"	"turmeric_groupTreatment"	0.151185127947579	0.260138253408482	0.723688145552305	0.884690606251615	1	0.98670374371338	0.999999637404425	NA	"abundance"	40	23
"k__Bacteria|p__Actinobacteria|c__Coriobacteriia|o__Eggerthellales|f__Eggerthellaceae|g__Gordonibacter|s__Gordonibacter_pamelaeae|t__SGB14807"	"timepoint"	"2_weeks"	"timepoint2_weeks"	-0.942739982075048	0.149475332770608	1.43156580303976	0.48904725395924	1	0.738927291313406	0.999999637404425	NA	"abundance"	40	9
"k__Bacteria|p__Actinobacteria|c__Coriobacteriia|o__Eggerthellales|f__Eggerthellaceae|g__Gordonibacter|s__Gordonibacter_pamelaeae|t__SGB14807"	"timepoint"	"6_months"	"timepoint6_months"	-0.909205149011925	-0.19091313093815	1.65290251289167	0.684428885975298	1	0.784129644628034	0.999999637404425	NA	"abundance"	40	9
"k__Bacteria|p__Actinobacteria|c__Coriobacteriia|o__Eggerthellales|f__Eggerthellaceae|g__Gordonibacter|s__Gordonibacter_pamelaeae|t__SGB14807"	"turmeric_group"	"Treatment"	"turmeric_groupTreatment"	-1.48094448930163	0.260138253408482	1.60190979208499	0.381875311767138	1	0.617921869797028	0.999999637404425	NA	"abundance"	40	9
"k__Bacteria|p__Bacteria_unclassified|c__CFGB2989|o__OFGB2989|f__FGB2989|g__GGB9365|s__GGB9365_SGB14341|t__SGB14341"	"timepoint"	"2_weeks"	"timepoint2_weeks"	-0.215905186742234	0.149475332770608	1.00010272506349	0.725871272557827	1	0.924853440790935	0.999999637404425	NA	"abundance"	40	15
"k__Bacteria|p__Bacteria_unclassified|c__CFGB2989|o__OFGB2989|f__FGB2989|g__GGB9365|s__GGB9365_SGB14341|t__SGB14341"	"timepoint"	"6_months"	"timepoint6_months"	-0.140740128936012	-0.19091313093815	1.08279875565015	0.964318658112056	1	0.51331222363975	0.999999637404425	NA	"abundance"	40	15
"k__Bacteria|p__Bacteria_unclassified|c__CFGB2989|o__OFGB2989|f__FGB2989|g__GGB9365|s__GGB9365_SGB14341|t__SGB14341"	"turmeric_group"	"Treatment"	"turmeric_groupTreatment"	0.790781218403382	0.260138253408482	1.37454953549185	0.712256985709648	1	0.917203957727103	0.999999637404425	NA	"abundance"	40	15
"k__Bacteria|p__Bacteroidetes|c__Bacteroidia|o__Bacteroidales|f__Bacteroidaceae|g__Bacteroides|s__Bacteroides_caccae|t__SGB1877"	"timepoint"	"2_weeks"	"timepoint2_weeks"	-1.99365059175291	0.149475332770608	1.22401161656413	0.106528606891252	1	0.201708869696313	0.999999637404425	NA	"abundance"	40	16
"k__Bacteria|p__Bacteroidetes|c__Bacteroidia|o__Bacteroidales|f__Bacteroidaceae|g__Bacteroides|s__Bacteroides_caccae|t__SGB1877"	"timepoint"	"6_months"	"timepoint6_months"	-1.70942630744322	-0.19091313093815	1.48879872163362	0.328161588636278	1	0.548633149016271	0.999999637404425	NA	"abundance"	40	16
"k__Bacteria|p__Bacteroidetes|c__Bacteroidia|o__Bacteroidales|f__Bacteroidaceae|g__Bacteroides|s__Bacteroides_caccae|t__SGB1877"	"turmeric_group"	"Treatment"	"turmeric_groupTreatment"	-0.357930677468758	0.260138253408482	1.13708880607326	0.59635737927064	1	0.123678166240036	0.999999637404425	NA	"abundance"	40	16
"k__Bacteria|p__Bacteroidetes|c__Bacteroidia|o__Bacteroidales|f__Bacteroidaceae|g__Bacteroides|s__Bacteroides_cellulosilyticus|t__SGB1844"	"timepoint"	"2_weeks"	"timepoint2_weeks"	0.618389599859219	0.149475332770608	1.82935435482862	0.802544893709992	1	0.961011481000002	0.999999637404425	NA	"abundance"	40	14
"k__Bacteria|p__Bacteroidetes|c__Bacteroidia|o__Bacteroidales|f__Bacteroidaceae|g__Bacteroides|s__Bacteroides_cellulosilyticus|t__SGB1844"	"timepoint"	"6_months"	"timepoint6_months"	-1.3154839584927	-0.19091313093815	1.71912292714927	0.527490085553721	1	0.712769996322012	0.999999637404425	NA	"abundance"	40	14
"k__Bacteria|p__Bacteroidetes|c__Bacteroidia|o__Bacteroidales|f__Bacteroidaceae|g__Bacteroides|s__Bacteroides_cellulosilyticus|t__SGB1844"	"turmeric_group"	"Treatment"	"turmeric_groupTreatment"	-0.474393406860278	0.260138253408482	1.47413574846074	0.628173381877548	1	0.86174496605562	0.999999637404425	NA	"abundance"	40	14
"k__Bacteria|p__Bacteroidetes|c__Bacteroidia|o__Bacteroidales|f__Bacteroidaceae|g__Bacteroides|s__Bacteroides_faecis|t__SGB1860"	"timepoint"	"2_weeks"	"timepoint2_weeks"	-0.472640024183041	0.149475332770608	0.912259743772207	0.525274193757763	1	0.774635408887658	0.999999637404425	NA	"abundance"	40	13
"k__Bacteria|p__Bacteroidetes|c__Bacteroidia|o__Bacteroidales|f__Bacteroidaceae|g__Bacteroides|s__Bacteroides_faecis|t__SGB1860"	"timepoint"	"6_months"	"timepoint6_months"	-0.513535587743292	-0.19091313093815	0.948630673298196	0.745594470745018	1	0.377078903896416	0.999999637404425	NA	"abundance"	40	13
"k__Bacteria|p__Bacteroidetes|c__Bacteroidia|o__Bacteroidales|f__Bacteroidaceae|g__Bacteroides|s__Bacteroides_faecis|t__SGB1860"	"turmeric_group"	"Treatment"	"turmeric_groupTreatment"	-0.182478117841856	0.260138253408482	1.28966733374621	0.743989424478327	1	0.934458585221062	0.999999637404425	NA	"abundance"	40	13
"k__Bacteria|p__Bacteroidetes|c__Bacteroidia|o__Bacteroidales|f__Bacteroidaceae|g__Bacteroides|s__Bacteroides_ovatus|t__SGB1871"	"timepoint"	"2_weeks"	"timepoint2_weeks"	2.31958963661294	0.149475332770608	0.978833301998728	0.0816139611231632	1	0.156567083596113	0.999999637404425	NA	"abundance"	40	10
"k__Bacteria|p__Bacteroidetes|c__Bacteroidia|o__Bacteroidales|f__Bacteroidaceae|g__Bacteroides|s__Bacteroides_ovatus|t__SGB1871"	"timepoint"	"6_months"	"timepoint6_months"	0.429247598887193	-0.19091313093815	0.981442262815162	0.556879277769682	1	0.803644025530082	0.999999637404425	NA	"abundance"	40	10
"k__Bacteria|p__Bacteroidetes|c__Bacteroidia|o__Bacteroidales|f__Bacteroidaceae|g__Bacteroides|s__Bacteroides_ovatus|t__SGB1871"	"turmeric_group"	"Treatment"	"turmeric_groupTreatment"	-2.51072707600109	0.260138253408482	0.962464973298344	0.0756250887371676	1	0.145531023427831	0.999999637404425	NA	"abundance"	40	10
"k__Bacteria|p__Bacteroidetes|c__Bacteroidia|o__Bacteroidales|f__Bacteroidaceae|g__Bacteroides|s__Bacteroides_stercoris|t__SGB1830"	"timepoint"	"2_weeks"	"timepoint2_weeks"	1.00508141765877	0.149475332770608	1.12798707137208	0.468123714742742	1	0.71710761718094	0.999999637404425	NA	"abundance"	40	17
"k__Bacteria|p__Bacteroidetes|c__Bacteroidia|o__Bacteroidales|f__Bacteroidaceae|g__Bacteroides|s__Bacteroides_stercoris|t__SGB1830"	"timepoint"	"6_months"	"timepoint6_months"	-0.443001352352649	-0.19091313093815	1.31062003763019	0.851695808879635	1	0.560972413654241	0.999999637404425	NA	"abundance"	40	17
"k__Bacteria|p__Bacteroidetes|c__Bacteroidia|o__Bacteroidales|f__Bacteroidaceae|g__Bacteroides|s__Bacteroides_stercoris|t__SGB1830"	"turmeric_group"	"Treatment"	"turmeric_groupTreatment"	0.858240833278758	0.260138253408482	1.99552906248255	0.775708701603209	1	0.949693413463482	0.999999637404425	NA	"abundance"	40	17
"k__Bacteria|p__Bacteroidetes|c__Bacteroidia|o__Bacteroidales|f__Bacteroidaceae|g__Bacteroides|s__Bacteroides_thetaiotaomicron|t__SGB1861"	"timepoint"	"2_weeks"	"timepoint2_weeks"	-1.1347478588083	0.149475332770608	0.863977963880929	0.757686545662702	1	0.408994141082109	0.999999637404425	NA	"abundance"	40	6
"k__Bacteria|p__Bacteroidetes|c__Bacteroidia|o__Bacteroidales|f__Bacteroidaceae|g__Bacteroides|s__Bacteroides_thetaiotaomicron|t__SGB1861"	"turmeric_group"	"Treatment"	"turmeric_groupTreatment"	0.559862279070856	0.260138253408482	1.2042480306084	0.835459101819223	1	0.895054740191005	0.999999637404425	NA	"abundance"	40	6
"k__Bacteria|p__Bacteroidetes|c__Bacteroidia|o__Bacteroidales|f__Bacteroidaceae|g__Bacteroides|s__Bacteroides_uniformis|t__SGB1836"	"timepoint"	"2_weeks"	"timepoint2_weeks"	0.0877328021744617	0.149475332770608	0.772376148632633	0.93713975800081	1	0.93713975800081	0.999999637404425	NA	"abundance"	40	40
"k__Bacteria|p__Bacteroidetes|c__Bacteroidia|o__Bacteroidales|f__Bacteroidaceae|g__Bacteroides|s__Bacteroides_uniformis|t__SGB1836"	"timepoint"	"6_months"	"timepoint6_months"	-0.392638160210464	-0.19091313093815	0.824072734440886	0.80951866032793	1	0.80951866032793	0.999999637404425	NA	"abundance"	40	40
"k__Bacteria|p__Bacteroidetes|c__Bacteroidia|o__Bacteroidales|f__Bacteroidaceae|g__Bacteroides|s__Bacteroides_uniformis|t__SGB1836"	"turmeric_group"	"Treatment"	"turmeric_groupTreatment"	0.0768476530502338	0.260138253408482	0.908590974213628	0.842795713777103	1	0.842795713777103	0.999999637404425	NA	"abundance"	40	40
"k__Bacteria|p__Bacteroidetes|c__Bacteroidia|o__Bacteroidales|f__Bacteroidaceae|g__Bacteroides|s__Bacteroides_xylanisolvens|t__SGB1867"	"timepoint"	"2_weeks"	"timepoint2_weeks"	1.37979641692871	0.149475332770608	1.08159080240168	0.308171593740777	1	0.521373456292824	0.999999637404425	NA	"abundance"	40	9
"k__Bacteria|p__Bacteroidetes|c__Bacteroidia|o__Bacteroidales|f__Bacteroidaceae|g__Bacteroides|s__Bacteroides_xylanisolvens|t__SGB1867"	"timepoint"	"6_months"	"timepoint6_months"	1.41096081689161	-0.19091313093815	1.5832868144464	0.358232929648331	1	0.17314179783037	0.999999637404425	NA	"abundance"	40	9
"k__Bacteria|p__Bacteroidetes|c__Bacteroidia|o__Bacteroidales|f__Bacteroidaceae|g__Bacteroides|s__Bacteroides_xylanisolvens|t__SGB1867"	"turmeric_group"	"Treatment"	"turmeric_groupTreatment"	-2.546305061744	0.260138253408482	1.5832868144464	0.137300426518882	1	0.0766383729433095	0.999999637404425	NA	"abundance"	40	9
"k__Bacteria|p__Bacteroidetes|c__Bacteroidia|o__Bacteroidales|f__Bacteroidaceae|g__Phocaeicola|s__Phocaeicola_dorei|t__SGB1815"	"timepoint"	"2_weeks"	"timepoint2_weeks"	-2.15115405808014	0.149475332770608	1.31342767760758	0.102153140848049	1	0.193871017510977	0.999999637404425	NA	"abundance"	40	23
"k__Bacteria|p__Bacteroidetes|c__Bacteroidia|o__Bacteroidales|f__Bacteroidaceae|g__Phocaeicola|s__Phocaeicola_dorei|t__SGB1815"	"timepoint"	"6_months"	"timepoint6_months"	-2.00067616420548	-0.19091313093815	1.35763662376393	0.204309659936014	1	0.366876882728858	0.999999637404425	NA	"abundance"	40	23
"k__Bacteria|p__Bacteroidetes|c__Bacteroidia|o__Bacteroidales|f__Bacteroidaceae|g__Phocaeicola|s__Phocaeicola_dorei|t__SGB1815"	"turmeric_group"	"Treatment"	"turmeric_groupTreatment"	2.64866353123292	0.260138253408482	1.20177489604717	0.0884815938746316	1	0.169134195294668	0.999999637404425	NA	"abundance"	40	23
"k__Bacteria|p__Bacteroidetes|c__Bacteroidia|o__Bacteroidales|f__Bacteroidaceae|g__Phocaeicola|s__Phocaeicola_massiliensis|t__SGB1812"	"timepoint"	"2_weeks"	"timepoint2_weeks"	0.627497127916431	0.149475332770608	1.60433435773747	0.779615785368712	1	0.951430797941351	0.999999637404425	NA	"abundance"	40	12
"k__Bacteria|p__Bacteroidetes|c__Bacteroidia|o__Bacteroidales|f__Bacteroidaceae|g__Phocaeicola|s__Phocaeicola_massiliensis|t__SGB1812"	"timepoint"	"6_months"	"timepoint6_months"	-1.90949803308507	-0.19091313093815	1.78425037694401	0.385413389245129	1	0.622283297880841	0.999999637404425	NA	"abundance"	40	12
"k__Bacteria|p__Bacteroidetes|c__Bacteroidia|o__Bacteroidales|f__Bacteroidaceae|g__Phocaeicola|s__Phocaeicola_massiliensis|t__SGB1812"	"turmeric_group"	"Treatment"	"turmeric_groupTreatment"	2.91002154804208	0.260138253408482	2.77763033425884	0.398285046756215	1	0.637939115042829	0.999999637404425	NA	"abundance"	40	12
"k__Bacteria|p__Bacteroidetes|c__Bacteroidia|o__Bacteroidales|f__Bacteroidaceae|g__Phocaeicola|s__Phocaeicola_vulgatus|t__SGB1814"	"timepoint"	"2_weeks"	"timepoint2_weeks"	0.374650315735518	0.149475332770608	0.831632227654812	0.789588898043625	1	0.955727168173504	0.999999637404425	NA	"abundance"	40	30
"k__Bacteria|p__Bacteroidetes|c__Bacteroidia|o__Bacteroidales|f__Bacteroidaceae|g__Phocaeicola|s__Phocaeicola_vulgatus|t__SGB1814"	"timepoint"	"6_months"	"timepoint6_months"	-0.631804421769656	-0.19091313093815	0.905810821291408	0.634270365356977	1	0.866241834343881	0.999999637404425	NA	"abundance"	40	30
"k__Bacteria|p__Bacteroidetes|c__Bacteroidia|o__Bacteroidales|f__Bacteroidaceae|g__Phocaeicola|s__Phocaeicola_vulgatus|t__SGB1814"	"turmeric_group"	"Treatment"	"turmeric_groupTreatment"	0.378955879608759	0.260138253408482	0.89695025603216	0.897341389746037	1	0.989461209740725	0.999999637404425	NA	"abundance"	40	30
"k__Bacteria|p__Bacteroidetes|c__Bacteroidia|o__Bacteroidales|f__Barnesiellaceae|g__Barnesiella|s__Barnesiella_intestinihominis|t__SGB1965"	"timepoint"	"2_weeks"	"timepoint2_weeks"	-1.07058044607383	0.149475332770608	0.896446792797736	0.203754731167867	1	0.365993471862445	0.999999637404425	NA	"abundance"	40	23
"k__Bacteria|p__Bacteroidetes|c__Bacteroidia|o__Bacteroidales|f__Barnesiellaceae|g__Barnesiella|s__Barnesiella_intestinihominis|t__SGB1965"	"timepoint"	"6_months"	"timepoint6_months"	-1.20837289622929	-0.19091313093815	1.20502017632233	0.414028155529254	1	0.260239098205981	0.999999637404425	NA	"abundance"	40	23
"k__Bacteria|p__Bacteroidetes|c__Bacteroidia|o__Bacteroidales|f__Barnesiellaceae|g__Barnesiella|s__Barnesiella_intestinihominis|t__SGB1965"	"turmeric_group"	"Treatment"	"turmeric_groupTreatment"	1.87729441180986	0.260138253408482	1.18473444794704	0.19710056170476	1	0.355352491985189	0.999999637404425	NA	"abundance"	40	23
"k__Bacteria|p__Bacteroidetes|c__Bacteroidia|o__Bacteroidales|f__Odoribacteraceae|g__Odoribacter|s__Odoribacter_splanchnicus|t__SGB1790"	"timepoint"	"2_weeks"	"timepoint2_weeks"	-1.00703007315086	0.149475332770608	0.318380456554102	0.0465422804111085	1	0.0909183769563508	0.999999637404425	NA	"abundance"	40	14
"k__Bacteria|p__Bacteroidetes|c__Bacteroidia|o__Bacteroidales|f__Odoribacteraceae|g__Odoribacter|s__Odoribacter_splanchnicus|t__SGB1790"	"timepoint"	"6_months"	"timepoint6_months"	-1.28263188259051	-0.19091313093815	0.561570774242216	0.15397471778032	1	0.284241221845111	0.999999637404425	NA	"abundance"	40	14
"k__Bacteria|p__Bacteroidetes|c__Bacteroidia|o__Bacteroidales|f__Odoribacteraceae|g__Odoribacter|s__Odoribacter_splanchnicus|t__SGB1790"	"turmeric_group"	"Treatment"	"turmeric_groupTreatment"	1.24494604303429	0.260138253408482	0.974431207802122	0.350515229800387	1	0.578169533278756	0.999999637404425	NA	"abundance"	40	14
"k__Bacteria|p__Bacteroidetes|c__Bacteroidia|o__Bacteroidales|f__Prevotellaceae|g__Paraprevotella|s__Paraprevotella_clara|t__SGB1798"	"timepoint"	"2_weeks"	"timepoint2_weeks"	2.67647591897135	0.149475332770608	1.59851894761904	0.189364850050766	1	0.342870653666783	0.999999637404425	NA	"abundance"	40	8
"k__Bacteria|p__Bacteroidetes|c__Bacteroidia|o__Bacteroidales|f__Prevotellaceae|g__Paraprevotella|s__Paraprevotella_clara|t__SGB1798"	"timepoint"	"6_months"	"timepoint6_months"	1.90018812133979	-0.19091313093815	1.59851894761904	0.26246914805259	1	0.456048242425727	0.999999637404425	NA	"abundance"	40	8
"k__Bacteria|p__Bacteroidetes|c__Bacteroidia|o__Bacteroidales|f__Prevotellaceae|g__Paraprevotella|s__Paraprevotella_clara|t__SGB1798"	"turmeric_group"	"Treatment"	"turmeric_groupTreatment"	0.123769611524023	0.260138253408482	1.36322153896158	0.924951100823489	1	0.369010480631485	0.999999637404425	NA	"abundance"	40	8
"k__Bacteria|p__Bacteroidetes|c__Bacteroidia|o__Bacteroidales|f__Rikenellaceae|g__Alistipes|s__Alistipes_communis|t__SGB2290"	"timepoint"	"2_weeks"	"timepoint2_weeks"	1.52003979044468	0.149475332770608	1.42042538395271	0.357637819563865	1	0.485701130105994	0.999999637404425	NA	"abundance"	40	14
"k__Bacteria|p__Bacteroidetes|c__Bacteroidia|o__Bacteroidales|f__Rikenellaceae|g__Alistipes|s__Alistipes_communis|t__SGB2290"	"timepoint"	"6_months"	"timepoint6_months"	-0.381935211114278	-0.19091313093815	1.2704670861938	0.88329103326535	1	0.972824820403843	0.999999637404425	NA	"abundance"	40	14
"k__Bacteria|p__Bacteroidetes|c__Bacteroidia|o__Bacteroidales|f__Rikenellaceae|g__Alistipes|s__Alistipes_communis|t__SGB2290"	"turmeric_group"	"Treatment"	"turmeric_groupTreatment"	2.08176716376	0.260138253408482	1.10025677131583	0.13193194866199	1	0.24645785824623	0.999999637404425	NA	"abundance"	40	14
"k__Bacteria|p__Bacteroidetes|c__Bacteroidia|o__Bacteroidales|f__Rikenellaceae|g__Alistipes|s__Alistipes_ihumii|t__SGB2328"	"timepoint"	"2_weeks"	"timepoint2_weeks"	-2.39696070194132	0.149475332770608	0.966891556112239	0.0464051245078452	1	0.0906568134351017	0.999999637404425	NA	"abundance"	40	13
"k__Bacteria|p__Bacteroidetes|c__Bacteroidia|o__Bacteroidales|f__Rikenellaceae|g__Alistipes|s__Alistipes_ihumii|t__SGB2328"	"timepoint"	"6_months"	"timepoint6_months"	-3.06907644821414	-0.19091313093815	1.3826673540124	0.0710814084323166	1	0.137110250239911	0.999999637404425	NA	"abundance"	40	13
"k__Bacteria|p__Bacteroidetes|c__Bacteroidia|o__Bacteroidales|f__Rikenellaceae|g__Alistipes|s__Alistipes_ihumii|t__SGB2328"	"turmeric_group"	"Treatment"	"turmeric_groupTreatment"	2.561666682757	0.260138253408482	1.03143125939322	0.0715245171092529	1	0.137933277670794	0.999999637404425	NA	"abundance"	40	13
"k__Bacteria|p__Bacteroidetes|c__Bacteroidia|o__Bacteroidales|f__Rikenellaceae|g__Alistipes|s__Alistipes_onderdonkii|t__SGB2303"	"timepoint"	"2_weeks"	"timepoint2_weeks"	-2.53420510449598	0.149475332770608	1.0272107461846	0.0181319863909666	1	0.0359352038514509	0.999999637404425	NA	"abundance"	40	22
"k__Bacteria|p__Bacteroidetes|c__Bacteroidia|o__Bacteroidales|f__Rikenellaceae|g__Alistipes|s__Alistipes_onderdonkii|t__SGB2303"	"timepoint"	"6_months"	"timepoint6_months"	0.0426765556523358	-0.19091313093815	1.11016382332463	0.837413454403569	1	0.908278947588104	0.999999637404425	NA	"abundance"	40	22
"k__Bacteria|p__Bacteroidetes|c__Bacteroidia|o__Bacteroidales|f__Rikenellaceae|g__Alistipes|s__Alistipes_onderdonkii|t__SGB2303"	"turmeric_group"	"Treatment"	"turmeric_groupTreatment"	0.195978724260364	0.260138253408482	0.911203239999329	0.944737832591521	1	0.961584258015598	0.999999637404425	NA	"abundance"	40	22
"k__Bacteria|p__Bacteroidetes|c__Bacteroidia|o__Bacteroidales|f__Rikenellaceae|g__Alistipes|s__Alistipes_putredinis|t__SGB2318"	"timepoint"	"2_weeks"	"timepoint2_weeks"	-0.152185157215302	0.149475332770608	0.538554803792202	0.584525281481461	1	0.827380758271941	0.999999637404425	NA	"abundance"	40	33
"k__Bacteria|p__Bacteroidetes|c__Bacteroidia|o__Bacteroidales|f__Rikenellaceae|g__Alistipes|s__Alistipes_putredinis|t__SGB2318"	"timepoint"	"6_months"	"timepoint6_months"	-1.08022356358706	-0.19091313093815	0.538554803792202	0.123017946003204	1	0.230902476967561	0.999999637404425	NA	"abundance"	40	33
"k__Bacteria|p__Bacteroidetes|c__Bacteroidia|o__Bacteroidales|f__Rikenellaceae|g__Alistipes|s__Alistipes_putredinis|t__SGB2318"	"turmeric_group"	"Treatment"	"turmeric_groupTreatment"	-0.195246921344757	0.260138253408482	0.46510701160033	0.352158453978574	1	0.580301331248568	0.999999637404425	NA	"abundance"	40	33
"k__Bacteria|p__Bacteroidetes|c__Bacteroidia|o__Bacteroidales|f__Rikenellaceae|g__Alistipes|s__Alistipes_shahii|t__SGB2295"	"timepoint"	"2_weeks"	"timepoint2_weeks"	-0.582405951814581	0.149475332770608	0.665012109263827	0.289131980276876	1	0.494666658534925	0.999999637404425	NA	"abundance"	40	26
"k__Bacteria|p__Bacteroidetes|c__Bacteroidia|o__Bacteroidales|f__Rikenellaceae|g__Alistipes|s__Alistipes_shahii|t__SGB2295"	"timepoint"	"6_months"	"timepoint6_months"	-0.842468567728494	-0.19091313093815	0.712233502549498	0.377356474909899	1	0.612315040663373	0.999999637404425	NA	"abundance"	40	26
"k__Bacteria|p__Bacteroidetes|c__Bacteroidia|o__Bacteroidales|f__Rikenellaceae|g__Alistipes|s__Alistipes_shahii|t__SGB2295"	"turmeric_group"	"Treatment"	"turmeric_groupTreatment"	0.0683245543355302	0.260138253408482	0.584325378195747	0.750462679651979	1	0.937731125753529	0.999999637404425	NA	"abundance"	40	26
"k__Bacteria|p__Bacteroidetes|c__Bacteroidia|o__Bacteroidales|f__Tannerellaceae|g__Parabacteroides|s__Parabacteroides_distasonis|t__SGB1934"	"timepoint"	"2_weeks"	"timepoint2_weeks"	0.240959006783334	0.149475332770608	0.595452413392897	0.880393937787124	1	0.470163182075217	0.999999637404425	NA	"abundance"	40	33
"k__Bacteria|p__Bacteroidetes|c__Bacteroidia|o__Bacteroidales|f__Tannerellaceae|g__Parabacteroides|s__Parabacteroides_distasonis|t__SGB1934"	"timepoint"	"6_months"	"timepoint6_months"	-0.767278908768893	-0.19091313093815	0.640131706567942	0.38925015335277	1	0.626984624820385	0.999999637404425	NA	"abundance"	40	33
"k__Bacteria|p__Bacteroidetes|c__Bacteroidia|o__Bacteroidales|f__Tannerellaceae|g__Parabacteroides|s__Parabacteroides_distasonis|t__SGB1934"	"turmeric_group"	"Treatment"	"turmeric_groupTreatment"	0.53753402145837	0.260138253408482	0.71958782825677	0.709059955442811	1	0.582393369566839	0.999999637404425	NA	"abundance"	40	33
"k__Bacteria|p__Bacteroidetes|c__Bacteroidia|o__Bacteroidales|f__Tannerellaceae|g__Parabacteroides|s__Parabacteroides_merdae|t__SGB1949"	"timepoint"	"2_weeks"	"timepoint2_weeks"	0.390565728717942	0.149475332770608	0.732896853181	0.746666827368886	1	0.935822303644654	0.999999637404425	NA	"abundance"	40	24
"k__Bacteria|p__Bacteroidetes|c__Bacteroidia|o__Bacteroidales|f__Tannerellaceae|g__Parabacteroides|s__Parabacteroides_merdae|t__SGB1949"	"timepoint"	"6_months"	"timepoint6_months"	-0.227568351205402	-0.19091313093815	0.755327241954726	0.962161853837912	1	0.927827610137068	0.999999637404425	NA	"abundance"	40	24
"k__Bacteria|p__Bacteroidetes|c__Bacteroidia|o__Bacteroidales|f__Tannerellaceae|g__Parabacteroides|s__Parabacteroides_merdae|t__SGB1949"	"turmeric_group"	"Treatment"	"turmeric_groupTreatment"	0.0947770501985561	0.260138253408482	0.618360153556925	0.793989565019569	1	0.85008709144805	0.999999637404425	NA	"abundance"	40	24
"k__Bacteria|p__Bacteroidetes|c__CFGB4405|o__OFGB4405|f__FGB4405|g__GGB1266|s__GGB1266_SGB1699|t__SGB1699"	"timepoint"	"2_weeks"	"timepoint2_weeks"	-1.2019443333846	0.149475332770608	0.64437453060848	0.136041870260966	1	0.25357635005783	0.999999637404425	NA	"abundance"	40	9
"k__Bacteria|p__Bacteroidetes|c__CFGB4405|o__OFGB4405|f__FGB4405|g__GGB1266|s__GGB1266_SGB1699|t__SGB1699"	"timepoint"	"6_months"	"timepoint6_months"	-1.19655416909509	-0.19091313093815	0.756578688189661	0.286167317500432	1	0.490442901395471	0.999999637404425	NA	"abundance"	40	9
"k__Bacteria|p__Bacteroidetes|c__CFGB4405|o__OFGB4405|f__FGB4405|g__GGB1266|s__GGB1266_SGB1699|t__SGB1699"	"turmeric_group"	"Treatment"	"turmeric_groupTreatment"	3.7447182124268	0.260138253408482	1.6934903302247	0.22251320806511	1	0.285010396385729	0.999999637404425	NA	"abundance"	40	9
"k__Bacteria|p__Firmicutes|c__Bacilli|o__Lactobacillales|f__Streptococcaceae|g__Streptococcus|s__Streptococcus_parasanguinis|t__SGB8071"	"timepoint"	"2_weeks"	"timepoint2_weeks"	1.15706513100736	0.149475332770608	0.560168977850642	0.177526010761153	1	0.323536537025536	0.999999637404425	NA	"abundance"	40	9
"k__Bacteria|p__Firmicutes|c__Bacilli|o__Lactobacillales|f__Streptococcaceae|g__Streptococcus|s__Streptococcus_parasanguinis|t__SGB8071"	"timepoint"	"6_months"	"timepoint6_months"	1.01700278328148	-0.19091313093815	0.386766286757254	0.0932801508089817	1	0.177859115083017	0.999999637404425	NA	"abundance"	40	9
"k__Bacteria|p__Firmicutes|c__Bacilli|o__Lactobacillales|f__Streptococcaceae|g__Streptococcus|s__Streptococcus_parasanguinis|t__SGB8071"	"turmeric_group"	"Treatment"	"turmeric_groupTreatment"	-0.461825029772099	0.260138253408482	1.13861319882759	0.573049022230493	1	0.817712862581662	0.999999637404425	NA	"abundance"	40	9
"k__Bacteria|p__Firmicutes|c__Bacilli|o__Lactobacillales|f__Streptococcaceae|g__Streptococcus|s__Streptococcus_thermophilus|t__SGB8002"	"timepoint"	"2_weeks"	"timepoint2_weeks"	-0.251057807512117	0.149475332770608	1.42299583838776	0.784602872448559	1	0.429677715437612	0.999999637404425	NA	"abundance"	40	13
"k__Bacteria|p__Firmicutes|c__Bacilli|o__Lactobacillales|f__Streptococcaceae|g__Streptococcus|s__Streptococcus_thermophilus|t__SGB8002"	"timepoint"	"6_months"	"timepoint6_months"	-0.793021490260953	-0.19091313093815	1.52687876521747	0.706083052494963	1	0.913612827969322	0.999999637404425	NA	"abundance"	40	13
"k__Bacteria|p__Firmicutes|c__Bacilli|o__Lactobacillales|f__Streptococcaceae|g__Streptococcus|s__Streptococcus_thermophilus|t__SGB8002"	"turmeric_group"	"Treatment"	"turmeric_groupTreatment"	1.64265536614051	0.260138253408482	1.43880717842416	0.36258504933386	1	0.593702180667283	0.999999637404425	NA	"abundance"	40	13
"k__Bacteria|p__Firmicutes|c__CFGB1325|o__OFGB1325|f__FGB1325|g__GGB3175|s__GGB3175_SGB4191|t__SGB4191"	"timepoint"	"2_weeks"	"timepoint2_weeks"	0.383981609715367	0.149475332770608	0.221531790165644	0.521725725733867	1	0.771253718575203	0.999999637404425	NA	"abundance"	40	6
"k__Bacteria|p__Firmicutes|c__CFGB1325|o__OFGB1325|f__FGB1325|g__GGB3175|s__GGB3175_SGB4191|t__SGB4191"	"timepoint"	"6_months"	"timepoint6_months"	-1.33141897167666	-0.19091313093815	3.66278376519094	0.807357962606707	1	0.657333643735707	0.999999637404425	NA	"abundance"	40	6
"k__Bacteria|p__Firmicutes|c__CFGB1325|o__OFGB1325|f__FGB1325|g__GGB3175|s__GGB3175_SGB4191|t__SGB4191"	"turmeric_group"	"Treatment"	"turmeric_groupTreatment"	-0.624993868469358	0.260138253408482	3.17206378922455	0.826046626709225	1	0.889554977678177	0.999999637404425	NA	"abundance"	40	6
"k__Bacteria|p__Firmicutes|c__CFGB14936|o__OFGB14936|f__FGB14936|g__GGB3256|s__GGB3256_SGB4303|t__SGB4303"	"timepoint"	"2_weeks"	"timepoint2_weeks"	0.268045329889569	0.149475332770608	0.174966395339201	0.614423665475562	1	0.73767340872757	0.999999637404425	NA	"abundance"	40	11
"k__Bacteria|p__Firmicutes|c__CFGB14936|o__OFGB14936|f__FGB14936|g__GGB3256|s__GGB3256_SGB4303|t__SGB4303"	"timepoint"	"6_months"	"timepoint6_months"	0.786379644134331	-0.19091313093815	0.205052590883258	0.0334364507193191	1	0.0657549052019327	0.999999637404425	NA	"abundance"	40	11
"k__Bacteria|p__Firmicutes|c__CFGB14936|o__OFGB14936|f__FGB14936|g__GGB3256|s__GGB3256_SGB4303|t__SGB4303"	"turmeric_group"	"Treatment"	"turmeric_groupTreatment"	0.891667511619131	0.260138253408482	2.40980368037704	0.805821263708486	1	0.674765671195327	0.999999637404425	NA	"abundance"	40	11
"k__Bacteria|p__Firmicutes|c__CFGB3005|o__OFGB3005|f__FGB3005|g__GGB9468|s__GGB9468_SGB14861|t__SGB14861"	"timepoint"	"2_weeks"	"timepoint2_weeks"	0.373336054611416	0.149475332770608	0.538455238343475	0.685621796496907	1	0.901166345162168	0.999999637404425	NA	"abundance"	40	37
"k__Bacteria|p__Firmicutes|c__CFGB3005|o__OFGB3005|f__FGB3005|g__GGB9468|s__GGB9468_SGB14861|t__SGB14861"	"timepoint"	"6_months"	"timepoint6_months"	-0.048519706558706	-0.19091313093815	0.57809547217832	0.811313793120523	1	0.964397515333435	0.999999637404425	NA	"abundance"	40	37
"k__Bacteria|p__Firmicutes|c__CFGB3005|o__OFGB3005|f__FGB3005|g__GGB9468|s__GGB9468_SGB14861|t__SGB14861"	"turmeric_group"	"Treatment"	"turmeric_groupTreatment"	0.359378716808577	0.260138253408482	0.667682075449754	0.88528070804438	1	0.00900398465533879	0.700810139007202	NA	"abundance"	40	37
"k__Bacteria|p__Firmicutes|c__CFGB3035|o__OFGB3035|f__FGB3035|g__GGB9602|s__GGB9602_SGB15031|t__SGB15031"	"timepoint"	"2_weeks"	"timepoint2_weeks"	-0.060486391348427	0.149475332770608	0.755859279858824	0.90465002055057	1	0.492814697856632	0.999999637404425	NA	"abundance"	40	7
"k__Bacteria|p__Firmicutes|c__CFGB3035|o__OFGB3035|f__FGB3035|g__GGB9602|s__GGB9602_SGB15031|t__SGB15031"	"timepoint"	"6_months"	"timepoint6_months"	3.52810655166603	-0.19091313093815	1.07879952835398	0.622484111201234	1	0.489719232568931	0.999999637404425	NA	"abundance"	40	7
"k__Bacteria|p__Firmicutes|c__CFGB3035|o__OFGB3035|f__FGB3035|g__GGB9602|s__GGB9602_SGB15031|t__SGB15031"	"turmeric_group"	"Treatment"	"turmeric_groupTreatment"	-3.14080273125095	0.260138253408482	1.55064192846928	0.165207781003839	1	0.264094387497499	0.999999637404425	NA	"abundance"	40	7
"k__Bacteria|p__Firmicutes|c__CFGB38642|o__OFGB38642|f__FGB38642|g__GGB9758|s__GGB9758_SGB15368|t__SGB15368"	"timepoint"	"2_weeks"	"timepoint2_weeks"	-0.947106361658147	0.149475332770608	0.463252557460256	0.045593476035645	1	0.089108187014277	0.999999637404425	NA	"abundance"	40	22
"k__Bacteria|p__Firmicutes|c__CFGB38642|o__OFGB38642|f__FGB38642|g__GGB9758|s__GGB9758_SGB15368|t__SGB15368"	"timepoint"	"6_months"	"timepoint6_months"	0.0847784663366991	-0.19091313093815	0.532021452898264	0.624601174530451	1	0.853674533932053	0.999999637404425	NA	"abundance"	40	22
"k__Bacteria|p__Firmicutes|c__CFGB38642|o__OFGB38642|f__FGB38642|g__GGB9758|s__GGB9758_SGB15368|t__SGB15368"	"turmeric_group"	"Treatment"	"turmeric_groupTreatment"	0.572452109119826	0.260138253408482	1.26013718395453	0.809569200296322	1	0.84446495695656	0.999999637404425	NA	"abundance"	40	22
"k__Bacteria|p__Firmicutes|c__CFGB4806|o__OFGB4806|f__FGB4806|g__GGB51647|s__GGB51647_SGB4348|t__SGB4348"	"timepoint"	"2_weeks"	"timepoint2_weeks"	-1.10690208394356	0.149475332770608	1.1674150652635	0.313533688709858	1	0.528764003463706	0.999999637404425	NA	"abundance"	40	12
"k__Bacteria|p__Firmicutes|c__CFGB4806|o__OFGB4806|f__FGB4806|g__GGB51647|s__GGB51647_SGB4348|t__SGB4348"	"timepoint"	"6_months"	"timepoint6_months"	-2.39240273060882	-0.19091313093815	1.2951307315559	0.130043592267952	1	0.243175848645951	0.999999637404425	NA	"abundance"	40	12
"k__Bacteria|p__Firmicutes|c__CFGB4806|o__OFGB4806|f__FGB4806|g__GGB51647|s__GGB51647_SGB4348|t__SGB4348"	"turmeric_group"	"Treatment"	"turmeric_groupTreatment"	0.999312966239085	0.260138253408482	1.02389074484919	0.492386420779815	1	0.507396739335755	0.999999637404425	NA	"abundance"	40	12
"k__Bacteria|p__Firmicutes|c__Clostridia|o__Clostridiales|f__Clostridiales_unclassified|g__Lawsonibacter|s__Lawsonibacter_asaccharolyticus|t__SGB15154"	"timepoint"	"2_weeks"	"timepoint2_weeks"	-1.08276193538179	0.149475332770608	0.691527365837011	0.112258997654436	1	0.211915912754494	0.999999637404425	NA	"abundance"	40	17
"k__Bacteria|p__Firmicutes|c__Clostridia|o__Clostridiales|f__Clostridiales_unclassified|g__Lawsonibacter|s__Lawsonibacter_asaccharolyticus|t__SGB15154"	"timepoint"	"6_months"	"timepoint6_months"	-0.141437617403641	-0.19091313093815	0.694604337439945	0.945087652876682	1	0.843779808693684	0.999999637404425	NA	"abundance"	40	17
"k__Bacteria|p__Firmicutes|c__Clostridia|o__Clostridiales|f__Clostridiales_unclassified|g__Lawsonibacter|s__Lawsonibacter_asaccharolyticus|t__SGB15154"	"turmeric_group"	"Treatment"	"turmeric_groupTreatment"	-0.36772789367297	0.260138253408482	0.956809279267028	0.532738619379862	1	0.413846600850153	0.999999637404425	NA	"abundance"	40	17
"k__Bacteria|p__Firmicutes|c__Clostridia|o__Clostridiales|f__Ruminococcaceae|g__Candidatus_Cibionibacter|s__Candidatus_Cibionibacter_quicibialis|t__SGB15286"	"timepoint"	"2_weeks"	"timepoint2_weeks"	-0.0756902051310999	0.149475332770608	0.535890114593325	0.683151171977666	1	0.899606820180874	0.999999637404425	NA	"abundance"	40	29
"k__Bacteria|p__Firmicutes|c__Clostridia|o__Clostridiales|f__Ruminococcaceae|g__Candidatus_Cibionibacter|s__Candidatus_Cibionibacter_quicibialis|t__SGB15286"	"timepoint"	"6_months"	"timepoint6_months"	1.22988993366099	-0.19091313093815	0.585699206132461	0.0328083390501198	1	0.0645402909890119	0.999999637404425	NA	"abundance"	40	29
"k__Bacteria|p__Firmicutes|c__Clostridia|o__Clostridiales|f__Ruminococcaceae|g__Candidatus_Cibionibacter|s__Candidatus_Cibionibacter_quicibialis|t__SGB15286"	"turmeric_group"	"Treatment"	"turmeric_groupTreatment"	-0.573448123988222	0.260138253408482	0.967712164962569	0.408642500523641	1	0.423824690785497	0.999999637404425	NA	"abundance"	40	29
"k__Bacteria|p__Firmicutes|c__Clostridia|o__Eubacteriales|f__Clostridiaceae|g__Butyricicoccus|s__Butyricicoccus_sp_AM29_23AC|t__SGB14991"	"timepoint"	"2_weeks"	"timepoint2_weeks"	-0.769714609504046	0.149475332770608	1.1600641335104	0.464358252365815	1	0.713087918191396	0.999999637404425	NA	"abundance"	40	9
"k__Bacteria|p__Firmicutes|c__Clostridia|o__Eubacteriales|f__Clostridiaceae|g__Butyricicoccus|s__Butyricicoccus_sp_AM29_23AC|t__SGB14991"	"timepoint"	"6_months"	"timepoint6_months"	0.2471520678733	-0.19091313093815	1.1600641335104	0.722004158105487	1	0.695130058045819	0.999999637404425	NA	"abundance"	40	9
"k__Bacteria|p__Firmicutes|c__Clostridia|o__Eubacteriales|f__Clostridiaceae|g__Butyricicoccus|s__Butyricicoccus_sp_AM29_23AC|t__SGB14991"	"turmeric_group"	"Treatment"	"turmeric_groupTreatment"	0.837740777027405	0.260138253408482	0.965231703738108	0.576727529059015	1	0.820840415343513	0.999999637404425	NA	"abundance"	40	9
"k__Bacteria|p__Firmicutes|c__Clostridia|o__Eubacteriales|f__Clostridiaceae|g__Clostridiaceae_unclassified|s__Clostridiaceae_bacterium_AF18_31LB|t__SGB4767"	"timepoint"	"2_weeks"	"timepoint2_weeks"	0.64581989197961	0.149475332770608	0.80081201877488	0.573145099866546	1	0.817794894232059	0.999999637404425	NA	"abundance"	40	11
"k__Bacteria|p__Firmicutes|c__Clostridia|o__Eubacteriales|f__Clostridiaceae|g__Clostridiaceae_unclassified|s__Clostridiaceae_bacterium_AF18_31LB|t__SGB4767"	"timepoint"	"6_months"	"timepoint6_months"	-2.50992842347492	-0.19091313093815	1.21812541543334	0.103826468458458	1	0.196873001364361	0.999999637404425	NA	"abundance"	40	11
"k__Bacteria|p__Firmicutes|c__Clostridia|o__Eubacteriales|f__Clostridiaceae|g__Clostridiaceae_unclassified|s__Clostridiaceae_bacterium_AF18_31LB|t__SGB4767"	"turmeric_group"	"Treatment"	"turmeric_groupTreatment"	-0.952733482302622	0.260138253408482	1.21812541543334	0.356222118223507	1	0.134488573657296	0.999999637404425	NA	"abundance"	40	11
"k__Bacteria|p__Firmicutes|c__Clostridia|o__Eubacteriales|f__Clostridiaceae|g__Clostridiaceae_unclassified|s__Clostridiaceae_bacterium_Marseille_Q4143|t__SGB4768"	"timepoint"	"2_weeks"	"timepoint2_weeks"	2.80308233547971	0.149475332770608	2.02369595161463	0.276186726068499	1	0.276186726068499	0.999999637404425	NA	"abundance"	40	9
"k__Bacteria|p__Firmicutes|c__Clostridia|o__Eubacteriales|f__Clostridiaceae|g__Clostridiaceae_unclassified|s__Clostridiaceae_bacterium_Marseille_Q4143|t__SGB4768"	"turmeric_group"	"Treatment"	"turmeric_groupTreatment"	1.10082238060482	0.260138253408482	1.89115173718144	0.671423255553291	1	0.671423255553291	0.999999637404425	NA	"abundance"	40	9
"k__Bacteria|p__Firmicutes|c__Clostridia|o__Eubacteriales|f__Clostridiaceae|g__Clostridiaceae_unclassified|s__Clostridiaceae_bacterium_Marseille_Q4149|t__SGB15091"	"timepoint"	"2_weeks"	"timepoint2_weeks"	0.227683419928946	0.149475332770608	0.832884923709224	0.927802389962764	1	0.630560602642447	0.999999637404425	NA	"abundance"	40	11
"k__Bacteria|p__Firmicutes|c__Clostridia|o__Eubacteriales|f__Clostridiaceae|g__Clostridiaceae_unclassified|s__Clostridiaceae_bacterium_Marseille_Q4149|t__SGB15091"	"timepoint"	"6_months"	"timepoint6_months"	-0.835778862628093	-0.19091313093815	0.929291315066786	0.511912457471238	1	0.448967570458732	0.999999637404425	NA	"abundance"	40	11
"k__Bacteria|p__Firmicutes|c__Clostridia|o__Eubacteriales|f__Clostridiaceae|g__Clostridiaceae_unclassified|s__Clostridiaceae_bacterium_Marseille_Q4149|t__SGB15091"	"turmeric_group"	"Treatment"	"turmeric_groupTreatment"	-0.0641045349882411	0.260138253408482	0.713901363179334	0.666042168837285	1	0.599955597356239	0.999999637404425	NA	"abundance"	40	11
"k__Bacteria|p__Firmicutes|c__Clostridia|o__Eubacteriales|f__Clostridiaceae|g__Clostridiaceae_unclassified|s__Clostridiaceae_bacterium|t__SGB4269"	"timepoint"	"2_weeks"	"timepoint2_weeks"	0.0199224057726419	0.149475332770608	0.626034475810994	0.840550800799246	1	0.974575952874238	0.999999637404425	NA	"abundance"	40	36
"k__Bacteria|p__Firmicutes|c__Clostridia|o__Eubacteriales|f__Clostridiaceae|g__Clostridiaceae_unclassified|s__Clostridiaceae_bacterium|t__SGB4269"	"timepoint"	"6_months"	"timepoint6_months"	-0.149264344352803	-0.19091313093815	0.687978638930641	0.952729727041099	1	0.828334095760241	0.999999637404425	NA	"abundance"	40	36
"k__Bacteria|p__Firmicutes|c__Clostridia|o__Eubacteriales|f__Clostridiaceae|g__Clostridiaceae_unclassified|s__Clostridiaceae_bacterium|t__SGB4269"	"turmeric_group"	"Treatment"	"turmeric_groupTreatment"	0.255118012752897	0.260138253408482	0.682256425773623	0.994281608351742	1	0.402310836106782	0.999999637404425	NA	"abundance"	40	36
"k__Bacteria|p__Firmicutes|c__Clostridia|o__Eubacteriales|f__Clostridiaceae|g__Clostridiaceae_unclassified|s__Clostridiaceae_bacterium|t__SGB4721"	"timepoint"	"2_weeks"	"timepoint2_weeks"	0.792613456860377	0.149475332770608	1.45325048380096	0.669237060518716	1	0.76083097339244	0.999999637404425	NA	"abundance"	40	12
"k__Bacteria|p__Firmicutes|c__Clostridia|o__Eubacteriales|f__Clostridiaceae|g__Clostridiaceae_unclassified|s__Clostridiaceae_bacterium|t__SGB4721"	"timepoint"	"6_months"	"timepoint6_months"	1.76477199242904	-0.19091313093815	1.56968992589163	0.248721450517241	1	0.435580541087081	0.999999637404425	NA	"abundance"	40	12
"k__Bacteria|p__Firmicutes|c__Clostridia|o__Eubacteriales|f__Clostridiaceae|g__Clostridiaceae_unclassified|s__Clostridiaceae_bacterium|t__SGB4721"	"turmeric_group"	"Treatment"	"turmeric_groupTreatment"	-1.80208705280861	0.260138253408482	2.29779076977633	0.39488547814423	1	0.102470466749775	0.999999637404425	NA	"abundance"	40	12
"k__Bacteria|p__Firmicutes|c__Clostridia|o__Eubacteriales|f__Clostridiaceae|g__Clostridium|s__Clostridium_fessum|t__SGB4705"	"timepoint"	"2_weeks"	"timepoint2_weeks"	-0.543413514270987	0.149475332770608	0.57158557674062	0.246569623547428	1	0.432342667838535	0.999999637404425	NA	"abundance"	40	34
"k__Bacteria|p__Firmicutes|c__Clostridia|o__Eubacteriales|f__Clostridiaceae|g__Clostridium|s__Clostridium_fessum|t__SGB4705"	"timepoint"	"6_months"	"timepoint6_months"	-0.166489741166179	-0.19091313093815	0.65617503684736	0.97110751393968	1	0.605871874650547	0.999999637404425	NA	"abundance"	40	34
"k__Bacteria|p__Firmicutes|c__Clostridia|o__Eubacteriales|f__Clostridiaceae|g__Clostridium|s__Clostridium_fessum|t__SGB4705"	"turmeric_group"	"Treatment"	"turmeric_groupTreatment"	-0.190998605972255	0.260138253408482	0.698526185669614	0.5317138716349	1	0.780708101980825	0.999999637404425	NA	"abundance"	40	34
"k__Bacteria|p__Firmicutes|c__Clostridia|o__Eubacteriales|f__Clostridiaceae|g__Clostridium|s__Clostridium_sp_1001270H_150608_G6|t__SGB5111"	"timepoint"	"2_weeks"	"timepoint2_weeks"	-1.53413554693217	0.149475332770608	4.25294366645933	0.730056341204095	1	0.877790965253914	0.999999637404425	NA	"abundance"	40	6
"k__Bacteria|p__Firmicutes|c__Clostridia|o__Eubacteriales|f__Clostridiaceae|g__Clostridium|s__Clostridium_sp_1001270H_150608_G6|t__SGB5111"	"timepoint"	"6_months"	"timepoint6_months"	-2.00988112234903	-0.19091313093815	4.75493557134013	0.738508391553567	1	0.718074999994586	0.999999637404425	NA	"abundance"	40	6
"k__Bacteria|p__Firmicutes|c__Clostridia|o__Eubacteriales|f__Clostridiaceae|g__Clostridium|s__Clostridium_sp_1001270H_150608_G6|t__SGB5111"	"turmeric_group"	"Treatment"	"turmeric_groupTreatment"	0.117645661637115	0.260138253408482	4.25294366645933	0.976328535624334	1	0.983393324808562	0.999999637404425	NA	"abundance"	40	6
"k__Bacteria|p__Firmicutes|c__Clostridia|o__Eubacteriales|f__Clostridiaceae|g__Clostridium|s__Clostridium_sp_AF34_10BH|t__SGB4914"	"timepoint"	"2_weeks"	"timepoint2_weeks"	0.513778555503035	0.149475332770608	0.813444171046817	0.663792858257242	1	0.0966946237784356	0.999999637404425	NA	"abundance"	40	23
"k__Bacteria|p__Firmicutes|c__Clostridia|o__Eubacteriales|f__Clostridiaceae|g__Clostridium|s__Clostridium_sp_AF34_10BH|t__SGB4914"	"timepoint"	"6_months"	"timepoint6_months"	-0.0410754857569944	-0.19091313093815	0.763954376408725	0.851371491362943	1	0.273734858462988	0.999999637404425	NA	"abundance"	40	23
"k__Bacteria|p__Firmicutes|c__Clostridia|o__Eubacteriales|f__Clostridiaceae|g__Clostridium|s__Clostridium_sp_AF34_10BH|t__SGB4914"	"turmeric_group"	"Treatment"	"turmeric_groupTreatment"	-1.75027905876798	0.260138253408482	0.941944498933022	0.0599586651400885	1	0.116322288754796	0.999999637404425	NA	"abundance"	40	23
"k__Bacteria|p__Firmicutes|c__Clostridia|o__Eubacteriales|f__Clostridiaceae|g__Clostridium|s__Clostridium_sp_AF36_4|t__SGB4644"	"timepoint"	"2_weeks"	"timepoint2_weeks"	1.22981472998901	0.149475332770608	0.794787785917072	0.304723664306208	1	0.516590817024213	0.999999637404425	NA	"abundance"	40	8
"k__Bacteria|p__Firmicutes|c__Clostridia|o__Eubacteriales|f__Clostridiaceae|g__Clostridium|s__Clostridium_sp_AF36_4|t__SGB4644"	"timepoint"	"6_months"	"timepoint6_months"	-0.0579896191795778	-0.19091313093815	1.25310438099863	0.925205340313312	1	0.442732127442932	0.999999637404425	NA	"abundance"	40	8
"k__Bacteria|p__Firmicutes|c__Clostridia|o__Eubacteriales|f__Clostridiaceae|g__Clostridium|s__Clostridium_sp_AF36_4|t__SGB4644"	"turmeric_group"	"Treatment"	"turmeric_groupTreatment"	-0.633419411977195	0.260138253408482	1.44418111956013	0.601894820111357	1	0.841512265745831	0.999999637404425	NA	"abundance"	40	8
"k__Bacteria|p__Firmicutes|c__Clostridia|o__Eubacteriales|f__Clostridiaceae|g__Clostridium|s__Clostridium_sp_AM22_11AC|t__SGB4749"	"timepoint"	"2_weeks"	"timepoint2_weeks"	0.225121615260096	0.149475332770608	1.80368289526314	0.96780188512785	1	0.96527176253514	0.999999637404425	NA	"abundance"	40	10
"k__Bacteria|p__Firmicutes|c__Clostridia|o__Eubacteriales|f__Clostridiaceae|g__Clostridium|s__Clostridium_sp_AM22_11AC|t__SGB4749"	"timepoint"	"6_months"	"timepoint6_months"	0.320032818219752	-0.19091313093815	1.80368289526314	0.785904853155231	1	0.954163268097517	0.999999637404425	NA	"abundance"	40	10
"k__Bacteria|p__Firmicutes|c__Clostridia|o__Eubacteriales|f__Clostridiaceae|g__Clostridium|s__Clostridium_sp_AM22_11AC|t__SGB4749"	"turmeric_group"	"Treatment"	"turmeric_groupTreatment"	-3.17873631806767	0.260138253408482	1.5304756876209	0.0666539170607476	1	0.128865089461954	0.999999637404425	NA	"abundance"	40	10
"k__Bacteria|p__Firmicutes|c__Clostridia|o__Eubacteriales|f__Clostridiaceae|g__Clostridium|s__Clostridium_sp_AM33_3|t__SGB4711"	"timepoint"	"2_weeks"	"timepoint2_weeks"	1.12241575274218	0.149475332770608	0.553695183651074	0.184066475717196	1	0.334252483951443	0.999999637404425	NA	"abundance"	40	7
"k__Bacteria|p__Firmicutes|c__Clostridia|o__Eubacteriales|f__Clostridiaceae|g__Clostridium|s__Clostridium_sp_AM33_3|t__SGB4711"	"timepoint"	"6_months"	"timepoint6_months"	0.26762940286457	-0.19091313093815	0.553695183651074	0.479263939680253	1	0.728833955482669	0.999999637404425	NA	"abundance"	40	7
"k__Bacteria|p__Firmicutes|c__Clostridia|o__Eubacteriales|f__Clostridiaceae|g__Clostridium|s__Clostridium_sp_AM33_3|t__SGB4711"	"turmeric_group"	"Treatment"	"turmeric_groupTreatment"	1.10775822858543	0.260138253408482	0.465197002973298	0.182440769513842	1	0.331596904646882	0.999999637404425	NA	"abundance"	40	7
"k__Bacteria|p__Firmicutes|c__Clostridia|o__Eubacteriales|f__Clostridiaceae|g__Clostridium|s__Clostridium_sp_AM49_4BH|t__SGB4652"	"timepoint"	"2_weeks"	"timepoint2_weeks"	-0.290186693029907	0.149475332770608	1.13034367651714	0.715370404117284	1	0.801135048799163	0.999999637404425	NA	"abundance"	40	13
"k__Bacteria|p__Firmicutes|c__Clostridia|o__Eubacteriales|f__Clostridiaceae|g__Clostridium|s__Clostridium_sp_AM49_4BH|t__SGB4652"	"timepoint"	"6_months"	"timepoint6_months"	-1.18683520552189	-0.19091313093815	1.42324009561984	0.512849519459446	1	0.762684409309108	0.999999637404425	NA	"abundance"	40	13
"k__Bacteria|p__Firmicutes|c__Clostridia|o__Eubacteriales|f__Clostridiaceae|g__Clostridium|s__Clostridium_sp_AM49_4BH|t__SGB4652"	"turmeric_group"	"Treatment"	"turmeric_groupTreatment"	1.44048409063064	0.260138253408482	1.81823960015486	0.537860421693538	1	0.786427010162726	0.999999637404425	NA	"abundance"	40	13
"k__Bacteria|p__Firmicutes|c__Clostridia|o__Eubacteriales|f__Eubacteriaceae|g__Eubacteriaceae_unclassified|s__Eubacteriaceae_bacterium|t__SGB3958"	"timepoint"	"2_weeks"	"timepoint2_weeks"	1.10168908131864	0.149475332770608	0.996644110544818	0.391176115609689	1	0.217067340875346	0.999999637404425	NA	"abundance"	40	12
"k__Bacteria|p__Firmicutes|c__Clostridia|o__Eubacteriales|f__Eubacteriaceae|g__Eubacteriaceae_unclassified|s__Eubacteriaceae_bacterium|t__SGB3958"	"timepoint"	"6_months"	"timepoint6_months"	1.4963957655439	-0.19091313093815	1.21414398648395	0.21658336530464	1	0.386258376482597	0.999999637404425	NA	"abundance"	40	12
"k__Bacteria|p__Firmicutes|c__Clostridia|o__Eubacteriales|f__Eubacteriaceae|g__Eubacteriaceae_unclassified|s__Eubacteriaceae_bacterium|t__SGB3958"	"turmeric_group"	"Treatment"	"turmeric_groupTreatment"	-0.00296273742531911	0.260138253408482	1.1153111239474	0.825912498033396	1	0.869384372294466	0.999999637404425	NA	"abundance"	40	12
"k__Bacteria|p__Firmicutes|c__Clostridia|o__Eubacteriales|f__Eubacteriaceae|g__Eubacterium|s__Eubacterium_ramulus|t__SGB4959"	"timepoint"	"2_weeks"	"timepoint2_weeks"	0.924346853736728	0.149475332770608	0.543123294913585	0.184388522755247	1	0.334777918186631	0.999999637404425	NA	"abundance"	40	24
"k__Bacteria|p__Firmicutes|c__Clostridia|o__Eubacteriales|f__Eubacteriaceae|g__Eubacterium|s__Eubacterium_ramulus|t__SGB4959"	"timepoint"	"6_months"	"timepoint6_months"	-0.215336520710121	-0.19091313093815	0.713528907139796	0.973378069165928	1	0.249284656780001	0.999999637404425	NA	"abundance"	40	24
"k__Bacteria|p__Firmicutes|c__Clostridia|o__Eubacteriales|f__Eubacteriaceae|g__Eubacterium|s__Eubacterium_ramulus|t__SGB4959"	"turmeric_group"	"Treatment"	"turmeric_groupTreatment"	-0.0842065048984011	0.260138253408482	0.55589984883756	0.55805469533474	1	0.794622742190995	0.999999637404425	NA	"abundance"	40	24
"k__Bacteria|p__Firmicutes|c__Clostridia|o__Eubacteriales|f__Eubacteriales_unclassified|g__Evtepia|s__Evtepia_gabavorous|t__SGB15120"	"timepoint"	"2_weeks"	"timepoint2_weeks"	0.562113900607556	0.149475332770608	0.363961164365702	0.307714182987345	1	0.520740347563121	0.999999637404425	NA	"abundance"	40	22
"k__Bacteria|p__Firmicutes|c__Clostridia|o__Eubacteriales|f__Eubacteriales_unclassified|g__Evtepia|s__Evtepia_gabavorous|t__SGB15120"	"timepoint"	"6_months"	"timepoint6_months"	0.845030316714069	-0.19091313093815	0.360572812492657	0.0259452331966128	1	0.0512173112675989	0.999999637404425	NA	"abundance"	40	22
"k__Bacteria|p__Firmicutes|c__Clostridia|o__Eubacteriales|f__Eubacteriales_unclassified|g__Evtepia|s__Evtepia_gabavorous|t__SGB15120"	"turmeric_group"	"Treatment"	"turmeric_groupTreatment"	0.46355982231186	0.260138253408482	1.16225037381686	0.865560456011659	1	0.696010481322189	0.999999637404425	NA	"abundance"	40	22
"k__Bacteria|p__Firmicutes|c__Clostridia|o__Eubacteriales|f__Eubacteriales_unclassified|g__Gemmiger|s__Gemmiger_formicilis|t__SGB15300"	"timepoint"	"2_weeks"	"timepoint2_weeks"	-0.0945923342233276	0.149475332770608	0.369909393265012	0.530365058454523	1	0.530365058454523	0.999999637404425	NA	"abundance"	40	40
"k__Bacteria|p__Firmicutes|c__Clostridia|o__Eubacteriales|f__Eubacteriales_unclassified|g__Gemmiger|s__Gemmiger_formicilis|t__SGB15300"	"timepoint"	"6_months"	"timepoint6_months"	0.0212616562408727	-0.19091313093815	0.394966325555254	0.625942246707936	1	0.625942246707936	0.999999637404425	NA	"abundance"	40	40
"k__Bacteria|p__Firmicutes|c__Clostridia|o__Eubacteriales|f__Eubacteriales_unclassified|g__Gemmiger|s__Gemmiger_formicilis|t__SGB15300"	"turmeric_group"	"Treatment"	"turmeric_groupTreatment"	0.960140666007926	0.260138253408482	0.70452540800455	0.345506649315013	1	0.345506649315013	0.999999637404425	NA	"abundance"	40	40
"k__Bacteria|p__Firmicutes|c__Clostridia|o__Eubacteriales|f__Lachnospiraceae|g__Anaerobutyricum|s__Anaerobutyricum_hallii|t__SGB4532"	"timepoint"	"2_weeks"	"timepoint2_weeks"	0.149378025911425	0.149475332770608	0.718075198274384	0.999894429308009	1	0.95577677203847	0.999999637404425	NA	"abundance"	40	31
"k__Bacteria|p__Firmicutes|c__Clostridia|o__Eubacteriales|f__Lachnospiraceae|g__Anaerobutyricum|s__Anaerobutyricum_hallii|t__SGB4532"	"timepoint"	"6_months"	"timepoint6_months"	-0.283277035240893	-0.19091313093815	0.75933323241919	0.905523152764047	1	0.758937337557793	0.999999637404425	NA	"abundance"	40	31
"k__Bacteria|p__Firmicutes|c__Clostridia|o__Eubacteriales|f__Lachnospiraceae|g__Anaerobutyricum|s__Anaerobutyricum_hallii|t__SGB4532"	"turmeric_group"	"Treatment"	"turmeric_groupTreatment"	0.352080097231674	0.260138253408482	0.82319249794731	0.914378617812712	1	0.351561767492416	0.999999637404425	NA	"abundance"	40	31
"k__Bacteria|p__Firmicutes|c__Clostridia|o__Eubacteriales|f__Lachnospiraceae|g__Anaerobutyricum|s__Anaerobutyricum_soehngenii|t__SGB4537"	"timepoint"	"2_weeks"	"timepoint2_weeks"	0.25836205340647	0.149475332770608	0.934645426049809	0.909226645619624	1	0.536496653964125	0.999999637404425	NA	"abundance"	40	15
"k__Bacteria|p__Firmicutes|c__Clostridia|o__Eubacteriales|f__Lachnospiraceae|g__Anaerobutyricum|s__Anaerobutyricum_soehngenii|t__SGB4537"	"timepoint"	"6_months"	"timepoint6_months"	0.252632813500288	-0.19091313093815	1.41059571674659	0.75875687339015	1	0.355422118406607	0.999999637404425	NA	"abundance"	40	15
"k__Bacteria|p__Firmicutes|c__Clostridia|o__Eubacteriales|f__Lachnospiraceae|g__Anaerobutyricum|s__Anaerobutyricum_soehngenii|t__SGB4537"	"turmeric_group"	"Treatment"	"turmeric_groupTreatment"	1.7264998622078	0.260138253408482	1.00953244186363	0.177748923596466	1	0.32390316735323	0.999999637404425	NA	"abundance"	40	15
"k__Bacteria|p__Firmicutes|c__Clostridia|o__Eubacteriales|f__Lachnospiraceae|g__Anaerostipes|s__Anaerostipes_hadrus|t__SGB4547"	"timepoint"	"2_weeks"	"timepoint2_weeks"	-1.33118861289901	0.149475332770608	1.84861956543744	0.556911646517884	1	0.803672711008508	0.999999637404425	NA	"abundance"	40	5
"k__Bacteria|p__Firmicutes|c__Clostridia|o__Eubacteriales|f__Lachnospiraceae|g__Anaerostipes|s__Anaerostipes_hadrus|t__SGB4547"	"turmeric_group"	"Treatment"	"turmeric_groupTreatment"	2.24026620166224	0.260138253408482	3.21543644558039	0.675138182816526	1	0.713856397839681	0.999999637404425	NA	"abundance"	40	5
"k__Bacteria|p__Firmicutes|c__Clostridia|o__Eubacteriales|f__Lachnospiraceae|g__Anaerotignum|s__Anaerotignum_faecicola|t__SGB5190"	"timepoint"	"2_weeks"	"timepoint2_weeks"	0.0461851910704406	0.149475332770608	1.04991391131351	0.92436057868643	1	0.153943486486398	0.999999637404425	NA	"abundance"	40	15
"k__Bacteria|p__Firmicutes|c__Clostridia|o__Eubacteriales|f__Lachnospiraceae|g__Anaerotignum|s__Anaerotignum_faecicola|t__SGB5190"	"timepoint"	"6_months"	"timepoint6_months"	-2.45099369014289	-0.19091313093815	1.19129824908605	0.0895506444378657	1	0.171081970956494	0.999999637404425	NA	"abundance"	40	15
"k__Bacteria|p__Firmicutes|c__Clostridia|o__Eubacteriales|f__Lachnospiraceae|g__Anaerotignum|s__Anaerotignum_faecicola|t__SGB5190"	"turmeric_group"	"Treatment"	"turmeric_groupTreatment"	-0.620705147706693	0.260138253408482	0.929130940726564	0.3850663034247	1	0.470620470744616	0.999999637404425	NA	"abundance"	40	15
"k__Bacteria|p__Firmicutes|c__Clostridia|o__Eubacteriales|f__Lachnospiraceae|g__Blautia|s__Blautia_faecis|t__SGB4820"	"timepoint"	"2_weeks"	"timepoint2_weeks"	-0.346140611999772	0.149475332770608	0.766888904525	0.525202906161725	1	0.485776551515921	0.999999637404425	NA	"abundance"	40	29
"k__Bacteria|p__Firmicutes|c__Clostridia|o__Eubacteriales|f__Lachnospiraceae|g__Blautia|s__Blautia_faecis|t__SGB4820"	"timepoint"	"6_months"	"timepoint6_months"	0.167796539154398	-0.19091313093815	0.904121915394027	0.695919233987788	1	0.907534887741426	0.999999637404425	NA	"abundance"	40	29
"k__Bacteria|p__Firmicutes|c__Clostridia|o__Eubacteriales|f__Lachnospiraceae|g__Blautia|s__Blautia_faecis|t__SGB4820"	"turmeric_group"	"Treatment"	"turmeric_groupTreatment"	1.09459363374848	0.260138253408482	0.715881314827469	0.261627497970245	1	0.45480604824632	0.999999637404425	NA	"abundance"	40	29
"k__Bacteria|p__Firmicutes|c__Clostridia|o__Eubacteriales|f__Lachnospiraceae|g__Blautia|s__Blautia_glucerasea|t__SGB4804"	"timepoint"	"2_weeks"	"timepoint2_weeks"	-1.77842859534611	0.149475332770608	1.08444980976905	0.101985000846454	1	0.193569061295257	0.999999637404425	NA	"abundance"	40	16
"k__Bacteria|p__Firmicutes|c__Clostridia|o__Eubacteriales|f__Lachnospiraceae|g__Blautia|s__Blautia_glucerasea|t__SGB4804"	"timepoint"	"6_months"	"timepoint6_months"	0.282894159813016	-0.19091313093815	1.22514792243893	0.705417993342754	1	0.458514475870001	0.999999637404425	NA	"abundance"	40	16
"k__Bacteria|p__Firmicutes|c__Clostridia|o__Eubacteriales|f__Lachnospiraceae|g__Blautia|s__Blautia_glucerasea|t__SGB4804"	"turmeric_group"	"Treatment"	"turmeric_groupTreatment"	1.37887530120841	0.260138253408482	0.963558941704138	0.271817964696581	1	0.469750923461371	0.999999637404425	NA	"abundance"	40	16
"k__Bacteria|p__Firmicutes|c__Clostridia|o__Eubacteriales|f__Lachnospiraceae|g__Blautia|s__Blautia_glucerasea|t__SGB4816"	"timepoint"	"2_weeks"	"timepoint2_weeks"	1.07000687643317	0.149475332770608	0.5798996059213	0.174730446499133	1	0.282896267449018	0.999999637404425	NA	"abundance"	40	17
"k__Bacteria|p__Firmicutes|c__Clostridia|o__Eubacteriales|f__Lachnospiraceae|g__Blautia|s__Blautia_glucerasea|t__SGB4816"	"timepoint"	"6_months"	"timepoint6_months"	-0.288662665316062	-0.19091313093815	1.27869191373213	0.941730052232824	1	0.155104211181641	0.999999637404425	NA	"abundance"	40	17
"k__Bacteria|p__Firmicutes|c__Clostridia|o__Eubacteriales|f__Lachnospiraceae|g__Blautia|s__Blautia_glucerasea|t__SGB4816"	"turmeric_group"	"Treatment"	"turmeric_groupTreatment"	2.18263579630025	0.260138253408482	1.6194390570147	0.269651000561275	1	0.466590339018853	0.999999637404425	NA	"abundance"	40	17
"k__Bacteria|p__Firmicutes|c__Clostridia|o__Eubacteriales|f__Lachnospiraceae|g__Blautia|s__Blautia_luti|t__SGB4832"	"timepoint"	"2_weeks"	"timepoint2_weeks"	2.29476279842845	0.149475332770608	0.517889406257326	0.0271233061555226	1	0.053510938574239	0.999999637404425	NA	"abundance"	40	10
"k__Bacteria|p__Firmicutes|c__Clostridia|o__Eubacteriales|f__Lachnospiraceae|g__Blautia|s__Blautia_luti|t__SGB4832"	"timepoint"	"6_months"	"timepoint6_months"	0.258377329592851	-0.19091313093815	0.610846438458671	0.524648122651176	1	0.774040592700949	0.999999637404425	NA	"abundance"	40	10
"k__Bacteria|p__Firmicutes|c__Clostridia|o__Eubacteriales|f__Lachnospiraceae|g__Blautia|s__Blautia_luti|t__SGB4832"	"turmeric_group"	"Treatment"	"turmeric_groupTreatment"	1.81266836419365	0.260138253408482	2.78328832831132	0.615970673690632	1	0.852521476534373	0.999999637404425	NA	"abundance"	40	10
"k__Bacteria|p__Firmicutes|c__Clostridia|o__Eubacteriales|f__Lachnospiraceae|g__Blautia|s__Blautia_massiliensis|t__SGB4826"	"timepoint"	"2_weeks"	"timepoint2_weeks"	0.596759517509153	0.149475332770608	0.49714057190696	0.387536736662203	1	0.624888751061617	0.999999637404425	NA	"abundance"	40	36
"k__Bacteria|p__Firmicutes|c__Clostridia|o__Eubacteriales|f__Lachnospiraceae|g__Blautia|s__Blautia_massiliensis|t__SGB4826"	"timepoint"	"6_months"	"timepoint6_months"	-0.0306008791768944	-0.19091313093815	0.55484317605617	0.784274838310304	1	0.448087126738321	0.999999637404425	NA	"abundance"	40	36
"k__Bacteria|p__Firmicutes|c__Clostridia|o__Eubacteriales|f__Lachnospiraceae|g__Blautia|s__Blautia_massiliensis|t__SGB4826"	"turmeric_group"	"Treatment"	"turmeric_groupTreatment"	0.00543651924586728	0.260138253408482	0.725485991909578	0.736199911311374	1	0.547177869374124	0.999999637404425	NA	"abundance"	40	36
"k__Bacteria|p__Firmicutes|c__Clostridia|o__Eubacteriales|f__Lachnospiraceae|g__Blautia|s__Blautia_obeum|t__SGB4809"	"timepoint"	"2_weeks"	"timepoint2_weeks"	-0.0690739008149202	0.149475332770608	1.14714179010692	0.859368663152331	1	0.9438282631507	0.999999637404425	NA	"abundance"	40	12
"k__Bacteria|p__Firmicutes|c__Clostridia|o__Eubacteriales|f__Lachnospiraceae|g__Blautia|s__Blautia_obeum|t__SGB4809"	"timepoint"	"6_months"	"timepoint6_months"	-0.317301050563649	-0.19091313093815	1.38146438510467	0.93159217488794	1	0.540322287560846	0.999999637404425	NA	"abundance"	40	12
"k__Bacteria|p__Firmicutes|c__Clostridia|o__Eubacteriales|f__Lachnospiraceae|g__Blautia|s__Blautia_obeum|t__SGB4809"	"turmeric_group"	"Treatment"	"turmeric_groupTreatment"	0.966274572270179	0.260138253408482	2.14383852563996	0.752184066497551	1	0.753355559608037	0.999999637404425	NA	"abundance"	40	12
"k__Bacteria|p__Firmicutes|c__Clostridia|o__Eubacteriales|f__Lachnospiraceae|g__Blautia|s__Blautia_obeum|t__SGB4810"	"timepoint"	"2_weeks"	"timepoint2_weeks"	1.95509461207712	0.149475332770608	1.24612595490126	0.312526104870254	1	0.527379643515136	0.999999637404425	NA	"abundance"	40	9
"k__Bacteria|p__Firmicutes|c__Clostridia|o__Eubacteriales|f__Lachnospiraceae|g__Blautia|s__Blautia_obeum|t__SGB4810"	"timepoint"	"6_months"	"timepoint6_months"	0.255374323383491	-0.19091313093815	1.24612595490126	0.761715167272317	1	0.910337649027304	0.999999637404425	NA	"abundance"	40	9
"k__Bacteria|p__Firmicutes|c__Clostridia|o__Eubacteriales|f__Lachnospiraceae|g__Blautia|s__Blautia_obeum|t__SGB4810"	"turmeric_group"	"Treatment"	"turmeric_groupTreatment"	-2.60585780632828	0.260138253408482	4.36730956313907	0.560282816254958	1	0.316807255008185	0.999999637404425	NA	"abundance"	40	9
"k__Bacteria|p__Firmicutes|c__Clostridia|o__Eubacteriales|f__Lachnospiraceae|g__Blautia|s__Blautia_obeum|t__SGB4811"	"timepoint"	"2_weeks"	"timepoint2_weeks"	-0.179557281723495	0.149475332770608	0.713266238646941	0.651815461868145	1	0.78825956645188	0.999999637404425	NA	"abundance"	40	31
"k__Bacteria|p__Firmicutes|c__Clostridia|o__Eubacteriales|f__Lachnospiraceae|g__Blautia|s__Blautia_obeum|t__SGB4811"	"timepoint"	"6_months"	"timepoint6_months"	1.8165386928409	-0.19091313093815	0.851277500458119	0.0322913118821552	1	0.0635398949412398	0.999999637404425	NA	"abundance"	40	31
"k__Bacteria|p__Firmicutes|c__Clostridia|o__Eubacteriales|f__Lachnospiraceae|g__Blautia|s__Blautia_obeum|t__SGB4811"	"turmeric_group"	"Treatment"	"turmeric_groupTreatment"	0.527779754654758	0.260138253408482	0.958349403243268	0.78521167680629	1	0.261203338941034	0.999999637404425	NA	"abundance"	40	31
"k__Bacteria|p__Firmicutes|c__Clostridia|o__Eubacteriales|f__Lachnospiraceae|g__Blautia|s__Blautia_SGB4815|t__SGB4815"	"timepoint"	"2_weeks"	"timepoint2_weeks"	0.434069897951518	0.149475332770608	0.573368394371463	0.6290976413695	1	0.862431440362332	0.999999637404425	NA	"abundance"	40	24
"k__Bacteria|p__Firmicutes|c__Clostridia|o__Eubacteriales|f__Lachnospiraceae|g__Blautia|s__Blautia_SGB4815|t__SGB4815"	"timepoint"	"6_months"	"timepoint6_months"	0.030413824399539	-0.19091313093815	0.608850402738653	0.729251929779641	1	0.74228805176672	0.999999637404425	NA	"abundance"	40	24
"k__Bacteria|p__Firmicutes|c__Clostridia|o__Eubacteriales|f__Lachnospiraceae|g__Blautia|s__Blautia_SGB4815|t__SGB4815"	"turmeric_group"	"Treatment"	"turmeric_groupTreatment"	-0.113469760432495	0.260138253408482	0.495814324474567	0.472414907754346	1	0.647730162216121	0.999999637404425	NA	"abundance"	40	24
"k__Bacteria|p__Firmicutes|c__Clostridia|o__Eubacteriales|f__Lachnospiraceae|g__Blautia|s__Blautia_sp_Marseille_P3087|t__SGB4813"	"timepoint"	"2_weeks"	"timepoint2_weeks"	0.880622478084708	0.149475332770608	1.18032146023527	0.562378949590021	1	0.415924573137828	0.999999637404425	NA	"abundance"	40	9
"k__Bacteria|p__Firmicutes|c__Clostridia|o__Eubacteriales|f__Lachnospiraceae|g__Blautia|s__Blautia_sp_Marseille_P3087|t__SGB4813"	"timepoint"	"6_months"	"timepoint6_months"	0.659134751866597	-0.19091313093815	1.18032146023527	0.503957906199154	1	0.670888871911897	0.999999637404425	NA	"abundance"	40	9
"k__Bacteria|p__Firmicutes|c__Clostridia|o__Eubacteriales|f__Lachnospiraceae|g__Blautia|s__Blautia_sp_Marseille_P3087|t__SGB4813"	"turmeric_group"	"Treatment"	"turmeric_groupTreatment"	0.600888140334809	0.260138253408482	1.49300167420772	0.827897408418432	1	0.266926372371511	0.999999637404425	NA	"abundance"	40	9
"k__Bacteria|p__Firmicutes|c__Clostridia|o__Eubacteriales|f__Lachnospiraceae|g__Blautia|s__Blautia_sp_MSK_20_85|t__SGB4828"	"timepoint"	"2_weeks"	"timepoint2_weeks"	-0.325481429548223	0.149475332770608	0.603154820708408	0.448919394209095	1	0.696310165921129	0.999999637404425	NA	"abundance"	40	24
"k__Bacteria|p__Firmicutes|c__Clostridia|o__Eubacteriales|f__Lachnospiraceae|g__Blautia|s__Blautia_sp_MSK_20_85|t__SGB4828"	"timepoint"	"6_months"	"timepoint6_months"	0.216415078352276	-0.19091313093815	0.633274897700263	0.538602921049028	1	0.787112735535511	0.999999637404425	NA	"abundance"	40	24
"k__Bacteria|p__Firmicutes|c__Clostridia|o__Eubacteriales|f__Lachnospiraceae|g__Blautia|s__Blautia_sp_MSK_20_85|t__SGB4828"	"turmeric_group"	"Treatment"	"turmeric_groupTreatment"	-1.77790207996319	0.260138253408482	0.948503045231818	0.0711489281214722	1	0.13723568627011	0.999999637404425	NA	"abundance"	40	24
"k__Bacteria|p__Firmicutes|c__Clostridia|o__Eubacteriales|f__Lachnospiraceae|g__Blautia|s__Blautia_wexlerae|t__SGB4837"	"timepoint"	"2_weeks"	"timepoint2_weeks"	0.496921730366932	0.149475332770608	0.589444612647739	0.563925563467822	1	0.563925563467822	0.999999637404425	NA	"abundance"	40	40
"k__Bacteria|p__Firmicutes|c__Clostridia|o__Eubacteriales|f__Lachnospiraceae|g__Blautia|s__Blautia_wexlerae|t__SGB4837"	"timepoint"	"6_months"	"timepoint6_months"	0.331215640018152	-0.19091313093815	0.628584655518659	0.424276443622601	1	0.424276443622601	0.999999637404425	NA	"abundance"	40	40
"k__Bacteria|p__Firmicutes|c__Clostridia|o__Eubacteriales|f__Lachnospiraceae|g__Blautia|s__Blautia_wexlerae|t__SGB4837"	"turmeric_group"	"Treatment"	"turmeric_groupTreatment"	-0.032732333264005	0.260138253408482	0.654018565342309	0.669809745162176	1	0.669809745162176	0.999999637404425	NA	"abundance"	40	40
"k__Bacteria|p__Firmicutes|c__Clostridia|o__Eubacteriales|f__Lachnospiraceae|g__Coprococcus|s__Coprococcus_catus|t__SGB4670"	"timepoint"	"2_weeks"	"timepoint2_weeks"	1.63362091050576	0.149475332770608	0.930138207406613	0.12826409091682	1	0.240076504814922	0.999999637404425	NA	"abundance"	40	24
"k__Bacteria|p__Firmicutes|c__Clostridia|o__Eubacteriales|f__Lachnospiraceae|g__Coprococcus|s__Coprococcus_catus|t__SGB4670"	"timepoint"	"6_months"	"timepoint6_months"	0.107774488036821	-0.19091313093815	1.00088003033401	0.768728468677119	1	0.869723606557658	0.999999637404425	NA	"abundance"	40	24
"k__Bacteria|p__Firmicutes|c__Clostridia|o__Eubacteriales|f__Lachnospiraceae|g__Coprococcus|s__Coprococcus_catus|t__SGB4670"	"turmeric_group"	"Treatment"	"turmeric_groupTreatment"	-1.4158358065925	0.260138253408482	0.837396312736683	0.0629876581757808	1	0.122007871269093	0.999999637404425	NA	"abundance"	40	24
"k__Bacteria|p__Firmicutes|c__Clostridia|o__Eubacteriales|f__Lachnospiraceae|g__Coprococcus|s__Coprococcus_comes|t__SGB4577"	"timepoint"	"2_weeks"	"timepoint2_weeks"	0.114008834246103	0.149475332770608	0.436369323374259	0.936788250531009	1	0.996004274729069	0.999999637404425	NA	"abundance"	40	38
"k__Bacteria|p__Firmicutes|c__Clostridia|o__Eubacteriales|f__Lachnospiraceae|g__Coprococcus|s__Coprococcus_comes|t__SGB4577"	"timepoint"	"6_months"	"timepoint6_months"	-0.129225578946076	-0.19091313093815	0.48864952747483	0.903060968920869	1	0.990602824253439	0.999999637404425	NA	"abundance"	40	38
"k__Bacteria|p__Firmicutes|c__Clostridia|o__Eubacteriales|f__Lachnospiraceae|g__Coprococcus|s__Coprococcus_comes|t__SGB4577"	"turmeric_group"	"Treatment"	"turmeric_groupTreatment"	0.0968252631892434	0.260138253408482	0.385873595179414	0.692251551703142	1	0.905290892570876	0.999999637404425	NA	"abundance"	40	38
"k__Bacteria|p__Firmicutes|c__Clostridia|o__Eubacteriales|f__Lachnospiraceae|g__Coprococcus|s__Coprococcus_eutactus|t__SGB5117"	"timepoint"	"2_weeks"	"timepoint2_weeks"	0.140520706033314	0.149475332770608	0.732078255587219	0.990612892480803	1	0.983400325941895	0.999999637404425	NA	"abundance"	40	15
"k__Bacteria|p__Firmicutes|c__Clostridia|o__Eubacteriales|f__Lachnospiraceae|g__Coprococcus|s__Coprococcus_eutactus|t__SGB5117"	"timepoint"	"6_months"	"timepoint6_months"	-0.218699522711816	-0.19091313093815	0.869544443623952	0.975469350112166	1	0.719712620430337	0.999999637404425	NA	"abundance"	40	15
"k__Bacteria|p__Firmicutes|c__Clostridia|o__Eubacteriales|f__Lachnospiraceae|g__Coprococcus|s__Coprococcus_eutactus|t__SGB5117"	"turmeric_group"	"Treatment"	"turmeric_groupTreatment"	0.530075728567126	0.260138253408482	1.18117687510105	0.82702238596126	1	0.487648350502804	0.999999637404425	NA	"abundance"	40	15
"k__Bacteria|p__Firmicutes|c__Clostridia|o__Eubacteriales|f__Lachnospiraceae|g__Dorea|s__Dorea_formicigenerans|t__SGB4575"	"timepoint"	"2_weeks"	"timepoint2_weeks"	0.483664371631495	0.149475332770608	0.608277143430902	0.592047798496889	1	0.833575001288765	0.999999637404425	NA	"abundance"	40	37
"k__Bacteria|p__Firmicutes|c__Clostridia|o__Eubacteriales|f__Lachnospiraceae|g__Dorea|s__Dorea_formicigenerans|t__SGB4575"	"timepoint"	"6_months"	"timepoint6_months"	0.194040604822566	-0.19091313093815	0.654813572601343	0.56830093227093	1	0.813635914921852	0.999999637404425	NA	"abundance"	40	37
"k__Bacteria|p__Firmicutes|c__Clostridia|o__Eubacteriales|f__Lachnospiraceae|g__Dorea|s__Dorea_formicigenerans|t__SGB4575"	"turmeric_group"	"Treatment"	"turmeric_groupTreatment"	0.343566405118416	0.260138253408482	0.870296767016353	0.925191100371508	1	0.488434984852805	0.999999637404425	NA	"abundance"	40	37
"k__Bacteria|p__Firmicutes|c__Clostridia|o__Eubacteriales|f__Lachnospiraceae|g__Dorea|s__Dorea_longicatena|t__SGB4581"	"timepoint"	"2_weeks"	"timepoint2_weeks"	0.310844950478335	0.149475332770608	0.53732315333867	0.770251086782654	1	0.947215436875449	0.999999637404425	NA	"abundance"	40	35
"k__Bacteria|p__Firmicutes|c__Clostridia|o__Eubacteriales|f__Lachnospiraceae|g__Dorea|s__Dorea_longicatena|t__SGB4581"	"timepoint"	"6_months"	"timepoint6_months"	1.06150190585356	-0.19091313093815	0.630729584330421	0.0667459421121826	1	0.129036863435922	0.999999637404425	NA	"abundance"	40	35
"k__Bacteria|p__Firmicutes|c__Clostridia|o__Eubacteriales|f__Lachnospiraceae|g__Dorea|s__Dorea_longicatena|t__SGB4581"	"turmeric_group"	"Treatment"	"turmeric_groupTreatment"	0.603126869485505	0.260138253408482	0.676026620951704	0.626281907613716	1	0.342286984298726	0.999999637404425	NA	"abundance"	40	35
"k__Bacteria|p__Firmicutes|c__Clostridia|o__Eubacteriales|f__Lachnospiraceae|g__Dorea|s__Dorea_longicatena|t__SGB4582"	"timepoint"	"2_weeks"	"timepoint2_weeks"	-0.12787930119771	0.149475332770608	1.20557553951117	0.823749011704112	1	0.968935589124723	0.999999637404425	NA	"abundance"	40	17
"k__Bacteria|p__Firmicutes|c__Clostridia|o__Eubacteriales|f__Lachnospiraceae|g__Dorea|s__Dorea_longicatena|t__SGB4582"	"timepoint"	"6_months"	"timepoint6_months"	-0.749097871945885	-0.19091313093815	1.28109143432334	0.67451364186117	1	0.798619712516039	0.999999637404425	NA	"abundance"	40	17
"k__Bacteria|p__Firmicutes|c__Clostridia|o__Eubacteriales|f__Lachnospiraceae|g__Dorea|s__Dorea_longicatena|t__SGB4582"	"turmeric_group"	"Treatment"	"turmeric_groupTreatment"	0.674666240522766	0.260138253408482	1.53792724017161	0.797846339085353	1	0.925056996648134	0.999999637404425	NA	"abundance"	40	17
"k__Bacteria|p__Firmicutes|c__Clostridia|o__Eubacteriales|f__Lachnospiraceae|g__Dorea|s__Dorea_sp_AF24_7LB|t__SGB4571"	"timepoint"	"2_weeks"	"timepoint2_weeks"	-0.789219000205388	0.149475332770608	0.808659777746412	0.271467511501474	1	0.469240413202144	0.999999637404425	NA	"abundance"	40	20
"k__Bacteria|p__Firmicutes|c__Clostridia|o__Eubacteriales|f__Lachnospiraceae|g__Dorea|s__Dorea_sp_AF24_7LB|t__SGB4571"	"timepoint"	"6_months"	"timepoint6_months"	0.432545118878788	-0.19091313093815	0.853874187881706	0.482285267792148	1	0.731971456054952	0.999999637404425	NA	"abundance"	40	20
"k__Bacteria|p__Firmicutes|c__Clostridia|o__Eubacteriales|f__Lachnospiraceae|g__Dorea|s__Dorea_sp_AF24_7LB|t__SGB4571"	"turmeric_group"	"Treatment"	"turmeric_groupTreatment"	0.51099230242231	0.260138253408482	0.917210340579259	0.791645056180251	1	0.841904434458823	0.999999637404425	NA	"abundance"	40	20
"k__Bacteria|p__Firmicutes|c__Clostridia|o__Eubacteriales|f__Lachnospiraceae|g__Dorea|s__Dorea_sp_AF36_15AT|t__SGB4552"	"timepoint"	"2_weeks"	"timepoint2_weeks"	-0.992694223997024	0.149475332770608	0.810888284232778	0.181474940909405	1	0.170818220031785	0.999999637404425	NA	"abundance"	40	27
"k__Bacteria|p__Firmicutes|c__Clostridia|o__Eubacteriales|f__Lachnospiraceae|g__Dorea|s__Dorea_sp_AF36_15AT|t__SGB4552"	"timepoint"	"6_months"	"timepoint6_months"	0.787703479355796	-0.19091313093815	0.938053549683895	0.315383471457341	1	0.531300208846198	0.999999637404425	NA	"abundance"	40	27
"k__Bacteria|p__Firmicutes|c__Clostridia|o__Eubacteriales|f__Lachnospiraceae|g__Dorea|s__Dorea_sp_AF36_15AT|t__SGB4552"	"turmeric_group"	"Treatment"	"turmeric_groupTreatment"	-0.151949704638276	0.260138253408482	0.945315406623708	0.671529690329508	1	0.755019167140999	0.999999637404425	NA	"abundance"	40	27
"k__Bacteria|p__Firmicutes|c__Clostridia|o__Eubacteriales|f__Lachnospiraceae|g__Faecalicatena|s__Faecalicatena_fissicatena|t__SGB4871"	"timepoint"	"2_weeks"	"timepoint2_weeks"	0.15747601992257	0.149475332770608	0.711461555102179	0.991168077529987	1	0.95280315069433	0.999999637404425	NA	"abundance"	40	30
"k__Bacteria|p__Firmicutes|c__Clostridia|o__Eubacteriales|f__Lachnospiraceae|g__Faecalicatena|s__Faecalicatena_fissicatena|t__SGB4871"	"timepoint"	"6_months"	"timepoint6_months"	-0.410166330000791	-0.19091313093815	0.792571747005333	0.78646431812788	1	0.493193272935907	0.999999637404425	NA	"abundance"	40	30
"k__Bacteria|p__Firmicutes|c__Clostridia|o__Eubacteriales|f__Lachnospiraceae|g__Faecalicatena|s__Faecalicatena_fissicatena|t__SGB4871"	"turmeric_group"	"Treatment"	"turmeric_groupTreatment"	-0.588224142037348	0.260138253408482	0.643605489747378	0.207847914813395	1	0.372495073934513	0.999999637404425	NA	"abundance"	40	30
"k__Bacteria|p__Firmicutes|c__Clostridia|o__Eubacteriales|f__Lachnospiraceae|g__Fusicatenibacter|s__Fusicatenibacter_saccharivorans|t__SGB4874"	"timepoint"	"2_weeks"	"timepoint2_weeks"	0.044265961446068	0.149475332770608	0.356719048560508	0.779862539811404	1	0.951539498621714	0.999999637404425	NA	"abundance"	40	34
"k__Bacteria|p__Firmicutes|c__Clostridia|o__Eubacteriales|f__Lachnospiraceae|g__Fusicatenibacter|s__Fusicatenibacter_saccharivorans|t__SGB4874"	"timepoint"	"6_months"	"timepoint6_months"	-0.253336635290844	-0.19091313093815	0.395019096736981	0.882546530039219	1	0.955125816289665	0.999999637404425	NA	"abundance"	40	34
"k__Bacteria|p__Firmicutes|c__Clostridia|o__Eubacteriales|f__Lachnospiraceae|g__Fusicatenibacter|s__Fusicatenibacter_saccharivorans|t__SGB4874"	"turmeric_group"	"Treatment"	"turmeric_groupTreatment"	-0.0662436792031296	0.260138253408482	0.494607417353147	0.533942163130637	1	0.78279009269265	0.999999637404425	NA	"abundance"	40	34
"k__Bacteria|p__Firmicutes|c__Clostridia|o__Eubacteriales|f__Lachnospiraceae|g__Lachnospira|s__Lachnospira_eligens|t__SGB5082"	"timepoint"	"2_weeks"	"timepoint2_weeks"	-0.463319785867147	0.149475332770608	0.905817677155118	0.529736035483996	1	0.31036837899387	0.999999637404425	NA	"abundance"	40	9
"k__Bacteria|p__Firmicutes|c__Clostridia|o__Eubacteriales|f__Lachnospiraceae|g__Lachnospira|s__Lachnospira_eligens|t__SGB5082"	"turmeric_group"	"Treatment"	"turmeric_groupTreatment"	0.894941300973172	0.260138253408482	0.810187960535921	0.473583329707923	1	0.642085314774161	0.999999637404425	NA	"abundance"	40	9
"k__Bacteria|p__Firmicutes|c__Clostridia|o__Eubacteriales|f__Lachnospiraceae|g__Lachnospiraceae_unclassified|s__Eubacterium_rectale|t__SGB4933"	"timepoint"	"2_weeks"	"timepoint2_weeks"	0.23807512567522	0.149475332770608	0.723290742235504	0.903912704884609	1	0.912187903659442	0.999999637404425	NA	"abundance"	40	37
"k__Bacteria|p__Firmicutes|c__Clostridia|o__Eubacteriales|f__Lachnospiraceae|g__Lachnospiraceae_unclassified|s__Eubacterium_rectale|t__SGB4933"	"timepoint"	"6_months"	"timepoint6_months"	-0.458457148518631	-0.19091313093815	0.777502415398382	0.735730967091049	1	0.780220287780412	0.999999637404425	NA	"abundance"	40	37
"k__Bacteria|p__Firmicutes|c__Clostridia|o__Eubacteriales|f__Lachnospiraceae|g__Lachnospiraceae_unclassified|s__Eubacterium_rectale|t__SGB4933"	"turmeric_group"	"Treatment"	"turmeric_groupTreatment"	0.862423912896129	0.260138253408482	0.692433796614813	0.405570683724721	1	2.56099366361359e-15	1.19598404090754e-12	NA	"abundance"	40	37
"k__Bacteria|p__Firmicutes|c__Clostridia|o__Eubacteriales|f__Lachnospiraceae|g__Lachnospiraceae_unclassified|s__Lachnospiraceae_bacterium_Marseille_Q4251|t__SGB4780"	"timepoint"	"2_weeks"	"timepoint2_weeks"	-0.425515370407227	0.149475332770608	0.740480446253807	0.452833757983117	1	0.686733216165286	0.999999637404425	NA	"abundance"	40	19
"k__Bacteria|p__Firmicutes|c__Clostridia|o__Eubacteriales|f__Lachnospiraceae|g__Lachnospiraceae_unclassified|s__Lachnospiraceae_bacterium_Marseille_Q4251|t__SGB4780"	"timepoint"	"6_months"	"timepoint6_months"	-1.09235044615316	-0.19091313093815	1.04136347506843	0.403267467130482	1	0.231746734249607	0.999999637404425	NA	"abundance"	40	19
"k__Bacteria|p__Firmicutes|c__Clostridia|o__Eubacteriales|f__Lachnospiraceae|g__Lachnospiraceae_unclassified|s__Lachnospiraceae_bacterium_Marseille_Q4251|t__SGB4780"	"turmeric_group"	"Treatment"	"turmeric_groupTreatment"	-0.644585804491549	0.260138253408482	0.740480446253807	0.249733206360275	1	0.418475062949427	0.999999637404425	NA	"abundance"	40	19
"k__Bacteria|p__Firmicutes|c__Clostridia|o__Eubacteriales|f__Lachnospiraceae|g__Lacrimispora|s__Lacrimispora_amygdalina|t__SGB4716"	"timepoint"	"2_weeks"	"timepoint2_weeks"	1.16626220477142	0.149475332770608	0.85263427094207	0.269994855141458	1	0.467092488480059	0.999999637404425	NA	"abundance"	40	12
"k__Bacteria|p__Firmicutes|c__Clostridia|o__Eubacteriales|f__Lachnospiraceae|g__Lacrimispora|s__Lacrimispora_amygdalina|t__SGB4716"	"timepoint"	"6_months"	"timepoint6_months"	1.70250940284375	-0.19091313093815	1.13070385767741	0.135760190049905	1	0.253089550897424	0.999999637404425	NA	"abundance"	40	12
"k__Bacteria|p__Firmicutes|c__Clostridia|o__Eubacteriales|f__Lachnospiraceae|g__Lacrimispora|s__Lacrimispora_amygdalina|t__SGB4716"	"turmeric_group"	"Treatment"	"turmeric_groupTreatment"	-0.338818420215733	0.260138253408482	0.791651046419659	0.473475582599602	1	0.722772037881171	0.999999637404425	NA	"abundance"	40	12
"k__Bacteria|p__Firmicutes|c__Clostridia|o__Eubacteriales|f__Lachnospiraceae|g__Lacrimispora|s__Lacrimispora_celerecrescens|t__SGB4868"	"timepoint"	"2_weeks"	"timepoint2_weeks"	0.129308216724468	0.149475332770608	0.578156678583506	0.972829769423498	1	0.99207470046639	0.999999637404425	NA	"abundance"	40	32
"k__Bacteria|p__Firmicutes|c__Clostridia|o__Eubacteriales|f__Lachnospiraceae|g__Lacrimispora|s__Lacrimispora_celerecrescens|t__SGB4868"	"timepoint"	"6_months"	"timepoint6_months"	0.211251543497748	-0.19091313093815	0.685093963804937	0.569687958492415	1	0.2801448828463	0.999999637404425	NA	"abundance"	40	32
"k__Bacteria|p__Firmicutes|c__Clostridia|o__Eubacteriales|f__Lachnospiraceae|g__Lacrimispora|s__Lacrimispora_celerecrescens|t__SGB4868"	"turmeric_group"	"Treatment"	"turmeric_groupTreatment"	-0.208177776203975	0.260138253408482	0.853215046581992	0.593993462253843	1	0.835158691307378	0.999999637404425	NA	"abundance"	40	32
"k__Bacteria|p__Firmicutes|c__Clostridia|o__Eubacteriales|f__Lachnospiraceae|g__Mediterraneibacter|s__Ruminococcus_gnavus|t__SGB4584"	"timepoint"	"2_weeks"	"timepoint2_weeks"	0.149475332770608	0.149475332770608	0.187032153199851	1	1	0.991469994177625	0.999999637404425	NA	"abundance"	40	8
"k__Bacteria|p__Firmicutes|c__Clostridia|o__Eubacteriales|f__Lachnospiraceae|g__Mediterraneibacter|s__Ruminococcus_gnavus|t__SGB4584"	"timepoint"	"6_months"	"timepoint6_months"	-0.965652444993404	-0.19091313093815	0.29572373318337	0.148004089949372	1	0.256640467896521	0.999999637404425	NA	"abundance"	40	8
"k__Bacteria|p__Firmicutes|c__Clostridia|o__Eubacteriales|f__Lachnospiraceae|g__Mediterraneibacter|s__Ruminococcus_gnavus|t__SGB4584"	"turmeric_group"	"Treatment"	"turmeric_groupTreatment"	1.37322220916906	0.260138253408482	3.51536082647885	0.780942907458108	1	0.952013990207093	0.999999637404425	NA	"abundance"	40	8
"k__Bacteria|p__Firmicutes|c__Clostridia|o__Eubacteriales|f__Lachnospiraceae|g__Mediterraneibacter|s__Ruminococcus_lactaris|t__SGB4557"	"timepoint"	"2_weeks"	"timepoint2_weeks"	-1.74270716505287	0.149475332770608	1.19187141223587	0.174181065710564	1	0.251035784305645	0.999999637404425	NA	"abundance"	40	12
"k__Bacteria|p__Firmicutes|c__Clostridia|o__Eubacteriales|f__Lachnospiraceae|g__Mediterraneibacter|s__Ruminococcus_lactaris|t__SGB4557"	"timepoint"	"6_months"	"timepoint6_months"	-1.63951024156546	-0.19091313093815	1.64161375038697	0.417098022969347	1	0.660225285173756	0.999999637404425	NA	"abundance"	40	12
"k__Bacteria|p__Firmicutes|c__Clostridia|o__Eubacteriales|f__Lachnospiraceae|g__Mediterraneibacter|s__Ruminococcus_lactaris|t__SGB4557"	"turmeric_group"	"Treatment"	"turmeric_groupTreatment"	0.00605639203731936	0.260138253408482	1.67809642184753	0.885853733829672	1	0.437666674665168	0.999999637404425	NA	"abundance"	40	12
"k__Bacteria|p__Firmicutes|c__Clostridia|o__Eubacteriales|f__Lachnospiraceae|g__Mediterraneibacter|s__Ruminococcus_torques|t__SGB4563"	"timepoint"	"2_weeks"	"timepoint2_weeks"	0.341005493444257	0.149475332770608	0.496955327580074	0.708640664763222	1	0.803156490037872	0.999999637404425	NA	"abundance"	40	32
"k__Bacteria|p__Firmicutes|c__Clostridia|o__Eubacteriales|f__Lachnospiraceae|g__Mediterraneibacter|s__Ruminococcus_torques|t__SGB4563"	"timepoint"	"6_months"	"timepoint6_months"	-1.00343246833787	-0.19091313093815	0.581822055689858	0.191448980548843	1	0.346245248944494	0.999999637404425	NA	"abundance"	40	32
"k__Bacteria|p__Firmicutes|c__Clostridia|o__Eubacteriales|f__Lachnospiraceae|g__Mediterraneibacter|s__Ruminococcus_torques|t__SGB4563"	"turmeric_group"	"Treatment"	"turmeric_groupTreatment"	-0.966610409093418	0.260138253408482	0.855258704111683	0.176874918904202	1	0.322465100871036	0.999999637404425	NA	"abundance"	40	32
"k__Bacteria|p__Firmicutes|c__Clostridia|o__Eubacteriales|f__Lachnospiraceae|g__Mediterraneibacter|s__Ruminococcus_torques|t__SGB4608"	"timepoint"	"2_weeks"	"timepoint2_weeks"	-1.00618277478626	0.149475332770608	0.610115707111451	0.13953428585893	1	0.259598754787699	0.999999637404425	NA	"abundance"	40	15
"k__Bacteria|p__Firmicutes|c__Clostridia|o__Eubacteriales|f__Lachnospiraceae|g__Mediterraneibacter|s__Ruminococcus_torques|t__SGB4608"	"timepoint"	"6_months"	"timepoint6_months"	-3.052892113602	-0.19091313093815	0.854508216898835	0.0248802180630255	1	0.0491414108751873	0.999999637404425	NA	"abundance"	40	15
"k__Bacteria|p__Firmicutes|c__Clostridia|o__Eubacteriales|f__Lachnospiraceae|g__Mediterraneibacter|s__Ruminococcus_torques|t__SGB4608"	"turmeric_group"	"Treatment"	"turmeric_groupTreatment"	2.23386758052675	0.260138253408482	1.78139631766562	0.32110186312522	1	0.180578302925316	0.999999637404425	NA	"abundance"	40	15
"k__Bacteria|p__Firmicutes|c__Clostridia|o__Eubacteriales|f__Lachnospiraceae|g__Roseburia|s__Roseburia_faecis|t__SGB4925"	"timepoint"	"2_weeks"	"timepoint2_weeks"	-2.2082244894753	0.149475332770608	1.40414713725945	0.11152706615788	1	0.210615845829975	0.999999637404425	NA	"abundance"	40	22
"k__Bacteria|p__Firmicutes|c__Clostridia|o__Eubacteriales|f__Lachnospiraceae|g__Roseburia|s__Roseburia_faecis|t__SGB4925"	"timepoint"	"6_months"	"timepoint6_months"	-1.62458776286721	-0.19091313093815	1.65418453718175	0.398238612051464	1	0.637883231974252	0.999999637404425	NA	"abundance"	40	22
"k__Bacteria|p__Firmicutes|c__Clostridia|o__Eubacteriales|f__Lachnospiraceae|g__Roseburia|s__Roseburia_faecis|t__SGB4925"	"turmeric_group"	"Treatment"	"turmeric_groupTreatment"	-1.39547556486156	0.260138253408482	1.28778091564431	0.216210727627828	1	0.3856743765143	0.999999637404425	NA	"abundance"	40	22
"k__Bacteria|p__Firmicutes|c__Clostridia|o__Eubacteriales|f__Lachnospiraceae|g__Roseburia|s__Roseburia_hominis|t__SGB4936"	"timepoint"	"2_weeks"	"timepoint2_weeks"	0.977285248339347	0.149475332770608	0.626014333973204	0.215508127529681	1	0.384572502028013	0.999999637404425	NA	"abundance"	40	23
"k__Bacteria|p__Firmicutes|c__Clostridia|o__Eubacteriales|f__Lachnospiraceae|g__Roseburia|s__Roseburia_hominis|t__SGB4936"	"timepoint"	"6_months"	"timepoint6_months"	0.90435361979362	-0.19091313093815	0.671191567120492	0.131901740624625	1	0.246405412069444	0.999999637404425	NA	"abundance"	40	23
"k__Bacteria|p__Firmicutes|c__Clostridia|o__Eubacteriales|f__Lachnospiraceae|g__Roseburia|s__Roseburia_hominis|t__SGB4936"	"turmeric_group"	"Treatment"	"turmeric_groupTreatment"	2.27104079408815	0.260138253408482	0.6687360241493	0.0129480494889315	1	0.0257284469922952	0.999999637404425	NA	"abundance"	40	23
"k__Bacteria|p__Firmicutes|c__Clostridia|o__Eubacteriales|f__Lachnospiraceae|g__Roseburia|s__Roseburia_intestinalis|t__SGB4951"	"timepoint"	"2_weeks"	"timepoint2_weeks"	0.92688698638519	0.149475332770608	0.938562421781189	0.427769962172845	1	0.41870345228749	0.999999637404425	NA	"abundance"	40	23
"k__Bacteria|p__Firmicutes|c__Clostridia|o__Eubacteriales|f__Lachnospiraceae|g__Roseburia|s__Roseburia_intestinalis|t__SGB4951"	"timepoint"	"6_months"	"timepoint6_months"	-0.526017832163612	-0.19091313093815	0.970246458979531	0.736601176307373	1	0.799204033364129	0.999999637404425	NA	"abundance"	40	23
"k__Bacteria|p__Firmicutes|c__Clostridia|o__Eubacteriales|f__Lachnospiraceae|g__Roseburia|s__Roseburia_intestinalis|t__SGB4951"	"turmeric_group"	"Treatment"	"turmeric_groupTreatment"	0.0538590541435317	0.260138253408482	1.39139468535926	0.88575318649398	1	0.561311938437361	0.999999637404425	NA	"abundance"	40	23
"k__Bacteria|p__Firmicutes|c__Clostridia|o__Eubacteriales|f__Lachnospiraceae|g__Roseburia|s__Roseburia_inulinivorans|t__SGB4940"	"timepoint"	"2_weeks"	"timepoint2_weeks"	0.603566998907788	0.149475332770608	0.638868244571542	0.50518044568357	1	0.75515360866609	0.999999637404425	NA	"abundance"	40	20
"k__Bacteria|p__Firmicutes|c__Clostridia|o__Eubacteriales|f__Lachnospiraceae|g__Roseburia|s__Roseburia_inulinivorans|t__SGB4940"	"timepoint"	"6_months"	"timepoint6_months"	-0.30605840809192	-0.19091313093815	1.00334837991333	0.911640789958639	1	0.292554548429188	0.999999637404425	NA	"abundance"	40	20
"k__Bacteria|p__Firmicutes|c__Clostridia|o__Eubacteriales|f__Lachnospiraceae|g__Roseburia|s__Roseburia_inulinivorans|t__SGB4940"	"turmeric_group"	"Treatment"	"turmeric_groupTreatment"	1.15070963415831	0.260138253408482	1.18860638011671	0.470385251850334	1	0.107711408554775	0.999999637404425	NA	"abundance"	40	20
"k__Bacteria|p__Firmicutes|c__Clostridia|o__Eubacteriales|f__Lachnospiraceae|g__Roseburia|s__Roseburia_sp_AF02_12|t__SGB4938"	"timepoint"	"2_weeks"	"timepoint2_weeks"	0.804463527769708	0.149475332770608	0.347724498141586	0.327134604091464	1	0.0944871545680943	0.999999637404425	NA	"abundance"	40	8
"k__Bacteria|p__Firmicutes|c__Clostridia|o__Eubacteriales|f__Lachnospiraceae|g__Roseburia|s__Roseburia_sp_AF02_12|t__SGB4938"	"timepoint"	"6_months"	"timepoint6_months"	0.676010494973048	-0.19091313093815	0.425124977982921	0.304744105769665	1	0.475920524690627	0.999999637404425	NA	"abundance"	40	8
"k__Bacteria|p__Firmicutes|c__Clostridia|o__Eubacteriales|f__Lachnospiraceae|g__Roseburia|s__Roseburia_sp_AF02_12|t__SGB4938"	"turmeric_group"	"Treatment"	"turmeric_groupTreatment"	1.73446628720206	0.260138253408482	1.61213541406557	0.428838187150775	1	0.673774183542787	0.999999637404425	NA	"abundance"	40	8
"k__Bacteria|p__Firmicutes|c__Clostridia|o__Eubacteriales|f__Lachnospiraceae|g__Waltera|s__Waltera_intestinalis|t__SGB4910"	"timepoint"	"2_weeks"	"timepoint2_weeks"	-1.11279495342736	0.149475332770608	0.782395085806585	0.156608774979799	1	0.288691241558926	0.999999637404425	NA	"abundance"	40	19
"k__Bacteria|p__Firmicutes|c__Clostridia|o__Eubacteriales|f__Lachnospiraceae|g__Waltera|s__Waltera_intestinalis|t__SGB4910"	"timepoint"	"6_months"	"timepoint6_months"	-2.45361664433141	-0.19091313093815	1.06832282200542	0.0592413040957285	1	0.114973076080494	0.999999637404425	NA	"abundance"	40	19
"k__Bacteria|p__Firmicutes|c__Clostridia|o__Eubacteriales|f__Lachnospiraceae|g__Waltera|s__Waltera_intestinalis|t__SGB4910"	"turmeric_group"	"Treatment"	"turmeric_groupTreatment"	1.4977278937287	0.260138253408482	1.06542195563651	0.279816787016122	1	0.481336139736218	0.999999637404425	NA	"abundance"	40	19
"k__Bacteria|p__Firmicutes|c__Clostridia|o__Eubacteriales|f__Oscillospiraceae|g__Agathobaculum|s__Agathobaculum_butyriciproducens|t__SGB14993"	"timepoint"	"2_weeks"	"timepoint2_weeks"	-0.0753200264943695	0.149475332770608	0.447973441589783	0.629916140641084	1	0.853961482965399	0.999999637404425	NA	"abundance"	40	35
"k__Bacteria|p__Firmicutes|c__Clostridia|o__Eubacteriales|f__Oscillospiraceae|g__Agathobaculum|s__Agathobaculum_butyriciproducens|t__SGB14993"	"timepoint"	"6_months"	"timepoint6_months"	0.452148258360561	-0.19091313093815	0.501594189102201	0.234299407106264	1	0.413702602042181	0.999999637404425	NA	"abundance"	40	35
"k__Bacteria|p__Firmicutes|c__Clostridia|o__Eubacteriales|f__Oscillospiraceae|g__Agathobaculum|s__Agathobaculum_butyriciproducens|t__SGB14993"	"turmeric_group"	"Treatment"	"turmeric_groupTreatment"	-0.446639220245674	0.260138253408482	0.812987055353142	0.40429616931659	1	0.612671947773196	0.999999637404425	NA	"abundance"	40	35
"k__Bacteria|p__Firmicutes|c__Clostridia|o__Eubacteriales|f__Oscillospiraceae|g__Dysosmobacter|s__Dysosmobacter_sp_BX15|t__SGB15053"	"timepoint"	"2_weeks"	"timepoint2_weeks"	1.23233383822635	0.149475332770608	0.820848323953239	0.213087107500092	1	0.230849021563289	0.999999637404425	NA	"abundance"	40	17
"k__Bacteria|p__Firmicutes|c__Clostridia|o__Eubacteriales|f__Oscillospiraceae|g__Dysosmobacter|s__Dysosmobacter_sp_BX15|t__SGB15053"	"timepoint"	"6_months"	"timepoint6_months"	1.88466132987405	-0.19091313093815	1.10683165422491	0.086363336341554	1	0.100403985769389	0.999999637404425	NA	"abundance"	40	17
"k__Bacteria|p__Firmicutes|c__Clostridia|o__Eubacteriales|f__Oscillospiraceae|g__Dysosmobacter|s__Dysosmobacter_sp_BX15|t__SGB15053"	"turmeric_group"	"Treatment"	"turmeric_groupTreatment"	0.710732970614604	0.260138253408482	0.875027253430664	0.616572370818431	1	0.239131407727387	0.999999637404425	NA	"abundance"	40	17
"k__Bacteria|p__Firmicutes|c__Clostridia|o__Eubacteriales|f__Oscillospiraceae|g__Dysosmobacter|s__Dysosmobacter_welbionis|t__SGB15078"	"timepoint"	"2_weeks"	"timepoint2_weeks"	-0.192342528265407	0.149475332770608	0.960740499968924	0.727480162536773	1	0.925732938189016	0.999999637404425	NA	"abundance"	40	17
"k__Bacteria|p__Firmicutes|c__Clostridia|o__Eubacteriales|f__Oscillospiraceae|g__Dysosmobacter|s__Dysosmobacter_welbionis|t__SGB15078"	"timepoint"	"6_months"	"timepoint6_months"	0.0956060365928511	-0.19091313093815	1.08020346314414	0.795383974988108	1	0.592190664341237	0.999999637404425	NA	"abundance"	40	17
"k__Bacteria|p__Firmicutes|c__Clostridia|o__Eubacteriales|f__Oscillospiraceae|g__Dysosmobacter|s__Dysosmobacter_welbionis|t__SGB15078"	"turmeric_group"	"Treatment"	"turmeric_groupTreatment"	-0.34985443911486	0.260138253408482	0.855249460990301	0.489935569099867	1	0.739834276330523	0.999999637404425	NA	"abundance"	40	17
"k__Bacteria|p__Firmicutes|c__Clostridia|o__Eubacteriales|f__Oscillospiraceae|g__Faecalibacterium|s__Faecalibacterium_prausnitzii|t__SGB15316"	"timepoint"	"2_weeks"	"timepoint2_weeks"	-0.891445560688046	0.149475332770608	0.577395919437596	0.0920244042376624	1	0.175580317500028	0.999999637404425	NA	"abundance"	40	35
"k__Bacteria|p__Firmicutes|c__Clostridia|o__Eubacteriales|f__Oscillospiraceae|g__Faecalibacterium|s__Faecalibacterium_prausnitzii|t__SGB15316"	"timepoint"	"6_months"	"timepoint6_months"	-0.289129286456801	-0.19091313093815	0.679168598976298	0.888113815502593	1	0.306002410923462	0.999999637404425	NA	"abundance"	40	35
"k__Bacteria|p__Firmicutes|c__Clostridia|o__Eubacteriales|f__Oscillospiraceae|g__Faecalibacterium|s__Faecalibacterium_prausnitzii|t__SGB15316"	"turmeric_group"	"Treatment"	"turmeric_groupTreatment"	-0.564940007649886	0.260138253408482	0.960877727657529	0.40612170545976	1	0.362234476598192	0.999999637404425	NA	"abundance"	40	35
"k__Bacteria|p__Firmicutes|c__Clostridia|o__Eubacteriales|f__Oscillospiraceae|g__Faecalibacterium|s__Faecalibacterium_prausnitzii|t__SGB15317"	"timepoint"	"2_weeks"	"timepoint2_weeks"	-0.219972491823434	0.149475332770608	0.662832162273254	0.586002548170797	1	0.791626098749463	0.999999637404425	NA	"abundance"	40	31
"k__Bacteria|p__Firmicutes|c__Clostridia|o__Eubacteriales|f__Oscillospiraceae|g__Faecalibacterium|s__Faecalibacterium_prausnitzii|t__SGB15317"	"timepoint"	"6_months"	"timepoint6_months"	-0.490815919105033	-0.19091313093815	0.733901914095028	0.690355854191221	1	0.904120502966351	0.999999637404425	NA	"abundance"	40	31
"k__Bacteria|p__Firmicutes|c__Clostridia|o__Eubacteriales|f__Oscillospiraceae|g__Faecalibacterium|s__Faecalibacterium_prausnitzii|t__SGB15317"	"turmeric_group"	"Treatment"	"turmeric_groupTreatment"	-1.42245046974871	0.260138253408482	0.680936767321677	0.0361608687658636	1	0.0710141291018252	0.999999637404425	NA	"abundance"	40	31
"k__Bacteria|p__Firmicutes|c__Clostridia|o__Eubacteriales|f__Oscillospiraceae|g__Faecalibacterium|s__Faecalibacterium_prausnitzii|t__SGB15318"	"timepoint"	"2_weeks"	"timepoint2_weeks"	-0.543580459552848	0.149475332770608	0.660085771954094	0.308395201953561	1	0.308395201953561	0.999999637404425	NA	"abundance"	40	40
"k__Bacteria|p__Firmicutes|c__Clostridia|o__Eubacteriales|f__Oscillospiraceae|g__Faecalibacterium|s__Faecalibacterium_prausnitzii|t__SGB15318"	"timepoint"	"6_months"	"timepoint6_months"	-0.462524240461627	-0.19091313093815	0.704900724067049	0.706900037312463	1	0.706900037312463	0.999999637404425	NA	"abundance"	40	40
"k__Bacteria|p__Firmicutes|c__Clostridia|o__Eubacteriales|f__Oscillospiraceae|g__Faecalibacterium|s__Faecalibacterium_prausnitzii|t__SGB15318"	"turmeric_group"	"Treatment"	"turmeric_groupTreatment"	-0.682302793601665	0.260138253408482	1.07548095434989	0.395430313057828	1	0.395430313057828	0.999999637404425	NA	"abundance"	40	40
"k__Bacteria|p__Firmicutes|c__Clostridia|o__Eubacteriales|f__Oscillospiraceae|g__Faecalibacterium|s__Faecalibacterium_prausnitzii|t__SGB15322"	"timepoint"	"2_weeks"	"timepoint2_weeks"	-0.671273529038536	0.149475332770608	1.17463465991122	0.521638292052139	1	0.518484889842395	0.999999637404425	NA	"abundance"	40	11
"k__Bacteria|p__Firmicutes|c__Clostridia|o__Eubacteriales|f__Oscillospiraceae|g__Faecalibacterium|s__Faecalibacterium_prausnitzii|t__SGB15322"	"timepoint"	"6_months"	"timepoint6_months"	-0.910484767911338	-0.19091313093815	1.55436463027667	0.666417986937707	1	0.824128820473215	0.999999637404425	NA	"abundance"	40	11
"k__Bacteria|p__Firmicutes|c__Clostridia|o__Eubacteriales|f__Oscillospiraceae|g__Faecalibacterium|s__Faecalibacterium_prausnitzii|t__SGB15322"	"turmeric_group"	"Treatment"	"turmeric_groupTreatment"	-1.4588780612479	0.260138253408482	3.64126690768622	0.667642689282294	1	0.480943867458797	0.999999637404425	NA	"abundance"	40	11
"k__Bacteria|p__Firmicutes|c__Clostridia|o__Eubacteriales|f__Oscillospiraceae|g__Faecalibacterium|s__Faecalibacterium_prausnitzii|t__SGB15323"	"timepoint"	"2_weeks"	"timepoint2_weeks"	0.447701342868299	0.149475332770608	0.768607587556891	0.71330122068871	1	0.693880634368949	0.999999637404425	NA	"abundance"	40	15
"k__Bacteria|p__Firmicutes|c__Clostridia|o__Eubacteriales|f__Oscillospiraceae|g__Faecalibacterium|s__Faecalibacterium_prausnitzii|t__SGB15323"	"timepoint"	"6_months"	"timepoint6_months"	0.257086778743093	-0.19091313093815	0.951864406293273	0.657025822754062	1	0.834160494254865	0.999999637404425	NA	"abundance"	40	15
"k__Bacteria|p__Firmicutes|c__Clostridia|o__Eubacteriales|f__Oscillospiraceae|g__Faecalibacterium|s__Faecalibacterium_prausnitzii|t__SGB15323"	"turmeric_group"	"Treatment"	"turmeric_groupTreatment"	0.752813977491142	0.260138253408482	1.7703046955849	0.794487627133989	1	0.846548693804024	0.999999637404425	NA	"abundance"	40	15
"k__Bacteria|p__Firmicutes|c__Clostridia|o__Eubacteriales|f__Oscillospiraceae|g__Faecalibacterium|s__Faecalibacterium_prausnitzii|t__SGB15332"	"timepoint"	"2_weeks"	"timepoint2_weeks"	-0.208947391870308	0.149475332770608	0.582453881298153	0.568987365144966	1	0.814228108595321	0.999999637404425	NA	"abundance"	40	11
"k__Bacteria|p__Firmicutes|c__Clostridia|o__Eubacteriales|f__Oscillospiraceae|g__Faecalibacterium|s__Faecalibacterium_prausnitzii|t__SGB15332"	"timepoint"	"6_months"	"timepoint6_months"	0.205380263040954	-0.19091313093815	0.649731087393469	0.574475935251168	1	0.818929270319632	0.999999637404425	NA	"abundance"	40	11
"k__Bacteria|p__Firmicutes|c__Clostridia|o__Eubacteriales|f__Oscillospiraceae|g__Faecalibacterium|s__Faecalibacterium_prausnitzii|t__SGB15332"	"turmeric_group"	"Treatment"	"turmeric_groupTreatment"	1.05743795477962	0.260138253408482	1.81660976668387	0.703342161406558	1	0.911994126801067	0.999999637404425	NA	"abundance"	40	11
"k__Bacteria|p__Firmicutes|c__Clostridia|o__Eubacteriales|f__Oscillospiraceae|g__Faecalibacterium|s__Faecalibacterium_prausnitzii|t__SGB15342"	"timepoint"	"2_weeks"	"timepoint2_weeks"	0.572007898337799	0.149475332770608	0.596442566768182	0.492873909864546	1	0.362057230685336	0.999999637404425	NA	"abundance"	40	34
"k__Bacteria|p__Firmicutes|c__Clostridia|o__Eubacteriales|f__Oscillospiraceae|g__Faecalibacterium|s__Faecalibacterium_prausnitzii|t__SGB15342"	"timepoint"	"6_months"	"timepoint6_months"	1.63169398880365	-0.19091313093815	0.641729461781255	0.012850378291201	1	0.025535624360175	0.999999637404425	NA	"abundance"	40	34
"k__Bacteria|p__Firmicutes|c__Clostridia|o__Eubacteriales|f__Oscillospiraceae|g__Faecalibacterium|s__Faecalibacterium_prausnitzii|t__SGB15342"	"turmeric_group"	"Treatment"	"turmeric_groupTreatment"	-0.797453822293863	0.260138253408482	1.09926563726452	0.353008324044568	1	0.00305353664828778	0.475333871583464	NA	"abundance"	40	34
"k__Bacteria|p__Firmicutes|c__Clostridia|o__Eubacteriales|f__Oscillospiraceae|g__Faecalibacterium|s__Faecalibacterium_SGB15315|t__SGB15315"	"timepoint"	"2_weeks"	"timepoint2_weeks"	0.00337888229347244	0.149475332770608	0.919724887548172	0.8780639083689	1	0.981813008322378	0.999999637404425	NA	"abundance"	40	19
"k__Bacteria|p__Firmicutes|c__Clostridia|o__Eubacteriales|f__Oscillospiraceae|g__Faecalibacterium|s__Faecalibacterium_SGB15315|t__SGB15315"	"turmeric_group"	"Treatment"	"turmeric_groupTreatment"	0.582719587919906	0.260138253408482	1.27497521008692	0.806332577154761	1	0.962492929328484	0.999999637404425	NA	"abundance"	40	19
"k__Bacteria|p__Firmicutes|c__Clostridia|o__Eubacteriales|f__Oscillospiraceae|g__Flavonifractor|s__Flavonifractor_plautii|t__SGB15132"	"timepoint"	"2_weeks"	"timepoint2_weeks"	0.833449645957342	0.149475332770608	0.797367359938854	0.414703794395587	1	0.657428351705077	0.999999637404425	NA	"abundance"	40	19
"k__Bacteria|p__Firmicutes|c__Clostridia|o__Eubacteriales|f__Oscillospiraceae|g__Flavonifractor|s__Flavonifractor_plautii|t__SGB15132"	"timepoint"	"6_months"	"timepoint6_months"	0.556774036772252	-0.19091313093815	0.898803639702962	0.42728953098044	1	0.672002718675396	0.999999637404425	NA	"abundance"	40	19
"k__Bacteria|p__Firmicutes|c__Clostridia|o__Eubacteriales|f__Oscillospiraceae|g__Flavonifractor|s__Flavonifractor_plautii|t__SGB15132"	"turmeric_group"	"Treatment"	"turmeric_groupTreatment"	-0.346405911415377	0.260138253408482	1.1840217897873	0.624793420236303	1	0.811523576632155	0.999999637404425	NA	"abundance"	40	19
"k__Bacteria|p__Firmicutes|c__Clostridia|o__Eubacteriales|f__Oscillospiraceae|g__GGB13489|s__GGB13489_SGB15224|t__SGB15224"	"timepoint"	"6_months"	"timepoint6_months"	-0.347294469295053	-0.19091313093815	0.432690066272228	0.742457506265479	1	0.250147650067863	0.999999637404425	NA	"abundance"	40	13
"k__Bacteria|p__Firmicutes|c__Clostridia|o__Eubacteriales|f__Oscillospiraceae|g__GGB13489|s__GGB13489_SGB15224|t__SGB15224"	"turmeric_group"	"Treatment"	"turmeric_groupTreatment"	2.24530304953891	0.260138253408482	0.63424690939847	0.0275976594297186	1	0.0544336880534385	0.999999637404425	NA	"abundance"	40	13
"k__Bacteria|p__Firmicutes|c__Clostridia|o__Eubacteriales|f__Oscillospiraceae|g__GGB3343|s__GGB3343_SGB4423|t__SGB4423"	"timepoint"	"2_weeks"	"timepoint2_weeks"	2.60598366145249	0.149475332770608	2.2272534473325	0.457816131136554	1	0.706036652344266	0.999999637404425	NA	"abundance"	40	6
"k__Bacteria|p__Firmicutes|c__Clostridia|o__Eubacteriales|f__Oscillospiraceae|g__GGB3343|s__GGB3343_SGB4423|t__SGB4423"	"timepoint"	"6_months"	"timepoint6_months"	0.936527491205121	-0.19091313093815	2.99393409519295	0.769765573345682	1	0.942714222576262	0.999999637404425	NA	"abundance"	40	6
"k__Bacteria|p__Firmicutes|c__Clostridia|o__Eubacteriales|f__Oscillospiraceae|g__GGB3343|s__GGB3343_SGB4423|t__SGB4423"	"turmeric_group"	"Treatment"	"turmeric_groupTreatment"	2.14812057835521	0.260138253408482	4.93546988327239	0.776090486642831	1	0.708446372951434	0.999999637404425	NA	"abundance"	40	6
"k__Bacteria|p__Firmicutes|c__Clostridia|o__Eubacteriales|f__Oscillospiraceae|g__GGB9634|s__GGB9634_SGB15093|t__SGB15093"	"timepoint"	"2_weeks"	"timepoint2_weeks"	-0.249407093373374	0.149475332770608	1.60573437850309	0.815599644600491	1	0.841354844788175	0.999999637404425	NA	"abundance"	40	8
"k__Bacteria|p__Firmicutes|c__Clostridia|o__Eubacteriales|f__Oscillospiraceae|g__GGB9634|s__GGB9634_SGB15093|t__SGB15093"	"timepoint"	"6_months"	"timepoint6_months"	0.892040362115252	-0.19091313093815	1.88289045875529	0.595319140207763	1	0.836233401717816	0.999999637404425	NA	"abundance"	40	8
"k__Bacteria|p__Firmicutes|c__Clostridia|o__Eubacteriales|f__Oscillospiraceae|g__GGB9634|s__GGB9634_SGB15093|t__SGB15093"	"turmeric_group"	"Treatment"	"turmeric_groupTreatment"	1.09959832083755	0.260138253408482	1.70313850173585	0.647121367932541	1	0.875476671030199	0.999999637404425	NA	"abundance"	40	8
"k__Bacteria|p__Firmicutes|c__Clostridia|o__Eubacteriales|f__Oscillospiraceae|g__GGB9635|s__GGB9635_SGB15106|t__SGB15106"	"timepoint"	"2_weeks"	"timepoint2_weeks"	-1.31775334447004	0.149475332770608	1.3259175472619	0.328173624051248	1	0.548649320579566	0.999999637404425	NA	"abundance"	40	10
"k__Bacteria|p__Firmicutes|c__Clostridia|o__Eubacteriales|f__Oscillospiraceae|g__GGB9635|s__GGB9635_SGB15106|t__SGB15106"	"timepoint"	"6_months"	"timepoint6_months"	-1.96438204784772	-0.19091313093815	1.85908451680021	0.416417995833063	1	0.659432044412501	0.999999637404425	NA	"abundance"	40	10
"k__Bacteria|p__Firmicutes|c__Clostridia|o__Eubacteriales|f__Oscillospiraceae|g__GGB9635|s__GGB9635_SGB15106|t__SGB15106"	"turmeric_group"	"Treatment"	"turmeric_groupTreatment"	4.57096184533454	0.260138253408482	1.41634701813722	0.0558068356621207	1	0.108499268417622	0.999999637404425	NA	"abundance"	40	10
"k__Bacteria|p__Firmicutes|c__Clostridia|o__Eubacteriales|f__Oscillospiraceae|g__GGB9699|s__GGB9699_SGB15216|t__SGB15216"	"timepoint"	"2_weeks"	"timepoint2_weeks"	0.0727115244048788	0.149475332770608	0.537785341712918	0.892685030884791	1	0.962570562718117	0.999999637404425	NA	"abundance"	40	17
"k__Bacteria|p__Firmicutes|c__Clostridia|o__Eubacteriales|f__Oscillospiraceae|g__GGB9699|s__GGB9699_SGB15216|t__SGB15216"	"timepoint"	"6_months"	"timepoint6_months"	-0.0600280002478279	-0.19091313093815	0.669890590052346	0.853452385996891	1	0.293705677093458	0.999999637404425	NA	"abundance"	40	17
"k__Bacteria|p__Firmicutes|c__Clostridia|o__Eubacteriales|f__Oscillospiraceae|g__GGB9699|s__GGB9699_SGB15216|t__SGB15216"	"turmeric_group"	"Treatment"	"turmeric_groupTreatment"	-0.662452696213533	0.260138253408482	1.16067927654474	0.449045081172249	1	0.696448677419506	0.999999637404425	NA	"abundance"	40	17
"k__Bacteria|p__Firmicutes|c__Clostridia|o__Eubacteriales|f__Oscillospiraceae|g__GGB9708|s__GGB9708_SGB15234|t__SGB15234"	"timepoint"	"2_weeks"	"timepoint2_weeks"	-1.17774809353652	0.149475332770608	0.372629544588135	0.187635150268755	1	0.340063350921131	0.999999637404425	NA	"abundance"	40	9
"k__Bacteria|p__Firmicutes|c__Clostridia|o__Eubacteriales|f__Oscillospiraceae|g__GGB9708|s__GGB9708_SGB15234|t__SGB15234"	"timepoint"	"6_months"	"timepoint6_months"	1.59765170187565	-0.19091313093815	0.483546626864746	0.166384685093461	1	0.305085506753271	0.999999637404425	NA	"abundance"	40	9
"k__Bacteria|p__Firmicutes|c__Clostridia|o__Eubacteriales|f__Oscillospiraceae|g__GGB9708|s__GGB9708_SGB15234|t__SGB15234"	"turmeric_group"	"Treatment"	"turmeric_groupTreatment"	-1.6745490639554	0.260138253408482	1.47407079903856	0.260817046669838	1	0.4536085615061	0.999999637404425	NA	"abundance"	40	9
"k__Bacteria|p__Firmicutes|c__Clostridia|o__Eubacteriales|f__Oscillospiraceae|g__GGB9715|s__GGB9715_SGB15265|t__SGB15265"	"timepoint"	"2_weeks"	"timepoint2_weeks"	0.376743451615927	0.149475332770608	1.41503870297685	0.879102322727674	1	0.985383751630157	0.999999637404425	NA	"abundance"	40	11
"k__Bacteria|p__Firmicutes|c__Clostridia|o__Eubacteriales|f__Oscillospiraceae|g__GGB9715|s__GGB9715_SGB15265|t__SGB15265"	"timepoint"	"6_months"	"timepoint6_months"	0.405777416529036	-0.19091313093815	1.40646501067259	0.686553937391833	1	0.421743039771164	0.999999637404425	NA	"abundance"	40	11
"k__Bacteria|p__Firmicutes|c__Clostridia|o__Eubacteriales|f__Oscillospiraceae|g__GGB9715|s__GGB9715_SGB15265|t__SGB15265"	"turmeric_group"	"Treatment"	"turmeric_groupTreatment"	2.19604450496606	0.260138253408482	1.558876350733	0.282706101215511	1	0.485489462766548	0.999999637404425	NA	"abundance"	40	11
"k__Bacteria|p__Firmicutes|c__Clostridia|o__Eubacteriales|f__Oscillospiraceae|g__Oscillibacter|s__Oscillibacter_sp_ER4|t__SGB15254"	"timepoint"	"2_weeks"	"timepoint2_weeks"	0.142119200423731	0.149475332770608	0.733050989827551	0.992150098550684	1	0.999910991651791	0.999999637404425	NA	"abundance"	40	27
"k__Bacteria|p__Firmicutes|c__Clostridia|o__Eubacteriales|f__Oscillospiraceae|g__Oscillibacter|s__Oscillibacter_sp_ER4|t__SGB15254"	"timepoint"	"6_months"	"timepoint6_months"	-0.573411370352794	-0.19091313093815	0.807978771330294	0.644885278105273	1	0.87389353429363	0.999999637404425	NA	"abundance"	40	27
"k__Bacteria|p__Firmicutes|c__Clostridia|o__Eubacteriales|f__Oscillospiraceae|g__Oscillibacter|s__Oscillibacter_sp_ER4|t__SGB15254"	"turmeric_group"	"Treatment"	"turmeric_groupTreatment"	-1.00105657023769	0.260138253408482	0.831340905991511	0.17089897022112	1	0.312591482419601	0.999999637404425	NA	"abundance"	40	27
"k__Bacteria|p__Firmicutes|c__Clostridia|o__Eubacteriales|f__Oscillospiraceae|g__Oscillospiraceae_unclassified|s__Eubacterium_siraeum|t__SGB4198"	"timepoint"	"2_weeks"	"timepoint2_weeks"	-3.18888280583139	0.149475332770608	0.369955373335265	0.0720738950091118	1	0.138953143676439	0.999999637404425	NA	"abundance"	40	7
"k__Bacteria|p__Firmicutes|c__Clostridia|o__Eubacteriales|f__Oscillospiraceae|g__Oscillospiraceae_unclassified|s__Eubacterium_siraeum|t__SGB4198"	"timepoint"	"6_months"	"timepoint6_months"	0.0147778713349453	-0.19091313093815	0.488057719591576	0.756297101469576	1	0.833127377287343	0.999999637404425	NA	"abundance"	40	7
"k__Bacteria|p__Firmicutes|c__Clostridia|o__Eubacteriales|f__Oscillospiraceae|g__Oscillospiraceae_unclassified|s__Eubacterium_siraeum|t__SGB4198"	"turmeric_group"	"Treatment"	"turmeric_groupTreatment"	-1.09077866729377	0.260138253408482	2.12770956830919	0.587480701624636	1	0.829827828467898	0.999999637404425	NA	"abundance"	40	7
"k__Bacteria|p__Firmicutes|c__Clostridia|o__Eubacteriales|f__Oscillospiraceae|g__Oscillospiraceae_unclassified|s__Oscillospiraceae_unclassified_SGB15256|t__SGB15256"	"timepoint"	"2_weeks"	"timepoint2_weeks"	1.43319225132494	0.149475332770608	2.14220536735215	0.609360330369163	1	0.84740064851071	0.999999637404425	NA	"abundance"	40	6
"k__Bacteria|p__Firmicutes|c__Clostridia|o__Eubacteriales|f__Oscillospiraceae|g__Oscillospiraceae_unclassified|s__Oscillospiraceae_unclassified_SGB15256|t__SGB15256"	"timepoint"	"6_months"	"timepoint6_months"	0.730031107181038	-0.19091313093815	2.62365503713208	0.758763157114362	1	0.47867830369278	0.999999637404425	NA	"abundance"	40	6
"k__Bacteria|p__Firmicutes|c__Clostridia|o__Eubacteriales|f__Oscillospiraceae|g__Oscillospiraceae_unclassified|s__Oscillospiraceae_unclassified_SGB15256|t__SGB15256"	"turmeric_group"	"Treatment"	"turmeric_groupTreatment"	3.20636127415248	0.260138253408482	2.62365503713208	0.377686174210274	1	0.603896820293443	0.999999637404425	NA	"abundance"	40	6
"k__Bacteria|p__Firmicutes|c__Clostridia|o__Eubacteriales|f__Oscillospiraceae|g__Ruminococcus|s__Ruminococcus_bicirculans|t__SGB4262"	"timepoint"	"2_weeks"	"timepoint2_weeks"	-1.24004865265752	0.149475332770608	0.931139766566287	0.160786508667097	1	0.29572071596484	0.999999637404425	NA	"abundance"	40	26
"k__Bacteria|p__Firmicutes|c__Clostridia|o__Eubacteriales|f__Oscillospiraceae|g__Ruminococcus|s__Ruminococcus_bicirculans|t__SGB4262"	"timepoint"	"6_months"	"timepoint6_months"	0.0285015688699866	-0.19091313093815	0.964081561951656	0.825756350707951	1	0.507150239263992	0.999999637404425	NA	"abundance"	40	26
"k__Bacteria|p__Firmicutes|c__Clostridia|o__Eubacteriales|f__Oscillospiraceae|g__Ruminococcus|s__Ruminococcus_bicirculans|t__SGB4262"	"turmeric_group"	"Treatment"	"turmeric_groupTreatment"	-0.617379758168199	0.260138253408482	1.05173527867302	0.426905416845209	1	0.207589964887937	0.999999637404425	NA	"abundance"	40	26
"k__Bacteria|p__Firmicutes|c__Clostridia|o__Eubacteriales|f__Oscillospiraceae|g__Ruminococcus|s__Ruminococcus_callidus|t__SGB4422"	"timepoint"	"2_weeks"	"timepoint2_weeks"	-3.33417106776901	0.149475332770608	2.12739153975623	0.218352010119615	1	0.389026419915954	0.999999637404425	NA	"abundance"	40	7
"k__Bacteria|p__Firmicutes|c__Clostridia|o__Eubacteriales|f__Oscillospiraceae|g__Ruminococcus|s__Ruminococcus_callidus|t__SGB4422"	"timepoint"	"6_months"	"timepoint6_months"	-3.10847377365908	-0.19091313093815	2.24245725425203	0.311626639325687	1	0.526142116313952	0.999999637404425	NA	"abundance"	40	7
"k__Bacteria|p__Firmicutes|c__Clostridia|o__Eubacteriales|f__Oscillospiraceae|g__Ruminococcus|s__Ruminococcus_callidus|t__SGB4422"	"turmeric_group"	"Treatment"	"turmeric_groupTreatment"	-0.274777578053233	0.260138253408482	2.88845877518038	0.880372034644749	1	0.444610421393446	0.999999637404425	NA	"abundance"	40	7
"k__Bacteria|p__Firmicutes|c__Clostridia|o__Eubacteriales|f__Oscillospiraceae|g__Ruminococcus|s__Ruminococcus_sp_AF41_9|t__SGB25497"	"timepoint"	"2_weeks"	"timepoint2_weeks"	0.551691627324877	0.149475332770608	0.769872891649485	0.638118846283062	1	0.285287773111955	0.999999637404425	NA	"abundance"	40	12
"k__Bacteria|p__Firmicutes|c__Clostridia|o__Eubacteriales|f__Oscillospiraceae|g__Ruminococcus|s__Ruminococcus_sp_AF41_9|t__SGB25497"	"timepoint"	"6_months"	"timepoint6_months"	1.9468123575071	-0.19091313093815	1.05600513434937	0.140352115162503	1	0.261005514094418	0.999999637404425	NA	"abundance"	40	12
"k__Bacteria|p__Firmicutes|c__Clostridia|o__Eubacteriales|f__Oscillospiraceae|g__Ruminococcus|s__Ruminococcus_sp_AF41_9|t__SGB25497"	"turmeric_group"	"Treatment"	"turmeric_groupTreatment"	-1.86537492685024	0.260138253408482	2.76021722922105	0.475964653766455	1	0.725386955897888	0.999999637404425	NA	"abundance"	40	12
"k__Bacteria|p__Firmicutes|c__Clostridia|o__Eubacteriales|f__Oscillospiraceae|g__Ruthenibacterium|s__Ruthenibacterium_lactatiformans|t__SGB15271"	"timepoint"	"2_weeks"	"timepoint2_weeks"	0.984164264346148	0.149475332770608	0.969014846001177	0.419114337953773	1	0.662571847629116	0.999999637404425	NA	"abundance"	40	17
"k__Bacteria|p__Firmicutes|c__Clostridia|o__Eubacteriales|f__Oscillospiraceae|g__Ruthenibacterium|s__Ruthenibacterium_lactatiformans|t__SGB15271"	"timepoint"	"6_months"	"timepoint6_months"	-0.260326044900532	-0.19091313093815	1.21595389483305	0.955789866192787	1	0.267679108905541	0.999999637404425	NA	"abundance"	40	17
"k__Bacteria|p__Firmicutes|c__Clostridia|o__Eubacteriales|f__Oscillospiraceae|g__Ruthenibacterium|s__Ruthenibacterium_lactatiformans|t__SGB15271"	"turmeric_group"	"Treatment"	"turmeric_groupTreatment"	-1.21638273335248	0.260138253408482	0.970270253692642	0.214482999047188	1	0.382963041214099	0.999999637404425	NA	"abundance"	40	17
"k__Bacteria|p__Firmicutes|c__Clostridia|o__Eubacteriales|f__Oscillospiraceae|g__Vescimonas|s__Vescimonas_coprocola|t__SGB15089"	"timepoint"	"2_weeks"	"timepoint2_weeks"	0.2205780209403	0.149475332770608	0.562450028126366	0.902875510558995	1	0.545271660733641	0.999999637404425	NA	"abundance"	40	24
"k__Bacteria|p__Firmicutes|c__Clostridia|o__Eubacteriales|f__Oscillospiraceae|g__Vescimonas|s__Vescimonas_coprocola|t__SGB15089"	"timepoint"	"6_months"	"timepoint6_months"	0.243633486974974	-0.19091313093815	0.640343153909345	0.521534778698066	1	0.771071032004491	0.999999637404425	NA	"abundance"	40	24
"k__Bacteria|p__Firmicutes|c__Clostridia|o__Eubacteriales|f__Oscillospiraceae|g__Vescimonas|s__Vescimonas_coprocola|t__SGB15089"	"turmeric_group"	"Treatment"	"turmeric_groupTreatment"	2.3615113735333	0.260138253408482	1.6654275023218	0.240244425693696	1	0.422771467310497	0.999999637404425	NA	"abundance"	40	24
"k__Bacteria|p__Firmicutes|c__Erysipelotrichia|o__Erysipelotrichales|f__Erysipelotrichaceae|g__Holdemanella|s__Holdemanella_biformis|t__SGB6806"	"timepoint"	"2_weeks"	"timepoint2_weeks"	1.17803475193184	0.149475332770608	0.826942169364689	0.2557709867785	1	0.446123175879353	0.999999637404425	NA	"abundance"	40	15
"k__Bacteria|p__Firmicutes|c__Erysipelotrichia|o__Erysipelotrichales|f__Erysipelotrichaceae|g__Holdemanella|s__Holdemanella_biformis|t__SGB6806"	"timepoint"	"6_months"	"timepoint6_months"	0.544315450174225	-0.19091313093815	0.823282328623618	0.404409569763949	1	0.645272039411235	0.999999637404425	NA	"abundance"	40	15
"k__Bacteria|p__Firmicutes|c__Erysipelotrichia|o__Erysipelotrichales|f__Erysipelotrichaceae|g__Holdemanella|s__Holdemanella_biformis|t__SGB6806"	"turmeric_group"	"Treatment"	"turmeric_groupTreatment"	0.907461335401417	0.260138253408482	1.54084437174571	0.68691822193903	1	0.365686443095893	0.999999637404425	NA	"abundance"	40	15
"k__Bacteria|p__Firmicutes|c__Erysipelotrichia|o__Erysipelotrichales|f__Erysipelotrichaceae|g__Holdemanella|s__Holdemanella_porci|t__SGB6796"	"timepoint"	"2_weeks"	"timepoint2_weeks"	-2.57754032244412	0.149475332770608	1.2345386086073	0.0793558247943518	1	0.152414302659912	0.999999637404425	NA	"abundance"	40	9
"k__Bacteria|p__Firmicutes|c__Erysipelotrichia|o__Erysipelotrichales|f__Erysipelotrichaceae|g__Holdemanella|s__Holdemanella_porci|t__SGB6796"	"timepoint"	"6_months"	"timepoint6_months"	-5.18331188847484	-0.19091313093815	1.38025612484697	0.0157232246672289	1	0.0311992295405217	0.999999637404425	NA	"abundance"	40	9
"k__Bacteria|p__Firmicutes|c__Erysipelotrichia|o__Erysipelotrichales|f__Erysipelotrichaceae|g__Holdemanella|s__Holdemanella_porci|t__SGB6796"	"turmeric_group"	"Treatment"	"turmeric_groupTreatment"	-4.16307274425761	0.260138253408482	1.74590124356566	0.0530695230720553	1	0.103322671865015	0.999999637404425	NA	"abundance"	40	9
"k__Bacteria|p__Firmicutes|c__Firmicutes_unclassified|o__Firmicutes_unclassified|f__Firmicutes_unclassified|g__Firmicutes_unclassified|s__Firmicutes_bacterium_AF16_15|t__SGB4993"	"timepoint"	"2_weeks"	"timepoint2_weeks"	0.632393567218841	0.149475332770608	0.571810689454448	0.414451751666652	1	0.616507032840501	0.999999637404425	NA	"abundance"	40	36
"k__Bacteria|p__Firmicutes|c__Firmicutes_unclassified|o__Firmicutes_unclassified|f__Firmicutes_unclassified|g__Firmicutes_unclassified|s__Firmicutes_bacterium_AF16_15|t__SGB4993"	"timepoint"	"6_months"	"timepoint6_months"	0.144005824472567	-0.19091313093815	0.594144582049084	0.58643952084864	1	0.828967730084098	0.999999637404425	NA	"abundance"	40	36
"k__Bacteria|p__Firmicutes|c__Firmicutes_unclassified|o__Firmicutes_unclassified|f__Firmicutes_unclassified|g__Firmicutes_unclassified|s__Firmicutes_bacterium_AF16_15|t__SGB4993"	"turmeric_group"	"Treatment"	"turmeric_groupTreatment"	-0.724565747192541	0.260138253408482	0.88979906992793	0.292980242278386	1	0.50012306219127	0.999999637404425	NA	"abundance"	40	36
"k__Bacteria|p__Firmicutes|c__Firmicutes_unclassified|o__Firmicutes_unclassified|f__Firmicutes_unclassified|g__GGB9512|s__GGB9512_SGB14909|t__SGB14909"	"timepoint"	"2_weeks"	"timepoint2_weeks"	-0.807228686303491	0.149475332770608	0.4402060951307	0.264774155610942	1	0.459442957742397	0.999999637404425	NA	"abundance"	40	7
"k__Bacteria|p__Firmicutes|c__Firmicutes_unclassified|o__Firmicutes_unclassified|f__Firmicutes_unclassified|g__GGB9512|s__GGB9512_SGB14909|t__SGB14909"	"timepoint"	"6_months"	"timepoint6_months"	-3.08845056430233	-0.19091313093815	0.566399809601256	0.0945822029356281	1	0.1802186127591	0.999999637404425	NA	"abundance"	40	7
"k__Bacteria|p__Firmicutes|c__Firmicutes_unclassified|o__Firmicutes_unclassified|f__Firmicutes_unclassified|g__GGB9512|s__GGB9512_SGB14909|t__SGB14909"	"turmeric_group"	"Treatment"	"turmeric_groupTreatment"	1.37719807080184	0.260138253408482	1.76567335831748	0.585932266470266	1	0.439135847250092	0.999999637404425	NA	"abundance"	40	7
"k__Bacteria|p__Firmicutes|c__Negativicutes|o__Acidaminococcales|f__Acidaminococcaceae|g__Phascolarctobacterium|s__Phascolarctobacterium_faecium|t__SGB5792"	"timepoint"	"2_weeks"	"timepoint2_weeks"	0.709820047384347	0.149475332770608	1.08579896050123	0.630150084654811	1	0.863211040119157	0.999999637404425	NA	"abundance"	40	13
"k__Bacteria|p__Firmicutes|c__Negativicutes|o__Acidaminococcales|f__Acidaminococcaceae|g__Phascolarctobacterium|s__Phascolarctobacterium_faecium|t__SGB5792"	"timepoint"	"6_months"	"timepoint6_months"	-1.2472095005076	-0.19091313093815	1.14678452623476	0.39656323928951	1	0.635864075823231	0.999999637404425	NA	"abundance"	40	13
"k__Bacteria|p__Firmicutes|c__Negativicutes|o__Acidaminococcales|f__Acidaminococcaceae|g__Phascolarctobacterium|s__Phascolarctobacterium_faecium|t__SGB5792"	"turmeric_group"	"Treatment"	"turmeric_groupTreatment"	-1.03288815148615	0.260138253408482	1.55310727986477	0.475495123122383	1	0.724894634131596	0.999999637404425	NA	"abundance"	40	13
"k__Bacteria|p__Firmicutes|c__Negativicutes|o__Acidaminococcales|f__Acidaminococcaceae|g__Phascolarctobacterium|s__Phascolarctobacterium_succinatutens|t__SGB5763_group"	"timepoint"	"2_weeks"	"timepoint2_weeks"	-1.42007171707575	0.149475332770608	0.101822583657989	0.0625036077140469	1	0.121100514450822	0.999999637404425	NA	"abundance"	40	6
"k__Bacteria|p__Firmicutes|c__Negativicutes|o__Acidaminococcales|f__Acidaminococcaceae|g__Phascolarctobacterium|s__Phascolarctobacterium_succinatutens|t__SGB5763_group"	"timepoint"	"6_months"	"timepoint6_months"	-1.51336652138304	-0.19091313093815	0.135352518507947	0.100860589201871	1	0.191548319949594	0.999999637404425	NA	"abundance"	40	6
"k__Bacteria|p__Firmicutes|c__Negativicutes|o__Acidaminococcales|f__Acidaminococcaceae|g__Phascolarctobacterium|s__Phascolarctobacterium_succinatutens|t__SGB5763_group"	"turmeric_group"	"Treatment"	"turmeric_groupTreatment"	1.50850946843173	0.260138253408482	0.413659816776647	0.226777856433238	1	0.402127516698022	0.999999637404425	NA	"abundance"	40	6
"k__Bacteria|p__Firmicutes|c__Negativicutes|o__Veillonellales|f__Veillonellaceae|g__Dialister|s__Dialister_invisus|t__SGB5825_group"	"timepoint"	"2_weeks"	"timepoint2_weeks"	1.03819158318801	0.149475332770608	0.528374004756766	0.252246525488629	1	0.440864741356173	0.999999637404425	NA	"abundance"	40	11
"k__Bacteria|p__Firmicutes|c__Negativicutes|o__Veillonellales|f__Veillonellaceae|g__Dialister|s__Dialister_invisus|t__SGB5825_group"	"timepoint"	"6_months"	"timepoint6_months"	-0.113834839029998	-0.19091313093815	0.822262723436695	0.934379157102222	1	0.987307484197781	0.999999637404425	NA	"abundance"	40	11
"k__Bacteria|p__Firmicutes|c__Negativicutes|o__Veillonellales|f__Veillonellaceae|g__Dialister|s__Dialister_invisus|t__SGB5825_group"	"turmeric_group"	"Treatment"	"turmeric_groupTreatment"	-1.38290293209761	0.260138253408482	2.66943712801807	0.56376497871579	1	0.809699006205165	0.999999637404425	NA	"abundance"	40	11
"k__Bacteria|p__Proteobacteria|c__CFGB2403|o__OFGB2403|f__FGB2403|g__GGB6601|s__GGB6601_SGB9333|t__SGB9333"	"timepoint"	"2_weeks"	"timepoint2_weeks"	-0.852586000082384	0.149475332770608	2.62962903126156	0.767763254049879	1	0.789670917341721	0.999999637404425	NA	"abundance"	40	6
"k__Bacteria|p__Proteobacteria|c__CFGB2403|o__OFGB2403|f__FGB2403|g__GGB6601|s__GGB6601_SGB9333|t__SGB9333"	"timepoint"	"6_months"	"timepoint6_months"	-3.27984045077678	-0.19091313093815	3.38408048578629	0.515252995419304	1	0.459378875732767	0.999999637404425	NA	"abundance"	40	6
"k__Bacteria|p__Proteobacteria|c__CFGB2403|o__OFGB2403|f__FGB2403|g__GGB6601|s__GGB6601_SGB9333|t__SGB9333"	"turmeric_group"	"Treatment"	"turmeric_groupTreatment"	3.04944518410508	0.260138253408482	4.35858825009479	0.598701690294149	1	0.516782036912446	0.999999637404425	NA	"abundance"	40	6
"k__Bacteria|p__Proteobacteria|c__Deltaproteobacteria|o__Desulfovibrionales|f__Desulfovibrionaceae|g__Bilophila|s__Bilophila_wadsworthia|t__SGB15452"	"timepoint"	"2_weeks"	"timepoint2_weeks"	1.61402053393048	0.149475332770608	1.07758304917411	0.197193045165707	1	0.35550099326969	0.999999637404425	NA	"abundance"	40	18
"k__Bacteria|p__Proteobacteria|c__Deltaproteobacteria|o__Desulfovibrionales|f__Desulfovibrionaceae|g__Bilophila|s__Bilophila_wadsworthia|t__SGB15452"	"timepoint"	"6_months"	"timepoint6_months"	1.13358136380707	-0.19091313093815	0.921475283378785	0.177119714076279	1	0.322868035038095	0.999999637404425	NA	"abundance"	40	18
"k__Bacteria|p__Proteobacteria|c__Deltaproteobacteria|o__Desulfovibrionales|f__Desulfovibrionaceae|g__Bilophila|s__Bilophila_wadsworthia|t__SGB15452"	"turmeric_group"	"Treatment"	"turmeric_groupTreatment"	1.36975149405684	0.260138253408482	0.843342132274182	0.21476871796829	1	0.383411833718837	0.999999637404425	NA	"abundance"	40	18
"k__Bacteria|p__Verrucomicrobia|c__Verrucomicrobiae|o__Verrucomicrobiales|f__Akkermansiaceae|g__Akkermansia|s__Akkermansia_muciniphila|t__SGB9226"	"timepoint"	"2_weeks"	"timepoint2_weeks"	0.394782419574397	0.149475332770608	1.34026826048148	0.862024852723383	1	0.862528292288214	0.999999637404425	NA	"abundance"	40	12
"k__Bacteria|p__Verrucomicrobia|c__Verrucomicrobiae|o__Verrucomicrobiales|f__Akkermansiaceae|g__Akkermansia|s__Akkermansia_muciniphila|t__SGB9226"	"timepoint"	"6_months"	"timepoint6_months"	-1.29322623467505	-0.19091313093815	1.43426850811138	0.473747380054731	1	0.72305818000074	0.999999637404425	NA	"abundance"	40	12
"k__Bacteria|p__Verrucomicrobia|c__Verrucomicrobiae|o__Verrucomicrobiales|f__Akkermansiaceae|g__Akkermansia|s__Akkermansia_muciniphila|t__SGB9226"	"turmeric_group"	"Treatment"	"turmeric_groupTreatment"	0.915008635717924	0.260138253408482	2.04372058889081	0.764879905900136	1	0.86438171142236	0.999999637404425	NA	"abundance"	40	12
"k__Bacteria|p__Actinobacteria|c__Actinomycetia|o__Bifidobacteriales|f__Bifidobacteriaceae|g__Bifidobacterium|s__Bifidobacterium_animalis|t__SGB17278"	"timepoint"	"2_weeks"	"timepoint2_weeks"	-0.229051315541095	0	0.805444470653345	0.776120119459325	1	0.919855555238161	0.999999637404425	"<4 average observations per random effect group often inflates coefficients and deflates p-values: consider setting small_random_effects=TRUE and see tutorial"	"prevalence"	40	11
"k__Bacteria|p__Actinobacteria|c__Actinomycetia|o__Bifidobacteriales|f__Bifidobacteriaceae|g__Bifidobacterium|s__Bifidobacterium_animalis|t__SGB17278"	"timepoint"	"6_months"	"timepoint6_months"	-1.66497888899509	0	1.18181123033584	0.158883496668191	1	0.292523027822871	0.999999637404425	"<4 average observations per random effect group often inflates coefficients and deflates p-values: consider setting small_random_effects=TRUE and see tutorial"	"prevalence"	40	11
"k__Bacteria|p__Actinobacteria|c__Actinomycetia|o__Bifidobacteriales|f__Bifidobacteriaceae|g__Bifidobacterium|s__Bifidobacterium_animalis|t__SGB17278"	"turmeric_group"	"Treatment"	"turmeric_groupTreatment"	-0.663243230963787	0	0.74768630468191	0.375046153420713	1	0.609432689645752	0.999999637404425	"<4 average observations per random effect group often inflates coefficients and deflates p-values: consider setting small_random_effects=TRUE and see tutorial"	"prevalence"	40	11
"k__Bacteria|p__Actinobacteria|c__Actinomycetia|o__Bifidobacteriales|f__Bifidobacteriaceae|g__Bifidobacterium|s__Bifidobacterium_bifidum|t__SGB17256"	"timepoint"	"2_weeks"	"timepoint2_weeks"	0.357490219050903	0	1.18299341353931	0.762506299457792	1	0.762506299457792	0.999999637404425	"<4 average observations per random effect group often inflates coefficients and deflates p-values: consider setting small_random_effects=TRUE and see tutorial"	"prevalence"	40	5
"k__Bacteria|p__Actinobacteria|c__Actinomycetia|o__Bifidobacteriales|f__Bifidobacteriaceae|g__Bifidobacterium|s__Bifidobacterium_bifidum|t__SGB17256"	"timepoint"	"6_months"	"timepoint6_months"	0.0574930073397717	0	1.44689701792173	0.96830409229342	1	0.96830409229342	0.999999637404425	"<4 average observations per random effect group often inflates coefficients and deflates p-values: consider setting small_random_effects=TRUE and see tutorial"	"prevalence"	40	5
"k__Bacteria|p__Actinobacteria|c__Actinomycetia|o__Bifidobacteriales|f__Bifidobacteriaceae|g__Bifidobacterium|s__Bifidobacterium_bifidum|t__SGB17256"	"turmeric_group"	"Treatment"	"turmeric_groupTreatment"	-1.05924149158632	0	1.2202170920883	0.385352585438669	1	0.385352585438669	0.999999637404425	"<4 average observations per random effect group often inflates coefficients and deflates p-values: consider setting small_random_effects=TRUE and see tutorial"	"prevalence"	40	5
"k__Bacteria|p__Actinobacteria|c__Actinomycetia|o__Bifidobacteriales|f__Bifidobacteriaceae|g__Bifidobacterium|s__Bifidobacterium_longum|t__SGB17248"	"timepoint"	"2_weeks"	"timepoint2_weeks"	2.21707427359273	0	1.60196625732097	0.166367443556241	1	0.305056760837042	0.999999637404425	"<4 average observations per random effect group often inflates coefficients and deflates p-values: consider setting small_random_effects=TRUE and see tutorial"	"prevalence"	40	34
"k__Bacteria|p__Actinobacteria|c__Actinomycetia|o__Bifidobacteriales|f__Bifidobacteriaceae|g__Bifidobacterium|s__Bifidobacterium_longum|t__SGB17248"	"timepoint"	"6_months"	"timepoint6_months"	2.18579864244389	0	1.62600810087028	0.178860152091124	1	0.325729350176188	0.999999637404425	"<4 average observations per random effect group often inflates coefficients and deflates p-values: consider setting small_random_effects=TRUE and see tutorial"	"prevalence"	40	34
"k__Bacteria|p__Actinobacteria|c__Actinomycetia|o__Bifidobacteriales|f__Bifidobacteriaceae|g__Bifidobacterium|s__Bifidobacterium_longum|t__SGB17248"	"turmeric_group"	"Treatment"	"turmeric_groupTreatment"	-2.27518595179733	0	1.78641217030578	0.202802947183016	1	0.364476858979915	0.999999637404425	"<4 average observations per random effect group often inflates coefficients and deflates p-values: consider setting small_random_effects=TRUE and see tutorial"	"prevalence"	40	34
"k__Bacteria|p__Actinobacteria|c__Actinomycetia|o__Bifidobacteriales|f__Bifidobacteriaceae|g__Bifidobacterium|s__Bifidobacterium_pseudocatenulatum|t__SGB17237"	"timepoint"	"2_weeks"	"timepoint2_weeks"	0.221110341245072	0	1.77631483991114	0.900937610558379	1	0.960032775402682	0.999999637404425	"<4 average observations per random effect group often inflates coefficients and deflates p-values: consider setting small_random_effects=TRUE and see tutorial"	"prevalence"	40	7
"k__Bacteria|p__Actinobacteria|c__Actinomycetia|o__Bifidobacteriales|f__Bifidobacteriaceae|g__Bifidobacterium|s__Bifidobacterium_pseudocatenulatum|t__SGB17237"	"timepoint"	"6_months"	"timepoint6_months"	1.81170796563529	0	1.81717894127013	0.318769702342407	1	0.284865631753006	0.999999637404425	"<4 average observations per random effect group often inflates coefficients and deflates p-values: consider setting small_random_effects=TRUE and see tutorial"	"prevalence"	40	7
"k__Bacteria|p__Actinobacteria|c__Actinomycetia|o__Bifidobacteriales|f__Bifidobacteriaceae|g__Bifidobacterium|s__Bifidobacterium_pseudocatenulatum|t__SGB17237"	"turmeric_group"	"Treatment"	"turmeric_groupTreatment"	0.0788324360734925	0	2.62640433635564	0.976054813987949	1	0.575804012300082	0.999999637404425	"<4 average observations per random effect group often inflates coefficients and deflates p-values: consider setting small_random_effects=TRUE and see tutorial"	"prevalence"	40	7
"k__Bacteria|p__Actinobacteria|c__CFGB12107|o__OFGB12107|f__FGB12107|g__GGB34797|s__GGB34797_SGB14322|t__SGB14322"	"timepoint"	"2_weeks"	"timepoint2_weeks"	-0.766677556340182	0	1.10783409460011	0.488905379285947	1	0.738782288677159	0.999999637404425	"<4 average observations per random effect group often inflates coefficients and deflates p-values: consider setting small_random_effects=TRUE and see tutorial"	"prevalence"	40	19
"k__Bacteria|p__Actinobacteria|c__CFGB12107|o__OFGB12107|f__FGB12107|g__GGB34797|s__GGB34797_SGB14322|t__SGB14322"	"timepoint"	"6_months"	"timepoint6_months"	-1.40222031900074	0	1.24668958895522	0.260692878210211	1	0.453424979670899	0.999999637404425	"<4 average observations per random effect group often inflates coefficients and deflates p-values: consider setting small_random_effects=TRUE and see tutorial"	"prevalence"	40	19
"k__Bacteria|p__Actinobacteria|c__CFGB12107|o__OFGB12107|f__FGB12107|g__GGB34797|s__GGB34797_SGB14322|t__SGB14322"	"turmeric_group"	"Treatment"	"turmeric_groupTreatment"	0.418805134844124	0	1.52464939622791	0.783554821674729	1	0.780840706169517	0.999999637404425	"<4 average observations per random effect group often inflates coefficients and deflates p-values: consider setting small_random_effects=TRUE and see tutorial"	"prevalence"	40	19
"k__Bacteria|p__Actinobacteria|c__Coriobacteriia|o__Coriobacteriales|f__Coriobacteriaceae|g__Collinsella|s__Collinsella_bouchesdurhonensis|t__SGB14397"	"timepoint"	"2_weeks"	"timepoint2_weeks"	0.169450673353043	0	1.65510977679817	0.91845480165981	1	0.41459728161993	0.999999637404425	"<4 average observations per random effect group often inflates coefficients and deflates p-values: consider setting small_random_effects=TRUE and see tutorial"	"prevalence"	40	8
"k__Bacteria|p__Actinobacteria|c__Coriobacteriia|o__Coriobacteriales|f__Coriobacteriaceae|g__Collinsella|s__Collinsella_bouchesdurhonensis|t__SGB14397"	"timepoint"	"6_months"	"timepoint6_months"	-0.21879248244976	0	1.91149566937725	0.908872038591889	1	0.678271140666142	0.999999637404425	"<4 average observations per random effect group often inflates coefficients and deflates p-values: consider setting small_random_effects=TRUE and see tutorial"	"prevalence"	40	8
"k__Bacteria|p__Actinobacteria|c__Coriobacteriia|o__Coriobacteriales|f__Coriobacteriaceae|g__Collinsella|s__Collinsella_bouchesdurhonensis|t__SGB14397"	"turmeric_group"	"Treatment"	"turmeric_groupTreatment"	1.94232154771979	0	2.88788297122886	0.501216904768953	1	0.316628151261671	0.999999637404425	"<4 average observations per random effect group often inflates coefficients and deflates p-values: consider setting small_random_effects=TRUE and see tutorial"	"prevalence"	40	8
"k__Bacteria|p__Actinobacteria|c__Coriobacteriia|o__Coriobacteriales|f__Coriobacteriaceae|g__Senegalimassilia|s__Senegalimassilia_anaerobia|t__SGB14824_group"	"timepoint"	"2_weeks"	"timepoint2_weeks"	-1.06055524344261	0	1.06269388668425	0.318285407177385	1	0.535265213932697	0.999999637404425	"<4 average observations per random effect group often inflates coefficients and deflates p-values: consider setting small_random_effects=TRUE and see tutorial"	"prevalence"	40	11
"k__Bacteria|p__Actinobacteria|c__Coriobacteriia|o__Coriobacteriales|f__Coriobacteriaceae|g__Senegalimassilia|s__Senegalimassilia_anaerobia|t__SGB14824_group"	"timepoint"	"6_months"	"timepoint6_months"	-1.50139024260126	0	1.23765286560335	0.225093581857062	1	0.399520043120882	0.999999637404425	"<4 average observations per random effect group often inflates coefficients and deflates p-values: consider setting small_random_effects=TRUE and see tutorial"	"prevalence"	40	11
"k__Bacteria|p__Actinobacteria|c__Coriobacteriia|o__Coriobacteriales|f__Coriobacteriaceae|g__Senegalimassilia|s__Senegalimassilia_anaerobia|t__SGB14824_group"	"turmeric_group"	"Treatment"	"turmeric_groupTreatment"	0.0458908550248299	0	1.13698483125556	0.96780461401807	1	0.998963457121474	0.999999637404425	"<4 average observations per random effect group often inflates coefficients and deflates p-values: consider setting small_random_effects=TRUE and see tutorial"	"prevalence"	40	11
"k__Bacteria|p__Actinobacteria|c__Coriobacteriia|o__Eggerthellales|f__Eggerthellaceae|g__Adlercreutzia|s__Adlercreutzia_equolifaciens|t__SGB14797"	"timepoint"	"2_weeks"	"timepoint2_weeks"	-1.56262455530366	0	1.56090101699411	0.316776437400839	1	0.125058996993006	0.999999637404425	"<4 average observations per random effect group often inflates coefficients and deflates p-values: consider setting small_random_effects=TRUE and see tutorial"	"prevalence"	40	23
"k__Bacteria|p__Actinobacteria|c__Coriobacteriia|o__Eggerthellales|f__Eggerthellaceae|g__Adlercreutzia|s__Adlercreutzia_equolifaciens|t__SGB14797"	"timepoint"	"6_months"	"timepoint6_months"	-1.27863052844868	0	1.63261068127412	0.433520520466077	1	0.00770253806978568	0.700810139007202	"<4 average observations per random effect group often inflates coefficients and deflates p-values: consider setting small_random_effects=TRUE and see tutorial"	"prevalence"	40	23
"k__Bacteria|p__Actinobacteria|c__Coriobacteriia|o__Eggerthellales|f__Eggerthellaceae|g__Adlercreutzia|s__Adlercreutzia_equolifaciens|t__SGB14797"	"turmeric_group"	"Treatment"	"turmeric_groupTreatment"	-0.0571443026709282	0	2.20117265481304	0.979288568876806	1	0.98670374371338	0.999999637404425	"<4 average observations per random effect group often inflates coefficients and deflates p-values: consider setting small_random_effects=TRUE and see tutorial"	"prevalence"	40	23
"k__Bacteria|p__Actinobacteria|c__Coriobacteriia|o__Eggerthellales|f__Eggerthellaceae|g__Gordonibacter|s__Gordonibacter_pamelaeae|t__SGB14807"	"timepoint"	"2_weeks"	"timepoint2_weeks"	-0.108756477746666	0	1.17264896161289	0.926106722223625	1	0.738927291313406	0.999999637404425	"<4 average observations per random effect group often inflates coefficients and deflates p-values: consider setting small_random_effects=TRUE and see tutorial"	"prevalence"	40	9
"k__Bacteria|p__Actinobacteria|c__Coriobacteriia|o__Eggerthellales|f__Eggerthellaceae|g__Gordonibacter|s__Gordonibacter_pamelaeae|t__SGB14807"	"timepoint"	"6_months"	"timepoint6_months"	-0.832255760699627	0	1.34275492054908	0.535381494802492	1	0.784129644628034	0.999999637404425	"<4 average observations per random effect group often inflates coefficients and deflates p-values: consider setting small_random_effects=TRUE and see tutorial"	"prevalence"	40	9
"k__Bacteria|p__Actinobacteria|c__Coriobacteriia|o__Eggerthellales|f__Eggerthellaceae|g__Gordonibacter|s__Gordonibacter_pamelaeae|t__SGB14807"	"turmeric_group"	"Treatment"	"turmeric_groupTreatment"	-0.00115253009238934	0	1.62643824754985	0.999434601411395	1	0.617921869797028	0.999999637404425	"<4 average observations per random effect group often inflates coefficients and deflates p-values: consider setting small_random_effects=TRUE and see tutorial"	"prevalence"	40	9
"k__Bacteria|p__Actinobacteria|c__Coriobacteriia|o__Eggerthellales|f__Eggerthellaceae|g__Slackia|s__Slackia_isoflavoniconvertens|t__SGB14773"	"timepoint"	"2_weeks"	"timepoint2_weeks"	-0.449953738226176	0	1.18058895413644	0.703109383209779	1	0.703109383209779	0.999999637404425	"<4 average observations per random effect group often inflates coefficients and deflates p-values: consider setting small_random_effects=TRUE and see tutorial"	"prevalence"	40	6
"k__Bacteria|p__Actinobacteria|c__Coriobacteriia|o__Eggerthellales|f__Eggerthellaceae|g__Slackia|s__Slackia_isoflavoniconvertens|t__SGB14773"	"timepoint"	"6_months"	"timepoint6_months"	-1.38249028825974	0	1.44048615794067	0.337186749263467	1	0.337186749263467	0.999999637404425	"<4 average observations per random effect group often inflates coefficients and deflates p-values: consider setting small_random_effects=TRUE and see tutorial"	"prevalence"	40	6
"k__Bacteria|p__Actinobacteria|c__Coriobacteriia|o__Eggerthellales|f__Eggerthellaceae|g__Slackia|s__Slackia_isoflavoniconvertens|t__SGB14773"	"turmeric_group"	"Treatment"	"turmeric_groupTreatment"	1.75983823520782	0	1.50511688105373	0.242308187597263	1	0.242308187597263	0.999999637404425	"<4 average observations per random effect group often inflates coefficients and deflates p-values: consider setting small_random_effects=TRUE and see tutorial"	"prevalence"	40	6
"k__Bacteria|p__Bacteria_unclassified|c__CFGB2989|o__OFGB2989|f__FGB2989|g__GGB9365|s__GGB9365_SGB14341|t__SGB14341"	"timepoint"	"2_weeks"	"timepoint2_weeks"	0.391536272284488	0	1.13453399221873	0.730013500549614	1	0.924853440790935	0.999999637404425	"<4 average observations per random effect group often inflates coefficients and deflates p-values: consider setting small_random_effects=TRUE and see tutorial"	"prevalence"	40	15
"k__Bacteria|p__Bacteria_unclassified|c__CFGB2989|o__OFGB2989|f__FGB2989|g__GGB9365|s__GGB9365_SGB14341|t__SGB14341"	"timepoint"	"6_months"	"timepoint6_months"	1.31791906969049	0	1.27784015376905	0.302369885712887	1	0.51331222363975	0.999999637404425	"<4 average observations per random effect group often inflates coefficients and deflates p-values: consider setting small_random_effects=TRUE and see tutorial"	"prevalence"	40	15
"k__Bacteria|p__Bacteria_unclassified|c__CFGB2989|o__OFGB2989|f__FGB2989|g__GGB9365|s__GGB9365_SGB14341|t__SGB14341"	"turmeric_group"	"Treatment"	"turmeric_groupTreatment"	0.13382499389538	0	1.60155284797395	0.933406649381852	1	0.917203957727103	0.999999637404425	"<4 average observations per random effect group often inflates coefficients and deflates p-values: consider setting small_random_effects=TRUE and see tutorial"	"prevalence"	40	15
"k__Bacteria|p__Bacteroidetes|c__Bacteroidia|o__Bacteroidales|f__Bacteroidaceae|g__Bacteroides|s__Bacteroides_caccae|t__SGB1877"	"timepoint"	"2_weeks"	"timepoint2_weeks"	0.388098456620135	0	0.907645685151902	0.668951061248694	1	0.201708869696313	0.999999637404425	"<4 average observations per random effect group often inflates coefficients and deflates p-values: consider setting small_random_effects=TRUE and see tutorial"	"prevalence"	40	16
"k__Bacteria|p__Bacteroidetes|c__Bacteroidia|o__Bacteroidales|f__Bacteroidaceae|g__Bacteroides|s__Bacteroides_caccae|t__SGB1877"	"timepoint"	"6_months"	"timepoint6_months"	-0.460108986707342	0	1.00480605041335	0.647018354804995	1	0.548633149016271	0.999999637404425	"<4 average observations per random effect group often inflates coefficients and deflates p-values: consider setting small_random_effects=TRUE and see tutorial"	"prevalence"	40	16
"k__Bacteria|p__Bacteroidetes|c__Bacteroidia|o__Bacteroidales|f__Bacteroidaceae|g__Bacteroides|s__Bacteroides_caccae|t__SGB1877"	"turmeric_group"	"Treatment"	"turmeric_groupTreatment"	-1.92960104489075	0	1.04132721639039	0.0638793700809898	1	0.123678166240036	0.999999637404425	"<4 average observations per random effect group often inflates coefficients and deflates p-values: consider setting small_random_effects=TRUE and see tutorial"	"prevalence"	40	16
"k__Bacteria|p__Bacteroidetes|c__Bacteroidia|o__Bacteroidales|f__Bacteroidaceae|g__Bacteroides|s__Bacteroides_cellulosilyticus|t__SGB1844"	"timepoint"	"2_weeks"	"timepoint2_weeks"	-0.27137505242216	0	1.14750520355955	0.813051420202436	1	0.961011481000002	0.999999637404425	"<4 average observations per random effect group often inflates coefficients and deflates p-values: consider setting small_random_effects=TRUE and see tutorial"	"prevalence"	40	14
"k__Bacteria|p__Bacteroidetes|c__Bacteroidia|o__Bacteroidales|f__Bacteroidaceae|g__Bacteroides|s__Bacteroides_cellulosilyticus|t__SGB1844"	"timepoint"	"6_months"	"timepoint6_months"	0.877184525103618	0	1.1980525751437	0.464061567269161	1	0.712769996322012	0.999999637404425	"<4 average observations per random effect group often inflates coefficients and deflates p-values: consider setting small_random_effects=TRUE and see tutorial"	"prevalence"	40	14
"k__Bacteria|p__Bacteroidetes|c__Bacteroidia|o__Bacteroidales|f__Bacteroidaceae|g__Bacteroides|s__Bacteroides_cellulosilyticus|t__SGB1844"	"turmeric_group"	"Treatment"	"turmeric_groupTreatment"	0.0500887959260751	0	1.58007938624077	0.974711153880598	1	0.86174496605562	0.999999637404425	"<4 average observations per random effect group often inflates coefficients and deflates p-values: consider setting small_random_effects=TRUE and see tutorial"	"prevalence"	40	14
"k__Bacteria|p__Bacteroidetes|c__Bacteroidia|o__Bacteroidales|f__Bacteroidaceae|g__Bacteroides|s__Bacteroides_eggerthii|t__SGB1829"	"timepoint"	"2_weeks"	"timepoint2_weeks"	-9.23394926699611e-07	0	2.03191270597523	0.999999637404425	1	0.999999637404425	0.999999637404425	"<4 average observations per random effect group often inflates coefficients and deflates p-values: consider setting small_random_effects=TRUE and see tutorial"	"prevalence"	40	6
"k__Bacteria|p__Bacteroidetes|c__Bacteroidia|o__Bacteroidales|f__Bacteroidaceae|g__Bacteroides|s__Bacteroides_eggerthii|t__SGB1829"	"timepoint"	"6_months"	"timepoint6_months"	3.40475740620566e-05	0	2.03190771744821	0.999986630281758	1	0.999986630281758	0.999999637404425	"<4 average observations per random effect group often inflates coefficients and deflates p-values: consider setting small_random_effects=TRUE and see tutorial"	"prevalence"	40	6
"k__Bacteria|p__Bacteroidetes|c__Bacteroidia|o__Bacteroidales|f__Bacteroidaceae|g__Bacteroides|s__Bacteroides_eggerthii|t__SGB1829"	"turmeric_group"	"Treatment"	"turmeric_groupTreatment"	13.6311714662091	0	286.782649938526	0.962089731098807	1	0.962089731098807	0.999999637404425	"<4 average observations per random effect group often inflates coefficients and deflates p-values: consider setting small_random_effects=TRUE and see tutorial"	"prevalence"	40	6
"k__Bacteria|p__Bacteroidetes|c__Bacteroidia|o__Bacteroidales|f__Bacteroidaceae|g__Bacteroides|s__Bacteroides_faecis|t__SGB1860"	"timepoint"	"2_weeks"	"timepoint2_weeks"	0.317896353645114	0	1.0556592188986	0.763311253256434	1	0.774635408887658	0.999999637404425	"<4 average observations per random effect group often inflates coefficients and deflates p-values: consider setting small_random_effects=TRUE and see tutorial"	"prevalence"	40	13
"k__Bacteria|p__Bacteroidetes|c__Bacteroidia|o__Bacteroidales|f__Bacteroidaceae|g__Bacteroides|s__Bacteroides_faecis|t__SGB1860"	"timepoint"	"6_months"	"timepoint6_months"	1.44740196729317	0	1.15651949128904	0.210746494398926	1	0.377078903896416	0.999999637404425	"<4 average observations per random effect group often inflates coefficients and deflates p-values: consider setting small_random_effects=TRUE and see tutorial"	"prevalence"	40	13
"k__Bacteria|p__Bacteroidetes|c__Bacteroidia|o__Bacteroidales|f__Bacteroidaceae|g__Bacteroides|s__Bacteroides_faecis|t__SGB1860"	"turmeric_group"	"Treatment"	"turmeric_groupTreatment"	0.0427858850349219	0	1.306689564359	0.973878954281742	1	0.934458585221062	0.999999637404425	"<4 average observations per random effect group often inflates coefficients and deflates p-values: consider setting small_random_effects=TRUE and see tutorial"	"prevalence"	40	13
"k__Bacteria|p__Bacteroidetes|c__Bacteroidia|o__Bacteroidales|f__Bacteroidaceae|g__Bacteroides|s__Bacteroides_ovatus|t__SGB1871"	"timepoint"	"2_weeks"	"timepoint2_weeks"	-0.291216048789239	0	1.13296329025157	0.797148463790638	1	0.156567083596113	0.999999637404425	"<4 average observations per random effect group often inflates coefficients and deflates p-values: consider setting small_random_effects=TRUE and see tutorial"	"prevalence"	40	10
"k__Bacteria|p__Bacteroidetes|c__Bacteroidia|o__Bacteroidales|f__Bacteroidaceae|g__Bacteroides|s__Bacteroides_ovatus|t__SGB1871"	"timepoint"	"6_months"	"timepoint6_months"	-0.116078035610484	0	1.18961131979064	0.922268634675839	1	0.803644025530082	0.999999637404425	"<4 average observations per random effect group often inflates coefficients and deflates p-values: consider setting small_random_effects=TRUE and see tutorial"	"prevalence"	40	10
"k__Bacteria|p__Bacteroidetes|c__Bacteroidia|o__Bacteroidales|f__Bacteroidaceae|g__Bacteroides|s__Bacteroides_ovatus|t__SGB1871"	"turmeric_group"	"Treatment"	"turmeric_groupTreatment"	-0.301073082343041	0	1.45487209242719	0.836055723203054	1	0.145531023427831	0.999999637404425	"<4 average observations per random effect group often inflates coefficients and deflates p-values: consider setting small_random_effects=TRUE and see tutorial"	"prevalence"	40	10
"k__Bacteria|p__Bacteroidetes|c__Bacteroidia|o__Bacteroidales|f__Bacteroidaceae|g__Bacteroides|s__Bacteroides_stercoris|t__SGB1830"	"timepoint"	"2_weeks"	"timepoint2_weeks"	-0.348075210086562	0	1.36055203527802	0.798079166301381	1	0.71710761718094	0.999999637404425	"<4 average observations per random effect group often inflates coefficients and deflates p-values: consider setting small_random_effects=TRUE and see tutorial"	"prevalence"	40	17
"k__Bacteria|p__Bacteroidetes|c__Bacteroidia|o__Bacteroidales|f__Bacteroidaceae|g__Bacteroides|s__Bacteroides_stercoris|t__SGB1830"	"timepoint"	"6_months"	"timepoint6_months"	-1.54674719587963	0	1.61237334034744	0.337408431727539	1	0.560972413654241	0.999999637404425	"<4 average observations per random effect group often inflates coefficients and deflates p-values: consider setting small_random_effects=TRUE and see tutorial"	"prevalence"	40	17
"k__Bacteria|p__Bacteroidetes|c__Bacteroidia|o__Bacteroidales|f__Bacteroidaceae|g__Bacteroides|s__Bacteroides_stercoris|t__SGB1830"	"turmeric_group"	"Treatment"	"turmeric_groupTreatment"	0.0634331348270162	0	2.26323589297955	0.977640115438755	1	0.949693413463482	0.999999637404425	"<4 average observations per random effect group often inflates coefficients and deflates p-values: consider setting small_random_effects=TRUE and see tutorial"	"prevalence"	40	17
"k__Bacteria|p__Bacteroidetes|c__Bacteroidia|o__Bacteroidales|f__Bacteroidaceae|g__Bacteroides|s__Bacteroides_thetaiotaomicron|t__SGB1861"	"timepoint"	"2_weeks"	"timepoint2_weeks"	1.23221359627556	0	1.02925139134541	0.2312309456554	1	0.408994141082109	0.999999637404425	"<4 average observations per random effect group often inflates coefficients and deflates p-values: consider setting small_random_effects=TRUE and see tutorial"	"prevalence"	40	6
"k__Bacteria|p__Bacteroidetes|c__Bacteroidia|o__Bacteroidales|f__Bacteroidaceae|g__Bacteroides|s__Bacteroides_thetaiotaomicron|t__SGB1861"	"timepoint"	"6_months"	"timepoint6_months"	-11.2445140364959	0	213.567970161027	0.95801017949897	1	0.95801017949897	0.999999637404425	"<4 average observations per random effect group often inflates coefficients and deflates p-values: consider setting small_random_effects=TRUE and see tutorial"	"prevalence"	40	6
"k__Bacteria|p__Bacteroidetes|c__Bacteroidia|o__Bacteroidales|f__Bacteroidaceae|g__Bacteroides|s__Bacteroides_thetaiotaomicron|t__SGB1861"	"turmeric_group"	"Treatment"	"turmeric_groupTreatment"	-0.423830946141057	0	1.01428258218531	0.676047442039742	1	0.895054740191005	0.999999637404425	"<4 average observations per random effect group often inflates coefficients and deflates p-values: consider setting small_random_effects=TRUE and see tutorial"	"prevalence"	40	6
"k__Bacteria|p__Bacteroidetes|c__Bacteroidia|o__Bacteroidales|f__Bacteroidaceae|g__Bacteroides|s__Bacteroides_xylanisolvens|t__SGB1867"	"timepoint"	"2_weeks"	"timepoint2_weeks"	-0.764492401594184	0	0.947580485536722	0.419791165569369	1	0.521373456292824	0.999999637404425	"<4 average observations per random effect group often inflates coefficients and deflates p-values: consider setting small_random_effects=TRUE and see tutorial"	"prevalence"	40	9
"k__Bacteria|p__Bacteroidetes|c__Bacteroidia|o__Bacteroidales|f__Bacteroidaceae|g__Bacteroides|s__Bacteroides_xylanisolvens|t__SGB1867"	"timepoint"	"6_months"	"timepoint6_months"	-2.11911460366561	0	1.2525738367805	0.0906825624845689	1	0.17314179783037	0.999999637404425	"<4 average observations per random effect group often inflates coefficients and deflates p-values: consider setting small_random_effects=TRUE and see tutorial"	"prevalence"	40	9
"k__Bacteria|p__Bacteroidetes|c__Bacteroidia|o__Bacteroidales|f__Bacteroidaceae|g__Bacteroides|s__Bacteroides_xylanisolvens|t__SGB1867"	"turmeric_group"	"Treatment"	"turmeric_groupTreatment"	2.41775786350838	0	1.17178448560166	0.0390829239436472	1	0.0766383729433095	0.999999637404425	"<4 average observations per random effect group often inflates coefficients and deflates p-values: consider setting small_random_effects=TRUE and see tutorial"	"prevalence"	40	9
"k__Bacteria|p__Bacteroidetes|c__Bacteroidia|o__Bacteroidales|f__Bacteroidaceae|g__GGB1387|s__GGB1387_SGB1895|t__SGB1895"	"timepoint"	"2_weeks"	"timepoint2_weeks"	0.222065052372431	0	1.9371672994594	0.908735304464521	1	0.908735304464521	0.999999637404425	"<4 average observations per random effect group often inflates coefficients and deflates p-values: consider setting small_random_effects=TRUE and see tutorial"	"prevalence"	40	6
"k__Bacteria|p__Bacteroidetes|c__Bacteroidia|o__Bacteroidales|f__Bacteroidaceae|g__GGB1387|s__GGB1387_SGB1895|t__SGB1895"	"timepoint"	"6_months"	"timepoint6_months"	0.420976523793456	0	2.03740454443917	0.836303574003583	1	0.836303574003583	0.999999637404425	"<4 average observations per random effect group often inflates coefficients and deflates p-values: consider setting small_random_effects=TRUE and see tutorial"	"prevalence"	40	6
"k__Bacteria|p__Bacteroidetes|c__Bacteroidia|o__Bacteroidales|f__Bacteroidaceae|g__GGB1387|s__GGB1387_SGB1895|t__SGB1895"	"turmeric_group"	"Treatment"	"turmeric_groupTreatment"	-1.03899625656091	0	2.79416139083688	0.710007906790425	1	0.710007906790425	0.999999637404425	"<4 average observations per random effect group often inflates coefficients and deflates p-values: consider setting small_random_effects=TRUE and see tutorial"	"prevalence"	40	6
"k__Bacteria|p__Bacteroidetes|c__Bacteroidia|o__Bacteroidales|f__Bacteroidaceae|g__Phocaeicola|s__Phocaeicola_dorei|t__SGB1815"	"timepoint"	"2_weeks"	"timepoint2_weeks"	1.0544315259847	0	1.31390064782184	0.422252233661101	1	0.193871017510977	0.999999637404425	"<4 average observations per random effect group often inflates coefficients and deflates p-values: consider setting small_random_effects=TRUE and see tutorial"	"prevalence"	40	23
"k__Bacteria|p__Bacteroidetes|c__Bacteroidia|o__Bacteroidales|f__Bacteroidaceae|g__Phocaeicola|s__Phocaeicola_dorei|t__SGB1815"	"timepoint"	"6_months"	"timepoint6_months"	0.482266269902398	0	1.35609946722433	0.722119542603951	1	0.366876882728858	0.999999637404425	"<4 average observations per random effect group often inflates coefficients and deflates p-values: consider setting small_random_effects=TRUE and see tutorial"	"prevalence"	40	23
"k__Bacteria|p__Bacteroidetes|c__Bacteroidia|o__Bacteroidales|f__Bacteroidaceae|g__Phocaeicola|s__Phocaeicola_dorei|t__SGB1815"	"turmeric_group"	"Treatment"	"turmeric_groupTreatment"	-0.202251562406483	0	1.99833458308411	0.919383711259629	1	0.169134195294668	0.999999637404425	"<4 average observations per random effect group often inflates coefficients and deflates p-values: consider setting small_random_effects=TRUE and see tutorial"	"prevalence"	40	23
"k__Bacteria|p__Bacteroidetes|c__Bacteroidia|o__Bacteroidales|f__Bacteroidaceae|g__Phocaeicola|s__Phocaeicola_massiliensis|t__SGB1812"	"timepoint"	"2_weeks"	"timepoint2_weeks"	-0.0155081788072691	0	1.16903413658811	0.989415729503645	1	0.951430797941351	0.999999637404425	"<4 average observations per random effect group often inflates coefficients and deflates p-values: consider setting small_random_effects=TRUE and see tutorial"	"prevalence"	40	12
"k__Bacteria|p__Bacteroidetes|c__Bacteroidia|o__Bacteroidales|f__Bacteroidaceae|g__Phocaeicola|s__Phocaeicola_massiliensis|t__SGB1812"	"timepoint"	"6_months"	"timepoint6_months"	-0.665891953287252	0	1.29710307269424	0.60769352483751	1	0.622283297880841	0.999999637404425	"<4 average observations per random effect group often inflates coefficients and deflates p-values: consider setting small_random_effects=TRUE and see tutorial"	"prevalence"	40	12
"k__Bacteria|p__Bacteroidetes|c__Bacteroidia|o__Bacteroidales|f__Bacteroidaceae|g__Phocaeicola|s__Phocaeicola_massiliensis|t__SGB1812"	"turmeric_group"	"Treatment"	"turmeric_groupTreatment"	-0.00197580893240275	0	1.7124833156751	0.999079426305606	1	0.637939115042829	0.999999637404425	"<4 average observations per random effect group often inflates coefficients and deflates p-values: consider setting small_random_effects=TRUE and see tutorial"	"prevalence"	40	12
"k__Bacteria|p__Bacteroidetes|c__Bacteroidia|o__Bacteroidales|f__Bacteroidaceae|g__Phocaeicola|s__Phocaeicola_vulgatus|t__SGB1814"	"timepoint"	"2_weeks"	"timepoint2_weeks"	0.175068250366338	0	1.61721949676733	0.913795304097487	1	0.955727168173504	0.999999637404425	"<4 average observations per random effect group often inflates coefficients and deflates p-values: consider setting small_random_effects=TRUE and see tutorial"	"prevalence"	40	30
"k__Bacteria|p__Bacteroidetes|c__Bacteroidia|o__Bacteroidales|f__Bacteroidaceae|g__Phocaeicola|s__Phocaeicola_vulgatus|t__SGB1814"	"timepoint"	"6_months"	"timepoint6_months"	-0.0416736151488225	0	1.71409507921302	0.980603492113285	1	0.866241834343881	0.999999637404425	"<4 average observations per random effect group often inflates coefficients and deflates p-values: consider setting small_random_effects=TRUE and see tutorial"	"prevalence"	40	30
"k__Bacteria|p__Bacteroidetes|c__Bacteroidia|o__Bacteroidales|f__Bacteroidaceae|g__Phocaeicola|s__Phocaeicola_vulgatus|t__SGB1814"	"turmeric_group"	"Treatment"	"turmeric_groupTreatment"	-0.0811952760899216	0	2.78065701230691	0.97670505503953	1	0.989461209740725	0.999999637404425	"<4 average observations per random effect group often inflates coefficients and deflates p-values: consider setting small_random_effects=TRUE and see tutorial"	"prevalence"	40	30
"k__Bacteria|p__Bacteroidetes|c__Bacteroidia|o__Bacteroidales|f__Barnesiellaceae|g__Barnesiella|s__Barnesiella_intestinihominis|t__SGB1965"	"timepoint"	"2_weeks"	"timepoint2_weeks"	0.240781502538474	0	0.829539341958612	0.771617878706227	1	0.365993471862445	0.999999637404425	"<4 average observations per random effect group often inflates coefficients and deflates p-values: consider setting small_random_effects=TRUE and see tutorial"	"prevalence"	40	23
"k__Bacteria|p__Bacteroidetes|c__Bacteroidia|o__Bacteroidales|f__Barnesiellaceae|g__Barnesiella|s__Barnesiella_intestinihominis|t__SGB1965"	"timepoint"	"6_months"	"timepoint6_months"	-1.29740105554818	0	0.878914960542602	0.13990645753266	1	0.260239098205981	0.999999637404425	"<4 average observations per random effect group often inflates coefficients and deflates p-values: consider setting small_random_effects=TRUE and see tutorial"	"prevalence"	40	23
"k__Bacteria|p__Bacteroidetes|c__Bacteroidia|o__Bacteroidales|f__Barnesiellaceae|g__Barnesiella|s__Barnesiella_intestinihominis|t__SGB1965"	"turmeric_group"	"Treatment"	"turmeric_groupTreatment"	0.754036974987295	0	0.737410540707918	0.306522054717608	1	0.355352491985189	0.999999637404425	"<4 average observations per random effect group often inflates coefficients and deflates p-values: consider setting small_random_effects=TRUE and see tutorial"	"prevalence"	40	23
"k__Bacteria|p__Bacteroidetes|c__Bacteroidia|o__Bacteroidales|f__Odoribacteraceae|g__Odoribacter|s__Odoribacter_splanchnicus|t__SGB1790"	"timepoint"	"2_weeks"	"timepoint2_weeks"	0.448350097078575	0	0.873711386441974	0.607842316165079	1	0.0909183769563508	0.999999637404425	"<4 average observations per random effect group often inflates coefficients and deflates p-values: consider setting small_random_effects=TRUE and see tutorial"	"prevalence"	40	14
"k__Bacteria|p__Bacteroidetes|c__Bacteroidia|o__Bacteroidales|f__Odoribacteraceae|g__Odoribacter|s__Odoribacter_splanchnicus|t__SGB1790"	"timepoint"	"6_months"	"timepoint6_months"	-1.2549203618926	0	1.10555255349987	0.256330519460696	1	0.284241221845111	0.999999637404425	"<4 average observations per random effect group often inflates coefficients and deflates p-values: consider setting small_random_effects=TRUE and see tutorial"	"prevalence"	40	14
"k__Bacteria|p__Bacteroidetes|c__Bacteroidia|o__Bacteroidales|f__Odoribacteraceae|g__Odoribacter|s__Odoribacter_splanchnicus|t__SGB1790"	"turmeric_group"	"Treatment"	"turmeric_groupTreatment"	-0.0250826657448774	0	0.950401159384022	0.978944944946013	1	0.578169533278756	0.999999637404425	"<4 average observations per random effect group often inflates coefficients and deflates p-values: consider setting small_random_effects=TRUE and see tutorial"	"prevalence"	40	14
"k__Bacteria|p__Bacteroidetes|c__Bacteroidia|o__Bacteroidales|f__Prevotellaceae|g__Paraprevotella|s__Paraprevotella_clara|t__SGB1798"	"timepoint"	"2_weeks"	"timepoint2_weeks"	-0.625826530853386	0	1.73278128016575	0.717973266249152	1	0.342870653666783	0.999999637404425	"<4 average observations per random effect group often inflates coefficients and deflates p-values: consider setting small_random_effects=TRUE and see tutorial"	"prevalence"	40	8
"k__Bacteria|p__Bacteroidetes|c__Bacteroidia|o__Bacteroidales|f__Prevotellaceae|g__Paraprevotella|s__Paraprevotella_clara|t__SGB1798"	"timepoint"	"6_months"	"timepoint6_months"	-0.305883624049626	0	1.84482043766519	0.868309058262761	1	0.456048242425727	0.999999637404425	"<4 average observations per random effect group often inflates coefficients and deflates p-values: consider setting small_random_effects=TRUE and see tutorial"	"prevalence"	40	8
"k__Bacteria|p__Bacteroidetes|c__Bacteroidia|o__Bacteroidales|f__Prevotellaceae|g__Paraprevotella|s__Paraprevotella_clara|t__SGB1798"	"turmeric_group"	"Treatment"	"turmeric_groupTreatment"	-3.76126901235425	0	2.97189402340863	0.20565151264164	1	0.369010480631485	0.999999637404425	"<4 average observations per random effect group often inflates coefficients and deflates p-values: consider setting small_random_effects=TRUE and see tutorial"	"prevalence"	40	8
"k__Bacteria|p__Bacteroidetes|c__Bacteroidia|o__Bacteroidales|f__Prevotellaceae|g__Prevotella|s__Prevotella_copri_clade_C|t__SGB1644"	"timepoint"	"2_weeks"	"timepoint2_weeks"	0.197968947922003	0	1.82014984334324	0.913388732420501	1	0.913388732420501	0.999999637404425	"<4 average observations per random effect group often inflates coefficients and deflates p-values: consider setting small_random_effects=TRUE and see tutorial"	"prevalence"	40	5
"k__Bacteria|p__Bacteroidetes|c__Bacteroidia|o__Bacteroidales|f__Prevotellaceae|g__Prevotella|s__Prevotella_copri_clade_C|t__SGB1644"	"timepoint"	"6_months"	"timepoint6_months"	-0.310415779473628	0	2.24464315167728	0.890009792632585	1	0.890009792632585	0.999999637404425	"<4 average observations per random effect group often inflates coefficients and deflates p-values: consider setting small_random_effects=TRUE and see tutorial"	"prevalence"	40	5
"k__Bacteria|p__Bacteroidetes|c__Bacteroidia|o__Bacteroidales|f__Prevotellaceae|g__Prevotella|s__Prevotella_copri_clade_C|t__SGB1644"	"turmeric_group"	"Treatment"	"turmeric_groupTreatment"	-0.609659281763863	0	2.72290357062041	0.82283478071684	1	0.82283478071684	0.999999637404425	"<4 average observations per random effect group often inflates coefficients and deflates p-values: consider setting small_random_effects=TRUE and see tutorial"	"prevalence"	40	5
"k__Bacteria|p__Bacteroidetes|c__Bacteroidia|o__Bacteroidales|f__Rikenellaceae|g__Alistipes|s__Alistipes_communis|t__SGB2290"	"timepoint"	"2_weeks"	"timepoint2_weeks"	-0.899822254585814	0	0.837877252511129	0.282853662148369	1	0.485701130105994	0.999999637404425	"<4 average observations per random effect group often inflates coefficients and deflates p-values: consider setting small_random_effects=TRUE and see tutorial"	"prevalence"	40	14
"k__Bacteria|p__Bacteroidetes|c__Bacteroidia|o__Bacteroidales|f__Rikenellaceae|g__Alistipes|s__Alistipes_communis|t__SGB2290"	"timepoint"	"6_months"	"timepoint6_months"	-0.172061785671829	0	0.826823390568921	0.835151040051334	1	0.972824820403843	0.999999637404425	"<4 average observations per random effect group often inflates coefficients and deflates p-values: consider setting small_random_effects=TRUE and see tutorial"	"prevalence"	40	14
"k__Bacteria|p__Bacteroidetes|c__Bacteroidia|o__Bacteroidales|f__Rikenellaceae|g__Alistipes|s__Alistipes_communis|t__SGB2290"	"turmeric_group"	"Treatment"	"turmeric_groupTreatment"	-0.611254213070707	0	0.698666770842891	0.381635597291544	1	0.24645785824623	0.999999637404425	"<4 average observations per random effect group often inflates coefficients and deflates p-values: consider setting small_random_effects=TRUE and see tutorial"	"prevalence"	40	14
"k__Bacteria|p__Bacteroidetes|c__Bacteroidia|o__Bacteroidales|f__Rikenellaceae|g__Alistipes|s__Alistipes_ihumii|t__SGB2328"	"timepoint"	"2_weeks"	"timepoint2_weeks"	0.071670505151009	0	0.775251038512916	0.926342004646031	1	0.0906568134351017	0.999999637404425	"<4 average observations per random effect group often inflates coefficients and deflates p-values: consider setting small_random_effects=TRUE and see tutorial"	"prevalence"	40	13
"k__Bacteria|p__Bacteroidetes|c__Bacteroidia|o__Bacteroidales|f__Rikenellaceae|g__Alistipes|s__Alistipes_ihumii|t__SGB2328"	"timepoint"	"6_months"	"timepoint6_months"	-0.935301453043792	0	0.949825795800343	0.324767318538364	1	0.137110250239911	0.999999637404425	"<4 average observations per random effect group often inflates coefficients and deflates p-values: consider setting small_random_effects=TRUE and see tutorial"	"prevalence"	40	13
"k__Bacteria|p__Bacteroidetes|c__Bacteroidia|o__Bacteroidales|f__Rikenellaceae|g__Alistipes|s__Alistipes_ihumii|t__SGB2328"	"turmeric_group"	"Treatment"	"turmeric_groupTreatment"	-0.265227583697955	0	0.704622702399401	0.706611530204214	1	0.137933277670794	0.999999637404425	"<4 average observations per random effect group often inflates coefficients and deflates p-values: consider setting small_random_effects=TRUE and see tutorial"	"prevalence"	40	13
"k__Bacteria|p__Bacteroidetes|c__Bacteroidia|o__Bacteroidales|f__Rikenellaceae|g__Alistipes|s__Alistipes_indistinctus|t__SGB2325"	"timepoint"	"2_weeks"	"timepoint2_weeks"	-0.00168732444205491	0	1.70501297445226	0.9992103931631	1	0.9992103931631	0.999999637404425	"<4 average observations per random effect group often inflates coefficients and deflates p-values: consider setting small_random_effects=TRUE and see tutorial"	"prevalence"	40	7
"k__Bacteria|p__Bacteroidetes|c__Bacteroidia|o__Bacteroidales|f__Rikenellaceae|g__Alistipes|s__Alistipes_indistinctus|t__SGB2325"	"timepoint"	"6_months"	"timepoint6_months"	-3.54639134483475	0	2.44553434953352	0.147016727903365	1	0.147016727903365	0.999999637404425	"<4 average observations per random effect group often inflates coefficients and deflates p-values: consider setting small_random_effects=TRUE and see tutorial"	"prevalence"	40	7
"k__Bacteria|p__Bacteroidetes|c__Bacteroidia|o__Bacteroidales|f__Rikenellaceae|g__Alistipes|s__Alistipes_indistinctus|t__SGB2325"	"turmeric_group"	"Treatment"	"turmeric_groupTreatment"	14.8319830982726	0	258.545134842501	0.954252774864132	1	0.954252774864132	0.999999637404425	"<4 average observations per random effect group often inflates coefficients and deflates p-values: consider setting small_random_effects=TRUE and see tutorial"	"prevalence"	40	7
"k__Bacteria|p__Bacteroidetes|c__Bacteroidia|o__Bacteroidales|f__Rikenellaceae|g__Alistipes|s__Alistipes_onderdonkii|t__SGB2303"	"timepoint"	"2_weeks"	"timepoint2_weeks"	1.24333236683456	0	1.28320174901045	0.332580234223651	1	0.0359352038514509	0.999999637404425	"<4 average observations per random effect group often inflates coefficients and deflates p-values: consider setting small_random_effects=TRUE and see tutorial"	"prevalence"	40	22
"k__Bacteria|p__Bacteroidetes|c__Bacteroidia|o__Bacteroidales|f__Rikenellaceae|g__Alistipes|s__Alistipes_onderdonkii|t__SGB2303"	"timepoint"	"6_months"	"timepoint6_months"	0.49714557007327	0	1.27742769403821	0.697145162805848	1	0.908278947588104	0.999999637404425	"<4 average observations per random effect group often inflates coefficients and deflates p-values: consider setting small_random_effects=TRUE and see tutorial"	"prevalence"	40	22
"k__Bacteria|p__Bacteroidetes|c__Bacteroidia|o__Bacteroidales|f__Rikenellaceae|g__Alistipes|s__Alistipes_onderdonkii|t__SGB2303"	"turmeric_group"	"Treatment"	"turmeric_groupTreatment"	0.443884132415545	0	1.78860862787744	0.804000658204161	1	0.961584258015598	0.999999637404425	"<4 average observations per random effect group often inflates coefficients and deflates p-values: consider setting small_random_effects=TRUE and see tutorial"	"prevalence"	40	22
"k__Bacteria|p__Bacteroidetes|c__Bacteroidia|o__Bacteroidales|f__Rikenellaceae|g__Alistipes|s__Alistipes_putredinis|t__SGB2318"	"timepoint"	"2_weeks"	"timepoint2_weeks"	-0.414256033516429	0	1.54578803078185	0.788706867173532	1	0.827380758271941	0.999999637404425	"<4 average observations per random effect group often inflates coefficients and deflates p-values: consider setting small_random_effects=TRUE and see tutorial"	"prevalence"	40	33
"k__Bacteria|p__Bacteroidetes|c__Bacteroidia|o__Bacteroidales|f__Rikenellaceae|g__Alistipes|s__Alistipes_putredinis|t__SGB2318"	"timepoint"	"6_months"	"timepoint6_months"	1.90878670244008	0	2.27700952717948	0.401869728388809	1	0.230902476967561	0.999999637404425	"<4 average observations per random effect group often inflates coefficients and deflates p-values: consider setting small_random_effects=TRUE and see tutorial"	"prevalence"	40	33
"k__Bacteria|p__Bacteroidetes|c__Bacteroidia|o__Bacteroidales|f__Rikenellaceae|g__Alistipes|s__Alistipes_putredinis|t__SGB2318"	"turmeric_group"	"Treatment"	"turmeric_groupTreatment"	2.05514476479915	0	2.687805279796	0.444498943919578	1	0.580301331248568	0.999999637404425	"<4 average observations per random effect group often inflates coefficients and deflates p-values: consider setting small_random_effects=TRUE and see tutorial"	"prevalence"	40	33
"k__Bacteria|p__Bacteroidetes|c__Bacteroidia|o__Bacteroidales|f__Rikenellaceae|g__Alistipes|s__Alistipes_shahii|t__SGB2295"	"timepoint"	"2_weeks"	"timepoint2_weeks"	0.300710714836406	0	0.825395053405502	0.715616543864724	1	0.494666658534925	0.999999637404425	"<4 average observations per random effect group often inflates coefficients and deflates p-values: consider setting small_random_effects=TRUE and see tutorial"	"prevalence"	40	26
"k__Bacteria|p__Bacteroidetes|c__Bacteroidia|o__Bacteroidales|f__Rikenellaceae|g__Alistipes|s__Alistipes_shahii|t__SGB2295"	"timepoint"	"6_months"	"timepoint6_months"	0.000112086057054566	0	0.857936888102674	0.999895759542	1	0.612315040663373	0.999999637404425	"<4 average observations per random effect group often inflates coefficients and deflates p-values: consider setting small_random_effects=TRUE and see tutorial"	"prevalence"	40	26
"k__Bacteria|p__Bacteroidetes|c__Bacteroidia|o__Bacteroidales|f__Rikenellaceae|g__Alistipes|s__Alistipes_shahii|t__SGB2295"	"turmeric_group"	"Treatment"	"turmeric_groupTreatment"	0.189292671025485	0	0.75909379514993	0.803077185698098	1	0.937731125753529	0.999999637404425	"<4 average observations per random effect group often inflates coefficients and deflates p-values: consider setting small_random_effects=TRUE and see tutorial"	"prevalence"	40	26
"k__Bacteria|p__Bacteroidetes|c__Bacteroidia|o__Bacteroidales|f__Tannerellaceae|g__Parabacteroides|s__Parabacteroides_distasonis|t__SGB1934"	"timepoint"	"2_weeks"	"timepoint2_weeks"	1.31842418147994	0	1.20049169855068	0.272101093609296	1	0.470163182075217	0.999999637404425	"<4 average observations per random effect group often inflates coefficients and deflates p-values: consider setting small_random_effects=TRUE and see tutorial"	"prevalence"	40	33
"k__Bacteria|p__Bacteroidetes|c__Bacteroidia|o__Bacteroidales|f__Tannerellaceae|g__Parabacteroides|s__Parabacteroides_distasonis|t__SGB1934"	"timepoint"	"6_months"	"timepoint6_months"	0.221067698514817	0	1.00411985716108	0.825746027461421	1	0.626984624820385	0.999999637404425	"<4 average observations per random effect group often inflates coefficients and deflates p-values: consider setting small_random_effects=TRUE and see tutorial"	"prevalence"	40	33
"k__Bacteria|p__Bacteroidetes|c__Bacteroidia|o__Bacteroidales|f__Tannerellaceae|g__Parabacteroides|s__Parabacteroides_distasonis|t__SGB1934"	"turmeric_group"	"Treatment"	"turmeric_groupTreatment"	0.813827616440067	0	0.877639258777079	0.353775092995356	1	0.582393369566839	0.999999637404425	"<4 average observations per random effect group often inflates coefficients and deflates p-values: consider setting small_random_effects=TRUE and see tutorial"	"prevalence"	40	33
"k__Bacteria|p__Bacteroidetes|c__Bacteroidia|o__Bacteroidales|f__Tannerellaceae|g__Parabacteroides|s__Parabacteroides_merdae|t__SGB1949"	"timepoint"	"2_weeks"	"timepoint2_weeks"	0.313535757644321	0	1.13052939924561	0.781522624417341	1	0.935822303644654	0.999999637404425	"<4 average observations per random effect group often inflates coefficients and deflates p-values: consider setting small_random_effects=TRUE and see tutorial"	"prevalence"	40	24
"k__Bacteria|p__Bacteroidetes|c__Bacteroidia|o__Bacteroidales|f__Tannerellaceae|g__Parabacteroides|s__Parabacteroides_merdae|t__SGB1949"	"timepoint"	"6_months"	"timepoint6_months"	0.416624962609941	0	1.2134853234493	0.731350805206992	1	0.927827610137068	0.999999637404425	"<4 average observations per random effect group often inflates coefficients and deflates p-values: consider setting small_random_effects=TRUE and see tutorial"	"prevalence"	40	24
"k__Bacteria|p__Bacteroidetes|c__Bacteroidia|o__Bacteroidales|f__Tannerellaceae|g__Parabacteroides|s__Parabacteroides_merdae|t__SGB1949"	"turmeric_group"	"Treatment"	"turmeric_groupTreatment"	-0.813981817207036	0	1.60846711804469	0.612814116280113	1	0.85008709144805	0.999999637404425	"<4 average observations per random effect group often inflates coefficients and deflates p-values: consider setting small_random_effects=TRUE and see tutorial"	"prevalence"	40	24
"k__Bacteria|p__Bacteroidetes|c__CFGB1670|o__OFGB1670|f__FGB1670|g__GGB47687|s__GGB47687_SGB2286|t__SGB2286"	"timepoint"	"2_weeks"	"timepoint2_weeks"	0.198599878733418	0	1.82012655990872	0.913112685542588	1	0.913112685542588	0.999999637404425	"<4 average observations per random effect group often inflates coefficients and deflates p-values: consider setting small_random_effects=TRUE and see tutorial"	"prevalence"	40	5
"k__Bacteria|p__Bacteroidetes|c__CFGB1670|o__OFGB1670|f__FGB1670|g__GGB47687|s__GGB47687_SGB2286|t__SGB2286"	"timepoint"	"6_months"	"timepoint6_months"	-0.309895025144413	0	2.24457622395693	0.890189888720548	1	0.890189888720548	0.999999637404425	"<4 average observations per random effect group often inflates coefficients and deflates p-values: consider setting small_random_effects=TRUE and see tutorial"	"prevalence"	40	5
"k__Bacteria|p__Bacteroidetes|c__CFGB1670|o__OFGB1670|f__FGB1670|g__GGB47687|s__GGB47687_SGB2286|t__SGB2286"	"turmeric_group"	"Treatment"	"turmeric_groupTreatment"	-0.608626589656761	0	2.72290588123417	0.823130056850567	1	0.823130056850567	0.999999637404425	"<4 average observations per random effect group often inflates coefficients and deflates p-values: consider setting small_random_effects=TRUE and see tutorial"	"prevalence"	40	5
"k__Bacteria|p__Bacteroidetes|c__CFGB4405|o__OFGB4405|f__FGB4405|g__GGB1266|s__GGB1266_SGB1699|t__SGB1699"	"timepoint"	"2_weeks"	"timepoint2_weeks"	0.108984916548064	0	1.71244804410561	0.949254684729632	1	0.25357635005783	0.999999637404425	"<4 average observations per random effect group often inflates coefficients and deflates p-values: consider setting small_random_effects=TRUE and see tutorial"	"prevalence"	40	9
"k__Bacteria|p__Bacteroidetes|c__CFGB4405|o__OFGB4405|f__FGB4405|g__GGB1266|s__GGB1266_SGB1699|t__SGB1699"	"timepoint"	"6_months"	"timepoint6_months"	-0.00525085094668786	0	1.92781498084366	0.997826779144851	1	0.490442901395471	0.999999637404425	"<4 average observations per random effect group often inflates coefficients and deflates p-values: consider setting small_random_effects=TRUE and see tutorial"	"prevalence"	40	9
"k__Bacteria|p__Bacteroidetes|c__CFGB4405|o__OFGB4405|f__FGB4405|g__GGB1266|s__GGB1266_SGB1699|t__SGB1699"	"turmeric_group"	"Treatment"	"turmeric_groupTreatment"	-4.30644265177585	0	3.02406216344531	0.154429421269714	1	0.285010396385729	0.999999637404425	"<4 average observations per random effect group often inflates coefficients and deflates p-values: consider setting small_random_effects=TRUE and see tutorial"	"prevalence"	40	9
"k__Bacteria|p__Firmicutes|c__Bacilli|o__Lactobacillales|f__Streptococcaceae|g__Streptococcus|s__Streptococcus_parasanguinis|t__SGB8071"	"timepoint"	"2_weeks"	"timepoint2_weeks"	0.234570105223824	0	1.12402292218713	0.834691801812044	1	0.323536537025536	0.999999637404425	"<4 average observations per random effect group often inflates coefficients and deflates p-values: consider setting small_random_effects=TRUE and see tutorial"	"prevalence"	40	9
"k__Bacteria|p__Firmicutes|c__Bacilli|o__Lactobacillales|f__Streptococcaceae|g__Streptococcus|s__Streptococcus_parasanguinis|t__SGB8071"	"timepoint"	"6_months"	"timepoint6_months"	0.392204068817368	0	1.16406065600476	0.736171539792531	1	0.177859115083017	0.999999637404425	"<4 average observations per random effect group often inflates coefficients and deflates p-values: consider setting small_random_effects=TRUE and see tutorial"	"prevalence"	40	9
"k__Bacteria|p__Firmicutes|c__Bacilli|o__Lactobacillales|f__Streptococcaceae|g__Streptococcus|s__Streptococcus_parasanguinis|t__SGB8071"	"turmeric_group"	"Treatment"	"turmeric_groupTreatment"	0.628571331939664	0	1.40195471331262	0.653898080129694	1	0.817712862581662	0.999999637404425	"<4 average observations per random effect group often inflates coefficients and deflates p-values: consider setting small_random_effects=TRUE and see tutorial"	"prevalence"	40	9
"k__Bacteria|p__Firmicutes|c__Bacilli|o__Lactobacillales|f__Streptococcaceae|g__Streptococcus|s__Streptococcus_thermophilus|t__SGB8002"	"timepoint"	"2_weeks"	"timepoint2_weeks"	0.936999451226061	0	0.805629509556668	0.244803148468965	1	0.429677715437612	0.999999637404425	"<4 average observations per random effect group often inflates coefficients and deflates p-values: consider setting small_random_effects=TRUE and see tutorial"	"prevalence"	40	13
"k__Bacteria|p__Firmicutes|c__Bacilli|o__Lactobacillales|f__Streptococcaceae|g__Streptococcus|s__Streptococcus_thermophilus|t__SGB8002"	"timepoint"	"6_months"	"timepoint6_months"	0.102633158493775	0	0.904400648223535	0.909648464249699	1	0.913612827969322	0.999999637404425	"<4 average observations per random effect group often inflates coefficients and deflates p-values: consider setting small_random_effects=TRUE and see tutorial"	"prevalence"	40	13
"k__Bacteria|p__Firmicutes|c__Bacilli|o__Lactobacillales|f__Streptococcaceae|g__Streptococcus|s__Streptococcus_thermophilus|t__SGB8002"	"turmeric_group"	"Treatment"	"turmeric_groupTreatment"	0.0649899905300543	0	0.71795960721942	0.927873683975011	1	0.593702180667283	0.999999637404425	"<4 average observations per random effect group often inflates coefficients and deflates p-values: consider setting small_random_effects=TRUE and see tutorial"	"prevalence"	40	13
"k__Bacteria|p__Firmicutes|c__CFGB1325|o__OFGB1325|f__FGB1325|g__GGB3175|s__GGB3175_SGB4191|t__SGB4191"	"timepoint"	"2_weeks"	"timepoint2_weeks"	-0.40271954588752	0	1.1326079115629	0.722163836665481	1	0.771253718575203	0.999999637404425	"<4 average observations per random effect group often inflates coefficients and deflates p-values: consider setting small_random_effects=TRUE and see tutorial"	"prevalence"	40	6
"k__Bacteria|p__Firmicutes|c__CFGB1325|o__OFGB1325|f__FGB1325|g__GGB3175|s__GGB3175_SGB4191|t__SGB4191"	"timepoint"	"6_months"	"timepoint6_months"	-1.14176237625008	0	1.3995867027963	0.414622893969799	1	0.657333643735707	0.999999637404425	"<4 average observations per random effect group often inflates coefficients and deflates p-values: consider setting small_random_effects=TRUE and see tutorial"	"prevalence"	40	6
"k__Bacteria|p__Firmicutes|c__CFGB1325|o__OFGB1325|f__FGB1325|g__GGB3175|s__GGB3175_SGB4191|t__SGB4191"	"turmeric_group"	"Treatment"	"turmeric_groupTreatment"	0.543699304693189	0	1.26632621069516	0.667667301756473	1	0.889554977678177	0.999999637404425	"<4 average observations per random effect group often inflates coefficients and deflates p-values: consider setting small_random_effects=TRUE and see tutorial"	"prevalence"	40	6
"k__Bacteria|p__Firmicutes|c__CFGB1354|o__OFGB1354|f__FGB1354|g__GGB3304|s__GGB3304_SGB4367|t__SGB4367"	"timepoint"	"2_weeks"	"timepoint2_weeks"	2.02921748804288	0	2.27067745205542	0.371502919568011	1	0.371502919568011	0.999999637404425	"<4 average observations per random effect group often inflates coefficients and deflates p-values: consider setting small_random_effects=TRUE and see tutorial"	"prevalence"	40	5
"k__Bacteria|p__Firmicutes|c__CFGB1354|o__OFGB1354|f__FGB1354|g__GGB3304|s__GGB3304_SGB4367|t__SGB4367"	"timepoint"	"6_months"	"timepoint6_months"	2.02863992378612	0	2.27066168127178	0.37163574658005	1	0.37163574658005	0.999999637404425	"<4 average observations per random effect group often inflates coefficients and deflates p-values: consider setting small_random_effects=TRUE and see tutorial"	"prevalence"	40	5
"k__Bacteria|p__Firmicutes|c__CFGB1354|o__OFGB1354|f__FGB1354|g__GGB3304|s__GGB3304_SGB4367|t__SGB4367"	"turmeric_group"	"Treatment"	"turmeric_groupTreatment"	13.4920595251518	0	333.331442492915	0.967713315170541	1	0.967713315170541	0.999999637404425	"<4 average observations per random effect group often inflates coefficients and deflates p-values: consider setting small_random_effects=TRUE and see tutorial"	"prevalence"	40	5
"k__Bacteria|p__Firmicutes|c__CFGB14936|o__OFGB14936|f__FGB14936|g__GGB3256|s__GGB3256_SGB4303|t__SGB4303"	"timepoint"	"2_weeks"	"timepoint2_weeks"	1.0089017496293	0	1.45421502818269	0.487821719249605	1	0.73767340872757	0.999999637404425	"<4 average observations per random effect group often inflates coefficients and deflates p-values: consider setting small_random_effects=TRUE and see tutorial"	"prevalence"	40	11
"k__Bacteria|p__Firmicutes|c__CFGB14936|o__OFGB14936|f__FGB14936|g__GGB3256|s__GGB3256_SGB4303|t__SGB4303"	"timepoint"	"6_months"	"timepoint6_months"	1.4167989110835	0	1.66517682671507	0.394858285138953	1	0.0657549052019327	0.999999637404425	"<4 average observations per random effect group often inflates coefficients and deflates p-values: consider setting small_random_effects=TRUE and see tutorial"	"prevalence"	40	11
"k__Bacteria|p__Firmicutes|c__CFGB14936|o__OFGB14936|f__FGB14936|g__GGB3256|s__GGB3256_SGB4303|t__SGB4303"	"turmeric_group"	"Treatment"	"turmeric_groupTreatment"	-1.79157421236375	0	2.26869573489591	0.429706804525363	1	0.674765671195327	0.999999637404425	"<4 average observations per random effect group often inflates coefficients and deflates p-values: consider setting small_random_effects=TRUE and see tutorial"	"prevalence"	40	11
"k__Bacteria|p__Firmicutes|c__CFGB2949|o__OFGB2949|f__FGB2949|g__GGB9290|s__GGB9290_SGB14247|t__SGB14247"	"timepoint"	"2_weeks"	"timepoint2_weeks"	3.02490526205782	0	2.29714842501873	0.187902722204824	1	0.187902722204824	0.999999637404425	"<4 average observations per random effect group often inflates coefficients and deflates p-values: consider setting small_random_effects=TRUE and see tutorial"	"prevalence"	40	6
"k__Bacteria|p__Firmicutes|c__CFGB2949|o__OFGB2949|f__FGB2949|g__GGB9290|s__GGB9290_SGB14247|t__SGB14247"	"timepoint"	"6_months"	"timepoint6_months"	1.75687279951418	0	2.08073950682912	0.39847374708588	1	0.39847374708588	0.999999637404425	"<4 average observations per random effect group often inflates coefficients and deflates p-values: consider setting small_random_effects=TRUE and see tutorial"	"prevalence"	40	6
"k__Bacteria|p__Firmicutes|c__CFGB2949|o__OFGB2949|f__FGB2949|g__GGB9290|s__GGB9290_SGB14247|t__SGB14247"	"turmeric_group"	"Treatment"	"turmeric_groupTreatment"	13.420778274749	0	204.807178537429	0.947752939073226	1	0.947752939073226	0.999999637404425	"<4 average observations per random effect group often inflates coefficients and deflates p-values: consider setting small_random_effects=TRUE and see tutorial"	"prevalence"	40	6
"k__Bacteria|p__Firmicutes|c__CFGB3005|o__OFGB3005|f__FGB3005|g__GGB9468|s__GGB9468_SGB14861|t__SGB14861"	"timepoint"	"2_weeks"	"timepoint2_weeks"	6.01790669029924e-05	0	2.01035271154678	0.999976115659664	1	0.901166345162168	0.999999637404425	"<4 average observations per random effect group often inflates coefficients and deflates p-values: consider setting small_random_effects=TRUE and see tutorial"	"prevalence"	40	37
"k__Bacteria|p__Firmicutes|c__CFGB3005|o__OFGB3005|f__FGB3005|g__GGB9468|s__GGB9468_SGB14861|t__SGB14861"	"timepoint"	"6_months"	"timepoint6_months"	4.53069027575077e-05	0	2.13540995721036	0.999983071317017	1	0.964397515333435	0.999999637404425	"<4 average observations per random effect group often inflates coefficients and deflates p-values: consider setting small_random_effects=TRUE and see tutorial"	"prevalence"	40	37
"k__Bacteria|p__Firmicutes|c__CFGB3035|o__OFGB3035|f__FGB3035|g__GGB9602|s__GGB9602_SGB15031|t__SGB15031"	"timepoint"	"2_weeks"	"timepoint2_weeks"	2.49821030362692	0	2.35038782141697	0.287830566407566	1	0.492814697856632	0.999999637404425	"<4 average observations per random effect group often inflates coefficients and deflates p-values: consider setting small_random_effects=TRUE and see tutorial"	"prevalence"	40	7
"k__Bacteria|p__Firmicutes|c__CFGB3035|o__OFGB3035|f__FGB3035|g__GGB9602|s__GGB9602_SGB15031|t__SGB15031"	"timepoint"	"6_months"	"timepoint6_months"	3.16316344902514	0	2.96262492347152	0.285660607672327	1	0.489719232568931	0.999999637404425	"<4 average observations per random effect group often inflates coefficients and deflates p-values: consider setting small_random_effects=TRUE and see tutorial"	"prevalence"	40	7
"k__Bacteria|p__Firmicutes|c__CFGB3035|o__OFGB3035|f__FGB3035|g__GGB9602|s__GGB9602_SGB15031|t__SGB15031"	"turmeric_group"	"Treatment"	"turmeric_groupTreatment"	-5.04490007541561	0	3.4369800199869	0.142150588679749	1	0.264094387497499	0.999999637404425	"<4 average observations per random effect group often inflates coefficients and deflates p-values: consider setting small_random_effects=TRUE and see tutorial"	"prevalence"	40	7
"k__Bacteria|p__Firmicutes|c__CFGB38642|o__OFGB38642|f__FGB38642|g__GGB9758|s__GGB9758_SGB15368|t__SGB15368"	"timepoint"	"2_weeks"	"timepoint2_weeks"	-0.435512322237218	0	1.28650453142277	0.734968541990358	1	0.089108187014277	0.999999637404425	"<4 average observations per random effect group often inflates coefficients and deflates p-values: consider setting small_random_effects=TRUE and see tutorial"	"prevalence"	40	22
"k__Bacteria|p__Firmicutes|c__CFGB38642|o__OFGB38642|f__FGB38642|g__GGB9758|s__GGB9758_SGB15368|t__SGB15368"	"timepoint"	"6_months"	"timepoint6_months"	-0.68117437536645	0	1.36389736876419	0.61747488178167	1	0.853674533932053	0.999999637404425	"<4 average observations per random effect group often inflates coefficients and deflates p-values: consider setting small_random_effects=TRUE and see tutorial"	"prevalence"	40	22
"k__Bacteria|p__Firmicutes|c__CFGB38642|o__OFGB38642|f__FGB38642|g__GGB9758|s__GGB9758_SGB15368|t__SGB15368"	"turmeric_group"	"Treatment"	"turmeric_groupTreatment"	-1.12304388748469	0	2.17503095377047	0.605620686339356	1	0.84446495695656	0.999999637404425	"<4 average observations per random effect group often inflates coefficients and deflates p-values: consider setting small_random_effects=TRUE and see tutorial"	"prevalence"	40	22
"k__Bacteria|p__Firmicutes|c__CFGB4806|o__OFGB4806|f__FGB4806|g__GGB51647|s__GGB51647_SGB4348|t__SGB4348"	"timepoint"	"2_weeks"	"timepoint2_weeks"	0.539375944161005	0	1.3219276888343	0.683257320827789	1	0.528764003463706	0.999999637404425	"<4 average observations per random effect group often inflates coefficients and deflates p-values: consider setting small_random_effects=TRUE and see tutorial"	"prevalence"	40	12
"k__Bacteria|p__Firmicutes|c__CFGB4806|o__OFGB4806|f__FGB4806|g__GGB51647|s__GGB51647_SGB4348|t__SGB4348"	"timepoint"	"6_months"	"timepoint6_months"	0.559091389461523	0	1.42081017047274	0.693948879241456	1	0.243175848645951	0.999999637404425	"<4 average observations per random effect group often inflates coefficients and deflates p-values: consider setting small_random_effects=TRUE and see tutorial"	"prevalence"	40	12
"k__Bacteria|p__Firmicutes|c__CFGB4806|o__OFGB4806|f__FGB4806|g__GGB51647|s__GGB51647_SGB4348|t__SGB4348"	"turmeric_group"	"Treatment"	"turmeric_groupTreatment"	-2.32899949757428	0	2.23851013298151	0.298142991297911	1	0.507396739335755	0.999999637404425	"<4 average observations per random effect group often inflates coefficients and deflates p-values: consider setting small_random_effects=TRUE and see tutorial"	"prevalence"	40	12
"k__Bacteria|p__Firmicutes|c__CFGB74461|o__OFGB74461|f__FGB74461|g__GGB9524|s__GGB9524_SGB14924|t__SGB14924"	"timepoint"	"2_weeks"	"timepoint2_weeks"	1.75627063827787	0	2.08050944305761	0.398583283148672	1	0.398583283148672	0.999999637404425	"<4 average observations per random effect group often inflates coefficients and deflates p-values: consider setting small_random_effects=TRUE and see tutorial"	"prevalence"	40	6
"k__Bacteria|p__Firmicutes|c__CFGB74461|o__OFGB74461|f__FGB74461|g__GGB9524|s__GGB9524_SGB14924|t__SGB14924"	"timepoint"	"6_months"	"timepoint6_months"	3.02363262408825	0	2.29673798714703	0.18800962803774	1	0.18800962803774	0.999999637404425	"<4 average observations per random effect group often inflates coefficients and deflates p-values: consider setting small_random_effects=TRUE and see tutorial"	"prevalence"	40	6
"k__Bacteria|p__Firmicutes|c__CFGB74461|o__OFGB74461|f__FGB74461|g__GGB9524|s__GGB9524_SGB14924|t__SGB14924"	"turmeric_group"	"Treatment"	"turmeric_groupTreatment"	12.1081377396123	0	117.908705086055	0.918208385759871	1	0.918208385759871	0.999999637404425	"<4 average observations per random effect group often inflates coefficients and deflates p-values: consider setting small_random_effects=TRUE and see tutorial"	"prevalence"	40	6
"k__Bacteria|p__Firmicutes|c__Clostridia|o__Clostridiales|f__Clostridiales_unclassified|g__Lawsonibacter|s__Lawsonibacter_asaccharolyticus|t__SGB15154"	"timepoint"	"2_weeks"	"timepoint2_weeks"	-0.125612110912049	0	1.07125803789052	0.906656689514327	1	0.211915912754494	0.999999637404425	"<4 average observations per random effect group often inflates coefficients and deflates p-values: consider setting small_random_effects=TRUE and see tutorial"	"prevalence"	40	17
"k__Bacteria|p__Firmicutes|c__Clostridia|o__Clostridiales|f__Clostridiales_unclassified|g__Lawsonibacter|s__Lawsonibacter_asaccharolyticus|t__SGB15154"	"timepoint"	"6_months"	"timepoint6_months"	0.592735382625891	0	1.14521061068508	0.604752999623885	1	0.843779808693684	0.999999637404425	"<4 average observations per random effect group often inflates coefficients and deflates p-values: consider setting small_random_effects=TRUE and see tutorial"	"prevalence"	40	17
"k__Bacteria|p__Firmicutes|c__Clostridia|o__Clostridiales|f__Clostridiales_unclassified|g__Lawsonibacter|s__Lawsonibacter_asaccharolyticus|t__SGB15154"	"turmeric_group"	"Treatment"	"turmeric_groupTreatment"	-1.81633896783266	0	1.52746806736683	0.234393443634495	1	0.413846600850153	0.999999637404425	"<4 average observations per random effect group often inflates coefficients and deflates p-values: consider setting small_random_effects=TRUE and see tutorial"	"prevalence"	40	17
"k__Bacteria|p__Firmicutes|c__Clostridia|o__Clostridiales|f__Ruminococcaceae|g__Candidatus_Cibionibacter|s__Candidatus_Cibionibacter_quicibialis|t__SGB15286"	"timepoint"	"2_weeks"	"timepoint2_weeks"	-0.171884763360754	0	1.53140921244955	0.91063342820258	1	0.899606820180874	0.999999637404425	"<4 average observations per random effect group often inflates coefficients and deflates p-values: consider setting small_random_effects=TRUE and see tutorial"	"prevalence"	40	29
"k__Bacteria|p__Firmicutes|c__Clostridia|o__Clostridiales|f__Ruminococcaceae|g__Candidatus_Cibionibacter|s__Candidatus_Cibionibacter_quicibialis|t__SGB15286"	"timepoint"	"6_months"	"timepoint6_months"	1.17026326343662	0	1.80796931111331	0.517450425427619	1	0.0645402909890119	0.999999637404425	"<4 average observations per random effect group often inflates coefficients and deflates p-values: consider setting small_random_effects=TRUE and see tutorial"	"prevalence"	40	29
"k__Bacteria|p__Firmicutes|c__Clostridia|o__Clostridiales|f__Ruminococcaceae|g__Candidatus_Cibionibacter|s__Candidatus_Cibionibacter_quicibialis|t__SGB15286"	"turmeric_group"	"Treatment"	"turmeric_groupTreatment"	-3.52697632623695	0	3.00770814997531	0.240937875260198	1	0.423824690785497	0.999999637404425	"<4 average observations per random effect group often inflates coefficients and deflates p-values: consider setting small_random_effects=TRUE and see tutorial"	"prevalence"	40	29
"k__Bacteria|p__Firmicutes|c__Clostridia|o__Eubacteriales|f__Clostridiaceae|g__Butyricicoccus|s__Butyricicoccus_sp_AM29_23AC|t__SGB14991"	"timepoint"	"2_weeks"	"timepoint2_weeks"	1.01206642130579	0	1.61552417344681	0.531011176116213	1	0.713087918191396	0.999999637404425	"<4 average observations per random effect group often inflates coefficients and deflates p-values: consider setting small_random_effects=TRUE and see tutorial"	"prevalence"	40	9
"k__Bacteria|p__Firmicutes|c__Clostridia|o__Eubacteriales|f__Clostridiaceae|g__Butyricicoccus|s__Butyricicoccus_sp_AM29_23AC|t__SGB14991"	"timepoint"	"6_months"	"timepoint6_months"	1.29803367136007	0	1.71017857019264	0.447849710718013	1	0.695130058045819	0.999999637404425	"<4 average observations per random effect group often inflates coefficients and deflates p-values: consider setting small_random_effects=TRUE and see tutorial"	"prevalence"	40	9
"k__Bacteria|p__Firmicutes|c__Clostridia|o__Eubacteriales|f__Clostridiaceae|g__Butyricicoccus|s__Butyricicoccus_sp_AM29_23AC|t__SGB14991"	"turmeric_group"	"Treatment"	"turmeric_groupTreatment"	-0.889570128072612	0	2.53031160459783	0.725164182835628	1	0.820840415343513	0.999999637404425	"<4 average observations per random effect group often inflates coefficients and deflates p-values: consider setting small_random_effects=TRUE and see tutorial"	"prevalence"	40	9
"k__Bacteria|p__Firmicutes|c__Clostridia|o__Eubacteriales|f__Clostridiaceae|g__Clostridiaceae_unclassified|s__Clostridiaceae_bacterium_AF18_31LB|t__SGB4767"	"timepoint"	"2_weeks"	"timepoint2_weeks"	-0.213040904887006	0	0.861859245161421	0.804763053453033	1	0.817794894232059	0.999999637404425	"<4 average observations per random effect group often inflates coefficients and deflates p-values: consider setting small_random_effects=TRUE and see tutorial"	"prevalence"	40	11
"k__Bacteria|p__Firmicutes|c__Clostridia|o__Eubacteriales|f__Clostridiaceae|g__Clostridiaceae_unclassified|s__Clostridiaceae_bacterium_AF18_31LB|t__SGB4767"	"timepoint"	"6_months"	"timepoint6_months"	-1.10921487219741	0	1.00698734688065	0.270671195422359	1	0.196873001364361	0.999999637404425	"<4 average observations per random effect group often inflates coefficients and deflates p-values: consider setting small_random_effects=TRUE and see tutorial"	"prevalence"	40	11
"k__Bacteria|p__Firmicutes|c__Clostridia|o__Eubacteriales|f__Clostridiaceae|g__Clostridiaceae_unclassified|s__Clostridiaceae_bacterium_AF18_31LB|t__SGB4767"	"turmeric_group"	"Treatment"	"turmeric_groupTreatment"	1.62493007105701	0	0.895751313251066	0.0696713342357422	1	0.134488573657296	0.999999637404425	"<4 average observations per random effect group often inflates coefficients and deflates p-values: consider setting small_random_effects=TRUE and see tutorial"	"prevalence"	40	11
"k__Bacteria|p__Firmicutes|c__Clostridia|o__Eubacteriales|f__Clostridiaceae|g__Clostridiaceae_unclassified|s__Clostridiaceae_bacterium_Marseille_Q4149|t__SGB15091"	"timepoint"	"2_weeks"	"timepoint2_weeks"	-1.18254117677364	0	1.38201895127456	0.39218473418517	1	0.630560602642447	0.999999637404425	"<4 average observations per random effect group often inflates coefficients and deflates p-values: consider setting small_random_effects=TRUE and see tutorial"	"prevalence"	40	11
"k__Bacteria|p__Firmicutes|c__Clostridia|o__Eubacteriales|f__Clostridiaceae|g__Clostridiaceae_unclassified|s__Clostridiaceae_bacterium_Marseille_Q4149|t__SGB15091"	"timepoint"	"6_months"	"timepoint6_months"	-1.98794758686096	0	1.75632187646315	0.25768441378261	1	0.448967570458732	0.999999637404425	"<4 average observations per random effect group often inflates coefficients and deflates p-values: consider setting small_random_effects=TRUE and see tutorial"	"prevalence"	40	11
"k__Bacteria|p__Firmicutes|c__Clostridia|o__Eubacteriales|f__Clostridiaceae|g__Clostridiaceae_unclassified|s__Clostridiaceae_bacterium_Marseille_Q4149|t__SGB15091"	"turmeric_group"	"Treatment"	"turmeric_groupTreatment"	-2.05709921517481	0	2.28275273317812	0.367509365568342	1	0.599955597356239	0.999999637404425	"<4 average observations per random effect group often inflates coefficients and deflates p-values: consider setting small_random_effects=TRUE and see tutorial"	"prevalence"	40	11
"k__Bacteria|p__Firmicutes|c__Clostridia|o__Eubacteriales|f__Clostridiaceae|g__Clostridiaceae_unclassified|s__Clostridiaceae_bacterium|t__SGB4269"	"timepoint"	"2_weeks"	"timepoint2_weeks"	0.0236045364175353	0	1.2780962286394	0.985265096513287	1	0.974575952874238	0.999999637404425	"<4 average observations per random effect group often inflates coefficients and deflates p-values: consider setting small_random_effects=TRUE and see tutorial"	"prevalence"	40	36
"k__Bacteria|p__Firmicutes|c__Clostridia|o__Eubacteriales|f__Clostridiaceae|g__Clostridiaceae_unclassified|s__Clostridiaceae_bacterium|t__SGB4269"	"timepoint"	"6_months"	"timepoint6_months"	-0.641289792025137	0	1.17642943306496	0.585674156925061	1	0.828334095760241	0.999999637404425	"<4 average observations per random effect group often inflates coefficients and deflates p-values: consider setting small_random_effects=TRUE and see tutorial"	"prevalence"	40	36
"k__Bacteria|p__Firmicutes|c__Clostridia|o__Eubacteriales|f__Clostridiaceae|g__Clostridiaceae_unclassified|s__Clostridiaceae_bacterium|t__SGB4269"	"turmeric_group"	"Treatment"	"turmeric_groupTreatment"	-1.78032577506318	0	1.47330118303101	0.226896408045327	1	0.402310836106782	0.999999637404425	"<4 average observations per random effect group often inflates coefficients and deflates p-values: consider setting small_random_effects=TRUE and see tutorial"	"prevalence"	40	36
"k__Bacteria|p__Firmicutes|c__Clostridia|o__Eubacteriales|f__Clostridiaceae|g__Clostridiaceae_unclassified|s__Clostridiaceae_bacterium|t__SGB4721"	"timepoint"	"2_weeks"	"timepoint2_weeks"	0.773080019479595	0	1.17604149380814	0.510950895504797	1	0.76083097339244	0.999999637404425	"<4 average observations per random effect group often inflates coefficients and deflates p-values: consider setting small_random_effects=TRUE and see tutorial"	"prevalence"	40	12
"k__Bacteria|p__Firmicutes|c__Clostridia|o__Eubacteriales|f__Clostridiaceae|g__Clostridiaceae_unclassified|s__Clostridiaceae_bacterium|t__SGB4721"	"timepoint"	"6_months"	"timepoint6_months"	-0.575050898269651	0	1.28402003512883	0.654260035893413	1	0.435580541087081	0.999999637404425	"<4 average observations per random effect group often inflates coefficients and deflates p-values: consider setting small_random_effects=TRUE and see tutorial"	"prevalence"	40	12
"k__Bacteria|p__Firmicutes|c__Clostridia|o__Eubacteriales|f__Clostridiaceae|g__Clostridiaceae_unclassified|s__Clostridiaceae_bacterium|t__SGB4721"	"turmeric_group"	"Treatment"	"turmeric_groupTreatment"	3.78354081497028	0	1.9522619185694	0.0526196470000949	1	0.102470466749775	0.999999637404425	"<4 average observations per random effect group often inflates coefficients and deflates p-values: consider setting small_random_effects=TRUE and see tutorial"	"prevalence"	40	12
"k__Bacteria|p__Firmicutes|c__Clostridia|o__Eubacteriales|f__Clostridiaceae|g__Clostridium|s__Clostridium_fessum|t__SGB4705"	"timepoint"	"2_weeks"	"timepoint2_weeks"	0.560618863067571	0	1.29188974732759	0.664322890986278	1	0.432342667838535	0.999999637404425	"<4 average observations per random effect group often inflates coefficients and deflates p-values: consider setting small_random_effects=TRUE and see tutorial"	"prevalence"	40	34
"k__Bacteria|p__Firmicutes|c__Clostridia|o__Eubacteriales|f__Clostridiaceae|g__Clostridium|s__Clostridium_fessum|t__SGB4705"	"timepoint"	"6_months"	"timepoint6_months"	-0.924101244480081	0	1.03557812330462	0.372203754909721	1	0.605871874650547	0.999999637404425	"<4 average observations per random effect group often inflates coefficients and deflates p-values: consider setting small_random_effects=TRUE and see tutorial"	"prevalence"	40	34
"k__Bacteria|p__Firmicutes|c__Clostridia|o__Eubacteriales|f__Clostridiaceae|g__Clostridium|s__Clostridium_fessum|t__SGB4705"	"turmeric_group"	"Treatment"	"turmeric_groupTreatment"	-0.189025073751703	0	0.972066070902351	0.845818044482991	1	0.780708101980825	0.999999637404425	"<4 average observations per random effect group often inflates coefficients and deflates p-values: consider setting small_random_effects=TRUE and see tutorial"	"prevalence"	40	34
"k__Bacteria|p__Firmicutes|c__Clostridia|o__Eubacteriales|f__Clostridiaceae|g__Clostridium|s__Clostridium_sp_1001270H_150608_G6|t__SGB5111"	"timepoint"	"2_weeks"	"timepoint2_weeks"	0.68973068225459	0	1.52196450356227	0.650415911766445	1	0.877790965253914	0.999999637404425	"<4 average observations per random effect group often inflates coefficients and deflates p-values: consider setting small_random_effects=TRUE and see tutorial"	"prevalence"	40	6
"k__Bacteria|p__Firmicutes|c__Clostridia|o__Eubacteriales|f__Clostridiaceae|g__Clostridium|s__Clostridium_sp_1001270H_150608_G6|t__SGB5111"	"timepoint"	"6_months"	"timepoint6_months"	1.21883050399879	0	1.68334697652884	0.469033899382066	1	0.718074999994586	0.999999637404425	"<4 average observations per random effect group often inflates coefficients and deflates p-values: consider setting small_random_effects=TRUE and see tutorial"	"prevalence"	40	6
"k__Bacteria|p__Firmicutes|c__Clostridia|o__Eubacteriales|f__Clostridiaceae|g__Clostridium|s__Clostridium_sp_1001270H_150608_G6|t__SGB5111"	"turmeric_group"	"Treatment"	"turmeric_groupTreatment"	-0.312856173397252	0	1.92859941881557	0.871133110569711	1	0.983393324808562	0.999999637404425	"<4 average observations per random effect group often inflates coefficients and deflates p-values: consider setting small_random_effects=TRUE and see tutorial"	"prevalence"	40	6
"k__Bacteria|p__Firmicutes|c__Clostridia|o__Eubacteriales|f__Clostridiaceae|g__Clostridium|s__Clostridium_sp_AF34_10BH|t__SGB4914"	"timepoint"	"2_weeks"	"timepoint2_weeks"	-3.31530193184831	0	1.68837736006934	0.0495762123023412	1	0.0966946237784356	0.999999637404425	"<4 average observations per random effect group often inflates coefficients and deflates p-values: consider setting small_random_effects=TRUE and see tutorial"	"prevalence"	40	23
"k__Bacteria|p__Firmicutes|c__Clostridia|o__Eubacteriales|f__Clostridiaceae|g__Clostridium|s__Clostridium_sp_AF34_10BH|t__SGB4914"	"timepoint"	"6_months"	"timepoint6_months"	-2.1627421813401	0	1.49423729883296	0.147788088831767	1	0.273734858462988	0.999999637404425	"<4 average observations per random effect group often inflates coefficients and deflates p-values: consider setting small_random_effects=TRUE and see tutorial"	"prevalence"	40	23
"k__Bacteria|p__Firmicutes|c__Clostridia|o__Eubacteriales|f__Clostridiaceae|g__Clostridium|s__Clostridium_sp_AF34_10BH|t__SGB4914"	"turmeric_group"	"Treatment"	"turmeric_groupTreatment"	1.33983614924921	0	1.57989427465042	0.396407725294697	1	0.116322288754796	0.999999637404425	"<4 average observations per random effect group often inflates coefficients and deflates p-values: consider setting small_random_effects=TRUE and see tutorial"	"prevalence"	40	23
"k__Bacteria|p__Firmicutes|c__Clostridia|o__Eubacteriales|f__Clostridiaceae|g__Clostridium|s__Clostridium_sp_AF36_4|t__SGB4644"	"timepoint"	"2_weeks"	"timepoint2_weeks"	1.17132412038885	0	1.38502006893912	0.397715027482091	1	0.516590817024213	0.999999637404425	"<4 average observations per random effect group often inflates coefficients and deflates p-values: consider setting small_random_effects=TRUE and see tutorial"	"prevalence"	40	8
"k__Bacteria|p__Firmicutes|c__Clostridia|o__Eubacteriales|f__Clostridiaceae|g__Clostridium|s__Clostridium_sp_AF36_4|t__SGB4644"	"timepoint"	"6_months"	"timepoint6_months"	-2.37812486825525	0	2.0826062716447	0.253496234063707	1	0.442732127442932	0.999999637404425	"<4 average observations per random effect group often inflates coefficients and deflates p-values: consider setting small_random_effects=TRUE and see tutorial"	"prevalence"	40	8
"k__Bacteria|p__Firmicutes|c__Clostridia|o__Eubacteriales|f__Clostridiaceae|g__Clostridium|s__Clostridium_sp_AF36_4|t__SGB4644"	"turmeric_group"	"Treatment"	"turmeric_groupTreatment"	0.561902927946339	0	2.25157280594804	0.802927491527605	1	0.841512265745831	0.999999637404425	"<4 average observations per random effect group often inflates coefficients and deflates p-values: consider setting small_random_effects=TRUE and see tutorial"	"prevalence"	40	8
"k__Bacteria|p__Firmicutes|c__Clostridia|o__Eubacteriales|f__Clostridiaceae|g__Clostridium|s__Clostridium_sp_AM22_11AC|t__SGB4749"	"timepoint"	"2_weeks"	"timepoint2_weeks"	-0.241547027390973	0	1.02469162463546	0.813644861984274	1	0.96527176253514	0.999999637404425	"<4 average observations per random effect group often inflates coefficients and deflates p-values: consider setting small_random_effects=TRUE and see tutorial"	"prevalence"	40	10
"k__Bacteria|p__Firmicutes|c__Clostridia|o__Eubacteriales|f__Clostridiaceae|g__Clostridium|s__Clostridium_sp_AM22_11AC|t__SGB4749"	"timepoint"	"6_months"	"timepoint6_months"	-0.0780901893189659	0	1.06738784371167	0.941678725847908	1	0.954163268097517	0.999999637404425	"<4 average observations per random effect group often inflates coefficients and deflates p-values: consider setting small_random_effects=TRUE and see tutorial"	"prevalence"	40	10
"k__Bacteria|p__Firmicutes|c__Clostridia|o__Eubacteriales|f__Clostridiaceae|g__Clostridium|s__Clostridium_sp_AM22_11AC|t__SGB4749"	"turmeric_group"	"Treatment"	"turmeric_groupTreatment"	0.292455647841629	0	1.18891316855897	0.805693295801691	1	0.128865089461954	0.999999637404425	"<4 average observations per random effect group often inflates coefficients and deflates p-values: consider setting small_random_effects=TRUE and see tutorial"	"prevalence"	40	10
"k__Bacteria|p__Firmicutes|c__Clostridia|o__Eubacteriales|f__Clostridiaceae|g__Clostridium|s__Clostridium_sp_AM33_3|t__SGB4711"	"timepoint"	"2_weeks"	"timepoint2_weeks"	-0.924705879651299	0	1.72120875975838	0.591100365607944	1	0.334252483951443	0.999999637404425	"<4 average observations per random effect group often inflates coefficients and deflates p-values: consider setting small_random_effects=TRUE and see tutorial"	"prevalence"	40	7
"k__Bacteria|p__Firmicutes|c__Clostridia|o__Eubacteriales|f__Clostridiaceae|g__Clostridium|s__Clostridium_sp_AM33_3|t__SGB4711"	"timepoint"	"6_months"	"timepoint6_months"	-0.77187779627147	0	1.81135481661341	0.670011042082232	1	0.728833955482669	0.999999637404425	"<4 average observations per random effect group often inflates coefficients and deflates p-values: consider setting small_random_effects=TRUE and see tutorial"	"prevalence"	40	7
"k__Bacteria|p__Firmicutes|c__Clostridia|o__Eubacteriales|f__Clostridiaceae|g__Clostridium|s__Clostridium_sp_AM33_3|t__SGB4711"	"turmeric_group"	"Treatment"	"turmeric_groupTreatment"	-1.71421879609981	0	2.54696304656546	0.500919149202717	1	0.331596904646882	0.999999637404425	"<4 average observations per random effect group often inflates coefficients and deflates p-values: consider setting small_random_effects=TRUE and see tutorial"	"prevalence"	40	7
"k__Bacteria|p__Firmicutes|c__Clostridia|o__Eubacteriales|f__Clostridiaceae|g__Clostridium|s__Clostridium_sp_AM49_4BH|t__SGB4652"	"timepoint"	"2_weeks"	"timepoint2_weeks"	0.594054556525909	0	1.00399384167563	0.554057233267724	1	0.801135048799163	0.999999637404425	"<4 average observations per random effect group often inflates coefficients and deflates p-values: consider setting small_random_effects=TRUE and see tutorial"	"prevalence"	40	13
"k__Bacteria|p__Firmicutes|c__Clostridia|o__Eubacteriales|f__Clostridiaceae|g__Clostridium|s__Clostridium_sp_AM49_4BH|t__SGB4652"	"timepoint"	"6_months"	"timepoint6_months"	-0.29564751863665	0	1.06644902789139	0.781606489900824	1	0.762684409309108	0.999999637404425	"<4 average observations per random effect group often inflates coefficients and deflates p-values: consider setting small_random_effects=TRUE and see tutorial"	"prevalence"	40	13
"k__Bacteria|p__Firmicutes|c__Clostridia|o__Eubacteriales|f__Clostridiaceae|g__Clostridium|s__Clostridium_sp_AM49_4BH|t__SGB4652"	"turmeric_group"	"Treatment"	"turmeric_groupTreatment"	0.132854631995899	0	1.1652566878553	0.909227337624622	1	0.786427010162726	0.999999637404425	"<4 average observations per random effect group often inflates coefficients and deflates p-values: consider setting small_random_effects=TRUE and see tutorial"	"prevalence"	40	13
"k__Bacteria|p__Firmicutes|c__Clostridia|o__Eubacteriales|f__Eubacteriaceae|g__Eubacteriaceae_unclassified|s__Eubacteriaceae_bacterium|t__SGB3958"	"timepoint"	"2_weeks"	"timepoint2_weeks"	1.72472721130095	0	1.09478997396574	0.115165179751241	1	0.217067340875346	0.999999637404425	"<4 average observations per random effect group often inflates coefficients and deflates p-values: consider setting small_random_effects=TRUE and see tutorial"	"prevalence"	40	12
"k__Bacteria|p__Firmicutes|c__Clostridia|o__Eubacteriales|f__Eubacteriaceae|g__Eubacteriaceae_unclassified|s__Eubacteriaceae_bacterium|t__SGB3958"	"timepoint"	"6_months"	"timepoint6_months"	0.448120930088583	0	1.11029283160334	0.68650241885362	1	0.386258376482597	0.999999637404425	"<4 average observations per random effect group often inflates coefficients and deflates p-values: consider setting small_random_effects=TRUE and see tutorial"	"prevalence"	40	12
"k__Bacteria|p__Firmicutes|c__Clostridia|o__Eubacteriales|f__Eubacteriaceae|g__Eubacteriaceae_unclassified|s__Eubacteriaceae_bacterium|t__SGB3958"	"turmeric_group"	"Treatment"	"turmeric_groupTreatment"	0.554773004105479	0	1.181202211483	0.638592158765842	1	0.869384372294466	0.999999637404425	"<4 average observations per random effect group often inflates coefficients and deflates p-values: consider setting small_random_effects=TRUE and see tutorial"	"prevalence"	40	12
"k__Bacteria|p__Firmicutes|c__Clostridia|o__Eubacteriales|f__Eubacteriaceae|g__Eubacterium|s__Eubacterium_ramulus|t__SGB4959"	"timepoint"	"2_weeks"	"timepoint2_weeks"	0.657224395888701	0	1.47501026166044	0.655905889684789	1	0.334777918186631	0.999999637404425	"<4 average observations per random effect group often inflates coefficients and deflates p-values: consider setting small_random_effects=TRUE and see tutorial"	"prevalence"	40	24
"k__Bacteria|p__Firmicutes|c__Clostridia|o__Eubacteriales|f__Eubacteriaceae|g__Eubacterium|s__Eubacterium_ramulus|t__SGB4959"	"timepoint"	"6_months"	"timepoint6_months"	-3.01509586210846	0	2.00979121600747	0.133561691047771	1	0.249284656780001	0.999999637404425	"<4 average observations per random effect group often inflates coefficients and deflates p-values: consider setting small_random_effects=TRUE and see tutorial"	"prevalence"	40	24
"k__Bacteria|p__Firmicutes|c__Clostridia|o__Eubacteriales|f__Eubacteriaceae|g__Eubacterium|s__Eubacterium_ramulus|t__SGB4959"	"turmeric_group"	"Treatment"	"turmeric_groupTreatment"	-1.65937951794594	0	2.75397113748626	0.546814323031933	1	0.794622742190995	0.999999637404425	"<4 average observations per random effect group often inflates coefficients and deflates p-values: consider setting small_random_effects=TRUE and see tutorial"	"prevalence"	40	24
"k__Bacteria|p__Firmicutes|c__Clostridia|o__Eubacteriales|f__Eubacteriaceae|g__Eubacterium|s__Eubacterium_ventriosum|t__SGB5045"	"timepoint"	"2_weeks"	"timepoint2_weeks"	1.74613569021821	0	0.932171598250749	0.0610419788594437	1	0.0610419788594437	0.999999637404425	"<4 average observations per random effect group often inflates coefficients and deflates p-values: consider setting small_random_effects=TRUE and see tutorial"	"prevalence"	40	9
"k__Bacteria|p__Firmicutes|c__Clostridia|o__Eubacteriales|f__Eubacteriaceae|g__Eubacterium|s__Eubacterium_ventriosum|t__SGB5045"	"timepoint"	"6_months"	"timepoint6_months"	-0.135063699916894	0	1.20947452342594	0.911083965721454	1	0.911083965721454	0.999999637404425	"<4 average observations per random effect group often inflates coefficients and deflates p-values: consider setting small_random_effects=TRUE and see tutorial"	"prevalence"	40	9
"k__Bacteria|p__Firmicutes|c__Clostridia|o__Eubacteriales|f__Eubacteriaceae|g__Eubacterium|s__Eubacterium_ventriosum|t__SGB5045"	"turmeric_group"	"Treatment"	"turmeric_groupTreatment"	-0.876078804322334	0	0.829522748671428	0.290911610416378	1	0.290911610416378	0.999999637404425	"<4 average observations per random effect group often inflates coefficients and deflates p-values: consider setting small_random_effects=TRUE and see tutorial"	"prevalence"	40	9
"k__Bacteria|p__Firmicutes|c__Clostridia|o__Eubacteriales|f__Eubacteriaceae|g__GGB3277|s__GGB3277_SGB4327|t__SGB4327"	"timepoint"	"2_weeks"	"timepoint2_weeks"	-0.848039324324787	0	1.87821035966168	0.651618733555845	1	0.651618733555845	0.999999637404425	"<4 average observations per random effect group often inflates coefficients and deflates p-values: consider setting small_random_effects=TRUE and see tutorial"	"prevalence"	40	5
"k__Bacteria|p__Firmicutes|c__Clostridia|o__Eubacteriales|f__Eubacteriaceae|g__GGB3277|s__GGB3277_SGB4327|t__SGB4327"	"timepoint"	"6_months"	"timepoint6_months"	0.807716852394776	0	1.6325518577603	0.620771490818118	1	0.620771490818118	0.999999637404425	"<4 average observations per random effect group often inflates coefficients and deflates p-values: consider setting small_random_effects=TRUE and see tutorial"	"prevalence"	40	5
"k__Bacteria|p__Firmicutes|c__Clostridia|o__Eubacteriales|f__Eubacteriaceae|g__GGB3277|s__GGB3277_SGB4327|t__SGB4327"	"turmeric_group"	"Treatment"	"turmeric_groupTreatment"	1.05731849106414	0	2.22160778266273	0.634127872661651	1	0.634127872661651	0.999999637404425	"<4 average observations per random effect group often inflates coefficients and deflates p-values: consider setting small_random_effects=TRUE and see tutorial"	"prevalence"	40	5
"k__Bacteria|p__Firmicutes|c__Clostridia|o__Eubacteriales|f__Eubacteriales_unclassified|g__Evtepia|s__Evtepia_gabavorous|t__SGB15120"	"timepoint"	"2_weeks"	"timepoint2_weeks"	-1.15023944470101	0	1.38008586214494	0.404588174010801	1	0.520740347563121	0.999999637404425	"<4 average observations per random effect group often inflates coefficients and deflates p-values: consider setting small_random_effects=TRUE and see tutorial"	"prevalence"	40	22
"k__Bacteria|p__Firmicutes|c__Clostridia|o__Eubacteriales|f__Eubacteriales_unclassified|g__Evtepia|s__Evtepia_gabavorous|t__SGB15120"	"timepoint"	"6_months"	"timepoint6_months"	0.605719638261661	0	1.53179754063183	0.692525121268776	1	0.0512173112675989	0.999999637404425	"<4 average observations per random effect group often inflates coefficients and deflates p-values: consider setting small_random_effects=TRUE and see tutorial"	"prevalence"	40	22
"k__Bacteria|p__Firmicutes|c__Clostridia|o__Eubacteriales|f__Eubacteriales_unclassified|g__Evtepia|s__Evtepia_gabavorous|t__SGB15120"	"turmeric_group"	"Treatment"	"turmeric_groupTreatment"	1.62257549541672	0	2.14152848947469	0.448647554936218	1	0.696010481322189	0.999999637404425	"<4 average observations per random effect group often inflates coefficients and deflates p-values: consider setting small_random_effects=TRUE and see tutorial"	"prevalence"	40	22
"k__Bacteria|p__Firmicutes|c__Clostridia|o__Eubacteriales|f__Lachnospiraceae|g__Anaerobutyricum|s__Anaerobutyricum_hallii|t__SGB4532"	"timepoint"	"2_weeks"	"timepoint2_weeks"	0.241256755398447	0	0.904629055203098	0.789706804766465	1	0.95577677203847	0.999999637404425	"<4 average observations per random effect group often inflates coefficients and deflates p-values: consider setting small_random_effects=TRUE and see tutorial"	"prevalence"	40	31
"k__Bacteria|p__Firmicutes|c__Clostridia|o__Eubacteriales|f__Lachnospiraceae|g__Anaerobutyricum|s__Anaerobutyricum_hallii|t__SGB4532"	"timepoint"	"6_months"	"timepoint6_months"	0.666293098404043	0	1.00897473329231	0.509018674039219	1	0.758937337557793	0.999999637404425	"<4 average observations per random effect group often inflates coefficients and deflates p-values: consider setting small_random_effects=TRUE and see tutorial"	"prevalence"	40	31
"k__Bacteria|p__Firmicutes|c__Clostridia|o__Eubacteriales|f__Lachnospiraceae|g__Anaerobutyricum|s__Anaerobutyricum_hallii|t__SGB4532"	"turmeric_group"	"Treatment"	"turmeric_groupTreatment"	-1.16711082310413	0	0.9000803688183	0.194743374750891	1	0.351561767492416	0.999999637404425	"<4 average observations per random effect group often inflates coefficients and deflates p-values: consider setting small_random_effects=TRUE and see tutorial"	"prevalence"	40	31
"k__Bacteria|p__Firmicutes|c__Clostridia|o__Eubacteriales|f__Lachnospiraceae|g__Anaerobutyricum|s__Anaerobutyricum_soehngenii|t__SGB4537"	"timepoint"	"2_weeks"	"timepoint2_weeks"	1.09841957327606	0	1.10269201734212	0.319189199530534	1	0.536496653964125	0.999999637404425	"<4 average observations per random effect group often inflates coefficients and deflates p-values: consider setting small_random_effects=TRUE and see tutorial"	"prevalence"	40	15
"k__Bacteria|p__Firmicutes|c__Clostridia|o__Eubacteriales|f__Lachnospiraceae|g__Anaerobutyricum|s__Anaerobutyricum_soehngenii|t__SGB4537"	"timepoint"	"6_months"	"timepoint6_months"	-1.65918171063631	0	1.28645520250631	0.19714392224173	1	0.355422118406607	0.999999637404425	"<4 average observations per random effect group often inflates coefficients and deflates p-values: consider setting small_random_effects=TRUE and see tutorial"	"prevalence"	40	15
"k__Bacteria|p__Firmicutes|c__Clostridia|o__Eubacteriales|f__Lachnospiraceae|g__Anaerobutyricum|s__Anaerobutyricum_soehngenii|t__SGB4537"	"turmeric_group"	"Treatment"	"turmeric_groupTreatment"	1.3673847375196	0	1.26033152494231	0.277948000892167	1	0.32390316735323	0.999999637404425	"<4 average observations per random effect group often inflates coefficients and deflates p-values: consider setting small_random_effects=TRUE and see tutorial"	"prevalence"	40	15
"k__Bacteria|p__Firmicutes|c__Clostridia|o__Eubacteriales|f__Lachnospiraceae|g__Anaerostipes|s__Anaerostipes_hadrus|t__SGB4547"	"timepoint"	"2_weeks"	"timepoint2_weeks"	-0.173265418772506	0	1.52082532162779	0.909294435851044	1	0.803672711008508	0.999999637404425	"<4 average observations per random effect group often inflates coefficients and deflates p-values: consider setting small_random_effects=TRUE and see tutorial"	"prevalence"	40	5
"k__Bacteria|p__Firmicutes|c__Clostridia|o__Eubacteriales|f__Lachnospiraceae|g__Anaerostipes|s__Anaerostipes_hadrus|t__SGB4547"	"timepoint"	"6_months"	"timepoint6_months"	-13.3606614845552	0	89.6668894329712	0.881551037299451	1	0.881551037299451	0.999999637404425	"<4 average observations per random effect group often inflates coefficients and deflates p-values: consider setting small_random_effects=TRUE and see tutorial"	"prevalence"	40	5
"k__Bacteria|p__Firmicutes|c__Clostridia|o__Eubacteriales|f__Lachnospiraceae|g__Anaerostipes|s__Anaerostipes_hadrus|t__SGB4547"	"turmeric_group"	"Treatment"	"turmeric_groupTreatment"	-1.79002471127162	0	2.45036342876216	0.465076078156605	1	0.713856397839681	0.999999637404425	"<4 average observations per random effect group often inflates coefficients and deflates p-values: consider setting small_random_effects=TRUE and see tutorial"	"prevalence"	40	5
"k__Bacteria|p__Firmicutes|c__Clostridia|o__Eubacteriales|f__Lachnospiraceae|g__Anaerotignum|s__Anaerotignum_faecicola|t__SGB5190"	"timepoint"	"2_weeks"	"timepoint2_weeks"	1.96040546204094	0	1.12048534378603	0.0801866963814875	1	0.153943486486398	0.999999637404425	"<4 average observations per random effect group often inflates coefficients and deflates p-values: consider setting small_random_effects=TRUE and see tutorial"	"prevalence"	40	15
"k__Bacteria|p__Firmicutes|c__Clostridia|o__Eubacteriales|f__Lachnospiraceae|g__Anaerotignum|s__Anaerotignum_faecicola|t__SGB5190"	"timepoint"	"6_months"	"timepoint6_months"	0.962932815346144	0	1.11979223519655	0.389832613000443	1	0.171081970956494	0.999999637404425	"<4 average observations per random effect group often inflates coefficients and deflates p-values: consider setting small_random_effects=TRUE and see tutorial"	"prevalence"	40	15
"k__Bacteria|p__Firmicutes|c__Clostridia|o__Eubacteriales|f__Lachnospiraceae|g__Anaerotignum|s__Anaerotignum_faecicola|t__SGB5190"	"turmeric_group"	"Treatment"	"turmeric_groupTreatment"	-1.31185676528018	0	1.19529472642996	0.27241527692276	1	0.470620470744616	0.999999637404425	"<4 average observations per random effect group often inflates coefficients and deflates p-values: consider setting small_random_effects=TRUE and see tutorial"	"prevalence"	40	15
"k__Bacteria|p__Firmicutes|c__Clostridia|o__Eubacteriales|f__Lachnospiraceae|g__Blautia|s__Blautia_faecicola|t__SGB4867"	"timepoint"	"2_weeks"	"timepoint2_weeks"	0.221377614994623	0	1.93718277722227	0.909017322838789	1	0.909017322838789	0.999999637404425	"<4 average observations per random effect group often inflates coefficients and deflates p-values: consider setting small_random_effects=TRUE and see tutorial"	"prevalence"	40	6
"k__Bacteria|p__Firmicutes|c__Clostridia|o__Eubacteriales|f__Lachnospiraceae|g__Blautia|s__Blautia_faecicola|t__SGB4867"	"timepoint"	"6_months"	"timepoint6_months"	0.420549772668323	0	2.03748669621854	0.836473671850424	1	0.836473671850424	0.999999637404425	"<4 average observations per random effect group often inflates coefficients and deflates p-values: consider setting small_random_effects=TRUE and see tutorial"	"prevalence"	40	6
"k__Bacteria|p__Firmicutes|c__Clostridia|o__Eubacteriales|f__Lachnospiraceae|g__Blautia|s__Blautia_faecicola|t__SGB4867"	"turmeric_group"	"Treatment"	"turmeric_groupTreatment"	-1.04191369657173	0	2.79421719105255	0.709236162297391	1	0.709236162297391	0.999999637404425	"<4 average observations per random effect group often inflates coefficients and deflates p-values: consider setting small_random_effects=TRUE and see tutorial"	"prevalence"	40	6
"k__Bacteria|p__Firmicutes|c__Clostridia|o__Eubacteriales|f__Lachnospiraceae|g__Blautia|s__Blautia_faecis|t__SGB4820"	"timepoint"	"2_weeks"	"timepoint2_weeks"	1.20152564511077	0	1.11893319575173	0.282906248469505	1	0.485776551515921	0.999999637404425	"<4 average observations per random effect group often inflates coefficients and deflates p-values: consider setting small_random_effects=TRUE and see tutorial"	"prevalence"	40	29
"k__Bacteria|p__Firmicutes|c__Clostridia|o__Eubacteriales|f__Lachnospiraceae|g__Blautia|s__Blautia_faecis|t__SGB4820"	"timepoint"	"6_months"	"timepoint6_months"	-0.26243736407833	0	0.986615999388567	0.790241154085411	1	0.907534887741426	0.999999637404425	"<4 average observations per random effect group often inflates coefficients and deflates p-values: consider setting small_random_effects=TRUE and see tutorial"	"prevalence"	40	29
"k__Bacteria|p__Firmicutes|c__Clostridia|o__Eubacteriales|f__Lachnospiraceae|g__Blautia|s__Blautia_faecis|t__SGB4820"	"turmeric_group"	"Treatment"	"turmeric_groupTreatment"	0.262823814723411	0	1.06375820090029	0.804853267809029	1	0.45480604824632	0.999999637404425	"<4 average observations per random effect group often inflates coefficients and deflates p-values: consider setting small_random_effects=TRUE and see tutorial"	"prevalence"	40	29
"k__Bacteria|p__Firmicutes|c__Clostridia|o__Eubacteriales|f__Lachnospiraceae|g__Blautia|s__Blautia_glucerasea|t__SGB4804"	"timepoint"	"2_weeks"	"timepoint2_weeks"	-0.456618817739735	0	0.762201746139817	0.549120416590256	1	0.193569061295257	0.999999637404425	"<4 average observations per random effect group often inflates coefficients and deflates p-values: consider setting small_random_effects=TRUE and see tutorial"	"prevalence"	40	16
"k__Bacteria|p__Firmicutes|c__Clostridia|o__Eubacteriales|f__Lachnospiraceae|g__Blautia|s__Blautia_glucerasea|t__SGB4804"	"timepoint"	"6_months"	"timepoint6_months"	-0.954331961567745	0	0.854636596662081	0.264143000216755	1	0.458514475870001	0.999999637404425	"<4 average observations per random effect group often inflates coefficients and deflates p-values: consider setting small_random_effects=TRUE and see tutorial"	"prevalence"	40	16
"k__Bacteria|p__Firmicutes|c__Clostridia|o__Eubacteriales|f__Lachnospiraceae|g__Blautia|s__Blautia_glucerasea|t__SGB4804"	"turmeric_group"	"Treatment"	"turmeric_groupTreatment"	-0.119361699152011	0	0.678221958597285	0.860300157678196	1	0.469750923461371	0.999999637404425	"<4 average observations per random effect group often inflates coefficients and deflates p-values: consider setting small_random_effects=TRUE and see tutorial"	"prevalence"	40	16
"k__Bacteria|p__Firmicutes|c__Clostridia|o__Eubacteriales|f__Lachnospiraceae|g__Blautia|s__Blautia_glucerasea|t__SGB4816"	"timepoint"	"2_weeks"	"timepoint2_weeks"	2.3260774373896	0	1.62846335267771	0.153180224279699	1	0.282896267449018	0.999999637404425	"<4 average observations per random effect group often inflates coefficients and deflates p-values: consider setting small_random_effects=TRUE and see tutorial"	"prevalence"	40	17
"k__Bacteria|p__Firmicutes|c__Clostridia|o__Eubacteriales|f__Lachnospiraceae|g__Blautia|s__Blautia_glucerasea|t__SGB4816"	"timepoint"	"6_months"	"timepoint6_months"	-4.14627317225832	0	2.3747810489228	0.0808178696154072	1	0.155104211181641	0.999999637404425	"<4 average observations per random effect group often inflates coefficients and deflates p-values: consider setting small_random_effects=TRUE and see tutorial"	"prevalence"	40	17
"k__Bacteria|p__Firmicutes|c__Clostridia|o__Eubacteriales|f__Lachnospiraceae|g__Blautia|s__Blautia_glucerasea|t__SGB4816"	"turmeric_group"	"Treatment"	"turmeric_groupTreatment"	0.409808970051193	0	1.91048243482587	0.83015288651369	1	0.466590339018853	0.999999637404425	"<4 average observations per random effect group often inflates coefficients and deflates p-values: consider setting small_random_effects=TRUE and see tutorial"	"prevalence"	40	17
"k__Bacteria|p__Firmicutes|c__Clostridia|o__Eubacteriales|f__Lachnospiraceae|g__Blautia|s__Blautia_luti|t__SGB4832"	"timepoint"	"2_weeks"	"timepoint2_weeks"	1.01803188374167	0	1.5114356213382	0.500595590246708	1	0.053510938574239	0.999999637404425	"<4 average observations per random effect group often inflates coefficients and deflates p-values: consider setting small_random_effects=TRUE and see tutorial"	"prevalence"	40	10
"k__Bacteria|p__Firmicutes|c__Clostridia|o__Eubacteriales|f__Lachnospiraceae|g__Blautia|s__Blautia_luti|t__SGB4832"	"timepoint"	"6_months"	"timepoint6_months"	0.0510292222658365	0	1.77789069764824	0.977102169984493	1	0.774040592700949	0.999999637404425	"<4 average observations per random effect group often inflates coefficients and deflates p-values: consider setting small_random_effects=TRUE and see tutorial"	"prevalence"	40	10
"k__Bacteria|p__Firmicutes|c__Clostridia|o__Eubacteriales|f__Lachnospiraceae|g__Blautia|s__Blautia_luti|t__SGB4832"	"turmeric_group"	"Treatment"	"turmeric_groupTreatment"	-0.926811840454308	0	2.4120249016411	0.700795844510684	1	0.852521476534373	0.999999637404425	"<4 average observations per random effect group often inflates coefficients and deflates p-values: consider setting small_random_effects=TRUE and see tutorial"	"prevalence"	40	10
"k__Bacteria|p__Firmicutes|c__Clostridia|o__Eubacteriales|f__Lachnospiraceae|g__Blautia|s__Blautia_massiliensis|t__SGB4826"	"timepoint"	"2_weeks"	"timepoint2_weeks"	-0.388967248516771	0	2.2513188955396	0.862829815698136	1	0.624888751061617	0.999999637404425	"<4 average observations per random effect group often inflates coefficients and deflates p-values: consider setting small_random_effects=TRUE and see tutorial"	"prevalence"	40	36
"k__Bacteria|p__Firmicutes|c__Clostridia|o__Eubacteriales|f__Lachnospiraceae|g__Blautia|s__Blautia_massiliensis|t__SGB4826"	"timepoint"	"6_months"	"timepoint6_months"	-2.76761809822442	0	2.44210483696956	0.257091611797471	1	0.448087126738321	0.999999637404425	"<4 average observations per random effect group often inflates coefficients and deflates p-values: consider setting small_random_effects=TRUE and see tutorial"	"prevalence"	40	36
"k__Bacteria|p__Firmicutes|c__Clostridia|o__Eubacteriales|f__Lachnospiraceae|g__Blautia|s__Blautia_massiliensis|t__SGB4826"	"turmeric_group"	"Treatment"	"turmeric_groupTreatment"	2.7243440985863	0	2.77990436197228	0.327079402436011	1	0.547177869374124	0.999999637404425	"<4 average observations per random effect group often inflates coefficients and deflates p-values: consider setting small_random_effects=TRUE and see tutorial"	"prevalence"	40	36
"k__Bacteria|p__Firmicutes|c__Clostridia|o__Eubacteriales|f__Lachnospiraceae|g__Blautia|s__Blautia_obeum|t__SGB4809"	"timepoint"	"2_weeks"	"timepoint2_weeks"	0.287993117859695	0	0.955038923051614	0.762994226126661	1	0.9438282631507	0.999999637404425	"<4 average observations per random effect group often inflates coefficients and deflates p-values: consider setting small_random_effects=TRUE and see tutorial"	"prevalence"	40	12
"k__Bacteria|p__Firmicutes|c__Clostridia|o__Eubacteriales|f__Lachnospiraceae|g__Blautia|s__Blautia_obeum|t__SGB4809"	"timepoint"	"6_months"	"timepoint6_months"	-1.18976747083394	0	1.20136447720967	0.322004636860138	1	0.540322287560846	0.999999637404425	"<4 average observations per random effect group often inflates coefficients and deflates p-values: consider setting small_random_effects=TRUE and see tutorial"	"prevalence"	40	12
"k__Bacteria|p__Firmicutes|c__Clostridia|o__Eubacteriales|f__Lachnospiraceae|g__Blautia|s__Blautia_obeum|t__SGB4809"	"turmeric_group"	"Treatment"	"turmeric_groupTreatment"	0.792802850579627	0	1.18469960152624	0.503366895593978	1	0.753355559608037	0.999999637404425	"<4 average observations per random effect group often inflates coefficients and deflates p-values: consider setting small_random_effects=TRUE and see tutorial"	"prevalence"	40	12
"k__Bacteria|p__Firmicutes|c__Clostridia|o__Eubacteriales|f__Lachnospiraceae|g__Blautia|s__Blautia_obeum|t__SGB4810"	"timepoint"	"2_weeks"	"timepoint2_weeks"	0.446496893000868	0	1.39594686208636	0.74908025619367	1	0.527379643515136	0.999999637404425	"<4 average observations per random effect group often inflates coefficients and deflates p-values: consider setting small_random_effects=TRUE and see tutorial"	"prevalence"	40	9
"k__Bacteria|p__Firmicutes|c__Clostridia|o__Eubacteriales|f__Lachnospiraceae|g__Blautia|s__Blautia_obeum|t__SGB4810"	"timepoint"	"6_months"	"timepoint6_months"	0.554032424067452	0	1.4406909668744	0.700563277180811	1	0.910337649027304	0.999999637404425	"<4 average observations per random effect group often inflates coefficients and deflates p-values: consider setting small_random_effects=TRUE and see tutorial"	"prevalence"	40	9
"k__Bacteria|p__Firmicutes|c__Clostridia|o__Eubacteriales|f__Lachnospiraceae|g__Blautia|s__Blautia_obeum|t__SGB4810"	"turmeric_group"	"Treatment"	"turmeric_groupTreatment"	2.91386057325701	0	2.14062965064904	0.173445255901453	1	0.316807255008185	0.999999637404425	"<4 average observations per random effect group often inflates coefficients and deflates p-values: consider setting small_random_effects=TRUE and see tutorial"	"prevalence"	40	9
"k__Bacteria|p__Firmicutes|c__Clostridia|o__Eubacteriales|f__Lachnospiraceae|g__Blautia|s__Blautia_obeum|t__SGB4811"	"timepoint"	"2_weeks"	"timepoint2_weeks"	0.909494718818283	0	1.48357217164331	0.539847380157279	1	0.78825956645188	0.999999637404425	"<4 average observations per random effect group often inflates coefficients and deflates p-values: consider setting small_random_effects=TRUE and see tutorial"	"prevalence"	40	31
"k__Bacteria|p__Firmicutes|c__Clostridia|o__Eubacteriales|f__Lachnospiraceae|g__Blautia|s__Blautia_obeum|t__SGB4811"	"timepoint"	"6_months"	"timepoint6_months"	-1.05488719895505	0	1.33386082686558	0.429030056702871	1	0.0635398949412398	0.999999637404425	"<4 average observations per random effect group often inflates coefficients and deflates p-values: consider setting small_random_effects=TRUE and see tutorial"	"prevalence"	40	31
"k__Bacteria|p__Firmicutes|c__Clostridia|o__Eubacteriales|f__Lachnospiraceae|g__Blautia|s__Blautia_obeum|t__SGB4811"	"turmeric_group"	"Treatment"	"turmeric_groupTreatment"	-3.12941223987553	0	2.12299771955745	0.140467184419952	1	0.261203338941034	0.999999637404425	"<4 average observations per random effect group often inflates coefficients and deflates p-values: consider setting small_random_effects=TRUE and see tutorial"	"prevalence"	40	31
"k__Bacteria|p__Firmicutes|c__Clostridia|o__Eubacteriales|f__Lachnospiraceae|g__Blautia|s__Blautia_SGB101324|t__SGB101324"	"timepoint"	"2_weeks"	"timepoint2_weeks"	1.75738985368257	0	2.08091898821176	0.398375630911392	1	0.398375630911392	0.999999637404425	"<4 average observations per random effect group often inflates coefficients and deflates p-values: consider setting small_random_effects=TRUE and see tutorial"	"prevalence"	40	6
"k__Bacteria|p__Firmicutes|c__Clostridia|o__Eubacteriales|f__Lachnospiraceae|g__Blautia|s__Blautia_SGB101324|t__SGB101324"	"timepoint"	"6_months"	"timepoint6_months"	3.0251491149487	0	2.29741321742795	0.187918021150117	1	0.187918021150117	0.999999637404425	"<4 average observations per random effect group often inflates coefficients and deflates p-values: consider setting small_random_effects=TRUE and see tutorial"	"prevalence"	40	6
"k__Bacteria|p__Firmicutes|c__Clostridia|o__Eubacteriales|f__Lachnospiraceae|g__Blautia|s__Blautia_SGB101324|t__SGB101324"	"turmeric_group"	"Treatment"	"turmeric_groupTreatment"	14.3514101911494	0	367.83524575918	0.968877740019404	1	0.968877740019404	0.999999637404425	"<4 average observations per random effect group often inflates coefficients and deflates p-values: consider setting small_random_effects=TRUE and see tutorial"	"prevalence"	40	6
"k__Bacteria|p__Firmicutes|c__Clostridia|o__Eubacteriales|f__Lachnospiraceae|g__Blautia|s__Blautia_SGB4815|t__SGB4815"	"timepoint"	"2_weeks"	"timepoint2_weeks"	0.334128920524912	0	0.96819816636803	0.730016294712977	1	0.862431440362332	0.999999637404425	"<4 average observations per random effect group often inflates coefficients and deflates p-values: consider setting small_random_effects=TRUE and see tutorial"	"prevalence"	40	24
"k__Bacteria|p__Firmicutes|c__Clostridia|o__Eubacteriales|f__Lachnospiraceae|g__Blautia|s__Blautia_SGB4815|t__SGB4815"	"timepoint"	"6_months"	"timepoint6_months"	0.719562126456489	0	1.04803632600729	0.492346625901807	1	0.74228805176672	0.999999637404425	"<4 average observations per random effect group often inflates coefficients and deflates p-values: consider setting small_random_effects=TRUE and see tutorial"	"prevalence"	40	24
"k__Bacteria|p__Firmicutes|c__Clostridia|o__Eubacteriales|f__Lachnospiraceae|g__Blautia|s__Blautia_SGB4815|t__SGB4815"	"turmeric_group"	"Treatment"	"turmeric_groupTreatment"	-1.00410717392779	0	1.20960779567629	0.406476758851114	1	0.647730162216121	0.999999637404425	"<4 average observations per random effect group often inflates coefficients and deflates p-values: consider setting small_random_effects=TRUE and see tutorial"	"prevalence"	40	24
"k__Bacteria|p__Firmicutes|c__Clostridia|o__Eubacteriales|f__Lachnospiraceae|g__Blautia|s__Blautia_sp_Marseille_P3087|t__SGB4813"	"timepoint"	"2_weeks"	"timepoint2_weeks"	1.55928767974043	0	1.31510842850271	0.235751724331568	1	0.415924573137828	0.999999637404425	"<4 average observations per random effect group often inflates coefficients and deflates p-values: consider setting small_random_effects=TRUE and see tutorial"	"prevalence"	40	9
"k__Bacteria|p__Firmicutes|c__Clostridia|o__Eubacteriales|f__Lachnospiraceae|g__Blautia|s__Blautia_sp_Marseille_P3087|t__SGB4813"	"timepoint"	"6_months"	"timepoint6_months"	1.08461595261045	0	1.36342516707079	0.42631792071906	1	0.670888871911897	0.999999637404425	"<4 average observations per random effect group often inflates coefficients and deflates p-values: consider setting small_random_effects=TRUE and see tutorial"	"prevalence"	40	9
"k__Bacteria|p__Firmicutes|c__Clostridia|o__Eubacteriales|f__Lachnospiraceae|g__Blautia|s__Blautia_sp_Marseille_P3087|t__SGB4813"	"turmeric_group"	"Treatment"	"turmeric_groupTreatment"	2.59816841697546	0	1.77740622487757	0.143802810312666	1	0.266926372371511	0.999999637404425	"<4 average observations per random effect group often inflates coefficients and deflates p-values: consider setting small_random_effects=TRUE and see tutorial"	"prevalence"	40	9
"k__Bacteria|p__Firmicutes|c__Clostridia|o__Eubacteriales|f__Lachnospiraceae|g__Blautia|s__Blautia_sp_MSK_20_85|t__SGB4828"	"timepoint"	"2_weeks"	"timepoint2_weeks"	0.495018129895177	0	1.53053723305313	0.746371357836567	1	0.696310165921129	0.999999637404425	"<4 average observations per random effect group often inflates coefficients and deflates p-values: consider setting small_random_effects=TRUE and see tutorial"	"prevalence"	40	24
"k__Bacteria|p__Firmicutes|c__Clostridia|o__Eubacteriales|f__Lachnospiraceae|g__Blautia|s__Blautia_sp_MSK_20_85|t__SGB4828"	"timepoint"	"6_months"	"timepoint6_months"	0.691008037911342	0	1.6893898043276	0.68251898057922	1	0.787112735535511	0.999999637404425	"<4 average observations per random effect group often inflates coefficients and deflates p-values: consider setting small_random_effects=TRUE and see tutorial"	"prevalence"	40	24
"k__Bacteria|p__Firmicutes|c__Clostridia|o__Eubacteriales|f__Lachnospiraceae|g__Blautia|s__Blautia_sp_MSK_20_85|t__SGB4828"	"turmeric_group"	"Treatment"	"turmeric_groupTreatment"	-2.16661824079206	0	2.54242551480474	0.39411112522813	1	0.13723568627011	0.999999637404425	"<4 average observations per random effect group often inflates coefficients and deflates p-values: consider setting small_random_effects=TRUE and see tutorial"	"prevalence"	40	24
"k__Bacteria|p__Firmicutes|c__Clostridia|o__Eubacteriales|f__Lachnospiraceae|g__Coprococcus|s__Coprococcus_catus|t__SGB4670"	"timepoint"	"2_weeks"	"timepoint2_weeks"	-1.12657197814938	0	1.22439980534093	0.35751977151746	1	0.240076504814922	0.999999637404425	"<4 average observations per random effect group often inflates coefficients and deflates p-values: consider setting small_random_effects=TRUE and see tutorial"	"prevalence"	40	24
"k__Bacteria|p__Firmicutes|c__Clostridia|o__Eubacteriales|f__Lachnospiraceae|g__Coprococcus|s__Coprococcus_catus|t__SGB4670"	"timepoint"	"6_months"	"timepoint6_months"	-0.593277987439483	0	1.26495543157537	0.639061787223434	1	0.869723606557658	0.999999637404425	"<4 average observations per random effect group often inflates coefficients and deflates p-values: consider setting small_random_effects=TRUE and see tutorial"	"prevalence"	40	24
"k__Bacteria|p__Firmicutes|c__Clostridia|o__Eubacteriales|f__Lachnospiraceae|g__Coprococcus|s__Coprococcus_catus|t__SGB4670"	"turmeric_group"	"Treatment"	"turmeric_groupTreatment"	-0.184762425573243	0	1.84017978583523	0.920023156671155	1	0.122007871269093	0.999999637404425	"<4 average observations per random effect group often inflates coefficients and deflates p-values: consider setting small_random_effects=TRUE and see tutorial"	"prevalence"	40	24
"k__Bacteria|p__Firmicutes|c__Clostridia|o__Eubacteriales|f__Lachnospiraceae|g__Coprococcus|s__Coprococcus_comes|t__SGB4577"	"timepoint"	"2_weeks"	"timepoint2_weeks"	0.341253178383756	0	415.584024869894	0.999344824161988	1	0.996004274729069	0.999999637404425	"<4 average observations per random effect group often inflates coefficients and deflates p-values: consider setting small_random_effects=TRUE and see tutorial"	"prevalence"	40	38
"k__Bacteria|p__Firmicutes|c__Clostridia|o__Eubacteriales|f__Lachnospiraceae|g__Coprococcus|s__Coprococcus_comes|t__SGB4577"	"timepoint"	"6_months"	"timepoint6_months"	-12.1262758119372	0	266.655391167734	0.96372833702115	1	0.990602824253439	0.999999637404425	"<4 average observations per random effect group often inflates coefficients and deflates p-values: consider setting small_random_effects=TRUE and see tutorial"	"prevalence"	40	38
"k__Bacteria|p__Firmicutes|c__Clostridia|o__Eubacteriales|f__Lachnospiraceae|g__Coprococcus|s__Coprococcus_comes|t__SGB4577"	"turmeric_group"	"Treatment"	"turmeric_groupTreatment"	-9.84412565065237	0	137.68909476296	0.943003550514176	1	0.905290892570876	0.999999637404425	"<4 average observations per random effect group often inflates coefficients and deflates p-values: consider setting small_random_effects=TRUE and see tutorial"	"prevalence"	40	38
"k__Bacteria|p__Firmicutes|c__Clostridia|o__Eubacteriales|f__Lachnospiraceae|g__Coprococcus|s__Coprococcus_eutactus|t__SGB5117"	"timepoint"	"2_weeks"	"timepoint2_weeks"	0.236293140147369	0	1.45693705455903	0.871160277638824	1	0.983400325941895	0.999999637404425	"<4 average observations per random effect group often inflates coefficients and deflates p-values: consider setting small_random_effects=TRUE and see tutorial"	"prevalence"	40	15
"k__Bacteria|p__Firmicutes|c__Clostridia|o__Eubacteriales|f__Lachnospiraceae|g__Coprococcus|s__Coprococcus_eutactus|t__SGB5117"	"timepoint"	"6_months"	"timepoint6_months"	1.15225118768207	0	1.5969365188588	0.470578259258592	1	0.719712620430337	0.999999637404425	"<4 average observations per random effect group often inflates coefficients and deflates p-values: consider setting small_random_effects=TRUE and see tutorial"	"prevalence"	40	15
"k__Bacteria|p__Firmicutes|c__Clostridia|o__Eubacteriales|f__Lachnospiraceae|g__Coprococcus|s__Coprococcus_eutactus|t__SGB5117"	"turmeric_group"	"Treatment"	"turmeric_groupTreatment"	-2.57436975581528	0	2.40392191433221	0.28421256682085	1	0.487648350502804	0.999999637404425	"<4 average observations per random effect group often inflates coefficients and deflates p-values: consider setting small_random_effects=TRUE and see tutorial"	"prevalence"	40	15
"k__Bacteria|p__Firmicutes|c__Clostridia|o__Eubacteriales|f__Lachnospiraceae|g__Dorea|s__Dorea_formicigenerans|t__SGB4575"	"timepoint"	"2_weeks"	"timepoint2_weeks"	2.32822357916826e-14	0	1.27224349425707	0.999999999999985	1	0.833575001288765	0.999999637404425	"<4 average observations per random effect group often inflates coefficients and deflates p-values: consider setting small_random_effects=TRUE and see tutorial"	"prevalence"	40	37
"k__Bacteria|p__Firmicutes|c__Clostridia|o__Eubacteriales|f__Lachnospiraceae|g__Dorea|s__Dorea_formicigenerans|t__SGB4575"	"timepoint"	"6_months"	"timepoint6_months"	1.37929310409607e-14	0	1.2998872033026	0.999999999999992	1	0.813635914921852	0.999999637404425	"<4 average observations per random effect group often inflates coefficients and deflates p-values: consider setting small_random_effects=TRUE and see tutorial"	"prevalence"	40	37
"k__Bacteria|p__Firmicutes|c__Clostridia|o__Eubacteriales|f__Lachnospiraceae|g__Dorea|s__Dorea_formicigenerans|t__SGB4575"	"turmeric_group"	"Treatment"	"turmeric_groupTreatment"	-1.59471835031436	0	1.49083341895459	0.284762266692259	1	0.488434984852805	0.999999637404425	"<4 average observations per random effect group often inflates coefficients and deflates p-values: consider setting small_random_effects=TRUE and see tutorial"	"prevalence"	40	37
"k__Bacteria|p__Firmicutes|c__Clostridia|o__Eubacteriales|f__Lachnospiraceae|g__Dorea|s__Dorea_longicatena|t__SGB4581"	"timepoint"	"2_weeks"	"timepoint2_weeks"	-0.392508969359751	0	1.49340005052104	0.792682316554804	1	0.947215436875449	0.999999637404425	"<4 average observations per random effect group often inflates coefficients and deflates p-values: consider setting small_random_effects=TRUE and see tutorial"	"prevalence"	40	35
"k__Bacteria|p__Firmicutes|c__Clostridia|o__Eubacteriales|f__Lachnospiraceae|g__Dorea|s__Dorea_longicatena|t__SGB4581"	"timepoint"	"6_months"	"timepoint6_months"	-2.19371465431997	0	1.34236702903238	0.102213976715847	1	0.129036863435922	0.999999637404425	"<4 average observations per random effect group often inflates coefficients and deflates p-values: consider setting small_random_effects=TRUE and see tutorial"	"prevalence"	40	35
"k__Bacteria|p__Firmicutes|c__Clostridia|o__Eubacteriales|f__Lachnospiraceae|g__Dorea|s__Dorea_longicatena|t__SGB4581"	"turmeric_group"	"Treatment"	"turmeric_groupTreatment"	1.45760718638573	0	1.10968827997478	0.189004922517236	1	0.342286984298726	0.999999637404425	"<4 average observations per random effect group often inflates coefficients and deflates p-values: consider setting small_random_effects=TRUE and see tutorial"	"prevalence"	40	35
"k__Bacteria|p__Firmicutes|c__Clostridia|o__Eubacteriales|f__Lachnospiraceae|g__Dorea|s__Dorea_longicatena|t__SGB4582"	"timepoint"	"2_weeks"	"timepoint2_weeks"	-0.272783184917875	0	1.44887967505271	0.850663590099575	1	0.968935589124723	0.999999637404425	"<4 average observations per random effect group often inflates coefficients and deflates p-values: consider setting small_random_effects=TRUE and see tutorial"	"prevalence"	40	17
"k__Bacteria|p__Firmicutes|c__Clostridia|o__Eubacteriales|f__Lachnospiraceae|g__Dorea|s__Dorea_longicatena|t__SGB4582"	"timepoint"	"6_months"	"timepoint6_months"	0.949583292995259	0	1.59354320518729	0.551245849619237	1	0.798619712516039	0.999999637404425	"<4 average observations per random effect group often inflates coefficients and deflates p-values: consider setting small_random_effects=TRUE and see tutorial"	"prevalence"	40	17
"k__Bacteria|p__Firmicutes|c__Clostridia|o__Eubacteriales|f__Lachnospiraceae|g__Dorea|s__Dorea_longicatena|t__SGB4582"	"turmeric_group"	"Treatment"	"turmeric_groupTreatment"	-0.828293333315979	0	2.36568869114142	0.726242802191676	1	0.925056996648134	0.999999637404425	"<4 average observations per random effect group often inflates coefficients and deflates p-values: consider setting small_random_effects=TRUE and see tutorial"	"prevalence"	40	17
"k__Bacteria|p__Firmicutes|c__Clostridia|o__Eubacteriales|f__Lachnospiraceae|g__Dorea|s__Dorea_sp_AF24_7LB|t__SGB4571"	"timepoint"	"2_weeks"	"timepoint2_weeks"	0.592877652970021	0	0.919817515982757	0.519212310719163	1	0.469240413202144	0.999999637404425	"<4 average observations per random effect group often inflates coefficients and deflates p-values: consider setting small_random_effects=TRUE and see tutorial"	"prevalence"	40	20
"k__Bacteria|p__Firmicutes|c__Clostridia|o__Eubacteriales|f__Lachnospiraceae|g__Dorea|s__Dorea_sp_AF24_7LB|t__SGB4571"	"timepoint"	"6_months"	"timepoint6_months"	0.571569528031351	0	0.978379931479913	0.55908578074715	1	0.731971456054952	0.999999637404425	"<4 average observations per random effect group often inflates coefficients and deflates p-values: consider setting small_random_effects=TRUE and see tutorial"	"prevalence"	40	20
"k__Bacteria|p__Firmicutes|c__Clostridia|o__Eubacteriales|f__Lachnospiraceae|g__Dorea|s__Dorea_sp_AF24_7LB|t__SGB4571"	"turmeric_group"	"Treatment"	"turmeric_groupTreatment"	-0.547072456325492	0	1.05010356629644	0.602387669279263	1	0.841904434458823	0.999999637404425	"<4 average observations per random effect group often inflates coefficients and deflates p-values: consider setting small_random_effects=TRUE and see tutorial"	"prevalence"	40	20
"k__Bacteria|p__Firmicutes|c__Clostridia|o__Eubacteriales|f__Lachnospiraceae|g__Dorea|s__Dorea_sp_AF36_15AT|t__SGB4552"	"timepoint"	"2_weeks"	"timepoint2_weeks"	2.16507028948469	0	1.27466515115583	0.089405809392452	1	0.170818220031785	0.999999637404425	"<4 average observations per random effect group often inflates coefficients and deflates p-values: consider setting small_random_effects=TRUE and see tutorial"	"prevalence"	40	27
"k__Bacteria|p__Firmicutes|c__Clostridia|o__Eubacteriales|f__Lachnospiraceae|g__Dorea|s__Dorea_sp_AF36_15AT|t__SGB4552"	"timepoint"	"6_months"	"timepoint6_months"	0.518793005547109	0	1.06118811809515	0.624927083978149	1	0.531300208846198	0.999999637404425	"<4 average observations per random effect group often inflates coefficients and deflates p-values: consider setting small_random_effects=TRUE and see tutorial"	"prevalence"	40	27
"k__Bacteria|p__Firmicutes|c__Clostridia|o__Eubacteriales|f__Lachnospiraceae|g__Dorea|s__Dorea_sp_AF36_15AT|t__SGB4552"	"turmeric_group"	"Treatment"	"turmeric_groupTreatment"	-0.837139110851647	0	1.25588421893802	0.505044615284366	1	0.755019167140999	0.999999637404425	"<4 average observations per random effect group often inflates coefficients and deflates p-values: consider setting small_random_effects=TRUE and see tutorial"	"prevalence"	40	27
"k__Bacteria|p__Firmicutes|c__Clostridia|o__Eubacteriales|f__Lachnospiraceae|g__Faecalicatena|s__Faecalicatena_fissicatena|t__SGB4871"	"timepoint"	"2_weeks"	"timepoint2_weeks"	-0.349712940818648	0	1.26829379907751	0.78275164142008	1	0.95280315069433	0.999999637404425	"<4 average observations per random effect group often inflates coefficients and deflates p-values: consider setting small_random_effects=TRUE and see tutorial"	"prevalence"	40	30
"k__Bacteria|p__Firmicutes|c__Clostridia|o__Eubacteriales|f__Lachnospiraceae|g__Faecalicatena|s__Faecalicatena_fissicatena|t__SGB4871"	"timepoint"	"6_months"	"timepoint6_months"	-1.40690682979168	0	1.32438836374908	0.288096406060418	1	0.493193272935907	0.999999637404425	"<4 average observations per random effect group often inflates coefficients and deflates p-values: consider setting small_random_effects=TRUE and see tutorial"	"prevalence"	40	30
"k__Bacteria|p__Firmicutes|c__Clostridia|o__Eubacteriales|f__Lachnospiraceae|g__Faecalicatena|s__Faecalicatena_fissicatena|t__SGB4871"	"turmeric_group"	"Treatment"	"turmeric_groupTreatment"	0.543215077979144	0	1.72445816714496	0.752756918382824	1	0.372495073934513	0.999999637404425	"<4 average observations per random effect group often inflates coefficients and deflates p-values: consider setting small_random_effects=TRUE and see tutorial"	"prevalence"	40	30
"k__Bacteria|p__Firmicutes|c__Clostridia|o__Eubacteriales|f__Lachnospiraceae|g__Fusicatenibacter|s__Fusicatenibacter_saccharivorans|t__SGB4874"	"timepoint"	"2_weeks"	"timepoint2_weeks"	-0.241485703140886	0	1.4526532733875	0.867969911342666	1	0.951539498621714	0.999999637404425	"<4 average observations per random effect group often inflates coefficients and deflates p-values: consider setting small_random_effects=TRUE and see tutorial"	"prevalence"	40	34
"k__Bacteria|p__Firmicutes|c__Clostridia|o__Eubacteriales|f__Lachnospiraceae|g__Fusicatenibacter|s__Fusicatenibacter_saccharivorans|t__SGB4874"	"timepoint"	"6_months"	"timepoint6_months"	-0.406761228714265	0	1.51384234389466	0.788164725056626	1	0.955125816289665	0.999999637404425	"<4 average observations per random effect group often inflates coefficients and deflates p-values: consider setting small_random_effects=TRUE and see tutorial"	"prevalence"	40	34
"k__Bacteria|p__Firmicutes|c__Clostridia|o__Eubacteriales|f__Lachnospiraceae|g__Fusicatenibacter|s__Fusicatenibacter_saccharivorans|t__SGB4874"	"turmeric_group"	"Treatment"	"turmeric_groupTreatment"	0.12917332723714	0	2.01992120836435	0.949010289419586	1	0.78279009269265	0.999999637404425	"<4 average observations per random effect group often inflates coefficients and deflates p-values: consider setting small_random_effects=TRUE and see tutorial"	"prevalence"	40	34
"k__Bacteria|p__Firmicutes|c__Clostridia|o__Eubacteriales|f__Lachnospiraceae|g__GGB3653|s__GGB3653_SGB4964|t__SGB4964"	"timepoint"	"2_weeks"	"timepoint2_weeks"	2.02862035831323	0	2.27063551338718	0.371634847567859	1	0.371634847567859	0.999999637404425	"<4 average observations per random effect group often inflates coefficients and deflates p-values: consider setting small_random_effects=TRUE and see tutorial"	"prevalence"	40	5
"k__Bacteria|p__Firmicutes|c__Clostridia|o__Eubacteriales|f__Lachnospiraceae|g__GGB3653|s__GGB3653_SGB4964|t__SGB4964"	"timepoint"	"6_months"	"timepoint6_months"	2.02889202569331	0	2.27070812247823	0.371586096846854	1	0.371586096846854	0.999999637404425	"<4 average observations per random effect group often inflates coefficients and deflates p-values: consider setting small_random_effects=TRUE and see tutorial"	"prevalence"	40	5
"k__Bacteria|p__Firmicutes|c__Clostridia|o__Eubacteriales|f__Lachnospiraceae|g__GGB3653|s__GGB3653_SGB4964|t__SGB4964"	"turmeric_group"	"Treatment"	"turmeric_groupTreatment"	14.4098583642148	0	516.049767116548	0.977723254031191	1	0.977723254031191	0.999999637404425	"<4 average observations per random effect group often inflates coefficients and deflates p-values: consider setting small_random_effects=TRUE and see tutorial"	"prevalence"	40	5
"k__Bacteria|p__Firmicutes|c__Clostridia|o__Eubacteriales|f__Lachnospiraceae|g__Lachnospira|s__Lachnospira_eligens|t__SGB5082"	"timepoint"	"2_weeks"	"timepoint2_weeks"	-1.30196774024534	0	0.947836239357643	0.169559381408803	1	0.31036837899387	0.999999637404425	"<4 average observations per random effect group often inflates coefficients and deflates p-values: consider setting small_random_effects=TRUE and see tutorial"	"prevalence"	40	9
"k__Bacteria|p__Firmicutes|c__Clostridia|o__Eubacteriales|f__Lachnospiraceae|g__Lachnospira|s__Lachnospira_eligens|t__SGB5082"	"timepoint"	"6_months"	"timepoint6_months"	-1.97772606125762	0	1.20054418657709	0.0994844843390767	1	0.00755446303313897	0.700810139007202	"<4 average observations per random effect group often inflates coefficients and deflates p-values: consider setting small_random_effects=TRUE and see tutorial"	"prevalence"	40	9
"k__Bacteria|p__Firmicutes|c__Clostridia|o__Eubacteriales|f__Lachnospiraceae|g__Lachnospira|s__Lachnospira_eligens|t__SGB5082"	"turmeric_group"	"Treatment"	"turmeric_groupTreatment"	0.719165162131927	0	0.857662971588712	0.40174028614168	1	0.642085314774161	0.999999637404425	"<4 average observations per random effect group often inflates coefficients and deflates p-values: consider setting small_random_effects=TRUE and see tutorial"	"prevalence"	40	9
"k__Bacteria|p__Firmicutes|c__Clostridia|o__Eubacteriales|f__Lachnospiraceae|g__Lachnospira|s__Lachnospira_pectinoschiza|t__SGB5075"	"timepoint"	"2_weeks"	"timepoint2_weeks"	0.917992782042435	0	1.29987504117361	0.480053711776461	1	0.480053711776461	0.999999637404425	"<4 average observations per random effect group often inflates coefficients and deflates p-values: consider setting small_random_effects=TRUE and see tutorial"	"prevalence"	40	5
"k__Bacteria|p__Firmicutes|c__Clostridia|o__Eubacteriales|f__Lachnospiraceae|g__Lachnospira|s__Lachnospira_pectinoschiza|t__SGB5075"	"timepoint"	"6_months"	"timepoint6_months"	1.02829890678967	0	1.31537038161839	0.434357886216809	1	0.434357886216809	0.999999637404425	"<4 average observations per random effect group often inflates coefficients and deflates p-values: consider setting small_random_effects=TRUE and see tutorial"	"prevalence"	40	5
"k__Bacteria|p__Firmicutes|c__Clostridia|o__Eubacteriales|f__Lachnospiraceae|g__Lachnospira|s__Lachnospira_pectinoschiza|t__SGB5075"	"turmeric_group"	"Treatment"	"turmeric_groupTreatment"	0.960608841524943	0	1.18754918565462	0.418572521060132	1	0.418572521060132	0.999999637404425	"<4 average observations per random effect group often inflates coefficients and deflates p-values: consider setting small_random_effects=TRUE and see tutorial"	"prevalence"	40	5
"k__Bacteria|p__Firmicutes|c__Clostridia|o__Eubacteriales|f__Lachnospiraceae|g__Lachnospiraceae_unclassified|s__Eubacterium_rectale|t__SGB4933"	"timepoint"	"2_weeks"	"timepoint2_weeks"	-0.540018291789034	0	1.41970916097541	0.703668941316375	1	0.912187903659442	0.999999637404425	"<4 average observations per random effect group often inflates coefficients and deflates p-values: consider setting small_random_effects=TRUE and see tutorial"	"prevalence"	40	37
"k__Bacteria|p__Firmicutes|c__Clostridia|o__Eubacteriales|f__Lachnospiraceae|g__Lachnospiraceae_unclassified|s__Eubacterium_rectale|t__SGB4933"	"timepoint"	"6_months"	"timepoint6_months"	-1.15600547075445	0	1.84610720834385	0.531193310393732	1	0.780220287780412	0.999999637404425	"<4 average observations per random effect group often inflates coefficients and deflates p-values: consider setting small_random_effects=TRUE and see tutorial"	"prevalence"	40	37
"k__Bacteria|p__Firmicutes|c__Clostridia|o__Eubacteriales|f__Lachnospiraceae|g__Lachnospiraceae_unclassified|s__Lachnospiraceae_bacterium_Marseille_Q4251|t__SGB4780"	"timepoint"	"2_weeks"	"timepoint2_weeks"	-0.680097804541029	0	0.881308709692479	0.440297593506412	1	0.686733216165286	0.999999637404425	"<4 average observations per random effect group often inflates coefficients and deflates p-values: consider setting small_random_effects=TRUE and see tutorial"	"prevalence"	40	19
"k__Bacteria|p__Firmicutes|c__Clostridia|o__Eubacteriales|f__Lachnospiraceae|g__Lachnospiraceae_unclassified|s__Lachnospiraceae_bacterium_Marseille_Q4251|t__SGB4780"	"timepoint"	"6_months"	"timepoint6_months"	-1.55928254043622	0	1.01235677081933	0.123499420564714	1	0.231746734249607	0.999999637404425	"<4 average observations per random effect group often inflates coefficients and deflates p-values: consider setting small_random_effects=TRUE and see tutorial"	"prevalence"	40	19
"k__Bacteria|p__Firmicutes|c__Clostridia|o__Eubacteriales|f__Lachnospiraceae|g__Lachnospiraceae_unclassified|s__Lachnospiraceae_bacterium_Marseille_Q4251|t__SGB4780"	"turmeric_group"	"Treatment"	"turmeric_groupTreatment"	-1.18288877617381	0	1.00121390212208	0.237422176397337	1	0.418475062949427	0.999999637404425	"<4 average observations per random effect group often inflates coefficients and deflates p-values: consider setting small_random_effects=TRUE and see tutorial"	"prevalence"	40	19
"k__Bacteria|p__Firmicutes|c__Clostridia|o__Eubacteriales|f__Lachnospiraceae|g__Lachnospiraceae_unclassified|s__Lachnospiraceae_bacterium|t__SGB4922"	"timepoint"	"2_weeks"	"timepoint2_weeks"	0.598245141003232	0	1.55367460842238	0.700199068159929	1	0.700199068159929	0.999999637404425	"<4 average observations per random effect group often inflates coefficients and deflates p-values: consider setting small_random_effects=TRUE and see tutorial"	"prevalence"	40	5
"k__Bacteria|p__Firmicutes|c__Clostridia|o__Eubacteriales|f__Lachnospiraceae|g__Lachnospiraceae_unclassified|s__Lachnospiraceae_bacterium|t__SGB4922"	"timepoint"	"6_months"	"timepoint6_months"	-0.819005277058882	0	1.92223452503749	0.6700572895758	1	0.6700572895758	0.999999637404425	"<4 average observations per random effect group often inflates coefficients and deflates p-values: consider setting small_random_effects=TRUE and see tutorial"	"prevalence"	40	5
"k__Bacteria|p__Firmicutes|c__Clostridia|o__Eubacteriales|f__Lachnospiraceae|g__Lachnospiraceae_unclassified|s__Lachnospiraceae_bacterium|t__SGB4922"	"turmeric_group"	"Treatment"	"turmeric_groupTreatment"	1.26958439619024	0	2.18961870202588	0.562036107359275	1	0.562036107359275	0.999999637404425	"<4 average observations per random effect group often inflates coefficients and deflates p-values: consider setting small_random_effects=TRUE and see tutorial"	"prevalence"	40	5
"k__Bacteria|p__Firmicutes|c__Clostridia|o__Eubacteriales|f__Lachnospiraceae|g__Lacrimispora|s__Lacrimispora_amygdalina|t__SGB4716"	"timepoint"	"2_weeks"	"timepoint2_weeks"	0.347970664717162	0	1.04087530082552	0.738148803645157	1	0.467092488480059	0.999999637404425	"<4 average observations per random effect group often inflates coefficients and deflates p-values: consider setting small_random_effects=TRUE and see tutorial"	"prevalence"	40	12
"k__Bacteria|p__Firmicutes|c__Clostridia|o__Eubacteriales|f__Lachnospiraceae|g__Lacrimispora|s__Lacrimispora_amygdalina|t__SGB4716"	"timepoint"	"6_months"	"timepoint6_months"	-1.48938364014993	0	1.37526497767699	0.278817566821763	1	0.253089550897424	0.999999637404425	"<4 average observations per random effect group often inflates coefficients and deflates p-values: consider setting small_random_effects=TRUE and see tutorial"	"prevalence"	40	12
"k__Bacteria|p__Firmicutes|c__Clostridia|o__Eubacteriales|f__Lachnospiraceae|g__Lacrimispora|s__Lacrimispora_amygdalina|t__SGB4716"	"turmeric_group"	"Treatment"	"turmeric_groupTreatment"	0.351976236029978	0	1.41245482640548	0.80321019026492	1	0.722772037881171	0.999999637404425	"<4 average observations per random effect group often inflates coefficients and deflates p-values: consider setting small_random_effects=TRUE and see tutorial"	"prevalence"	40	12
"k__Bacteria|p__Firmicutes|c__Clostridia|o__Eubacteriales|f__Lachnospiraceae|g__Lacrimispora|s__Lacrimispora_celerecrescens|t__SGB4868"	"timepoint"	"2_weeks"	"timepoint2_weeks"	-0.193441633262661	0	1.73012735410513	0.910975848593711	1	0.99207470046639	0.999999637404425	"<4 average observations per random effect group often inflates coefficients and deflates p-values: consider setting small_random_effects=TRUE and see tutorial"	"prevalence"	40	32
"k__Bacteria|p__Firmicutes|c__Clostridia|o__Eubacteriales|f__Lachnospiraceae|g__Lacrimispora|s__Lacrimispora_celerecrescens|t__SGB4868"	"timepoint"	"6_months"	"timepoint6_months"	-2.94088732256566	0	2.05075269116905	0.151557239907311	1	0.2801448828463	0.999999637404425	"<4 average observations per random effect group often inflates coefficients and deflates p-values: consider setting small_random_effects=TRUE and see tutorial"	"prevalence"	40	32
"k__Bacteria|p__Firmicutes|c__Clostridia|o__Eubacteriales|f__Lachnospiraceae|g__Lacrimispora|s__Lacrimispora_celerecrescens|t__SGB4868"	"turmeric_group"	"Treatment"	"turmeric_groupTreatment"	-0.789532909195256	0	2.54692999414695	0.756565551146692	1	0.835158691307378	0.999999637404425	"<4 average observations per random effect group often inflates coefficients and deflates p-values: consider setting small_random_effects=TRUE and see tutorial"	"prevalence"	40	32
"k__Bacteria|p__Firmicutes|c__Clostridia|o__Eubacteriales|f__Lachnospiraceae|g__Mediterraneibacter|s__Ruminococcus_gnavus|t__SGB4584"	"timepoint"	"2_weeks"	"timepoint2_weeks"	-0.162268552213009	0	1.39870597780741	0.907641969367168	1	0.991469994177625	0.999999637404425	"<4 average observations per random effect group often inflates coefficients and deflates p-values: consider setting small_random_effects=TRUE and see tutorial"	"prevalence"	40	8
"k__Bacteria|p__Firmicutes|c__Clostridia|o__Eubacteriales|f__Lachnospiraceae|g__Mediterraneibacter|s__Ruminococcus_gnavus|t__SGB4584"	"timepoint"	"6_months"	"timepoint6_months"	-3.1970928702357	0	2.15441944046706	0.137816996164109	1	0.256640467896521	0.999999637404425	"<4 average observations per random effect group often inflates coefficients and deflates p-values: consider setting small_random_effects=TRUE and see tutorial"	"prevalence"	40	8
"k__Bacteria|p__Firmicutes|c__Clostridia|o__Eubacteriales|f__Lachnospiraceae|g__Mediterraneibacter|s__Ruminococcus_gnavus|t__SGB4584"	"turmeric_group"	"Treatment"	"turmeric_groupTreatment"	0.56052361285186	0	2.47809915997761	0.821052906050758	1	0.952013990207093	0.999999637404425	"<4 average observations per random effect group often inflates coefficients and deflates p-values: consider setting small_random_effects=TRUE and see tutorial"	"prevalence"	40	8
"k__Bacteria|p__Firmicutes|c__Clostridia|o__Eubacteriales|f__Lachnospiraceae|g__Mediterraneibacter|s__Ruminococcus_lactaris|t__SGB4557"	"timepoint"	"2_weeks"	"timepoint2_weeks"	1.86339242899843	0	1.24532487240969	0.134572813175854	1	0.251035784305645	0.999999637404425	"<4 average observations per random effect group often inflates coefficients and deflates p-values: consider setting small_random_effects=TRUE and see tutorial"	"prevalence"	40	12
"k__Bacteria|p__Firmicutes|c__Clostridia|o__Eubacteriales|f__Lachnospiraceae|g__Mediterraneibacter|s__Ruminococcus_lactaris|t__SGB4557"	"timepoint"	"6_months"	"timepoint6_months"	-0.486083997914423	0	1.33277350896304	0.715323315938924	1	0.660225285173756	0.999999637404425	"<4 average observations per random effect group often inflates coefficients and deflates p-values: consider setting small_random_effects=TRUE and see tutorial"	"prevalence"	40	12
"k__Bacteria|p__Firmicutes|c__Clostridia|o__Eubacteriales|f__Lachnospiraceae|g__Mediterraneibacter|s__Ruminococcus_lactaris|t__SGB4557"	"turmeric_group"	"Treatment"	"turmeric_groupTreatment"	-1.70452497623366	0	1.48209316053062	0.250111124675908	1	0.437666674665168	0.999999637404425	"<4 average observations per random effect group often inflates coefficients and deflates p-values: consider setting small_random_effects=TRUE and see tutorial"	"prevalence"	40	12
"k__Bacteria|p__Firmicutes|c__Clostridia|o__Eubacteriales|f__Lachnospiraceae|g__Mediterraneibacter|s__Ruminococcus_torques|t__SGB4563"	"timepoint"	"2_weeks"	"timepoint2_weeks"	0.725697364161296	0	1.23354532110727	0.556329502939256	1	0.803156490037872	0.999999637404425	"<4 average observations per random effect group often inflates coefficients and deflates p-values: consider setting small_random_effects=TRUE and see tutorial"	"prevalence"	40	32
"k__Bacteria|p__Firmicutes|c__Clostridia|o__Eubacteriales|f__Lachnospiraceae|g__Mediterraneibacter|s__Ruminococcus_torques|t__SGB4563"	"timepoint"	"6_months"	"timepoint6_months"	-2.47406928452177e-06	0	1.15936750969452	0.999998297328787	1	0.346245248944494	0.999999637404425	"<4 average observations per random effect group often inflates coefficients and deflates p-values: consider setting small_random_effects=TRUE and see tutorial"	"prevalence"	40	32
"k__Bacteria|p__Firmicutes|c__Clostridia|o__Eubacteriales|f__Lachnospiraceae|g__Mediterraneibacter|s__Ruminococcus_torques|t__SGB4563"	"turmeric_group"	"Treatment"	"turmeric_groupTreatment"	-15.3110614251763	0	28.2094071496455	0.587292040030881	1	0.322465100871036	0.999999637404425	"<4 average observations per random effect group often inflates coefficients and deflates p-values: consider setting small_random_effects=TRUE and see tutorial"	"prevalence"	40	32
"k__Bacteria|p__Firmicutes|c__Clostridia|o__Eubacteriales|f__Lachnospiraceae|g__Mediterraneibacter|s__Ruminococcus_torques|t__SGB4608"	"timepoint"	"2_weeks"	"timepoint2_weeks"	0.228372484056419	0	0.988258047854267	0.817248081728508	1	0.259598754787699	0.999999637404425	"<4 average observations per random effect group often inflates coefficients and deflates p-values: consider setting small_random_effects=TRUE and see tutorial"	"prevalence"	40	15
"k__Bacteria|p__Firmicutes|c__Clostridia|o__Eubacteriales|f__Lachnospiraceae|g__Mediterraneibacter|s__Ruminococcus_torques|t__SGB4608"	"timepoint"	"6_months"	"timepoint6_months"	-1.35534567665551	0	1.19062379991298	0.254974688061654	1	0.0491414108751873	0.999999637404425	"<4 average observations per random effect group often inflates coefficients and deflates p-values: consider setting small_random_effects=TRUE and see tutorial"	"prevalence"	40	15
"k__Bacteria|p__Firmicutes|c__Clostridia|o__Eubacteriales|f__Lachnospiraceae|g__Mediterraneibacter|s__Ruminococcus_torques|t__SGB4608"	"turmeric_group"	"Treatment"	"turmeric_groupTreatment"	2.46276797166579	0	1.47409306603203	0.0947808568779139	1	0.180578302925316	0.999999637404425	"<4 average observations per random effect group often inflates coefficients and deflates p-values: consider setting small_random_effects=TRUE and see tutorial"	"prevalence"	40	15
"k__Bacteria|p__Firmicutes|c__Clostridia|o__Eubacteriales|f__Lachnospiraceae|g__Roseburia|s__Roseburia_faecis|t__SGB4925"	"timepoint"	"2_weeks"	"timepoint2_weeks"	0.492374348773721	0	0.955791692817758	0.606449478771282	1	0.210615845829975	0.999999637404425	"<4 average observations per random effect group often inflates coefficients and deflates p-values: consider setting small_random_effects=TRUE and see tutorial"	"prevalence"	40	22
"k__Bacteria|p__Firmicutes|c__Clostridia|o__Eubacteriales|f__Lachnospiraceae|g__Roseburia|s__Roseburia_faecis|t__SGB4925"	"timepoint"	"6_months"	"timepoint6_months"	-0.209471571055591	0	0.985711199375874	0.831710693293353	1	0.637883231974252	0.999999637404425	"<4 average observations per random effect group often inflates coefficients and deflates p-values: consider setting small_random_effects=TRUE and see tutorial"	"prevalence"	40	22
"k__Bacteria|p__Firmicutes|c__Clostridia|o__Eubacteriales|f__Lachnospiraceae|g__Roseburia|s__Roseburia_faecis|t__SGB4925"	"turmeric_group"	"Treatment"	"turmeric_groupTreatment"	-0.473518212932153	0	1.16913965255072	0.685467040521749	1	0.3856743765143	0.999999637404425	"<4 average observations per random effect group often inflates coefficients and deflates p-values: consider setting small_random_effects=TRUE and see tutorial"	"prevalence"	40	22
"k__Bacteria|p__Firmicutes|c__Clostridia|o__Eubacteriales|f__Lachnospiraceae|g__Roseburia|s__Roseburia_hominis|t__SGB4936"	"timepoint"	"2_weeks"	"timepoint2_weeks"	0.493499322133568	0	0.896952371607618	0.582185164679759	1	0.384572502028013	0.999999637404425	"<4 average observations per random effect group often inflates coefficients and deflates p-values: consider setting small_random_effects=TRUE and see tutorial"	"prevalence"	40	23
"k__Bacteria|p__Firmicutes|c__Clostridia|o__Eubacteriales|f__Lachnospiraceae|g__Roseburia|s__Roseburia_hominis|t__SGB4936"	"timepoint"	"6_months"	"timepoint6_months"	0.672976428434548	0	1.00639684005199	0.503687589312592	1	0.246405412069444	0.999999637404425	"<4 average observations per random effect group often inflates coefficients and deflates p-values: consider setting small_random_effects=TRUE and see tutorial"	"prevalence"	40	23
"k__Bacteria|p__Firmicutes|c__Clostridia|o__Eubacteriales|f__Lachnospiraceae|g__Roseburia|s__Roseburia_hominis|t__SGB4936"	"turmeric_group"	"Treatment"	"turmeric_groupTreatment"	1.00308691457583	0	0.965121202542702	0.298647676559985	1	0.0257284469922952	0.999999637404425	"<4 average observations per random effect group often inflates coefficients and deflates p-values: consider setting small_random_effects=TRUE and see tutorial"	"prevalence"	40	23
"k__Bacteria|p__Firmicutes|c__Clostridia|o__Eubacteriales|f__Lachnospiraceae|g__Roseburia|s__Roseburia_intestinalis|t__SGB4951"	"timepoint"	"2_weeks"	"timepoint2_weeks"	-1.09868896631626	0	0.930242910441541	0.23757193931984	1	0.41870345228749	0.999999637404425	"<4 average observations per random effect group often inflates coefficients and deflates p-values: consider setting small_random_effects=TRUE and see tutorial"	"prevalence"	40	23
"k__Bacteria|p__Firmicutes|c__Clostridia|o__Eubacteriales|f__Lachnospiraceae|g__Roseburia|s__Roseburia_intestinalis|t__SGB4951"	"timepoint"	"6_months"	"timepoint6_months"	-0.576976187763285	0	0.96983930786834	0.551897370420714	1	0.799204033364129	0.999999637404425	"<4 average observations per random effect group often inflates coefficients and deflates p-values: consider setting small_random_effects=TRUE and see tutorial"	"prevalence"	40	23
"k__Bacteria|p__Firmicutes|c__Clostridia|o__Eubacteriales|f__Lachnospiraceae|g__Roseburia|s__Roseburia_intestinalis|t__SGB4951"	"turmeric_group"	"Treatment"	"turmeric_groupTreatment"	-0.982391491687603	0	1.0246162169092	0.337664690989044	1	0.561311938437361	0.999999637404425	"<4 average observations per random effect group often inflates coefficients and deflates p-values: consider setting small_random_effects=TRUE and see tutorial"	"prevalence"	40	23
"k__Bacteria|p__Firmicutes|c__Clostridia|o__Eubacteriales|f__Lachnospiraceae|g__Roseburia|s__Roseburia_inulinivorans|t__SGB4940"	"timepoint"	"2_weeks"	"timepoint2_weeks"	-0.207013916581641	0	0.863587743752084	0.810552120805952	1	0.75515360866609	0.999999637404425	"<4 average observations per random effect group often inflates coefficients and deflates p-values: consider setting small_random_effects=TRUE and see tutorial"	"prevalence"	40	20
"k__Bacteria|p__Firmicutes|c__Clostridia|o__Eubacteriales|f__Lachnospiraceae|g__Roseburia|s__Roseburia_inulinivorans|t__SGB4940"	"timepoint"	"6_months"	"timepoint6_months"	-1.36247134316509	0	0.967133188894161	0.158902234237415	1	0.292554548429188	0.999999637404425	"<4 average observations per random effect group often inflates coefficients and deflates p-values: consider setting small_random_effects=TRUE and see tutorial"	"prevalence"	40	20
"k__Bacteria|p__Firmicutes|c__Clostridia|o__Eubacteriales|f__Lachnospiraceae|g__Roseburia|s__Roseburia_inulinivorans|t__SGB4940"	"turmeric_group"	"Treatment"	"turmeric_groupTreatment"	-1.9201545769914	0	1.00226951649435	0.05538971451438	1	0.107711408554775	0.999999637404425	"<4 average observations per random effect group often inflates coefficients and deflates p-values: consider setting small_random_effects=TRUE and see tutorial"	"prevalence"	40	20
"k__Bacteria|p__Firmicutes|c__Clostridia|o__Eubacteriales|f__Lachnospiraceae|g__Roseburia|s__Roseburia_sp_AF02_12|t__SGB4938"	"timepoint"	"2_weeks"	"timepoint2_weeks"	3.26261241194161	0	1.65304187522605	0.0484156130789526	1	0.0944871545680943	0.999999637404425	"<4 average observations per random effect group often inflates coefficients and deflates p-values: consider setting small_random_effects=TRUE and see tutorial"	"prevalence"	40	8
"k__Bacteria|p__Firmicutes|c__Clostridia|o__Eubacteriales|f__Lachnospiraceae|g__Roseburia|s__Roseburia_sp_AF02_12|t__SGB4938"	"timepoint"	"6_months"	"timepoint6_months"	1.69380445804592	0	1.55509351924942	0.276066663767048	1	0.475920524690627	0.999999637404425	"<4 average observations per random effect group often inflates coefficients and deflates p-values: consider setting small_random_effects=TRUE and see tutorial"	"prevalence"	40	8
"k__Bacteria|p__Firmicutes|c__Clostridia|o__Eubacteriales|f__Lachnospiraceae|g__Roseburia|s__Roseburia_sp_AF02_12|t__SGB4938"	"turmeric_group"	"Treatment"	"turmeric_groupTreatment"	-1.18241020015873	0	1.55588098453281	0.447277385799666	1	0.673774183542787	0.999999637404425	"<4 average observations per random effect group often inflates coefficients and deflates p-values: consider setting small_random_effects=TRUE and see tutorial"	"prevalence"	40	8
"k__Bacteria|p__Firmicutes|c__Clostridia|o__Eubacteriales|f__Lachnospiraceae|g__Waltera|s__Waltera_intestinalis|t__SGB4910"	"timepoint"	"2_weeks"	"timepoint2_weeks"	0.220228243809696	0	0.81846146284987	0.787871286000962	1	0.288691241558926	0.999999637404425	"<4 average observations per random effect group often inflates coefficients and deflates p-values: consider setting small_random_effects=TRUE and see tutorial"	"prevalence"	40	19
"k__Bacteria|p__Firmicutes|c__Clostridia|o__Eubacteriales|f__Lachnospiraceae|g__Waltera|s__Waltera_intestinalis|t__SGB4910"	"timepoint"	"6_months"	"timepoint6_months"	-0.49451732410529	0	0.881373270350122	0.574745778595208	1	0.114973076080494	0.999999637404425	"<4 average observations per random effect group often inflates coefficients and deflates p-values: consider setting small_random_effects=TRUE and see tutorial"	"prevalence"	40	19
"k__Bacteria|p__Firmicutes|c__Clostridia|o__Eubacteriales|f__Lachnospiraceae|g__Waltera|s__Waltera_intestinalis|t__SGB4910"	"turmeric_group"	"Treatment"	"turmeric_groupTreatment"	-0.210078315400922	0	0.839080061106128	0.802303217580598	1	0.481336139736218	0.999999637404425	"<4 average observations per random effect group often inflates coefficients and deflates p-values: consider setting small_random_effects=TRUE and see tutorial"	"prevalence"	40	19
"k__Bacteria|p__Firmicutes|c__Clostridia|o__Eubacteriales|f__Oscillospiraceae|g__Agathobaculum|s__Agathobaculum_butyriciproducens|t__SGB14993"	"timepoint"	"2_weeks"	"timepoint2_weeks"	0.622443443098694	0	1.24763275474178	0.617850137989556	1	0.853961482965399	0.999999637404425	"<4 average observations per random effect group often inflates coefficients and deflates p-values: consider setting small_random_effects=TRUE and see tutorial"	"prevalence"	40	35
"k__Bacteria|p__Firmicutes|c__Clostridia|o__Eubacteriales|f__Oscillospiraceae|g__Agathobaculum|s__Agathobaculum_butyriciproducens|t__SGB14993"	"timepoint"	"6_months"	"timepoint6_months"	-0.575203415795315	0	1.0682717915262	0.590271280667442	1	0.413702602042181	0.999999637404425	"<4 average observations per random effect group often inflates coefficients and deflates p-values: consider setting small_random_effects=TRUE and see tutorial"	"prevalence"	40	35
"k__Bacteria|p__Firmicutes|c__Clostridia|o__Eubacteriales|f__Oscillospiraceae|g__Agathobaculum|s__Agathobaculum_butyriciproducens|t__SGB14993"	"turmeric_group"	"Treatment"	"turmeric_groupTreatment"	0.841068630222394	0	0.953325370264973	0.377643147200254	1	0.612671947773196	0.999999637404425	"<4 average observations per random effect group often inflates coefficients and deflates p-values: consider setting small_random_effects=TRUE and see tutorial"	"prevalence"	40	35
"k__Bacteria|p__Firmicutes|c__Clostridia|o__Eubacteriales|f__Oscillospiraceae|g__Dysosmobacter|s__Dysosmobacter_sp_BX15|t__SGB15053"	"timepoint"	"2_weeks"	"timepoint2_weeks"	-2.34482708635695	0	1.52029061559837	0.122987469623888	1	0.230849021563289	0.999999637404425	"<4 average observations per random effect group often inflates coefficients and deflates p-values: consider setting small_random_effects=TRUE and see tutorial"	"prevalence"	40	17
"k__Bacteria|p__Firmicutes|c__Clostridia|o__Eubacteriales|f__Oscillospiraceae|g__Dysosmobacter|s__Dysosmobacter_sp_BX15|t__SGB15053"	"timepoint"	"6_months"	"timepoint6_months"	-5.35866945056285	0	2.75220986432807	0.051529645043868	1	0.100403985769389	0.999999637404425	"<4 average observations per random effect group often inflates coefficients and deflates p-values: consider setting small_random_effects=TRUE and see tutorial"	"prevalence"	40	17
"k__Bacteria|p__Firmicutes|c__Clostridia|o__Eubacteriales|f__Oscillospiraceae|g__Dysosmobacter|s__Dysosmobacter_sp_BX15|t__SGB15053"	"turmeric_group"	"Treatment"	"turmeric_groupTreatment"	3.29849839041706	0	2.16558253997263	0.127722181714671	1	0.239131407727387	0.999999637404425	"<4 average observations per random effect group often inflates coefficients and deflates p-values: consider setting small_random_effects=TRUE and see tutorial"	"prevalence"	40	17
"k__Bacteria|p__Firmicutes|c__Clostridia|o__Eubacteriales|f__Oscillospiraceae|g__Dysosmobacter|s__Dysosmobacter_welbionis|t__SGB15078"	"timepoint"	"2_weeks"	"timepoint2_weeks"	0.0886567131215386	0	1.10925037238304	0.936296994420569	1	0.925732938189016	0.999999637404425	"<4 average observations per random effect group often inflates coefficients and deflates p-values: consider setting small_random_effects=TRUE and see tutorial"	"prevalence"	40	17
"k__Bacteria|p__Firmicutes|c__Clostridia|o__Eubacteriales|f__Oscillospiraceae|g__Dysosmobacter|s__Dysosmobacter_welbionis|t__SGB15078"	"timepoint"	"6_months"	"timepoint6_months"	-1.16466714011503	0	1.27606824980638	0.361400488836107	1	0.592190664341237	0.999999637404425	"<4 average observations per random effect group often inflates coefficients and deflates p-values: consider setting small_random_effects=TRUE and see tutorial"	"prevalence"	40	17
"k__Bacteria|p__Firmicutes|c__Clostridia|o__Eubacteriales|f__Oscillospiraceae|g__Dysosmobacter|s__Dysosmobacter_welbionis|t__SGB15078"	"turmeric_group"	"Treatment"	"turmeric_groupTreatment"	0.428263746832612	0	1.65272678351344	0.795538367145348	1	0.739834276330523	0.999999637404425	"<4 average observations per random effect group often inflates coefficients and deflates p-values: consider setting small_random_effects=TRUE and see tutorial"	"prevalence"	40	17
"k__Bacteria|p__Firmicutes|c__Clostridia|o__Eubacteriales|f__Oscillospiraceae|g__Faecalibacterium|s__Faecalibacterium_prausnitzii|t__SGB15316"	"timepoint"	"2_weeks"	"timepoint2_weeks"	-0.53766083608123	0	2.32246284721746	0.816922811002156	1	0.175580317500028	0.999999637404425	"<4 average observations per random effect group often inflates coefficients and deflates p-values: consider setting small_random_effects=TRUE and see tutorial"	"prevalence"	40	35
"k__Bacteria|p__Firmicutes|c__Clostridia|o__Eubacteriales|f__Oscillospiraceae|g__Faecalibacterium|s__Faecalibacterium_prausnitzii|t__SGB15316"	"timepoint"	"6_months"	"timepoint6_months"	-5.6904593393667	0	4.11719594822287	0.166934823032112	1	0.306002410923462	0.999999637404425	"<4 average observations per random effect group often inflates coefficients and deflates p-values: consider setting small_random_effects=TRUE and see tutorial"	"prevalence"	40	35
"k__Bacteria|p__Firmicutes|c__Clostridia|o__Eubacteriales|f__Oscillospiraceae|g__Faecalibacterium|s__Faecalibacterium_prausnitzii|t__SGB15316"	"turmeric_group"	"Treatment"	"turmeric_groupTreatment"	5.71162721920452	0	4.47066321931047	0.201397768972683	1	0.362234476598192	0.999999637404425	"<4 average observations per random effect group often inflates coefficients and deflates p-values: consider setting small_random_effects=TRUE and see tutorial"	"prevalence"	40	35
"k__Bacteria|p__Firmicutes|c__Clostridia|o__Eubacteriales|f__Oscillospiraceae|g__Faecalibacterium|s__Faecalibacterium_prausnitzii|t__SGB15317"	"timepoint"	"2_weeks"	"timepoint2_weeks"	0.955907104136058	0	1.57351336491719	0.543520097648826	1	0.791626098749463	0.999999637404425	"<4 average observations per random effect group often inflates coefficients and deflates p-values: consider setting small_random_effects=TRUE and see tutorial"	"prevalence"	40	31
"k__Bacteria|p__Firmicutes|c__Clostridia|o__Eubacteriales|f__Oscillospiraceae|g__Faecalibacterium|s__Faecalibacterium_prausnitzii|t__SGB15317"	"timepoint"	"6_months"	"timepoint6_months"	-0.472137945498281	0	1.52452765951952	0.756793228663024	1	0.904120502966351	0.999999637404425	"<4 average observations per random effect group often inflates coefficients and deflates p-values: consider setting small_random_effects=TRUE and see tutorial"	"prevalence"	40	31
"k__Bacteria|p__Firmicutes|c__Clostridia|o__Eubacteriales|f__Oscillospiraceae|g__Faecalibacterium|s__Faecalibacterium_prausnitzii|t__SGB15317"	"turmeric_group"	"Treatment"	"turmeric_groupTreatment"	-1.35265768538264	0	2.1973059483706	0.538159709913173	1	0.0710141291018252	0.999999637404425	"<4 average observations per random effect group often inflates coefficients and deflates p-values: consider setting small_random_effects=TRUE and see tutorial"	"prevalence"	40	31
"k__Bacteria|p__Firmicutes|c__Clostridia|o__Eubacteriales|f__Oscillospiraceae|g__Faecalibacterium|s__Faecalibacterium_prausnitzii|t__SGB15322"	"timepoint"	"2_weeks"	"timepoint2_weeks"	1.46886245364838	0	1.43518303430244	0.306087101894189	1	0.518484889842395	0.999999637404425	"<4 average observations per random effect group often inflates coefficients and deflates p-values: consider setting small_random_effects=TRUE and see tutorial"	"prevalence"	40	11
"k__Bacteria|p__Firmicutes|c__Clostridia|o__Eubacteriales|f__Oscillospiraceae|g__Faecalibacterium|s__Faecalibacterium_prausnitzii|t__SGB15322"	"timepoint"	"6_months"	"timepoint6_months"	-0.958472878833232	0	1.73490342099237	0.580630020713469	1	0.824128820473215	0.999999637404425	"<4 average observations per random effect group often inflates coefficients and deflates p-values: consider setting small_random_effects=TRUE and see tutorial"	"prevalence"	40	11
"k__Bacteria|p__Firmicutes|c__Clostridia|o__Eubacteriales|f__Oscillospiraceae|g__Faecalibacterium|s__Faecalibacterium_prausnitzii|t__SGB15322"	"turmeric_group"	"Treatment"	"turmeric_groupTreatment"	-2.47751964468012	0	2.29115024890129	0.279544496487671	1	0.480943867458797	0.999999637404425	"<4 average observations per random effect group often inflates coefficients and deflates p-values: consider setting small_random_effects=TRUE and see tutorial"	"prevalence"	40	11
"k__Bacteria|p__Firmicutes|c__Clostridia|o__Eubacteriales|f__Oscillospiraceae|g__Faecalibacterium|s__Faecalibacterium_prausnitzii|t__SGB15323"	"timepoint"	"2_weeks"	"timepoint2_weeks"	1.03592157424778	0	1.361450414305	0.446719451244623	1	0.693880634368949	0.999999637404425	"<4 average observations per random effect group often inflates coefficients and deflates p-values: consider setting small_random_effects=TRUE and see tutorial"	"prevalence"	40	15
"k__Bacteria|p__Firmicutes|c__Clostridia|o__Eubacteriales|f__Oscillospiraceae|g__Faecalibacterium|s__Faecalibacterium_prausnitzii|t__SGB15323"	"timepoint"	"6_months"	"timepoint6_months"	-0.850416779910818	0	1.59006337375625	0.592766030708224	1	0.834160494254865	0.999999637404425	"<4 average observations per random effect group often inflates coefficients and deflates p-values: consider setting small_random_effects=TRUE and see tutorial"	"prevalence"	40	15
"k__Bacteria|p__Firmicutes|c__Clostridia|o__Eubacteriales|f__Oscillospiraceae|g__Faecalibacterium|s__Faecalibacterium_prausnitzii|t__SGB15323"	"turmeric_group"	"Treatment"	"turmeric_groupTreatment"	-1.10398973948832	0	2.15394772016996	0.608271387059899	1	0.846548693804024	0.999999637404425	"<4 average observations per random effect group often inflates coefficients and deflates p-values: consider setting small_random_effects=TRUE and see tutorial"	"prevalence"	40	15
"k__Bacteria|p__Firmicutes|c__Clostridia|o__Eubacteriales|f__Oscillospiraceae|g__Faecalibacterium|s__Faecalibacterium_prausnitzii|t__SGB15332"	"timepoint"	"2_weeks"	"timepoint2_weeks"	0.479907069340924	0	1.61820522116271	0.76679672993217	1	0.814228108595321	0.999999637404425	"<4 average observations per random effect group often inflates coefficients and deflates p-values: consider setting small_random_effects=TRUE and see tutorial"	"prevalence"	40	11
"k__Bacteria|p__Firmicutes|c__Clostridia|o__Eubacteriales|f__Oscillospiraceae|g__Faecalibacterium|s__Faecalibacterium_prausnitzii|t__SGB15332"	"timepoint"	"6_months"	"timepoint6_months"	0.343159221612839	0	1.78784218812505	0.84778885743941	1	0.818929270319632	0.999999637404425	"<4 average observations per random effect group often inflates coefficients and deflates p-values: consider setting small_random_effects=TRUE and see tutorial"	"prevalence"	40	11
"k__Bacteria|p__Firmicutes|c__Clostridia|o__Eubacteriales|f__Oscillospiraceae|g__Faecalibacterium|s__Faecalibacterium_prausnitzii|t__SGB15332"	"turmeric_group"	"Treatment"	"turmeric_groupTreatment"	-0.365935651507023	0	2.87450115512947	0.898699751448355	1	0.911994126801067	0.999999637404425	"<4 average observations per random effect group often inflates coefficients and deflates p-values: consider setting small_random_effects=TRUE and see tutorial"	"prevalence"	40	11
"k__Bacteria|p__Firmicutes|c__Clostridia|o__Eubacteriales|f__Oscillospiraceae|g__Faecalibacterium|s__Faecalibacterium_prausnitzii|t__SGB15342"	"timepoint"	"2_weeks"	"timepoint2_weeks"	-2.16852715198632	0	1.69695385746821	0.20128680409382	1	0.362057230685336	0.999999637404425	"<4 average observations per random effect group often inflates coefficients and deflates p-values: consider setting small_random_effects=TRUE and see tutorial"	"prevalence"	40	34
"k__Bacteria|p__Firmicutes|c__Clostridia|o__Eubacteriales|f__Oscillospiraceae|g__Faecalibacterium|s__Faecalibacterium_prausnitzii|t__SGB15342"	"timepoint"	"6_months"	"timepoint6_months"	-1.22715487146601	0	1.64582270863619	0.455898266853101	1	0.025535624360175	0.999999637404425	"<4 average observations per random effect group often inflates coefficients and deflates p-values: consider setting small_random_effects=TRUE and see tutorial"	"prevalence"	40	34
"k__Bacteria|p__Firmicutes|c__Clostridia|o__Eubacteriales|f__Oscillospiraceae|g__Faecalibacterium|s__Faecalibacterium_SGB15315|t__SGB15315"	"timepoint"	"2_weeks"	"timepoint2_weeks"	0.170264404967349	0	1.00253545322111	0.865140845035935	1	0.981813008322378	0.999999637404425	"<4 average observations per random effect group often inflates coefficients and deflates p-values: consider setting small_random_effects=TRUE and see tutorial"	"prevalence"	40	19
"k__Bacteria|p__Firmicutes|c__Clostridia|o__Eubacteriales|f__Oscillospiraceae|g__Faecalibacterium|s__Faecalibacterium_SGB15315|t__SGB15315"	"timepoint"	"6_months"	"timepoint6_months"	-1.05889070185708	0	1.13686413614865	0.351639665775285	1	0.0138747403009007	0.925643388645806	"<4 average observations per random effect group often inflates coefficients and deflates p-values: consider setting small_random_effects=TRUE and see tutorial"	"prevalence"	40	19
"k__Bacteria|p__Firmicutes|c__Clostridia|o__Eubacteriales|f__Oscillospiraceae|g__Faecalibacterium|s__Faecalibacterium_SGB15315|t__SGB15315"	"turmeric_group"	"Treatment"	"turmeric_groupTreatment"	-0.00408149601582179	0	1.31190770280771	0.997517693206891	1	0.962492929328484	0.999999637404425	"<4 average observations per random effect group often inflates coefficients and deflates p-values: consider setting small_random_effects=TRUE and see tutorial"	"prevalence"	40	19
"k__Bacteria|p__Firmicutes|c__Clostridia|o__Eubacteriales|f__Oscillospiraceae|g__Flavonifractor|s__Flavonifractor_plautii|t__SGB15132"	"timepoint"	"2_weeks"	"timepoint2_weeks"	0.686709752499356	0	1.11816663636271	0.539123471122633	1	0.657428351705077	0.999999637404425	"<4 average observations per random effect group often inflates coefficients and deflates p-values: consider setting small_random_effects=TRUE and see tutorial"	"prevalence"	40	19
"k__Bacteria|p__Firmicutes|c__Clostridia|o__Eubacteriales|f__Oscillospiraceae|g__Flavonifractor|s__Flavonifractor_plautii|t__SGB15132"	"timepoint"	"6_months"	"timepoint6_months"	-0.468949230488519	0	1.18342585034189	0.691910176421333	1	0.672002718675396	0.999999637404425	"<4 average observations per random effect group often inflates coefficients and deflates p-values: consider setting small_random_effects=TRUE and see tutorial"	"prevalence"	40	19
"k__Bacteria|p__Firmicutes|c__Clostridia|o__Eubacteriales|f__Oscillospiraceae|g__Flavonifractor|s__Flavonifractor_plautii|t__SGB15132"	"turmeric_group"	"Treatment"	"turmeric_groupTreatment"	0.944177945413383	0	1.6444583411734	0.56586128556895	1	0.811523576632155	0.999999637404425	"<4 average observations per random effect group often inflates coefficients and deflates p-values: consider setting small_random_effects=TRUE and see tutorial"	"prevalence"	40	19
"k__Bacteria|p__Firmicutes|c__Clostridia|o__Eubacteriales|f__Oscillospiraceae|g__GGB13489|s__GGB13489_SGB15224|t__SGB15224"	"timepoint"	"2_weeks"	"timepoint2_weeks"	1.96284780756264	0	1.56822520456677	0.210702371117245	1	0.00103490203092368	0.241649624220679	"<4 average observations per random effect group often inflates coefficients and deflates p-values: consider setting small_random_effects=TRUE and see tutorial"	"prevalence"	40	13
"k__Bacteria|p__Firmicutes|c__Clostridia|o__Eubacteriales|f__Oscillospiraceae|g__GGB13489|s__GGB13489_SGB15224|t__SGB15224"	"timepoint"	"6_months"	"timepoint6_months"	2.75917395330393	0	1.84155777896518	0.134059846217917	1	0.250147650067863	0.999999637404425	"<4 average observations per random effect group often inflates coefficients and deflates p-values: consider setting small_random_effects=TRUE and see tutorial"	"prevalence"	40	13
"k__Bacteria|p__Firmicutes|c__Clostridia|o__Eubacteriales|f__Oscillospiraceae|g__GGB13489|s__GGB13489_SGB15224|t__SGB15224"	"turmeric_group"	"Treatment"	"turmeric_groupTreatment"	-2.03374689074966	0	2.2362088902206	0.363106335638986	1	0.0544336880534385	0.999999637404425	"<4 average observations per random effect group often inflates coefficients and deflates p-values: consider setting small_random_effects=TRUE and see tutorial"	"prevalence"	40	13
"k__Bacteria|p__Firmicutes|c__Clostridia|o__Eubacteriales|f__Oscillospiraceae|g__GGB3343|s__GGB3343_SGB4423|t__SGB4423"	"timepoint"	"2_weeks"	"timepoint2_weeks"	-0.211991860036242	0	1.6964372941095	0.900552858052033	1	0.706036652344266	0.999999637404425	"<4 average observations per random effect group often inflates coefficients and deflates p-values: consider setting small_random_effects=TRUE and see tutorial"	"prevalence"	40	6
"k__Bacteria|p__Firmicutes|c__Clostridia|o__Eubacteriales|f__Oscillospiraceae|g__GGB3343|s__GGB3343_SGB4423|t__SGB4423"	"timepoint"	"6_months"	"timepoint6_months"	-0.634371674473722	0	2.08250118191315	0.760655525604333	1	0.942714222576262	0.999999637404425	"<4 average observations per random effect group often inflates coefficients and deflates p-values: consider setting small_random_effects=TRUE and see tutorial"	"prevalence"	40	6
"k__Bacteria|p__Firmicutes|c__Clostridia|o__Eubacteriales|f__Oscillospiraceae|g__GGB3343|s__GGB3343_SGB4423|t__SGB4423"	"turmeric_group"	"Treatment"	"turmeric_groupTreatment"	-2.00494675429203	0	2.7138758721581	0.460042939625228	1	0.708446372951434	0.999999637404425	"<4 average observations per random effect group often inflates coefficients and deflates p-values: consider setting small_random_effects=TRUE and see tutorial"	"prevalence"	40	6
"k__Bacteria|p__Firmicutes|c__Clostridia|o__Eubacteriales|f__Oscillospiraceae|g__GGB9634|s__GGB9634_SGB15093|t__SGB15093"	"timepoint"	"2_weeks"	"timepoint2_weeks"	0.798626672018446	0	1.530049084162	0.601697156410069	1	0.841354844788175	0.999999637404425	"<4 average observations per random effect group often inflates coefficients and deflates p-values: consider setting small_random_effects=TRUE and see tutorial"	"prevalence"	40	8
"k__Bacteria|p__Firmicutes|c__Clostridia|o__Eubacteriales|f__Oscillospiraceae|g__GGB9634|s__GGB9634_SGB15093|t__SGB15093"	"timepoint"	"6_months"	"timepoint6_months"	0.0580321215955934	0	1.767422580586	0.97380670819955	1	0.836233401717816	0.999999637404425	"<4 average observations per random effect group often inflates coefficients and deflates p-values: consider setting small_random_effects=TRUE and see tutorial"	"prevalence"	40	8
"k__Bacteria|p__Firmicutes|c__Clostridia|o__Eubacteriales|f__Oscillospiraceae|g__GGB9634|s__GGB9634_SGB15093|t__SGB15093"	"turmeric_group"	"Treatment"	"turmeric_groupTreatment"	0.772745503116566	0	2.33118119520097	0.740280144124441	1	0.875476671030199	0.999999637404425	"<4 average observations per random effect group often inflates coefficients and deflates p-values: consider setting small_random_effects=TRUE and see tutorial"	"prevalence"	40	8
"k__Bacteria|p__Firmicutes|c__Clostridia|o__Eubacteriales|f__Oscillospiraceae|g__GGB9635|s__GGB9635_SGB15106|t__SGB15106"	"timepoint"	"2_weeks"	"timepoint2_weeks"	1.54336719450949	0	1.59575828115678	0.333459790332956	1	0.548649320579566	0.999999637404425	"<4 average observations per random effect group often inflates coefficients and deflates p-values: consider setting small_random_effects=TRUE and see tutorial"	"prevalence"	40	10
"k__Bacteria|p__Firmicutes|c__Clostridia|o__Eubacteriales|f__Oscillospiraceae|g__GGB9635|s__GGB9635_SGB15106|t__SGB15106"	"timepoint"	"6_months"	"timepoint6_months"	0.929290708344521	0	1.75568228161263	0.59659416486221	1	0.659432044412501	0.999999637404425	"<4 average observations per random effect group often inflates coefficients and deflates p-values: consider setting small_random_effects=TRUE and see tutorial"	"prevalence"	40	10
"k__Bacteria|p__Firmicutes|c__Clostridia|o__Eubacteriales|f__Oscillospiraceae|g__GGB9635|s__GGB9635_SGB15106|t__SGB15106"	"turmeric_group"	"Treatment"	"turmeric_groupTreatment"	-2.70152849798416	0	2.57355055667849	0.293843111578946	1	0.108499268417622	0.999999637404425	"<4 average observations per random effect group often inflates coefficients and deflates p-values: consider setting small_random_effects=TRUE and see tutorial"	"prevalence"	40	10
"k__Bacteria|p__Firmicutes|c__Clostridia|o__Eubacteriales|f__Oscillospiraceae|g__GGB9699|s__GGB9699_SGB15216|t__SGB15216"	"timepoint"	"2_weeks"	"timepoint2_weeks"	-0.231023924786584	0	0.943336095469886	0.806533110631603	1	0.962570562718117	0.999999637404425	"<4 average observations per random effect group often inflates coefficients and deflates p-values: consider setting small_random_effects=TRUE and see tutorial"	"prevalence"	40	17
"k__Bacteria|p__Firmicutes|c__Clostridia|o__Eubacteriales|f__Oscillospiraceae|g__GGB9699|s__GGB9699_SGB15216|t__SGB15216"	"timepoint"	"6_months"	"timepoint6_months"	-1.61457427109788	0	1.14796818274719	0.15958681417618	1	0.293705677093458	0.999999637404425	"<4 average observations per random effect group often inflates coefficients and deflates p-values: consider setting small_random_effects=TRUE and see tutorial"	"prevalence"	40	17
"k__Bacteria|p__Firmicutes|c__Clostridia|o__Eubacteriales|f__Oscillospiraceae|g__GGB9699|s__GGB9699_SGB15216|t__SGB15216"	"turmeric_group"	"Treatment"	"turmeric_groupTreatment"	0.700929920730941	0	1.15638916109012	0.544423976235018	1	0.696448677419506	0.999999637404425	"<4 average observations per random effect group often inflates coefficients and deflates p-values: consider setting small_random_effects=TRUE and see tutorial"	"prevalence"	40	17
"k__Bacteria|p__Firmicutes|c__Clostridia|o__Eubacteriales|f__Oscillospiraceae|g__GGB9708|s__GGB9708_SGB15234|t__SGB15234"	"timepoint"	"2_weeks"	"timepoint2_weeks"	0.0632426146961625	0	1.12896955429038	0.955327469017146	1	0.340063350921131	0.999999637404425	"<4 average observations per random effect group often inflates coefficients and deflates p-values: consider setting small_random_effects=TRUE and see tutorial"	"prevalence"	40	9
"k__Bacteria|p__Firmicutes|c__Clostridia|o__Eubacteriales|f__Oscillospiraceae|g__GGB9708|s__GGB9708_SGB15234|t__SGB15234"	"timepoint"	"6_months"	"timepoint6_months"	-0.536012764044338	0	1.24417237903952	0.666600179722521	1	0.305085506753271	0.999999637404425	"<4 average observations per random effect group often inflates coefficients and deflates p-values: consider setting small_random_effects=TRUE and see tutorial"	"prevalence"	40	9
"k__Bacteria|p__Firmicutes|c__Clostridia|o__Eubacteriales|f__Oscillospiraceae|g__GGB9708|s__GGB9708_SGB15234|t__SGB15234"	"turmeric_group"	"Treatment"	"turmeric_groupTreatment"	0.247376100495044	0	1.40732902820378	0.86046912515692	1	0.4536085615061	0.999999637404425	"<4 average observations per random effect group often inflates coefficients and deflates p-values: consider setting small_random_effects=TRUE and see tutorial"	"prevalence"	40	9
"k__Bacteria|p__Firmicutes|c__Clostridia|o__Eubacteriales|f__Oscillospiraceae|g__GGB9715|s__GGB9715_SGB15265|t__SGB15265"	"timepoint"	"2_weeks"	"timepoint2_weeks"	-0.0969065261403938	0	1.49648133137695	0.948368072054187	1	0.985383751630157	0.999999637404425	"<4 average observations per random effect group often inflates coefficients and deflates p-values: consider setting small_random_effects=TRUE and see tutorial"	"prevalence"	40	11
"k__Bacteria|p__Firmicutes|c__Clostridia|o__Eubacteriales|f__Oscillospiraceae|g__GGB9715|s__GGB9715_SGB15265|t__SGB15265"	"timepoint"	"6_months"	"timepoint6_months"	2.09171242473144	0	1.77856497341529	0.239567912152021	1	0.421743039771164	0.999999637404425	"<4 average observations per random effect group often inflates coefficients and deflates p-values: consider setting small_random_effects=TRUE and see tutorial"	"prevalence"	40	11
"k__Bacteria|p__Firmicutes|c__Clostridia|o__Eubacteriales|f__Oscillospiraceae|g__GGB9715|s__GGB9715_SGB15265|t__SGB15265"	"turmeric_group"	"Treatment"	"turmeric_groupTreatment"	-0.261750588382798	0	2.22431352497087	0.906323575195101	1	0.485489462766548	0.999999637404425	"<4 average observations per random effect group often inflates coefficients and deflates p-values: consider setting small_random_effects=TRUE and see tutorial"	"prevalence"	40	11
"k__Bacteria|p__Firmicutes|c__Clostridia|o__Eubacteriales|f__Oscillospiraceae|g__Oscillibacter|s__Oscillibacter_sp_ER4|t__SGB15254"	"timepoint"	"2_weeks"	"timepoint2_weeks"	-0.0150904940251404	0	1.27619790679015	0.990565576424139	1	0.999910991651791	0.999999637404425	"<4 average observations per random effect group often inflates coefficients and deflates p-values: consider setting small_random_effects=TRUE and see tutorial"	"prevalence"	40	27
"k__Bacteria|p__Firmicutes|c__Clostridia|o__Eubacteriales|f__Oscillospiraceae|g__Oscillibacter|s__Oscillibacter_sp_ER4|t__SGB15254"	"timepoint"	"6_months"	"timepoint6_months"	-0.245613238596754	0	1.34635963727422	0.855247120197374	1	0.87389353429363	0.999999637404425	"<4 average observations per random effect group often inflates coefficients and deflates p-values: consider setting small_random_effects=TRUE and see tutorial"	"prevalence"	40	27
"k__Bacteria|p__Firmicutes|c__Clostridia|o__Eubacteriales|f__Oscillospiraceae|g__Oscillibacter|s__Oscillibacter_sp_ER4|t__SGB15254"	"turmeric_group"	"Treatment"	"turmeric_groupTreatment"	0.464848499034641	0	1.95638120195577	0.812186463650132	1	0.312591482419601	0.999999637404425	"<4 average observations per random effect group often inflates coefficients and deflates p-values: consider setting small_random_effects=TRUE and see tutorial"	"prevalence"	40	27
"k__Bacteria|p__Firmicutes|c__Clostridia|o__Eubacteriales|f__Oscillospiraceae|g__Oscillospiraceae_unclassified|s__Clostridium_leptum|t__SGB14853"	"timepoint"	"2_weeks"	"timepoint2_weeks"	-1.23853593602177	0	0.93504543880865	0.185312818146832	1	0.185312818146832	0.999999637404425	"<4 average observations per random effect group often inflates coefficients and deflates p-values: consider setting small_random_effects=TRUE and see tutorial"	"prevalence"	40	11
"k__Bacteria|p__Firmicutes|c__Clostridia|o__Eubacteriales|f__Oscillospiraceae|g__Oscillospiraceae_unclassified|s__Clostridium_leptum|t__SGB14853"	"timepoint"	"6_months"	"timepoint6_months"	-0.548375293786651	0	0.87282416595779	0.529822537038957	1	0.529822537038957	0.999999637404425	"<4 average observations per random effect group often inflates coefficients and deflates p-values: consider setting small_random_effects=TRUE and see tutorial"	"prevalence"	40	11
"k__Bacteria|p__Firmicutes|c__Clostridia|o__Eubacteriales|f__Oscillospiraceae|g__Oscillospiraceae_unclassified|s__Clostridium_leptum|t__SGB14853"	"turmeric_group"	"Treatment"	"turmeric_groupTreatment"	0.337820546847555	0	0.766849003875906	0.659552764896842	1	0.659552764896842	0.999999637404425	"<4 average observations per random effect group often inflates coefficients and deflates p-values: consider setting small_random_effects=TRUE and see tutorial"	"prevalence"	40	11
"k__Bacteria|p__Firmicutes|c__Clostridia|o__Eubacteriales|f__Oscillospiraceae|g__Oscillospiraceae_unclassified|s__Eubacterium_siraeum|t__SGB4198"	"timepoint"	"2_weeks"	"timepoint2_weeks"	-0.24530115201101	0	1.5880782933028	0.877243781901066	1	0.138953143676439	0.999999637404425	"<4 average observations per random effect group often inflates coefficients and deflates p-values: consider setting small_random_effects=TRUE and see tutorial"	"prevalence"	40	7
"k__Bacteria|p__Firmicutes|c__Clostridia|o__Eubacteriales|f__Oscillospiraceae|g__Oscillospiraceae_unclassified|s__Eubacterium_siraeum|t__SGB4198"	"timepoint"	"6_months"	"timepoint6_months"	0.889182739659746	0	1.65686966058329	0.591499543803612	1	0.833127377287343	0.999999637404425	"<4 average observations per random effect group often inflates coefficients and deflates p-values: consider setting small_random_effects=TRUE and see tutorial"	"prevalence"	40	7
"k__Bacteria|p__Firmicutes|c__Clostridia|o__Eubacteriales|f__Oscillospiraceae|g__Oscillospiraceae_unclassified|s__Eubacterium_siraeum|t__SGB4198"	"turmeric_group"	"Treatment"	"turmeric_groupTreatment"	-0.938355817815503	0	2.31130763617089	0.684753753116094	1	0.829827828467898	0.999999637404425	"<4 average observations per random effect group often inflates coefficients and deflates p-values: consider setting small_random_effects=TRUE and see tutorial"	"prevalence"	40	7
"k__Bacteria|p__Firmicutes|c__Clostridia|o__Eubacteriales|f__Oscillospiraceae|g__Oscillospiraceae_unclassified|s__Oscillospiraceae_unclassified_SGB15256|t__SGB15256"	"timepoint"	"2_weeks"	"timepoint2_weeks"	-0.514369586170912	0	1.56155159301575	0.741856033796134	1	0.84740064851071	0.999999637404425	"<4 average observations per random effect group often inflates coefficients and deflates p-values: consider setting small_random_effects=TRUE and see tutorial"	"prevalence"	40	6
"k__Bacteria|p__Firmicutes|c__Clostridia|o__Eubacteriales|f__Oscillospiraceae|g__Oscillospiraceae_unclassified|s__Oscillospiraceae_unclassified_SGB15256|t__SGB15256"	"timepoint"	"6_months"	"timepoint6_months"	-2.42728984963487	0	2.23737670758151	0.277973894996019	1	0.47867830369278	0.999999637404425	"<4 average observations per random effect group often inflates coefficients and deflates p-values: consider setting small_random_effects=TRUE and see tutorial"	"prevalence"	40	6
"k__Bacteria|p__Firmicutes|c__Clostridia|o__Eubacteriales|f__Oscillospiraceae|g__Oscillospiraceae_unclassified|s__Oscillospiraceae_unclassified_SGB15256|t__SGB15256"	"turmeric_group"	"Treatment"	"turmeric_groupTreatment"	2.21034696495773	0	2.46886469908524	0.370632714778917	1	0.603896820293443	0.999999637404425	"<4 average observations per random effect group often inflates coefficients and deflates p-values: consider setting small_random_effects=TRUE and see tutorial"	"prevalence"	40	6
"k__Bacteria|p__Firmicutes|c__Clostridia|o__Eubacteriales|f__Oscillospiraceae|g__Ruminococcus|s__Ruminococcus_bicirculans|t__SGB4262"	"timepoint"	"2_weeks"	"timepoint2_weeks"	0.21662216080614	0	0.950475254486839	0.819716743716811	1	0.29572071596484	0.999999637404425	"<4 average observations per random effect group often inflates coefficients and deflates p-values: consider setting small_random_effects=TRUE and see tutorial"	"prevalence"	40	26
"k__Bacteria|p__Firmicutes|c__Clostridia|o__Eubacteriales|f__Oscillospiraceae|g__Ruminococcus|s__Ruminococcus_bicirculans|t__SGB4262"	"timepoint"	"6_months"	"timepoint6_months"	1.15228223732777	0	1.10710983679505	0.297967407639782	1	0.507150239263992	0.999999637404425	"<4 average observations per random effect group often inflates coefficients and deflates p-values: consider setting small_random_effects=TRUE and see tutorial"	"prevalence"	40	26
"k__Bacteria|p__Firmicutes|c__Clostridia|o__Eubacteriales|f__Oscillospiraceae|g__Ruminococcus|s__Ruminococcus_bicirculans|t__SGB4262"	"turmeric_group"	"Treatment"	"turmeric_groupTreatment"	-1.90594092264328	0	1.19197562115722	0.109825840011033	1	0.207589964887937	0.999999637404425	"<4 average observations per random effect group often inflates coefficients and deflates p-values: consider setting small_random_effects=TRUE and see tutorial"	"prevalence"	40	26
"k__Bacteria|p__Firmicutes|c__Clostridia|o__Eubacteriales|f__Oscillospiraceae|g__Ruminococcus|s__Ruminococcus_callidus|t__SGB4422"	"timepoint"	"2_weeks"	"timepoint2_weeks"	2.50410797833466	0	2.03764710311603	0.219101305093276	1	0.389026419915954	0.999999637404425	"<4 average observations per random effect group often inflates coefficients and deflates p-values: consider setting small_random_effects=TRUE and see tutorial"	"prevalence"	40	7
"k__Bacteria|p__Firmicutes|c__Clostridia|o__Eubacteriales|f__Oscillospiraceae|g__Ruminococcus|s__Ruminococcus_callidus|t__SGB4422"	"timepoint"	"6_months"	"timepoint6_months"	2.16112137336956	0	2.16214994316109	0.317540781417701	1	0.526142116313952	0.999999637404425	"<4 average observations per random effect group often inflates coefficients and deflates p-values: consider setting small_random_effects=TRUE and see tutorial"	"prevalence"	40	7
"k__Bacteria|p__Firmicutes|c__Clostridia|o__Eubacteriales|f__Oscillospiraceae|g__Ruminococcus|s__Ruminococcus_callidus|t__SGB4422"	"turmeric_group"	"Treatment"	"turmeric_groupTreatment"	-3.46095387537245	0	3.03892378819594	0.25475535653951	1	0.444610421393446	0.999999637404425	"<4 average observations per random effect group often inflates coefficients and deflates p-values: consider setting small_random_effects=TRUE and see tutorial"	"prevalence"	40	7
"k__Bacteria|p__Firmicutes|c__Clostridia|o__Eubacteriales|f__Oscillospiraceae|g__Ruminococcus|s__Ruminococcus_sp_AF41_9|t__SGB25497"	"timepoint"	"2_weeks"	"timepoint2_weeks"	1.90030150452677	0	1.3349572240978	0.154593454669267	1	0.285287773111955	0.999999637404425	"<4 average observations per random effect group often inflates coefficients and deflates p-values: consider setting small_random_effects=TRUE and see tutorial"	"prevalence"	40	12
"k__Bacteria|p__Firmicutes|c__Clostridia|o__Eubacteriales|f__Oscillospiraceae|g__Ruminococcus|s__Ruminococcus_sp_AF41_9|t__SGB25497"	"timepoint"	"6_months"	"timepoint6_months"	-0.331743778421152	0	1.40460512512034	0.813290711232075	1	0.261005514094418	0.999999637404425	"<4 average observations per random effect group often inflates coefficients and deflates p-values: consider setting small_random_effects=TRUE and see tutorial"	"prevalence"	40	12
"k__Bacteria|p__Firmicutes|c__Clostridia|o__Eubacteriales|f__Oscillospiraceae|g__Ruminococcus|s__Ruminococcus_sp_AF41_9|t__SGB25497"	"turmeric_group"	"Treatment"	"turmeric_groupTreatment"	0.434933520862716	0	1.64616802959773	0.791618355954835	1	0.725386955897888	0.999999637404425	"<4 average observations per random effect group often inflates coefficients and deflates p-values: consider setting small_random_effects=TRUE and see tutorial"	"prevalence"	40	12
"k__Bacteria|p__Firmicutes|c__Clostridia|o__Eubacteriales|f__Oscillospiraceae|g__Ruthenibacterium|s__Ruthenibacterium_lactatiformans|t__SGB15271"	"timepoint"	"2_weeks"	"timepoint2_weeks"	-0.366125709512253	0	0.999785034425299	0.714212536152915	1	0.662571847629116	0.999999637404425	"<4 average observations per random effect group often inflates coefficients and deflates p-values: consider setting small_random_effects=TRUE and see tutorial"	"prevalence"	40	17
"k__Bacteria|p__Firmicutes|c__Clostridia|o__Eubacteriales|f__Oscillospiraceae|g__Ruthenibacterium|s__Ruthenibacterium_lactatiformans|t__SGB15271"	"timepoint"	"6_months"	"timepoint6_months"	-1.88518816877377	0	1.29107169565623	0.144242504505827	1	0.267679108905541	0.999999637404425	"<4 average observations per random effect group often inflates coefficients and deflates p-values: consider setting small_random_effects=TRUE and see tutorial"	"prevalence"	40	17
"k__Bacteria|p__Firmicutes|c__Clostridia|o__Eubacteriales|f__Oscillospiraceae|g__Ruthenibacterium|s__Ruthenibacterium_lactatiformans|t__SGB15271"	"turmeric_group"	"Treatment"	"turmeric_groupTreatment"	0.332744869285034	0	1.28815838340569	0.796167263474008	1	0.382963041214099	0.999999637404425	"<4 average observations per random effect group often inflates coefficients and deflates p-values: consider setting small_random_effects=TRUE and see tutorial"	"prevalence"	40	17
"k__Bacteria|p__Firmicutes|c__Clostridia|o__Eubacteriales|f__Oscillospiraceae|g__Vescimonas|s__Vescimonas_coprocola|t__SGB15089"	"timepoint"	"2_weeks"	"timepoint2_weeks"	1.18080644042169	0	1.20136904089884	0.32566452023762	1	0.545271660733641	0.999999637404425	"<4 average observations per random effect group often inflates coefficients and deflates p-values: consider setting small_random_effects=TRUE and see tutorial"	"prevalence"	40	24
"k__Bacteria|p__Firmicutes|c__Clostridia|o__Eubacteriales|f__Oscillospiraceae|g__Vescimonas|s__Vescimonas_coprocola|t__SGB15089"	"timepoint"	"6_months"	"timepoint6_months"	0.027907785778196	0	1.18822208957386	0.981261799019821	1	0.771071032004491	0.999999637404425	"<4 average observations per random effect group often inflates coefficients and deflates p-values: consider setting small_random_effects=TRUE and see tutorial"	"prevalence"	40	24
"k__Bacteria|p__Firmicutes|c__Clostridia|o__Eubacteriales|f__Oscillospiraceae|g__Vescimonas|s__Vescimonas_coprocola|t__SGB15089"	"turmeric_group"	"Treatment"	"turmeric_groupTreatment"	0.222472682746409	0	1.57117453987481	0.887398798534458	1	0.422771467310497	0.999999637404425	"<4 average observations per random effect group often inflates coefficients and deflates p-values: consider setting small_random_effects=TRUE and see tutorial"	"prevalence"	40	24
"k__Bacteria|p__Firmicutes|c__Erysipelotrichia|o__Erysipelotrichales|f__Erysipelotrichaceae|g__Catenibacterium|s__Candidatus_Catenibacterium_tridentinum|t__SGB6783"	"timepoint"	"2_weeks"	"timepoint2_weeks"	-2.44830039416347	0	1.95611955835395	0.210711711916788	1	0.210711711916788	0.999999637404425	"<4 average observations per random effect group often inflates coefficients and deflates p-values: consider setting small_random_effects=TRUE and see tutorial"	"prevalence"	40	6
"k__Bacteria|p__Firmicutes|c__Erysipelotrichia|o__Erysipelotrichales|f__Erysipelotrichaceae|g__Catenibacterium|s__Candidatus_Catenibacterium_tridentinum|t__SGB6783"	"timepoint"	"6_months"	"timepoint6_months"	-2.36226411239048	0	2.03406280213036	0.245498539038179	1	0.245498539038179	0.999999637404425	"<4 average observations per random effect group often inflates coefficients and deflates p-values: consider setting small_random_effects=TRUE and see tutorial"	"prevalence"	40	6
"k__Bacteria|p__Firmicutes|c__Erysipelotrichia|o__Erysipelotrichales|f__Erysipelotrichaceae|g__Catenibacterium|s__Candidatus_Catenibacterium_tridentinum|t__SGB6783"	"turmeric_group"	"Treatment"	"turmeric_groupTreatment"	-1.35927591035604	0	2.33926788731277	0.561193991462887	1	0.561193991462887	0.999999637404425	"<4 average observations per random effect group often inflates coefficients and deflates p-values: consider setting small_random_effects=TRUE and see tutorial"	"prevalence"	40	6
"k__Bacteria|p__Firmicutes|c__Erysipelotrichia|o__Erysipelotrichales|f__Erysipelotrichaceae|g__Holdemanella|s__Holdemanella_biformis|t__SGB6806"	"timepoint"	"2_weeks"	"timepoint2_weeks"	-1.17153016473518	0	1.47463994689741	0.426932535606331	1	0.446123175879353	0.999999637404425	"<4 average observations per random effect group often inflates coefficients and deflates p-values: consider setting small_random_effects=TRUE and see tutorial"	"prevalence"	40	15
"k__Bacteria|p__Firmicutes|c__Erysipelotrichia|o__Erysipelotrichales|f__Erysipelotrichaceae|g__Holdemanella|s__Holdemanella_biformis|t__SGB6806"	"timepoint"	"6_months"	"timepoint6_months"	0.876168155537295	0	1.52928028636724	0.566693153168776	1	0.645272039411235	0.999999637404425	"<4 average observations per random effect group often inflates coefficients and deflates p-values: consider setting small_random_effects=TRUE and see tutorial"	"prevalence"	40	15
"k__Bacteria|p__Firmicutes|c__Erysipelotrichia|o__Erysipelotrichales|f__Erysipelotrichaceae|g__Holdemanella|s__Holdemanella_biformis|t__SGB6806"	"turmeric_group"	"Treatment"	"turmeric_groupTreatment"	3.27774385455028	0	2.57791942591364	0.203561956644393	1	0.365686443095893	0.999999637404425	"<4 average observations per random effect group often inflates coefficients and deflates p-values: consider setting small_random_effects=TRUE and see tutorial"	"prevalence"	40	15
"k__Bacteria|p__Firmicutes|c__Erysipelotrichia|o__Erysipelotrichales|f__Erysipelotrichaceae|g__Holdemanella|s__Holdemanella_porci|t__SGB6796"	"timepoint"	"2_weeks"	"timepoint2_weeks"	2.69323934410045	0	2.08740476318477	0.196969632882743	1	0.152414302659912	0.999999637404425	"<4 average observations per random effect group often inflates coefficients and deflates p-values: consider setting small_random_effects=TRUE and see tutorial"	"prevalence"	40	9
"k__Bacteria|p__Firmicutes|c__Erysipelotrichia|o__Erysipelotrichales|f__Erysipelotrichaceae|g__Holdemanella|s__Holdemanella_porci|t__SGB6796"	"timepoint"	"6_months"	"timepoint6_months"	1.01167135448947	0	1.99070411325754	0.611314667502582	1	0.0311992295405217	0.999999637404425	"<4 average observations per random effect group often inflates coefficients and deflates p-values: consider setting small_random_effects=TRUE and see tutorial"	"prevalence"	40	9
"k__Bacteria|p__Firmicutes|c__Erysipelotrichia|o__Erysipelotrichales|f__Erysipelotrichaceae|g__Holdemanella|s__Holdemanella_porci|t__SGB6796"	"turmeric_group"	"Treatment"	"turmeric_groupTreatment"	-5.55396733813637	0	2.98660611883237	0.0629386028723171	1	0.103322671865015	0.999999637404425	"<4 average observations per random effect group often inflates coefficients and deflates p-values: consider setting small_random_effects=TRUE and see tutorial"	"prevalence"	40	9
"k__Bacteria|p__Firmicutes|c__Firmicutes_unclassified|o__Firmicutes_unclassified|f__Firmicutes_unclassified|g__Firmicutes_unclassified|s__Firmicutes_bacterium_AF16_15|t__SGB4993"	"timepoint"	"2_weeks"	"timepoint2_weeks"	-1.72642682598201	0	1.96957359682771	0.380731910107182	1	0.616507032840501	0.999999637404425	"<4 average observations per random effect group often inflates coefficients and deflates p-values: consider setting small_random_effects=TRUE and see tutorial"	"prevalence"	40	36
"k__Bacteria|p__Firmicutes|c__Firmicutes_unclassified|o__Firmicutes_unclassified|f__Firmicutes_unclassified|g__Firmicutes_unclassified|s__Firmicutes_bacterium_AF16_15|t__SGB4993"	"timepoint"	"6_months"	"timepoint6_months"	-0.187548639687679	0	2.23234052553219	0.9330450219377	1	0.828967730084098	0.999999637404425	"<4 average observations per random effect group often inflates coefficients and deflates p-values: consider setting small_random_effects=TRUE and see tutorial"	"prevalence"	40	36
"k__Bacteria|p__Firmicutes|c__Firmicutes_unclassified|o__Firmicutes_unclassified|f__Firmicutes_unclassified|g__Firmicutes_unclassified|s__Firmicutes_bacterium_AF16_15|t__SGB4993"	"turmeric_group"	"Treatment"	"turmeric_groupTreatment"	-0.288989761413086	0	2.54354077065195	0.909541320284039	1	0.50012306219127	0.999999637404425	"<4 average observations per random effect group often inflates coefficients and deflates p-values: consider setting small_random_effects=TRUE and see tutorial"	"prevalence"	40	36
"k__Bacteria|p__Firmicutes|c__Firmicutes_unclassified|o__Firmicutes_unclassified|f__Firmicutes_unclassified|g__GGB9512|s__GGB9512_SGB14909|t__SGB14909"	"timepoint"	"2_weeks"	"timepoint2_weeks"	0.936024012556485	0	1.31424551879784	0.47633229026225	1	0.459442957742397	0.999999637404425	"<4 average observations per random effect group often inflates coefficients and deflates p-values: consider setting small_random_effects=TRUE and see tutorial"	"prevalence"	40	7
"k__Bacteria|p__Firmicutes|c__Firmicutes_unclassified|o__Firmicutes_unclassified|f__Firmicutes_unclassified|g__GGB9512|s__GGB9512_SGB14909|t__SGB14909"	"timepoint"	"6_months"	"timepoint6_months"	0.314966676690228	0	1.43132194406508	0.825829884167544	1	0.1802186127591	0.999999637404425	"<4 average observations per random effect group often inflates coefficients and deflates p-values: consider setting small_random_effects=TRUE and see tutorial"	"prevalence"	40	7
"k__Bacteria|p__Firmicutes|c__Firmicutes_unclassified|o__Firmicutes_unclassified|f__Firmicutes_unclassified|g__GGB9512|s__GGB9512_SGB14909|t__SGB14909"	"turmeric_group"	"Treatment"	"turmeric_groupTreatment"	2.08902862672179	0	1.82018288781761	0.251091358876192	1	0.439135847250092	0.999999637404425	"<4 average observations per random effect group often inflates coefficients and deflates p-values: consider setting small_random_effects=TRUE and see tutorial"	"prevalence"	40	7
"k__Bacteria|p__Firmicutes|c__Negativicutes|o__Acidaminococcales|f__Acidaminococcaceae|g__Phascolarctobacterium|s__Phascolarctobacterium_faecium|t__SGB5792"	"timepoint"	"2_weeks"	"timepoint2_weeks"	0.0738758607199375	0	1.27533955795606	0.953807234685379	1	0.863211040119157	0.999999637404425	"<4 average observations per random effect group often inflates coefficients and deflates p-values: consider setting small_random_effects=TRUE and see tutorial"	"prevalence"	40	13
"k__Bacteria|p__Firmicutes|c__Negativicutes|o__Acidaminococcales|f__Acidaminococcaceae|g__Phascolarctobacterium|s__Phascolarctobacterium_faecium|t__SGB5792"	"timepoint"	"6_months"	"timepoint6_months"	0.343778026691581	0	1.35122581065156	0.799171583965116	1	0.635864075823231	0.999999637404425	"<4 average observations per random effect group often inflates coefficients and deflates p-values: consider setting small_random_effects=TRUE and see tutorial"	"prevalence"	40	13
"k__Bacteria|p__Firmicutes|c__Negativicutes|o__Acidaminococcales|f__Acidaminococcaceae|g__Phascolarctobacterium|s__Phascolarctobacterium_faecium|t__SGB5792"	"turmeric_group"	"Treatment"	"turmeric_groupTreatment"	-1.35515858565594	0	1.93137517602386	0.482894492547974	1	0.724894634131596	0.999999637404425	"<4 average observations per random effect group often inflates coefficients and deflates p-values: consider setting small_random_effects=TRUE and see tutorial"	"prevalence"	40	13
"k__Bacteria|p__Firmicutes|c__Negativicutes|o__Acidaminococcales|f__Acidaminococcaceae|g__Phascolarctobacterium|s__Phascolarctobacterium_succinatutens|t__SGB5763_group"	"timepoint"	"2_weeks"	"timepoint2_weeks"	-0.213037849999493	0	1.69641991175984	0.90006372450689	1	0.121100514450822	0.999999637404425	"<4 average observations per random effect group often inflates coefficients and deflates p-values: consider setting small_random_effects=TRUE and see tutorial"	"prevalence"	40	6
"k__Bacteria|p__Firmicutes|c__Negativicutes|o__Acidaminococcales|f__Acidaminococcaceae|g__Phascolarctobacterium|s__Phascolarctobacterium_succinatutens|t__SGB5763_group"	"timepoint"	"6_months"	"timepoint6_months"	-0.635402522650282	0	2.08253353366641	0.760282113299725	1	0.191548319949594	0.999999637404425	"<4 average observations per random effect group often inflates coefficients and deflates p-values: consider setting small_random_effects=TRUE and see tutorial"	"prevalence"	40	6
"k__Bacteria|p__Firmicutes|c__Negativicutes|o__Acidaminococcales|f__Acidaminococcaceae|g__Phascolarctobacterium|s__Phascolarctobacterium_succinatutens|t__SGB5763_group"	"turmeric_group"	"Treatment"	"turmeric_groupTreatment"	-2.00445084919751	0	2.71398994796695	0.460172781034582	1	0.402127516698022	0.999999637404425	"<4 average observations per random effect group often inflates coefficients and deflates p-values: consider setting small_random_effects=TRUE and see tutorial"	"prevalence"	40	6
"k__Bacteria|p__Firmicutes|c__Negativicutes|o__Veillonellales|f__Veillonellaceae|g__Dialister|s__Dialister_invisus|t__SGB5825_group"	"timepoint"	"2_weeks"	"timepoint2_weeks"	-0.458049556522924	0	1.15644575175431	0.692043126752402	1	0.440864741356173	0.999999637404425	"<4 average observations per random effect group often inflates coefficients and deflates p-values: consider setting small_random_effects=TRUE and see tutorial"	"prevalence"	40	11
"k__Bacteria|p__Firmicutes|c__Negativicutes|o__Veillonellales|f__Veillonellaceae|g__Dialister|s__Dialister_invisus|t__SGB5825_group"	"timepoint"	"6_months"	"timepoint6_months"	0.173729786795966	0	1.22628000265134	0.887338933955785	1	0.987307484197781	0.999999637404425	"<4 average observations per random effect group often inflates coefficients and deflates p-values: consider setting small_random_effects=TRUE and see tutorial"	"prevalence"	40	11
"k__Bacteria|p__Firmicutes|c__Negativicutes|o__Veillonellales|f__Veillonellaceae|g__Dialister|s__Dialister_invisus|t__SGB5825_group"	"turmeric_group"	"Treatment"	"turmeric_groupTreatment"	-0.0582158055786726	0	1.52355936911491	0.969519932792306	1	0.809699006205165	0.999999637404425	"<4 average observations per random effect group often inflates coefficients and deflates p-values: consider setting small_random_effects=TRUE and see tutorial"	"prevalence"	40	11
"k__Bacteria|p__Proteobacteria|c__Betaproteobacteria|o__Burkholderiales|f__Sutterellaceae|g__Parasutterella|s__Parasutterella_excrementihominis|t__SGB9262"	"timepoint"	"2_weeks"	"timepoint2_weeks"	0.31893075790522	0	1.16610289117444	0.784467826442046	1	0.784467826442046	0.999999637404425	"<4 average observations per random effect group often inflates coefficients and deflates p-values: consider setting small_random_effects=TRUE and see tutorial"	"prevalence"	40	5
"k__Bacteria|p__Proteobacteria|c__Betaproteobacteria|o__Burkholderiales|f__Sutterellaceae|g__Parasutterella|s__Parasutterella_excrementihominis|t__SGB9262"	"timepoint"	"6_months"	"timepoint6_months"	-0.36988753833714	0	1.37717784204219	0.788250047013052	1	0.788250047013052	0.999999637404425	"<4 average observations per random effect group often inflates coefficients and deflates p-values: consider setting small_random_effects=TRUE and see tutorial"	"prevalence"	40	5
"k__Bacteria|p__Proteobacteria|c__Betaproteobacteria|o__Burkholderiales|f__Sutterellaceae|g__Parasutterella|s__Parasutterella_excrementihominis|t__SGB9262"	"turmeric_group"	"Treatment"	"turmeric_groupTreatment"	-0.0270745335934181	0	1.18886111561378	0.981830943138448	1	0.981830943138448	0.999999637404425	"<4 average observations per random effect group often inflates coefficients and deflates p-values: consider setting small_random_effects=TRUE and see tutorial"	"prevalence"	40	5
"k__Bacteria|p__Proteobacteria|c__CFGB2403|o__OFGB2403|f__FGB2403|g__GGB6601|s__GGB6601_SGB9333|t__SGB9333"	"timepoint"	"2_weeks"	"timepoint2_weeks"	-0.936995484055946	0	1.53424175158275	0.541383512443916	1	0.789670917341721	0.999999637404425	"<4 average observations per random effect group often inflates coefficients and deflates p-values: consider setting small_random_effects=TRUE and see tutorial"	"prevalence"	40	6
"k__Bacteria|p__Proteobacteria|c__CFGB2403|o__OFGB2403|f__FGB2403|g__GGB6601|s__GGB6601_SGB9333|t__SGB9333"	"timepoint"	"6_months"	"timepoint6_months"	-2.48635073405099	0	2.22935171338638	0.264730577089437	1	0.459378875732767	0.999999637404425	"<4 average observations per random effect group often inflates coefficients and deflates p-values: consider setting small_random_effects=TRUE and see tutorial"	"prevalence"	40	6
"k__Bacteria|p__Proteobacteria|c__CFGB2403|o__OFGB2403|f__FGB2403|g__GGB6601|s__GGB6601_SGB9333|t__SGB9333"	"turmeric_group"	"Treatment"	"turmeric_groupTreatment"	2.40285164639928	0	2.34181349457972	0.30486119149658	1	0.516782036912446	0.999999637404425	"<4 average observations per random effect group often inflates coefficients and deflates p-values: consider setting small_random_effects=TRUE and see tutorial"	"prevalence"	40	6
"k__Bacteria|p__Proteobacteria|c__Deltaproteobacteria|o__Desulfovibrionales|f__Desulfovibrionaceae|g__Bilophila|s__Bilophila_wadsworthia|t__SGB15452"	"timepoint"	"2_weeks"	"timepoint2_weeks"	-0.664655551343336	0	0.918227311266352	0.469160027656605	1	0.35550099326969	0.999999637404425	"<4 average observations per random effect group often inflates coefficients and deflates p-values: consider setting small_random_effects=TRUE and see tutorial"	"prevalence"	40	18
"k__Bacteria|p__Proteobacteria|c__Deltaproteobacteria|o__Desulfovibrionales|f__Desulfovibrionaceae|g__Bilophila|s__Bilophila_wadsworthia|t__SGB15452"	"timepoint"	"6_months"	"timepoint6_months"	1.12593310251946	0	1.01536135164363	0.267473791387637	1	0.322868035038095	0.999999637404425	"<4 average observations per random effect group often inflates coefficients and deflates p-values: consider setting small_random_effects=TRUE and see tutorial"	"prevalence"	40	18
"k__Bacteria|p__Proteobacteria|c__Deltaproteobacteria|o__Desulfovibrionales|f__Desulfovibrionaceae|g__Bilophila|s__Bilophila_wadsworthia|t__SGB15452"	"turmeric_group"	"Treatment"	"turmeric_groupTreatment"	-0.10492862543787	0	0.997288707831888	0.916206088448905	1	0.383411833718837	0.999999637404425	"<4 average observations per random effect group often inflates coefficients and deflates p-values: consider setting small_random_effects=TRUE and see tutorial"	"prevalence"	40	18
"k__Bacteria|p__Verrucomicrobia|c__Verrucomicrobiae|o__Verrucomicrobiales|f__Akkermansiaceae|g__Akkermansia|s__Akkermansia_muciniphila|t__SGB9226"	"timepoint"	"2_weeks"	"timepoint2_weeks"	0.590040214944826	0	1.22208745727129	0.629228226921484	1	0.862528292288214	0.999999637404425	"<4 average observations per random effect group often inflates coefficients and deflates p-values: consider setting small_random_effects=TRUE and see tutorial"	"prevalence"	40	12
"k__Bacteria|p__Verrucomicrobia|c__Verrucomicrobiae|o__Verrucomicrobiales|f__Akkermansiaceae|g__Akkermansia|s__Akkermansia_muciniphila|t__SGB9226"	"timepoint"	"6_months"	"timepoint6_months"	0.794346603272133	0	1.27994802842904	0.534857257330096	1	0.72305818000074	0.999999637404425	"<4 average observations per random effect group often inflates coefficients and deflates p-values: consider setting small_random_effects=TRUE and see tutorial"	"prevalence"	40	12
"k__Bacteria|p__Verrucomicrobia|c__Verrucomicrobiae|o__Verrucomicrobiales|f__Akkermansiaceae|g__Akkermansia|s__Akkermansia_muciniphila|t__SGB9226"	"turmeric_group"	"Treatment"	"turmeric_groupTreatment"	0.85462867312	0	1.78313369742739	0.631736115567057	1	0.86438171142236	0.999999637404425	"<4 average observations per random effect group often inflates coefficients and deflates p-values: consider setting small_random_effects=TRUE and see tutorial"	"prevalence"	40	12
"k__Bacteria|p__Actinobacteria|c__Actinomycetia|o__Bifidobacteriales|f__Bifidobacteriaceae|g__Bifidobacterium|s__Bifidobacterium_bifidum|t__SGB17256"	"timepoint"	"2_weeks"	"timepoint2_weeks"	1.4825589220269	NA	0.00710540387767107	0.00305101944775187	NA	0.762506299457792	0.999999637404425	"Model may not have converged with 1 eigenvalue close to zero: 7.0e-11"	"abundance"	40	5
"k__Bacteria|p__Actinobacteria|c__Actinomycetia|o__Bifidobacteriales|f__Bifidobacteriaceae|g__Bifidobacterium|s__Bifidobacterium_bifidum|t__SGB17256"	"timepoint"	"6_months"	"timepoint6_months"	5.45859868672261	NA	0.025854046998796	0.00301525183209333	NA	0.96830409229342	0.999999637404425	"Model may not have converged with 1 eigenvalue close to zero: 7.0e-11"	"abundance"	40	5
"k__Bacteria|p__Actinobacteria|c__Actinomycetia|o__Bifidobacteriales|f__Bifidobacteriaceae|g__Bifidobacterium|s__Bifidobacterium_bifidum|t__SGB17256"	"turmeric_group"	"Treatment"	"turmeric_groupTreatment"	-4.74263676120814	NA	0.0220944407503159	0.00296578525841672	NA	0.385352585438669	0.999999637404425	"Model may not have converged with 1 eigenvalue close to zero: 7.0e-11"	"abundance"	40	5
"k__Bacteria|p__Actinobacteria|c__Actinomycetia|o__Bifidobacteriales|f__Bifidobacteriaceae|g__Bifidobacterium|s__Bifidobacterium_catenulatum|t__SGB17241"	"timepoint"	"2_weeks"	"timepoint2_weeks"	NA	NA	NA	NA	NA	NA	NA	"contrasts can be applied only to factors with 2 or more levels"	"abundance"	40	10
"k__Bacteria|p__Actinobacteria|c__Actinomycetia|o__Bifidobacteriales|f__Bifidobacteriaceae|g__Bifidobacterium|s__Bifidobacterium_catenulatum|t__SGB17241"	"timepoint"	"6_months"	"timepoint6_months"	NA	NA	NA	NA	NA	NA	NA	"contrasts can be applied only to factors with 2 or more levels"	"abundance"	40	10
"k__Bacteria|p__Actinobacteria|c__Actinomycetia|o__Bifidobacteriales|f__Bifidobacteriaceae|g__Bifidobacterium|s__Bifidobacterium_catenulatum|t__SGB17241"	"turmeric_group"	"Treatment"	"turmeric_groupTreatment"	NA	NA	NA	NA	NA	NA	NA	"contrasts can be applied only to factors with 2 or more levels"	"abundance"	40	10
"k__Bacteria|p__Actinobacteria|c__Coriobacteriia|o__Eggerthellales|f__Eggerthellaceae|g__Slackia|s__Slackia_isoflavoniconvertens|t__SGB14773"	"timepoint"	"2_weeks"	"timepoint2_weeks"	-1.117856530441	NA	0.000301498684732877	7.27442482258921e-08	NA	0.703109383209779	0.999999637404425	"Model may not have converged with 1 eigenvalue close to zero: 8.8e-12"	"abundance"	40	6
"k__Bacteria|p__Actinobacteria|c__Coriobacteriia|o__Eggerthellales|f__Eggerthellaceae|g__Slackia|s__Slackia_isoflavoniconvertens|t__SGB14773"	"timepoint"	"6_months"	"timepoint6_months"	1.62491540967965	NA	0.000301498685884663	3.44278030880798e-08	NA	0.337186749263467	0.999999637404425	"Model may not have converged with 1 eigenvalue close to zero: 8.8e-12"	"abundance"	40	6
"k__Bacteria|p__Actinobacteria|c__Coriobacteriia|o__Eggerthellales|f__Eggerthellaceae|g__Slackia|s__Slackia_isoflavoniconvertens|t__SGB14773"	"turmeric_group"	"Treatment"	"turmeric_groupTreatment"	0.358335994831485	NA	2.29951355999208	0.890473601585755	NA	0.242308187597263	0.999999637404425	"Model may not have converged with 1 eigenvalue close to zero: 8.8e-12"	"abundance"	40	6
"k__Bacteria|p__Bacteroidetes|c__Bacteroidia|o__Bacteroidales|f__Bacteroidaceae|g__Bacteroides|s__Bacteroides_eggerthii|t__SGB1829"	"timepoint"	"2_weeks"	"timepoint2_weeks"	NA	NA	NA	NA	NA	0.999999637404425	0.999999637404425	"No data points have the baseline factor level"	"abundance"	40	6
"k__Bacteria|p__Bacteroidetes|c__Bacteroidia|o__Bacteroidales|f__Bacteroidaceae|g__Bacteroides|s__Bacteroides_eggerthii|t__SGB1829"	"timepoint"	"6_months"	"timepoint6_months"	NA	NA	NA	NA	NA	0.999986630281758	0.999999637404425	"No data points have the baseline factor level"	"abundance"	40	6
"k__Bacteria|p__Bacteroidetes|c__Bacteroidia|o__Bacteroidales|f__Bacteroidaceae|g__Bacteroides|s__Bacteroides_eggerthii|t__SGB1829"	"turmeric_group"	"Treatment"	"turmeric_groupTreatment"	NA	NA	NA	NA	NA	0.962089731098807	0.999999637404425	"No data points have the baseline factor level"	"abundance"	40	6
"k__Bacteria|p__Bacteroidetes|c__Bacteroidia|o__Bacteroidales|f__Bacteroidaceae|g__Bacteroides|s__Bacteroides_thetaiotaomicron|t__SGB1861"	"timepoint"	"6_months"	"timepoint6_months"	NA	NA	NA	NA	NA	0.95801017949897	0.999999637404425	"Fitting error (NA p-value returned from fitting procedure)"	"abundance"	40	6
"k__Bacteria|p__Bacteroidetes|c__Bacteroidia|o__Bacteroidales|f__Bacteroidaceae|g__GGB1387|s__GGB1387_SGB1895|t__SGB1895"	"timepoint"	"2_weeks"	"timepoint2_weeks"	-1.22860977986409	NA	0.474391557662082	0.12232680344115	NA	0.908735304464521	0.999999637404425	"Model may not have converged with 1 eigenvalue close to zero: 1.5e-11"	"abundance"	40	6
"k__Bacteria|p__Bacteroidetes|c__Bacteroidia|o__Bacteroidales|f__Bacteroidaceae|g__GGB1387|s__GGB1387_SGB1895|t__SGB1895"	"timepoint"	"6_months"	"timepoint6_months"	-1.72563844691607	NA	0.474391557662082	0.0679605496551184	NA	0.836303574003583	0.999999637404425	"Model may not have converged with 1 eigenvalue close to zero: 1.5e-11"	"abundance"	40	6
"k__Bacteria|p__Bacteroidetes|c__Bacteroidia|o__Bacteroidales|f__Bacteroidaceae|g__GGB1387|s__GGB1387_SGB1895|t__SGB1895"	"turmeric_group"	"Treatment"	"turmeric_groupTreatment"	-4.02134390621493	NA	1.76985486511572	0.15101757414738	NA	0.710007906790425	0.999999637404425	"Model may not have converged with 1 eigenvalue close to zero: 1.5e-11"	"abundance"	40	6
"k__Bacteria|p__Bacteroidetes|c__Bacteroidia|o__Bacteroidales|f__Prevotellaceae|g__Prevotella|s__Prevotella_copri_clade_C|t__SGB1644"	"timepoint"	"2_weeks"	"timepoint2_weeks"	-2.00408190623939	NA	0.848968876955238	0.255094222457362	NA	0.913388732420501	0.999999637404425	"Model may not have converged with 1 eigenvalue close to zero: 1.6e-09"	"abundance"	40	5
"k__Bacteria|p__Bacteroidetes|c__Bacteroidia|o__Bacteroidales|f__Prevotellaceae|g__Prevotella|s__Prevotella_copri_clade_C|t__SGB1644"	"timepoint"	"6_months"	"timepoint6_months"	-2.58905166409259	NA	1.12308025962868	0.260558468040737	NA	0.890009792632585	0.999999637404425	"Model may not have converged with 1 eigenvalue close to zero: 1.6e-09"	"abundance"	40	5
"k__Bacteria|p__Bacteroidetes|c__Bacteroidia|o__Bacteroidales|f__Prevotellaceae|g__Prevotella|s__Prevotella_copri_clade_C|t__SGB1644"	"turmeric_group"	"Treatment"	"turmeric_groupTreatment"	0.956565733912277	NA	0.874549591100471	0.471504676228807	NA	0.82283478071684	0.999999637404425	"Model may not have converged with 1 eigenvalue close to zero: 1.6e-09"	"abundance"	40	5
"k__Bacteria|p__Bacteroidetes|c__Bacteroidia|o__Bacteroidales|f__Rikenellaceae|g__Alistipes|s__Alistipes_indistinctus|t__SGB2325"	"timepoint"	"2_weeks"	"timepoint2_weeks"	NA	NA	NA	NA	NA	0.9992103931631	0.999999637404425	"No data points have the baseline factor level"	"abundance"	40	7
"k__Bacteria|p__Bacteroidetes|c__Bacteroidia|o__Bacteroidales|f__Rikenellaceae|g__Alistipes|s__Alistipes_indistinctus|t__SGB2325"	"timepoint"	"6_months"	"timepoint6_months"	NA	NA	NA	NA	NA	0.147016727903365	0.999999637404425	"No data points have the baseline factor level"	"abundance"	40	7
"k__Bacteria|p__Bacteroidetes|c__Bacteroidia|o__Bacteroidales|f__Rikenellaceae|g__Alistipes|s__Alistipes_indistinctus|t__SGB2325"	"turmeric_group"	"Treatment"	"turmeric_groupTreatment"	NA	NA	NA	NA	NA	0.954252774864132	0.999999637404425	"No data points have the baseline factor level"	"abundance"	40	7
"k__Bacteria|p__Bacteroidetes|c__CFGB1670|o__OFGB1670|f__FGB1670|g__GGB47687|s__GGB47687_SGB2286|t__SGB2286"	"timepoint"	"2_weeks"	"timepoint2_weeks"	-0.397591109288881	NA	0.263693261437185	0.372815802738477	NA	0.913112685542588	0.999999637404425	"Model may not have converged with 1 eigenvalue close to zero: 1.8e-11"	"abundance"	40	5
"k__Bacteria|p__Bacteroidetes|c__CFGB1670|o__OFGB1670|f__FGB1670|g__GGB47687|s__GGB47687_SGB2286|t__SGB2286"	"timepoint"	"6_months"	"timepoint6_months"	-0.923483497065238	NA	0.348833396083165	0.229926439144044	NA	0.890189888720548	0.999999637404425	"Model may not have converged with 1 eigenvalue close to zero: 1.8e-11"	"abundance"	40	5
"k__Bacteria|p__Bacteroidetes|c__CFGB1670|o__OFGB1670|f__FGB1670|g__GGB47687|s__GGB47687_SGB2286|t__SGB2286"	"turmeric_group"	"Treatment"	"turmeric_groupTreatment"	-1.89996108889428	NA	1.18068168194952	0.353975729350647	NA	0.823130056850567	0.999999637404425	"Model may not have converged with 1 eigenvalue close to zero: 1.8e-11"	"abundance"	40	5
"k__Bacteria|p__Firmicutes|c__CFGB1354|o__OFGB1354|f__FGB1354|g__GGB3304|s__GGB3304_SGB4367|t__SGB4367"	"timepoint"	"2_weeks"	"timepoint2_weeks"	NA	NA	NA	NA	NA	0.371502919568011	0.999999637404425	"No data points have the baseline factor level"	"abundance"	40	5
"k__Bacteria|p__Firmicutes|c__CFGB1354|o__OFGB1354|f__FGB1354|g__GGB3304|s__GGB3304_SGB4367|t__SGB4367"	"timepoint"	"6_months"	"timepoint6_months"	NA	NA	NA	NA	NA	0.37163574658005	0.999999637404425	"No data points have the baseline factor level"	"abundance"	40	5
"k__Bacteria|p__Firmicutes|c__CFGB1354|o__OFGB1354|f__FGB1354|g__GGB3304|s__GGB3304_SGB4367|t__SGB4367"	"turmeric_group"	"Treatment"	"turmeric_groupTreatment"	NA	NA	NA	NA	NA	0.967713315170541	0.999999637404425	"No data points have the baseline factor level"	"abundance"	40	5
"k__Bacteria|p__Firmicutes|c__CFGB2949|o__OFGB2949|f__FGB2949|g__GGB9290|s__GGB9290_SGB14247|t__SGB14247"	"timepoint"	"2_weeks"	"timepoint2_weeks"	NA	NA	NA	NA	NA	0.187902722204824	0.999999637404425	"No data points have the baseline factor level"	"abundance"	40	6
"k__Bacteria|p__Firmicutes|c__CFGB2949|o__OFGB2949|f__FGB2949|g__GGB9290|s__GGB9290_SGB14247|t__SGB14247"	"timepoint"	"6_months"	"timepoint6_months"	NA	NA	NA	NA	NA	0.39847374708588	0.999999637404425	"No data points have the baseline factor level"	"abundance"	40	6
"k__Bacteria|p__Firmicutes|c__CFGB2949|o__OFGB2949|f__FGB2949|g__GGB9290|s__GGB9290_SGB14247|t__SGB14247"	"turmeric_group"	"Treatment"	"turmeric_groupTreatment"	NA	NA	NA	NA	NA	0.947752939073226	0.999999637404425	"No data points have the baseline factor level"	"abundance"	40	6
"k__Bacteria|p__Firmicutes|c__CFGB3054|o__OFGB3054|f__FGB3054|g__GGB9677|s__GGB9677_SGB15180|t__SGB15180"	"timepoint"	"2_weeks"	"timepoint2_weeks"	NA	NA	NA	NA	NA	NA	NA	"No data points have the baseline factor level"	"abundance"	40	5
"k__Bacteria|p__Firmicutes|c__CFGB3054|o__OFGB3054|f__FGB3054|g__GGB9677|s__GGB9677_SGB15180|t__SGB15180"	"timepoint"	"6_months"	"timepoint6_months"	NA	NA	NA	NA	NA	NA	NA	"No data points have the baseline factor level"	"abundance"	40	5
"k__Bacteria|p__Firmicutes|c__CFGB3054|o__OFGB3054|f__FGB3054|g__GGB9677|s__GGB9677_SGB15180|t__SGB15180"	"turmeric_group"	"Treatment"	"turmeric_groupTreatment"	NA	NA	NA	NA	NA	NA	NA	"No data points have the baseline factor level"	"abundance"	40	5
"k__Bacteria|p__Firmicutes|c__CFGB74461|o__OFGB74461|f__FGB74461|g__GGB9524|s__GGB9524_SGB14924|t__SGB14924"	"timepoint"	"2_weeks"	"timepoint2_weeks"	NA	NA	NA	NA	NA	0.398583283148672	0.999999637404425	"No data points have the baseline factor level"	"abundance"	40	6
"k__Bacteria|p__Firmicutes|c__CFGB74461|o__OFGB74461|f__FGB74461|g__GGB9524|s__GGB9524_SGB14924|t__SGB14924"	"timepoint"	"6_months"	"timepoint6_months"	NA	NA	NA	NA	NA	0.18800962803774	0.999999637404425	"No data points have the baseline factor level"	"abundance"	40	6
"k__Bacteria|p__Firmicutes|c__CFGB74461|o__OFGB74461|f__FGB74461|g__GGB9524|s__GGB9524_SGB14924|t__SGB14924"	"turmeric_group"	"Treatment"	"turmeric_groupTreatment"	NA	NA	NA	NA	NA	0.918208385759871	0.999999637404425	"No data points have the baseline factor level"	"abundance"	40	6
"k__Bacteria|p__Firmicutes|c__Clostridia|o__Eubacteriales|f__Clostridiaceae|g__Clostridiaceae_unclassified|s__Clostridiaceae_bacterium_Marseille_Q4143|t__SGB4768"	"timepoint"	"6_months"	"timepoint6_months"	NA	NA	NA	NA	NA	NA	NA	"Fitting error (NA p-value returned from fitting procedure)"	"abundance"	40	9
"k__Bacteria|p__Firmicutes|c__Clostridia|o__Eubacteriales|f__Eubacteriaceae|g__Eubacterium|s__Eubacterium_ventriosum|t__SGB5045"	"timepoint"	"2_weeks"	"timepoint2_weeks"	-2.09085214144642	NA	0.000156280119489861	4.42798253561085e-20	NA	0.0610419788594437	0.999999637404425	"Model may not have converged with 1 eigenvalue close to zero: 2.0e-11"	"abundance"	40	9
"k__Bacteria|p__Firmicutes|c__Clostridia|o__Eubacteriales|f__Eubacteriaceae|g__Eubacterium|s__Eubacterium_ventriosum|t__SGB5045"	"timepoint"	"6_months"	"timepoint6_months"	-2.95731225109795	NA	0.000221013464975373	4.42498283833513e-20	NA	0.911083965721454	0.999999637404425	"Model may not have converged with 1 eigenvalue close to zero: 2.0e-11"	"abundance"	40	9
"k__Bacteria|p__Firmicutes|c__Clostridia|o__Eubacteriales|f__Eubacteriaceae|g__Eubacterium|s__Eubacterium_ventriosum|t__SGB5045"	"turmeric_group"	"Treatment"	"turmeric_groupTreatment"	0.836697280543806	NA	0.940491705896501	0.414409347254423	NA	0.290911610416378	0.999999637404425	"Model may not have converged with 1 eigenvalue close to zero: 2.0e-11"	"abundance"	40	9
"k__Bacteria|p__Firmicutes|c__Clostridia|o__Eubacteriales|f__Eubacteriaceae|g__GGB3277|s__GGB3277_SGB4327|t__SGB4327"	"timepoint"	"2_weeks"	"timepoint2_weeks"	1.13194364406592	NA	0.729835414880663	0.356724473452702	NA	0.651618733555845	0.999999637404425	"Model may not have converged with 1 eigenvalue close to zero: 7.0e-11"	"abundance"	40	5
"k__Bacteria|p__Firmicutes|c__Clostridia|o__Eubacteriales|f__Eubacteriaceae|g__GGB3277|s__GGB3277_SGB4327|t__SGB4327"	"timepoint"	"6_months"	"timepoint6_months"	0.667108725106646	NA	0.721209877007752	0.519427552093612	NA	0.620771490818118	0.999999637404425	"Model may not have converged with 1 eigenvalue close to zero: 7.0e-11"	"abundance"	40	5
"k__Bacteria|p__Firmicutes|c__Clostridia|o__Eubacteriales|f__Eubacteriaceae|g__GGB3277|s__GGB3277_SGB4327|t__SGB4327"	"turmeric_group"	"Treatment"	"turmeric_groupTreatment"	0.659452569863047	NA	2.12232265205052	0.808114567608181	NA	0.634127872661651	0.999999637404425	"Model may not have converged with 1 eigenvalue close to zero: 7.0e-11"	"abundance"	40	5
"k__Bacteria|p__Firmicutes|c__Clostridia|o__Eubacteriales|f__Lachnospiraceae|g__Anaerostipes|s__Anaerostipes_hadrus|t__SGB4547"	"timepoint"	"6_months"	"timepoint6_months"	NA	NA	NA	NA	NA	0.881551037299451	0.999999637404425	"Fitting error (NA p-value returned from fitting procedure)"	"abundance"	40	5
"k__Bacteria|p__Firmicutes|c__Clostridia|o__Eubacteriales|f__Lachnospiraceae|g__Blautia|s__Blautia_faecicola|t__SGB4867"	"timepoint"	"2_weeks"	"timepoint2_weeks"	-0.250674536256432	NA	0.339231676343939	0.536893508253403	NA	0.909017322838789	0.999999637404425	"Model may not have converged with 1 eigenvalue close to zero: 3.0e-11"	"abundance"	40	6
"k__Bacteria|p__Firmicutes|c__Clostridia|o__Eubacteriales|f__Lachnospiraceae|g__Blautia|s__Blautia_faecicola|t__SGB4867"	"timepoint"	"6_months"	"timepoint6_months"	-0.990135814376129	NA	0.339231676343939	0.100071814723308	NA	0.836473671850424	0.999999637404425	"Model may not have converged with 1 eigenvalue close to zero: 3.0e-11"	"abundance"	40	6
"k__Bacteria|p__Firmicutes|c__Clostridia|o__Eubacteriales|f__Lachnospiraceae|g__Blautia|s__Blautia_faecicola|t__SGB4867"	"turmeric_group"	"Treatment"	"turmeric_groupTreatment"	-5.51224326952127	NA	2.86276497982643	0.19403096688565	NA	0.709236162297391	0.999999637404425	"Model may not have converged with 1 eigenvalue close to zero: 3.0e-11"	"abundance"	40	6
"k__Bacteria|p__Firmicutes|c__Clostridia|o__Eubacteriales|f__Lachnospiraceae|g__Blautia|s__Blautia_SGB101324|t__SGB101324"	"timepoint"	"2_weeks"	"timepoint2_weeks"	NA	NA	NA	NA	NA	0.398375630911392	0.999999637404425	"No data points have the baseline factor level"	"abundance"	40	6
"k__Bacteria|p__Firmicutes|c__Clostridia|o__Eubacteriales|f__Lachnospiraceae|g__Blautia|s__Blautia_SGB101324|t__SGB101324"	"timepoint"	"6_months"	"timepoint6_months"	NA	NA	NA	NA	NA	0.187918021150117	0.999999637404425	"No data points have the baseline factor level"	"abundance"	40	6
"k__Bacteria|p__Firmicutes|c__Clostridia|o__Eubacteriales|f__Lachnospiraceae|g__Blautia|s__Blautia_SGB101324|t__SGB101324"	"turmeric_group"	"Treatment"	"turmeric_groupTreatment"	NA	NA	NA	NA	NA	0.968877740019404	0.999999637404425	"No data points have the baseline factor level"	"abundance"	40	6
"k__Bacteria|p__Firmicutes|c__Clostridia|o__Eubacteriales|f__Lachnospiraceae|g__Coprococcus|s__Coprococcus_eutactus|t__SGB5118"	"timepoint"	"2_weeks"	"timepoint2_weeks"	NA	NA	NA	NA	NA	NA	NA	"No data points have the baseline factor level"	"abundance"	40	5
"k__Bacteria|p__Firmicutes|c__Clostridia|o__Eubacteriales|f__Lachnospiraceae|g__Coprococcus|s__Coprococcus_eutactus|t__SGB5118"	"timepoint"	"6_months"	"timepoint6_months"	NA	NA	NA	NA	NA	NA	NA	"No data points have the baseline factor level"	"abundance"	40	5
"k__Bacteria|p__Firmicutes|c__Clostridia|o__Eubacteriales|f__Lachnospiraceae|g__Coprococcus|s__Coprococcus_eutactus|t__SGB5118"	"turmeric_group"	"Treatment"	"turmeric_groupTreatment"	NA	NA	NA	NA	NA	NA	NA	"No data points have the baseline factor level"	"abundance"	40	5
"k__Bacteria|p__Firmicutes|c__Clostridia|o__Eubacteriales|f__Lachnospiraceae|g__GGB3653|s__GGB3653_SGB4964|t__SGB4964"	"timepoint"	"2_weeks"	"timepoint2_weeks"	NA	NA	NA	NA	NA	0.371634847567859	0.999999637404425	"No data points have the baseline factor level"	"abundance"	40	5
"k__Bacteria|p__Firmicutes|c__Clostridia|o__Eubacteriales|f__Lachnospiraceae|g__GGB3653|s__GGB3653_SGB4964|t__SGB4964"	"timepoint"	"6_months"	"timepoint6_months"	NA	NA	NA	NA	NA	0.371586096846854	0.999999637404425	"No data points have the baseline factor level"	"abundance"	40	5
"k__Bacteria|p__Firmicutes|c__Clostridia|o__Eubacteriales|f__Lachnospiraceae|g__GGB3653|s__GGB3653_SGB4964|t__SGB4964"	"turmeric_group"	"Treatment"	"turmeric_groupTreatment"	NA	NA	NA	NA	NA	0.977723254031191	0.999999637404425	"No data points have the baseline factor level"	"abundance"	40	5
"k__Bacteria|p__Firmicutes|c__Clostridia|o__Eubacteriales|f__Lachnospiraceae|g__GGB3746|s__GGB3746_SGB5089|t__SGB5089"	"timepoint"	"2_weeks"	"timepoint2_weeks"	NA	NA	NA	NA	NA	NA	NA	"No data points have the baseline factor level"	"abundance"	40	6
"k__Bacteria|p__Firmicutes|c__Clostridia|o__Eubacteriales|f__Lachnospiraceae|g__GGB3746|s__GGB3746_SGB5089|t__SGB5089"	"timepoint"	"6_months"	"timepoint6_months"	NA	NA	NA	NA	NA	NA	NA	"No data points have the baseline factor level"	"abundance"	40	6
"k__Bacteria|p__Firmicutes|c__Clostridia|o__Eubacteriales|f__Lachnospiraceae|g__GGB3746|s__GGB3746_SGB5089|t__SGB5089"	"turmeric_group"	"Treatment"	"turmeric_groupTreatment"	NA	NA	NA	NA	NA	NA	NA	"No data points have the baseline factor level"	"abundance"	40	6
"k__Bacteria|p__Firmicutes|c__Clostridia|o__Eubacteriales|f__Lachnospiraceae|g__Lachnospira|s__Lachnospira_pectinoschiza|t__SGB5075"	"timepoint"	"2_weeks"	"timepoint2_weeks"	NA	NA	NA	NA	NA	0.480053711776461	0.999999637404425	"number of levels of each grouping factor must be < number of observations (problems: participant)"	"abundance"	40	5
"k__Bacteria|p__Firmicutes|c__Clostridia|o__Eubacteriales|f__Lachnospiraceae|g__Lachnospira|s__Lachnospira_pectinoschiza|t__SGB5075"	"timepoint"	"6_months"	"timepoint6_months"	NA	NA	NA	NA	NA	0.434357886216809	0.999999637404425	"number of levels of each grouping factor must be < number of observations (problems: participant)"	"abundance"	40	5
"k__Bacteria|p__Firmicutes|c__Clostridia|o__Eubacteriales|f__Lachnospiraceae|g__Lachnospira|s__Lachnospira_pectinoschiza|t__SGB5075"	"turmeric_group"	"Treatment"	"turmeric_groupTreatment"	NA	NA	NA	NA	NA	0.418572521060132	0.999999637404425	"number of levels of each grouping factor must be < number of observations (problems: participant)"	"abundance"	40	5
"k__Bacteria|p__Firmicutes|c__Clostridia|o__Eubacteriales|f__Lachnospiraceae|g__Lachnospiraceae_unclassified|s__Lachnospiraceae_bacterium|t__SGB4922"	"timepoint"	"2_weeks"	"timepoint2_weeks"	0.0727149420010342	NA	0.286282570671642	0.841011198581317	NA	0.700199068159929	0.999999637404425	"Model may not have converged with 1 eigenvalue close to zero: 1.4e-10"	"abundance"	40	5
"k__Bacteria|p__Firmicutes|c__Clostridia|o__Eubacteriales|f__Lachnospiraceae|g__Lachnospiraceae_unclassified|s__Lachnospiraceae_bacterium|t__SGB4922"	"timepoint"	"6_months"	"timepoint6_months"	-1.33804036284633	NA	0.304767199556181	0.138273506509692	NA	0.6700572895758	0.999999637404425	"Model may not have converged with 1 eigenvalue close to zero: 1.4e-10"	"abundance"	40	5
"k__Bacteria|p__Firmicutes|c__Clostridia|o__Eubacteriales|f__Lachnospiraceae|g__Lachnospiraceae_unclassified|s__Lachnospiraceae_bacterium|t__SGB4922"	"turmeric_group"	"Treatment"	"turmeric_groupTreatment"	1.27374723918174	NA	0.428458568727812	0.205959179968331	NA	0.562036107359275	0.999999637404425	"Model may not have converged with 1 eigenvalue close to zero: 1.4e-10"	"abundance"	40	5
"k__Bacteria|p__Firmicutes|c__Clostridia|o__Eubacteriales|f__Oscillospiraceae|g__Oscillospiraceae_unclassified|s__Clostridium_leptum|t__SGB14853"	"timepoint"	"2_weeks"	"timepoint2_weeks"	-0.692580121370633	NA	0.000252602394079479	2.26749336360309e-22	NA	0.185312818146832	0.999999637404425	"Model may not have converged with 1 eigenvalue close to zero: 1.4e-11"	"abundance"	40	11
"k__Bacteria|p__Firmicutes|c__Clostridia|o__Eubacteriales|f__Oscillospiraceae|g__Oscillospiraceae_unclassified|s__Clostridium_leptum|t__SGB14853"	"timepoint"	"6_months"	"timepoint6_months"	-1.31809622804282	NA	1.17272261013846	0.298090407145409	NA	0.529822537038957	0.999999637404425	"Model may not have converged with 1 eigenvalue close to zero: 1.4e-11"	"abundance"	40	11
"k__Bacteria|p__Firmicutes|c__Clostridia|o__Eubacteriales|f__Oscillospiraceae|g__Oscillospiraceae_unclassified|s__Clostridium_leptum|t__SGB14853"	"turmeric_group"	"Treatment"	"turmeric_groupTreatment"	-1.64416679118871	NA	1.17272262682092	0.203665709774175	NA	0.659552764896842	0.999999637404425	"Model may not have converged with 1 eigenvalue close to zero: 1.4e-11"	"abundance"	40	11
"k__Bacteria|p__Firmicutes|c__Erysipelotrichia|o__Erysipelotrichales|f__Erysipelotrichaceae|g__Catenibacterium|s__Candidatus_Catenibacterium_tridentinum|t__SGB6783"	"timepoint"	"2_weeks"	"timepoint2_weeks"	1.00669502125372	NA	0.701220077009357	0.286707259094671	NA	0.210711711916788	0.999999637404425	"Model may not have converged with 1 eigenvalue close to zero: 6.9e-11"	"abundance"	40	6
"k__Bacteria|p__Firmicutes|c__Erysipelotrichia|o__Erysipelotrichales|f__Erysipelotrichaceae|g__Catenibacterium|s__Candidatus_Catenibacterium_tridentinum|t__SGB6783"	"timepoint"	"6_months"	"timepoint6_months"	0.457713330475609	NA	0.701220077009357	0.580481194268705	NA	0.245498539038179	0.999999637404425	"Model may not have converged with 1 eigenvalue close to zero: 6.9e-11"	"abundance"	40	6
"k__Bacteria|p__Firmicutes|c__Erysipelotrichia|o__Erysipelotrichales|f__Erysipelotrichaceae|g__Catenibacterium|s__Candidatus_Catenibacterium_tridentinum|t__SGB6783"	"turmeric_group"	"Treatment"	"turmeric_groupTreatment"	-0.873092454793052	NA	4.54254164281059	0.865329657070414	NA	0.561193991462887	0.999999637404425	"Model may not have converged with 1 eigenvalue close to zero: 6.9e-11"	"abundance"	40	6
"k__Bacteria|p__Firmicutes|c__Negativicutes|o__Acidaminococcales|f__Acidaminococcaceae|g__GGB15850|s__GGB15850_SGB5785|t__SGB5785"	"timepoint"	"2_weeks"	"timepoint2_weeks"	NA	NA	NA	NA	NA	NA	NA	"No data points have the baseline factor level"	"abundance"	40	5
"k__Bacteria|p__Firmicutes|c__Negativicutes|o__Acidaminococcales|f__Acidaminococcaceae|g__GGB15850|s__GGB15850_SGB5785|t__SGB5785"	"timepoint"	"6_months"	"timepoint6_months"	NA	NA	NA	NA	NA	NA	NA	"No data points have the baseline factor level"	"abundance"	40	5
"k__Bacteria|p__Firmicutes|c__Negativicutes|o__Acidaminococcales|f__Acidaminococcaceae|g__GGB15850|s__GGB15850_SGB5785|t__SGB5785"	"turmeric_group"	"Treatment"	"turmeric_groupTreatment"	NA	NA	NA	NA	NA	NA	NA	"No data points have the baseline factor level"	"abundance"	40	5
"k__Bacteria|p__Proteobacteria|c__Betaproteobacteria|o__Burkholderiales|f__Sutterellaceae|g__Parasutterella|s__Parasutterella_excrementihominis|t__SGB9262"	"timepoint"	"2_weeks"	"timepoint2_weeks"	-1.55190264607317	NA	1.84594679207176	0.554955087727247	NA	0.784467826442046	0.999999637404425	"Model may not have converged with 1 eigenvalue close to zero: 7.6e-11"	"abundance"	40	5
"k__Bacteria|p__Proteobacteria|c__Betaproteobacteria|o__Burkholderiales|f__Sutterellaceae|g__Parasutterella|s__Parasutterella_excrementihominis|t__SGB9262"	"timepoint"	"6_months"	"timepoint6_months"	0.598568809184188	NA	1.94852793080808	0.809949018907258	NA	0.788250047013052	0.999999637404425	"Model may not have converged with 1 eigenvalue close to zero: 7.6e-11"	"abundance"	40	5
"k__Bacteria|p__Proteobacteria|c__Betaproteobacteria|o__Burkholderiales|f__Sutterellaceae|g__Parasutterella|s__Parasutterella_excrementihominis|t__SGB9262"	"turmeric_group"	"Treatment"	"turmeric_groupTreatment"	-3.36926689604682	NA	1.84594679207176	0.319081775899599	NA	0.981830943138448	0.999999637404425	"Model may not have converged with 1 eigenvalue close to zero: 7.6e-11"	"abundance"	40	5
"k__Bacteria|p__Actinobacteria|c__Actinomycetia|o__Bifidobacteriales|f__Bifidobacteriaceae|g__Bifidobacterium|s__Bifidobacterium_catenulatum|t__SGB17241"	"timepoint"	"2_weeks"	"timepoint2_weeks"	NA	0	NA	NA	NA	NA	NA	"pwrssUpdate did not converge in (maxit) iterations"	"prevalence"	40	10
"k__Bacteria|p__Actinobacteria|c__Actinomycetia|o__Bifidobacteriales|f__Bifidobacteriaceae|g__Bifidobacterium|s__Bifidobacterium_catenulatum|t__SGB17241"	"timepoint"	"6_months"	"timepoint6_months"	NA	0	NA	NA	NA	NA	NA	"pwrssUpdate did not converge in (maxit) iterations"	"prevalence"	40	10
"k__Bacteria|p__Actinobacteria|c__Actinomycetia|o__Bifidobacteriales|f__Bifidobacteriaceae|g__Bifidobacterium|s__Bifidobacterium_catenulatum|t__SGB17241"	"turmeric_group"	"Treatment"	"turmeric_groupTreatment"	NA	0	NA	NA	NA	NA	NA	"pwrssUpdate did not converge in (maxit) iterations"	"prevalence"	40	10
"k__Bacteria|p__Bacteroidetes|c__Bacteroidia|o__Bacteroidales|f__Bacteroidaceae|g__Bacteroides|s__Bacteroides_uniformis|t__SGB1836"	"timepoint"	"2_weeks"	"timepoint2_weeks"	NA	0	NA	NA	NA	0.93713975800081	0.999999637404425	"All logistic values are the same"	"prevalence"	40	40
"k__Bacteria|p__Bacteroidetes|c__Bacteroidia|o__Bacteroidales|f__Bacteroidaceae|g__Bacteroides|s__Bacteroides_uniformis|t__SGB1836"	"timepoint"	"6_months"	"timepoint6_months"	NA	0	NA	NA	NA	0.80951866032793	0.999999637404425	"All logistic values are the same"	"prevalence"	40	40
"k__Bacteria|p__Bacteroidetes|c__Bacteroidia|o__Bacteroidales|f__Bacteroidaceae|g__Bacteroides|s__Bacteroides_uniformis|t__SGB1836"	"turmeric_group"	"Treatment"	"turmeric_groupTreatment"	NA	0	NA	NA	NA	0.842795713777103	0.999999637404425	"All logistic values are the same"	"prevalence"	40	40
"k__Bacteria|p__Firmicutes|c__CFGB3054|o__OFGB3054|f__FGB3054|g__GGB9677|s__GGB9677_SGB15180|t__SGB15180"	"timepoint"	"2_weeks"	"timepoint2_weeks"	1.34386018913601	0	1.7680944803795	0.447217944020492	NA	NA	NA	" Hessian is numerically singular: parameters are not uniquely determined"	"prevalence"	40	5
"k__Bacteria|p__Firmicutes|c__CFGB3054|o__OFGB3054|f__FGB3054|g__GGB9677|s__GGB9677_SGB15180|t__SGB15180"	"timepoint"	"6_months"	"timepoint6_months"	1.34385925372065	0	1.76809482190031	0.447218347996135	NA	NA	NA	" Hessian is numerically singular: parameters are not uniquely determined"	"prevalence"	40	5
"k__Bacteria|p__Firmicutes|c__CFGB3054|o__OFGB3054|f__FGB3054|g__GGB9677|s__GGB9677_SGB15180|t__SGB15180"	"turmeric_group"	"Treatment"	"turmeric_groupTreatment"	68.5002528219146	0	2048.0002141707	0.973317822557615	NA	NA	NA	" Hessian is numerically singular: parameters are not uniquely determined"	"prevalence"	40	5
"k__Bacteria|p__Firmicutes|c__Clostridia|o__Eubacteriales|f__Clostridiaceae|g__Clostridiaceae_unclassified|s__Clostridiaceae_bacterium_Marseille_Q4143|t__SGB4768"	"timepoint"	"2_weeks"	"timepoint2_weeks"	-2.27921551692777	0	1.50629544417622	0.130247535631053	NA	0.276186726068499	0.999999637404425	"Model is nearly unidentifiable: large eigenvalue ratio
 - Rescale variables?"	"prevalence"	40	9
"k__Bacteria|p__Firmicutes|c__Clostridia|o__Eubacteriales|f__Clostridiaceae|g__Clostridiaceae_unclassified|s__Clostridiaceae_bacterium_Marseille_Q4143|t__SGB4768"	"timepoint"	"6_months"	"timepoint6_months"	-17.1874698102565	0	915.931876970127	0.985028567769062	NA	NA	NA	"Model is nearly unidentifiable: large eigenvalue ratio
 - Rescale variables?"	"prevalence"	40	9
"k__Bacteria|p__Firmicutes|c__Clostridia|o__Eubacteriales|f__Clostridiaceae|g__Clostridiaceae_unclassified|s__Clostridiaceae_bacterium_Marseille_Q4143|t__SGB4768"	"turmeric_group"	"Treatment"	"turmeric_groupTreatment"	1.33797950683511	0	1.42503463974893	0.347776870480079	NA	0.671423255553291	0.999999637404425	"Model is nearly unidentifiable: large eigenvalue ratio
 - Rescale variables?"	"prevalence"	40	9
"k__Bacteria|p__Firmicutes|c__Clostridia|o__Eubacteriales|f__Eubacteriales_unclassified|g__Gemmiger|s__Gemmiger_formicilis|t__SGB15300"	"timepoint"	"2_weeks"	"timepoint2_weeks"	NA	0	NA	NA	NA	0.530365058454523	0.999999637404425	"All logistic values are the same"	"prevalence"	40	40
"k__Bacteria|p__Firmicutes|c__Clostridia|o__Eubacteriales|f__Eubacteriales_unclassified|g__Gemmiger|s__Gemmiger_formicilis|t__SGB15300"	"timepoint"	"6_months"	"timepoint6_months"	NA	0	NA	NA	NA	0.625942246707936	0.999999637404425	"All logistic values are the same"	"prevalence"	40	40
"k__Bacteria|p__Firmicutes|c__Clostridia|o__Eubacteriales|f__Eubacteriales_unclassified|g__Gemmiger|s__Gemmiger_formicilis|t__SGB15300"	"turmeric_group"	"Treatment"	"turmeric_groupTreatment"	NA	0	NA	NA	NA	0.345506649315013	0.999999637404425	"All logistic values are the same"	"prevalence"	40	40
"k__Bacteria|p__Firmicutes|c__Clostridia|o__Eubacteriales|f__Lachnospiraceae|g__Blautia|s__Blautia_wexlerae|t__SGB4837"	"timepoint"	"2_weeks"	"timepoint2_weeks"	NA	0	NA	NA	NA	0.563925563467822	0.999999637404425	"All logistic values are the same"	"prevalence"	40	40
"k__Bacteria|p__Firmicutes|c__Clostridia|o__Eubacteriales|f__Lachnospiraceae|g__Blautia|s__Blautia_wexlerae|t__SGB4837"	"timepoint"	"6_months"	"timepoint6_months"	NA	0	NA	NA	NA	0.424276443622601	0.999999637404425	"All logistic values are the same"	"prevalence"	40	40
"k__Bacteria|p__Firmicutes|c__Clostridia|o__Eubacteriales|f__Lachnospiraceae|g__Blautia|s__Blautia_wexlerae|t__SGB4837"	"turmeric_group"	"Treatment"	"turmeric_groupTreatment"	NA	0	NA	NA	NA	0.669809745162176	0.999999637404425	"All logistic values are the same"	"prevalence"	40	40
"k__Bacteria|p__Firmicutes|c__Clostridia|o__Eubacteriales|f__Lachnospiraceae|g__Coprococcus|s__Coprococcus_eutactus|t__SGB5118"	"timepoint"	"2_weeks"	"timepoint2_weeks"	8.70824867233477e-06	0	1.74092216200013	0.999996008909922	NA	NA	NA	" Hessian is numerically singular: parameters are not uniquely determined"	"prevalence"	40	5
"k__Bacteria|p__Firmicutes|c__Clostridia|o__Eubacteriales|f__Lachnospiraceae|g__Coprococcus|s__Coprococcus_eutactus|t__SGB5118"	"timepoint"	"6_months"	"timepoint6_months"	-2.0289506830043	0	2.00015059821288	0.310392421243819	NA	NA	NA	" Hessian is numerically singular: parameters are not uniquely determined"	"prevalence"	40	5
"k__Bacteria|p__Firmicutes|c__Clostridia|o__Eubacteriales|f__Lachnospiraceae|g__Coprococcus|s__Coprococcus_eutactus|t__SGB5118"	"turmeric_group"	"Treatment"	"turmeric_groupTreatment"	29.6819837422392	0	2012913.69092146	0.999988234569287	NA	NA	NA	" Hessian is numerically singular: parameters are not uniquely determined"	"prevalence"	40	5
"k__Bacteria|p__Firmicutes|c__Clostridia|o__Eubacteriales|f__Lachnospiraceae|g__GGB3746|s__GGB3746_SGB5089|t__SGB5089"	"timepoint"	"2_weeks"	"timepoint2_weeks"	-0.65767886221926	0	1.07913682298322	0.542226864653932	NA	NA	NA	" Hessian is numerically singular: parameters are not uniquely determined"	"prevalence"	40	6
"k__Bacteria|p__Firmicutes|c__Clostridia|o__Eubacteriales|f__Lachnospiraceae|g__GGB3746|s__GGB3746_SGB5089|t__SGB5089"	"timepoint"	"6_months"	"timepoint6_months"	-1.57035749229798	0	1.29788061828166	0.226301971046201	NA	NA	NA	" Hessian is numerically singular: parameters are not uniquely determined"	"prevalence"	40	6
"k__Bacteria|p__Firmicutes|c__Clostridia|o__Eubacteriales|f__Lachnospiraceae|g__GGB3746|s__GGB3746_SGB5089|t__SGB5089"	"turmeric_group"	"Treatment"	"turmeric_groupTreatment"	20.4321473801768	0	10272.0932091132	0.998412934554164	NA	NA	NA	" Hessian is numerically singular: parameters are not uniquely determined"	"prevalence"	40	6
"k__Bacteria|p__Firmicutes|c__Clostridia|o__Eubacteriales|f__Oscillospiraceae|g__Faecalibacterium|s__Faecalibacterium_prausnitzii|t__SGB15318"	"timepoint"	"2_weeks"	"timepoint2_weeks"	NA	0	NA	NA	NA	0.308395201953561	0.999999637404425	"All logistic values are the same"	"prevalence"	40	40
"k__Bacteria|p__Firmicutes|c__Clostridia|o__Eubacteriales|f__Oscillospiraceae|g__Faecalibacterium|s__Faecalibacterium_prausnitzii|t__SGB15318"	"timepoint"	"6_months"	"timepoint6_months"	NA	0	NA	NA	NA	0.706900037312463	0.999999637404425	"All logistic values are the same"	"prevalence"	40	40
"k__Bacteria|p__Firmicutes|c__Clostridia|o__Eubacteriales|f__Oscillospiraceae|g__Faecalibacterium|s__Faecalibacterium_prausnitzii|t__SGB15318"	"turmeric_group"	"Treatment"	"turmeric_groupTreatment"	NA	0	NA	NA	NA	0.395430313057828	0.999999637404425	"All logistic values are the same"	"prevalence"	40	40
"k__Bacteria|p__Firmicutes|c__Negativicutes|o__Acidaminococcales|f__Acidaminococcaceae|g__GGB15850|s__GGB15850_SGB5785|t__SGB5785"	"timepoint"	"2_weeks"	"timepoint2_weeks"	8.70824867580597e-06	0	1.74092216200011	0.99999600890992	NA	NA	NA	" Hessian is numerically singular: parameters are not uniquely determined"	"prevalence"	40	5
"k__Bacteria|p__Firmicutes|c__Negativicutes|o__Acidaminococcales|f__Acidaminococcaceae|g__GGB15850|s__GGB15850_SGB5785|t__SGB5785"	"timepoint"	"6_months"	"timepoint6_months"	-2.02895068300429	0	2.00015059821286	0.310392421243819	NA	NA	NA	" Hessian is numerically singular: parameters are not uniquely determined"	"prevalence"	40	5
"k__Bacteria|p__Firmicutes|c__Negativicutes|o__Acidaminococcales|f__Acidaminococcaceae|g__GGB15850|s__GGB15850_SGB5785|t__SGB5785"	"turmeric_group"	"Treatment"	"turmeric_groupTreatment"	29.6819837422395	0	2014273.30856444	0.999988242510855	NA	NA	NA	" Hessian is numerically singular: parameters are not uniquely determined"	"prevalence"	40	5
